ISO-10303-21;
HEADER;
/* Generated by software containing ST-Developer
 * from STEP Tools, Inc. (www.steptools.com) 
 */
/* OPTION: strings as raw bytes, not using required /X/ escapes */

FILE_DESCRIPTION(
/* description */ ('Unknown'),
/* implementation_level */ '2;1');

FILE_NAME(
/* name */ '01_FDML_stimfix_mainboard',
/* time_stamp */ '2026-09-07T13:49:06+02:00',
/* author */ ('Unknown'),
/* organization */ ('Unknown'),
/* preprocessor_version */ 'ST-DEVELOPER v16.7',
/* originating_system */ 'Solid Edge',
/* authorisation */ 'Unknown');

FILE_SCHEMA (('AUTOMOTIVE_DESIGN {1 0 10303 214 3 1 1}'));
ENDSEC;

DATA;
#10=PROPERTY_DEFINITION_REPRESENTATION(#14,#12);
#11=PROPERTY_DEFINITION_REPRESENTATION(#15,#13);
#12=REPRESENTATION('',(#16),#9126);
#13=REPRESENTATION('',(#17),#9126);
#14=PROPERTY_DEFINITION('pmi validation property','',#9131);
#15=PROPERTY_DEFINITION('pmi validation property','',#9131);
#16=VALUE_REPRESENTATION_ITEM('number of annotations',COUNT_MEASURE(0.));
#17=VALUE_REPRESENTATION_ITEM('number of views',COUNT_MEASURE(0.));
#18=SHAPE_REPRESENTATION_RELATIONSHIP('','',#5512,#19);
#19=ADVANCED_BREP_SHAPE_REPRESENTATION('',(#5510),#9126);
#20=B_SPLINE_CURVE_WITH_KNOTS('',3,(#7738,#7739,#7740,#7741),
 .UNSPECIFIED.,.F.,.F.,(4,4),(0.,1.),.UNSPECIFIED.);
#21=B_SPLINE_CURVE_WITH_KNOTS('',3,(#8061,#8062,#8063,#8064),
 .UNSPECIFIED.,.F.,.F.,(4,4),(0.,1.),.UNSPECIFIED.);
#22=B_SPLINE_CURVE_WITH_KNOTS('',3,(#8185,#8186,#8187,#8188,#8189,#8190,
#8191),.UNSPECIFIED.,.F.,.F.,(4,1,1,1,4),(0.185660123179663,0.310660123179663,
0.435660123179663,0.560660123179664,0.685660123179664),.UNSPECIFIED.);
#23=ELLIPSE('',#5533,14818.227029241,11.45);
#24=PLANE('',#5525);
#25=PLANE('',#5526);
#26=PLANE('',#5527);
#27=PLANE('',#5528);
#28=PLANE('',#5534);
#29=PLANE('',#5541);
#30=PLANE('',#5543);
#31=PLANE('',#5577);
#32=PLANE('',#5579);
#33=PLANE('',#5580);
#34=PLANE('',#5582);
#35=PLANE('',#5583);
#36=PLANE('',#5584);
#37=PLANE('',#5586);
#38=PLANE('',#5587);
#39=PLANE('',#5589);
#40=PLANE('',#5598);
#41=PLANE('',#5600);
#42=PLANE('',#5601);
#43=PLANE('',#5603);
#44=PLANE('',#5604);
#45=PLANE('',#5605);
#46=PLANE('',#5608);
#47=PLANE('',#5611);
#48=PLANE('',#5612);
#49=PLANE('',#5615);
#50=PLANE('',#5618);
#51=PLANE('',#5620);
#52=PLANE('',#5627);
#53=PLANE('',#5629);
#54=PLANE('',#5630);
#55=PLANE('',#5631);
#56=PLANE('',#5633);
#57=PLANE('',#5634);
#58=PLANE('',#5635);
#59=PLANE('',#5639);
#60=PLANE('',#5644);
#61=PLANE('',#5653);
#62=PLANE('',#5654);
#63=PLANE('',#5655);
#64=PLANE('',#5656);
#65=PLANE('',#5657);
#66=PLANE('',#5658);
#67=PLANE('',#5659);
#68=PLANE('',#5660);
#69=PLANE('',#5661);
#70=PLANE('',#5662);
#71=PLANE('',#5663);
#72=PLANE('',#5664);
#73=PLANE('',#5665);
#74=PLANE('',#5667);
#75=PLANE('',#5668);
#76=PLANE('',#5669);
#77=PLANE('',#5670);
#78=PLANE('',#5671);
#79=PLANE('',#5672);
#80=PLANE('',#5673);
#81=PLANE('',#5675);
#82=PLANE('',#5676);
#83=PLANE('',#5678);
#84=PLANE('',#5679);
#85=PLANE('',#5680);
#86=PLANE('',#5681);
#87=PLANE('',#5683);
#88=PLANE('',#5684);
#89=PLANE('',#5686);
#90=PLANE('',#5688);
#91=PLANE('',#5689);
#92=PLANE('',#5690);
#93=PLANE('',#5691);
#94=PLANE('',#5692);
#95=PLANE('',#5693);
#96=PLANE('',#5694);
#97=PLANE('',#5696);
#98=PLANE('',#5697);
#99=PLANE('',#5698);
#100=PLANE('',#5699);
#101=PLANE('',#5700);
#102=PLANE('',#5701);
#103=PLANE('',#5702);
#104=PLANE('',#5704);
#105=PLANE('',#5705);
#106=PLANE('',#5706);
#107=PLANE('',#5707);
#108=PLANE('',#5708);
#109=PLANE('',#5709);
#110=PLANE('',#5710);
#111=PLANE('',#5712);
#112=PLANE('',#5713);
#113=PLANE('',#5714);
#114=PLANE('',#5715);
#115=PLANE('',#5716);
#116=PLANE('',#5717);
#117=PLANE('',#5718);
#118=PLANE('',#5722);
#119=PLANE('',#5723);
#120=PLANE('',#5724);
#121=PLANE('',#5725);
#122=PLANE('',#5726);
#123=PLANE('',#5727);
#124=PLANE('',#5732);
#125=PLANE('',#5734);
#126=PLANE('',#5735);
#127=PLANE('',#5738);
#128=PLANE('',#5739);
#129=PLANE('',#5740);
#130=PLANE('',#5747);
#131=PLANE('',#5748);
#132=PLANE('',#5749);
#133=PLANE('',#5750);
#134=PLANE('',#5751);
#135=PLANE('',#5758);
#136=PLANE('',#5761);
#137=PLANE('',#5762);
#138=PLANE('',#5763);
#139=PLANE('',#5764);
#140=PLANE('',#5765);
#141=PLANE('',#5766);
#142=PLANE('',#5767);
#143=PLANE('',#5774);
#144=PLANE('',#5777);
#145=PLANE('',#5784);
#146=PLANE('',#5787);
#147=PLANE('',#5796);
#148=PLANE('',#5797);
#149=PLANE('',#5800);
#150=PLANE('',#5803);
#151=PLANE('',#5806);
#152=PLANE('',#5809);
#153=PLANE('',#5810);
#154=PLANE('',#5812);
#155=PLANE('',#5813);
#156=PLANE('',#5814);
#157=PLANE('',#5818);
#158=PLANE('',#5920);
#159=PLANE('',#5921);
#160=PLANE('',#5924);
#161=PLANE('',#5925);
#162=PLANE('',#5927);
#163=PLANE('',#5929);
#164=PLANE('',#5931);
#165=PLANE('',#5933);
#166=PLANE('',#5934);
#167=PLANE('',#5935);
#168=PLANE('',#5944);
#169=PLANE('',#5947);
#170=PLANE('',#5948);
#171=PLANE('',#5951);
#172=PLANE('',#5954);
#173=PLANE('',#5955);
#174=PLANE('',#5956);
#175=PLANE('',#5957);
#176=PLANE('',#5958);
#177=PLANE('',#5959);
#178=PLANE('',#5960);
#179=PLANE('',#5964);
#180=PLANE('',#5965);
#181=PLANE('',#5966);
#182=PLANE('',#5967);
#183=PLANE('',#5968);
#184=PLANE('',#5969);
#185=PLANE('',#5970);
#186=PLANE('',#5971);
#187=PLANE('',#5974);
#188=PLANE('',#5977);
#189=PLANE('',#5980);
#190=PLANE('',#5983);
#191=PLANE('',#5984);
#192=PLANE('',#5985);
#193=PLANE('',#5986);
#194=PLANE('',#5989);
#195=PLANE('',#5992);
#196=PLANE('',#5995);
#197=PLANE('',#5998);
#198=PLANE('',#6001);
#199=PLANE('',#6005);
#200=PLANE('',#6006);
#201=PLANE('',#6007);
#202=PLANE('',#6008);
#203=PLANE('',#6013);
#204=PLANE('',#6014);
#205=PLANE('',#6015);
#206=PLANE('',#6016);
#207=PLANE('',#6017);
#208=PLANE('',#6020);
#209=PLANE('',#6023);
#210=PLANE('',#6026);
#211=PLANE('',#6027);
#212=PLANE('',#6028);
#213=PLANE('',#6029);
#214=PLANE('',#6030);
#215=PLANE('',#6031);
#216=PLANE('',#6032);
#217=PLANE('',#6033);
#218=PLANE('',#6034);
#219=PLANE('',#6035);
#220=PLANE('',#6036);
#221=PLANE('',#6037);
#222=PLANE('',#6038);
#223=PLANE('',#6039);
#224=PLANE('',#6040);
#225=PLANE('',#6041);
#226=PLANE('',#6042);
#227=PLANE('',#6043);
#228=PLANE('',#6044);
#229=PLANE('',#6045);
#230=PLANE('',#6046);
#231=PLANE('',#6047);
#232=PLANE('',#6048);
#233=PLANE('',#6049);
#234=PLANE('',#6050);
#235=PLANE('',#6051);
#236=PLANE('',#6052);
#237=PLANE('',#6053);
#238=PLANE('',#6054);
#239=PLANE('',#6055);
#240=PLANE('',#6056);
#241=LINE('',#7609,#695);
#242=LINE('',#7613,#696);
#243=LINE('',#7620,#697);
#244=LINE('',#7624,#698);
#245=LINE('',#7628,#699);
#246=LINE('',#7630,#700);
#247=LINE('',#7632,#701);
#248=LINE('',#7634,#702);
#249=LINE('',#7635,#703);
#250=LINE('',#7637,#704);
#251=LINE('',#7639,#705);
#252=LINE('',#7641,#706);
#253=LINE('',#7643,#707);
#254=LINE('',#7646,#708);
#255=LINE('',#7650,#709);
#256=LINE('',#7652,#710);
#257=LINE('',#7656,#711);
#258=LINE('',#7658,#712);
#259=LINE('',#7660,#713);
#260=LINE('',#7662,#714);
#261=LINE('',#7664,#715);
#262=LINE('',#7666,#716);
#263=LINE('',#7668,#717);
#264=LINE('',#7670,#718);
#265=LINE('',#7672,#719);
#266=LINE('',#7674,#720);
#267=LINE('',#7676,#721);
#268=LINE('',#7680,#722);
#269=LINE('',#7682,#723);
#270=LINE('',#7684,#724);
#271=LINE('',#7688,#725);
#272=LINE('',#7690,#726);
#273=LINE('',#7693,#727);
#274=LINE('',#7695,#728);
#275=LINE('',#7697,#729);
#276=LINE('',#7699,#730);
#277=LINE('',#7701,#731);
#278=LINE('',#7703,#732);
#279=LINE('',#7717,#733);
#280=LINE('',#7720,#734);
#281=LINE('',#7721,#735);
#282=LINE('',#7723,#736);
#283=LINE('',#7725,#737);
#284=LINE('',#7728,#738);
#285=LINE('',#7730,#739);
#286=LINE('',#7732,#740);
#287=LINE('',#7733,#741);
#288=LINE('',#7734,#742);
#289=LINE('',#7743,#743);
#290=LINE('',#7747,#744);
#291=LINE('',#7749,#745);
#292=LINE('',#7750,#746);
#293=LINE('',#7752,#747);
#294=LINE('',#7754,#748);
#295=LINE('',#7756,#749);
#296=LINE('',#7758,#750);
#297=LINE('',#7760,#751);
#298=LINE('',#7762,#752);
#299=LINE('',#7764,#753);
#300=LINE('',#7766,#754);
#301=LINE('',#7768,#755);
#302=LINE('',#7770,#756);
#303=LINE('',#7772,#757);
#304=LINE('',#7774,#758);
#305=LINE('',#7776,#759);
#306=LINE('',#7778,#760);
#307=LINE('',#7780,#761);
#308=LINE('',#7782,#762);
#309=LINE('',#7784,#763);
#310=LINE('',#7785,#764);
#311=LINE('',#7788,#765);
#312=LINE('',#7790,#766);
#313=LINE('',#7792,#767);
#314=LINE('',#7827,#768);
#315=LINE('',#7830,#769);
#316=LINE('',#7832,#770);
#317=LINE('',#7834,#771);
#318=LINE('',#7841,#772);
#319=LINE('',#7844,#773);
#320=LINE('',#7846,#774);
#321=LINE('',#7848,#775);
#322=LINE('',#7871,#776);
#323=LINE('',#7874,#777);
#324=LINE('',#7876,#778);
#325=LINE('',#7878,#779);
#326=LINE('',#7882,#780);
#327=LINE('',#7885,#781);
#328=LINE('',#7887,#782);
#329=LINE('',#7889,#783);
#330=LINE('',#7891,#784);
#331=LINE('',#7893,#785);
#332=LINE('',#7895,#786);
#333=LINE('',#7899,#787);
#334=LINE('',#7901,#788);
#335=LINE('',#7903,#789);
#336=LINE('',#7905,#790);
#337=LINE('',#7906,#791);
#338=LINE('',#7908,#792);
#339=LINE('',#7911,#793);
#340=LINE('',#7913,#794);
#341=LINE('',#7915,#795);
#342=LINE('',#7919,#796);
#343=LINE('',#7921,#797);
#344=LINE('',#7923,#798);
#345=LINE('',#7925,#799);
#346=LINE('',#7927,#800);
#347=LINE('',#7929,#801);
#348=LINE('',#7933,#802);
#349=LINE('',#7934,#803);
#350=LINE('',#7952,#804);
#351=LINE('',#7955,#805);
#352=LINE('',#7957,#806);
#353=LINE('',#7958,#807);
#354=LINE('',#7960,#808);
#355=LINE('',#7962,#809);
#356=LINE('',#7964,#810);
#357=LINE('',#7966,#811);
#358=LINE('',#7968,#812);
#359=LINE('',#7970,#813);
#360=LINE('',#7972,#814);
#361=LINE('',#7973,#815);
#362=LINE('',#7976,#816);
#363=LINE('',#7978,#817);
#364=LINE('',#7980,#818);
#365=LINE('',#7984,#819);
#366=LINE('',#7987,#820);
#367=LINE('',#7989,#821);
#368=LINE('',#7991,#822);
#369=LINE('',#7993,#823);
#370=LINE('',#7996,#824);
#371=LINE('',#7998,#825);
#372=LINE('',#8000,#826);
#373=LINE('',#8004,#827);
#374=LINE('',#8007,#828);
#375=LINE('',#8009,#829);
#376=LINE('',#8011,#830);
#377=LINE('',#8013,#831);
#378=LINE('',#8016,#832);
#379=LINE('',#8018,#833);
#380=LINE('',#8020,#834);
#381=LINE('',#8022,#835);
#382=LINE('',#8025,#836);
#383=LINE('',#8027,#837);
#384=LINE('',#8028,#838);
#385=LINE('',#8030,#839);
#386=LINE('',#8031,#840);
#387=LINE('',#8037,#841);
#388=LINE('',#8038,#842);
#389=LINE('',#8044,#843);
#390=LINE('',#8045,#844);
#391=LINE('',#8047,#845);
#392=LINE('',#8050,#846);
#393=LINE('',#8051,#847);
#394=LINE('',#8053,#848);
#395=LINE('',#8055,#849);
#396=LINE('',#8057,#850);
#397=LINE('',#8066,#851);
#398=LINE('',#8068,#852);
#399=LINE('',#8071,#853);
#400=LINE('',#8072,#854);
#401=LINE('',#8076,#855);
#402=LINE('',#8078,#856);
#403=LINE('',#8080,#857);
#404=LINE('',#8082,#858);
#405=LINE('',#8083,#859);
#406=LINE('',#8085,#860);
#407=LINE('',#8089,#861);
#408=LINE('',#8090,#862);
#409=LINE('',#8094,#863);
#410=LINE('',#8095,#864);
#411=LINE('',#8097,#865);
#412=LINE('',#8098,#866);
#413=LINE('',#8102,#867);
#414=LINE('',#8103,#868);
#415=LINE('',#8106,#869);
#416=LINE('',#8108,#870);
#417=LINE('',#8110,#871);
#418=LINE('',#8111,#872);
#419=LINE('',#8114,#873);
#420=LINE('',#8116,#874);
#421=LINE('',#8118,#875);
#422=LINE('',#8119,#876);
#423=LINE('',#8122,#877);
#424=LINE('',#8124,#878);
#425=LINE('',#8136,#879);
#426=LINE('',#8138,#880);
#427=LINE('',#8142,#881);
#428=LINE('',#8145,#882);
#429=LINE('',#8147,#883);
#430=LINE('',#8149,#884);
#431=LINE('',#8151,#885);
#432=LINE('',#8152,#886);
#433=LINE('',#8154,#887);
#434=LINE('',#8155,#888);
#435=LINE('',#8158,#889);
#436=LINE('',#8159,#890);
#437=LINE('',#8161,#891);
#438=LINE('',#8163,#892);
#439=LINE('',#8165,#893);
#440=LINE('',#8167,#894);
#441=LINE('',#8169,#895);
#442=LINE('',#8171,#896);
#443=LINE('',#8173,#897);
#444=LINE('',#8176,#898);
#445=LINE('',#8178,#899);
#446=LINE('',#8179,#900);
#447=LINE('',#8180,#901);
#448=LINE('',#8182,#902);
#449=LINE('',#8193,#903);
#450=LINE('',#8221,#904);
#451=LINE('',#8224,#905);
#452=LINE('',#8226,#906);
#453=LINE('',#8228,#907);
#454=LINE('',#8230,#908);
#455=LINE('',#8231,#909);
#456=LINE('',#8233,#910);
#457=LINE('',#8235,#911);
#458=LINE('',#8238,#912);
#459=LINE('',#8241,#913);
#460=LINE('',#8243,#914);
#461=LINE('',#8245,#915);
#462=LINE('',#8247,#916);
#463=LINE('',#8248,#917);
#464=LINE('',#8250,#918);
#465=LINE('',#8252,#919);
#466=LINE('',#8255,#920);
#467=LINE('',#8257,#921);
#468=LINE('',#8259,#922);
#469=LINE('',#8261,#923);
#470=LINE('',#8263,#924);
#471=LINE('',#8265,#925);
#472=LINE('',#8267,#926);
#473=LINE('',#8269,#927);
#474=LINE('',#8270,#928);
#475=LINE('',#8274,#929);
#476=LINE('',#8277,#930);
#477=LINE('',#8279,#931);
#478=LINE('',#8281,#932);
#479=LINE('',#8283,#933);
#480=LINE('',#8285,#934);
#481=LINE('',#8287,#935);
#482=LINE('',#8290,#936);
#483=LINE('',#8291,#937);
#484=LINE('',#8293,#938);
#485=LINE('',#8295,#939);
#486=LINE('',#8297,#940);
#487=LINE('',#8299,#941);
#488=LINE('',#8301,#942);
#489=LINE('',#8303,#943);
#490=LINE('',#8305,#944);
#491=LINE('',#8307,#945);
#492=LINE('',#8309,#946);
#493=LINE('',#8312,#947);
#494=LINE('',#8314,#948);
#495=LINE('',#8316,#949);
#496=LINE('',#8318,#950);
#497=LINE('',#8321,#951);
#498=LINE('',#8323,#952);
#499=LINE('',#8325,#953);
#500=LINE('',#8327,#954);
#501=LINE('',#8329,#955);
#502=LINE('',#8330,#956);
#503=LINE('',#8332,#957);
#504=LINE('',#8334,#958);
#505=LINE('',#8336,#959);
#506=LINE('',#8339,#960);
#507=LINE('',#8341,#961);
#508=LINE('',#8343,#962);
#509=LINE('',#8345,#963);
#510=LINE('',#8348,#964);
#511=LINE('',#8352,#965);
#512=LINE('',#8355,#966);
#513=LINE('',#8357,#967);
#514=LINE('',#8359,#968);
#515=LINE('',#8361,#969);
#516=LINE('',#8363,#970);
#517=LINE('',#8365,#971);
#518=LINE('',#8367,#972);
#519=LINE('',#8369,#973);
#520=LINE('',#8371,#974);
#521=LINE('',#8373,#975);
#522=LINE('',#8375,#976);
#523=LINE('',#8377,#977);
#524=LINE('',#8379,#978);
#525=LINE('',#8381,#979);
#526=LINE('',#8383,#980);
#527=LINE('',#8385,#981);
#528=LINE('',#8387,#982);
#529=LINE('',#8391,#983);
#530=LINE('',#8394,#984);
#531=LINE('',#8396,#985);
#532=LINE('',#8398,#986);
#533=LINE('',#8400,#987);
#534=LINE('',#8402,#988);
#535=LINE('',#8404,#989);
#536=LINE('',#8407,#990);
#537=LINE('',#8408,#991);
#538=LINE('',#8410,#992);
#539=LINE('',#8412,#993);
#540=LINE('',#8414,#994);
#541=LINE('',#8416,#995);
#542=LINE('',#8418,#996);
#543=LINE('',#8420,#997);
#544=LINE('',#8422,#998);
#545=LINE('',#8424,#999);
#546=LINE('',#8426,#1000);
#547=LINE('',#8430,#1001);
#548=LINE('',#8433,#1002);
#549=LINE('',#8435,#1003);
#550=LINE('',#8437,#1004);
#551=LINE('',#8439,#1005);
#552=LINE('',#8441,#1006);
#553=LINE('',#8443,#1007);
#554=LINE('',#8446,#1008);
#555=LINE('',#8447,#1009);
#556=LINE('',#8449,#1010);
#557=LINE('',#8451,#1011);
#558=LINE('',#8453,#1012);
#559=LINE('',#8455,#1013);
#560=LINE('',#8457,#1014);
#561=LINE('',#8459,#1015);
#562=LINE('',#8461,#1016);
#563=LINE('',#8463,#1017);
#564=LINE('',#8465,#1018);
#565=LINE('',#8469,#1019);
#566=LINE('',#8472,#1020);
#567=LINE('',#8474,#1021);
#568=LINE('',#8476,#1022);
#569=LINE('',#8478,#1023);
#570=LINE('',#8480,#1024);
#571=LINE('',#8482,#1025);
#572=LINE('',#8485,#1026);
#573=LINE('',#8486,#1027);
#574=LINE('',#8488,#1028);
#575=LINE('',#8490,#1029);
#576=LINE('',#8492,#1030);
#577=LINE('',#8494,#1031);
#578=LINE('',#8496,#1032);
#579=LINE('',#8498,#1033);
#580=LINE('',#8500,#1034);
#581=LINE('',#8502,#1035);
#582=LINE('',#8504,#1036);
#583=LINE('',#8512,#1037);
#584=LINE('',#8515,#1038);
#585=LINE('',#8517,#1039);
#586=LINE('',#8519,#1040);
#587=LINE('',#8521,#1041);
#588=LINE('',#8523,#1042);
#589=LINE('',#8525,#1043);
#590=LINE('',#8527,#1044);
#591=LINE('',#8529,#1045);
#592=LINE('',#8531,#1046);
#593=LINE('',#8533,#1047);
#594=LINE('',#8536,#1048);
#595=LINE('',#8538,#1049);
#596=LINE('',#8540,#1050);
#597=LINE('',#8542,#1051);
#598=LINE('',#8545,#1052);
#599=LINE('',#8546,#1053);
#600=LINE('',#8548,#1054);
#601=LINE('',#8550,#1055);
#602=LINE('',#8551,#1056);
#603=LINE('',#8553,#1057);
#604=LINE('',#8554,#1058);
#605=LINE('',#8556,#1059);
#606=LINE('',#8557,#1060);
#607=LINE('',#8565,#1061);
#608=LINE('',#8566,#1062);
#609=LINE('',#8572,#1063);
#610=LINE('',#8573,#1064);
#611=LINE('',#8575,#1065);
#612=LINE('',#8582,#1066);
#613=LINE('',#8584,#1067);
#614=LINE('',#8588,#1068);
#615=LINE('',#8590,#1069);
#616=LINE('',#8594,#1070);
#617=LINE('',#8596,#1071);
#618=LINE('',#8598,#1072);
#619=LINE('',#8600,#1073);
#620=LINE('',#8602,#1074);
#621=LINE('',#8604,#1075);
#622=LINE('',#8606,#1076);
#623=LINE('',#8608,#1077);
#624=LINE('',#8610,#1078);
#625=LINE('',#8612,#1079);
#626=LINE('',#8614,#1080);
#627=LINE('',#8618,#1081);
#628=LINE('',#8627,#1082);
#629=LINE('',#8630,#1083);
#630=LINE('',#8632,#1084);
#631=LINE('',#8634,#1085);
#632=LINE('',#8636,#1086);
#633=LINE('',#8638,#1087);
#634=LINE('',#8640,#1088);
#635=LINE('',#8642,#1089);
#636=LINE('',#8644,#1090);
#637=LINE('',#8646,#1091);
#638=LINE('',#8648,#1092);
#639=LINE('',#8650,#1093);
#640=LINE('',#8652,#1094);
#641=LINE('',#8654,#1095);
#642=LINE('',#8656,#1096);
#643=LINE('',#8658,#1097);
#644=LINE('',#8660,#1098);
#645=LINE('',#8661,#1099);
#646=LINE('',#8722,#1100);
#647=LINE('',#8723,#1101);
#648=LINE('',#8899,#1102);
#649=LINE('',#8900,#1103);
#650=LINE('',#8902,#1104);
#651=LINE('',#8903,#1105);
#652=LINE('',#8908,#1106);
#653=LINE('',#8918,#1107);
#654=LINE('',#8947,#1108);
#655=LINE('',#8949,#1109);
#656=LINE('',#8951,#1110);
#657=LINE('',#8953,#1111);
#658=LINE('',#8955,#1112);
#659=LINE('',#8957,#1113);
#660=LINE('',#8959,#1114);
#661=LINE('',#8961,#1115);
#662=LINE('',#8963,#1116);
#663=LINE('',#8965,#1117);
#664=LINE('',#8967,#1118);
#665=LINE('',#8969,#1119);
#666=LINE('',#8970,#1120);
#667=LINE('',#8972,#1121);
#668=LINE('',#8974,#1122);
#669=LINE('',#8975,#1123);
#670=LINE('',#8977,#1124);
#671=LINE('',#8985,#1125);
#672=LINE('',#8987,#1126);
#673=LINE('',#8989,#1127);
#674=LINE('',#8994,#1128);
#675=LINE('',#8996,#1129);
#676=LINE('',#8998,#1130);
#677=LINE('',#9017,#1131);
#678=LINE('',#9019,#1132);
#679=LINE('',#9046,#1133);
#680=LINE('',#9058,#1134);
#681=LINE('',#9060,#1135);
#682=LINE('',#9062,#1136);
#683=LINE('',#9064,#1137);
#684=LINE('',#9066,#1138);
#685=LINE('',#9082,#1139);
#686=LINE('',#9083,#1140);
#687=LINE('',#9108,#1141);
#688=LINE('',#9110,#1142);
#689=LINE('',#9112,#1143);
#690=LINE('',#9114,#1144);
#691=LINE('',#9116,#1145);
#692=LINE('',#9118,#1146);
#693=LINE('',#9120,#1147);
#694=LINE('',#9122,#1148);
#695=VECTOR('',#6069,1000.);
#696=VECTOR('',#6072,1000.);
#697=VECTOR('',#6079,1000.);
#698=VECTOR('',#6082,1000.);
#699=VECTOR('',#6087,1000.);
#700=VECTOR('',#6088,1000.);
#701=VECTOR('',#6089,1000.);
#702=VECTOR('',#6092,1000.);
#703=VECTOR('',#6093,1000.);
#704=VECTOR('',#6096,1000.);
#705=VECTOR('',#6097,1000.);
#706=VECTOR('',#6098,1000.);
#707=VECTOR('',#6101,1000.);
#708=VECTOR('',#6102,1000.);
#709=VECTOR('',#6105,1000.);
#710=VECTOR('',#6106,1000.);
#711=VECTOR('',#6109,1000.);
#712=VECTOR('',#6110,1000.);
#713=VECTOR('',#6111,1000.);
#714=VECTOR('',#6112,1000.);
#715=VECTOR('',#6113,1000.);
#716=VECTOR('',#6114,1000.);
#717=VECTOR('',#6115,1000.);
#718=VECTOR('',#6116,1000.);
#719=VECTOR('',#6117,1000.);
#720=VECTOR('',#6118,1000.);
#721=VECTOR('',#6119,1000.);
#722=VECTOR('',#6122,1000.);
#723=VECTOR('',#6123,1000.);
#724=VECTOR('',#6124,1000.);
#725=VECTOR('',#6129,1000.);
#726=VECTOR('',#6132,1000.);
#727=VECTOR('',#6133,1000.);
#728=VECTOR('',#6134,1000.);
#729=VECTOR('',#6135,1000.);
#730=VECTOR('',#6136,1000.);
#731=VECTOR('',#6137,1000.);
#732=VECTOR('',#6138,1000.);
#733=VECTOR('',#6155,1000.);
#734=VECTOR('',#6156,1000.);
#735=VECTOR('',#6157,1000.);
#736=VECTOR('',#6158,1000.);
#737=VECTOR('',#6161,1000.);
#738=VECTOR('',#6162,1000.);
#739=VECTOR('',#6163,1000.);
#740=VECTOR('',#6164,1000.);
#741=VECTOR('',#6165,1000.);
#742=VECTOR('',#6166,1000.);
#743=VECTOR('',#6169,1000.);
#744=VECTOR('',#6172,1000.);
#745=VECTOR('',#6173,1000.);
#746=VECTOR('',#6174,1000.);
#747=VECTOR('',#6175,1000.);
#748=VECTOR('',#6176,1000.);
#749=VECTOR('',#6177,1000.);
#750=VECTOR('',#6178,1000.);
#751=VECTOR('',#6179,1000.);
#752=VECTOR('',#6180,1000.);
#753=VECTOR('',#6181,1000.);
#754=VECTOR('',#6182,1000.);
#755=VECTOR('',#6183,1000.);
#756=VECTOR('',#6184,1000.);
#757=VECTOR('',#6185,1000.);
#758=VECTOR('',#6186,1000.);
#759=VECTOR('',#6187,1000.);
#760=VECTOR('',#6188,1000.);
#761=VECTOR('',#6189,1000.);
#762=VECTOR('',#6190,1000.);
#763=VECTOR('',#6191,1000.);
#764=VECTOR('',#6192,1000.);
#765=VECTOR('',#6193,1000.);
#766=VECTOR('',#6194,1000.);
#767=VECTOR('',#6195,1000.);
#768=VECTOR('',#6230,1000.);
#769=VECTOR('',#6231,1000.);
#770=VECTOR('',#6232,1000.);
#771=VECTOR('',#6233,1000.);
#772=VECTOR('',#6240,1000.);
#773=VECTOR('',#6241,1000.);
#774=VECTOR('',#6242,1000.);
#775=VECTOR('',#6243,1000.);
#776=VECTOR('',#6266,1000.);
#777=VECTOR('',#6267,1000.);
#778=VECTOR('',#6268,1000.);
#779=VECTOR('',#6269,1000.);
#780=VECTOR('',#6274,1000.);
#781=VECTOR('',#6275,1000.);
#782=VECTOR('',#6276,1000.);
#783=VECTOR('',#6277,1000.);
#784=VECTOR('',#6280,1000.);
#785=VECTOR('',#6281,1000.);
#786=VECTOR('',#6282,1000.);
#787=VECTOR('',#6287,1000.);
#788=VECTOR('',#6288,1000.);
#789=VECTOR('',#6289,1000.);
#790=VECTOR('',#6292,1000.);
#791=VECTOR('',#6293,1000.);
#792=VECTOR('',#6296,1000.);
#793=VECTOR('',#6297,1000.);
#794=VECTOR('',#6298,1000.);
#795=VECTOR('',#6299,1000.);
#796=VECTOR('',#6304,1000.);
#797=VECTOR('',#6305,1000.);
#798=VECTOR('',#6306,1000.);
#799=VECTOR('',#6309,1000.);
#800=VECTOR('',#6310,1000.);
#801=VECTOR('',#6311,1000.);
#802=VECTOR('',#6316,1000.);
#803=VECTOR('',#6317,1000.);
#804=VECTOR('',#6336,1000.);
#805=VECTOR('',#6337,1000.);
#806=VECTOR('',#6338,1000.);
#807=VECTOR('',#6339,1000.);
#808=VECTOR('',#6340,1000.);
#809=VECTOR('',#6341,1000.);
#810=VECTOR('',#6342,1000.);
#811=VECTOR('',#6343,1000.);
#812=VECTOR('',#6344,1000.);
#813=VECTOR('',#6345,1000.);
#814=VECTOR('',#6346,1000.);
#815=VECTOR('',#6347,1000.);
#816=VECTOR('',#6348,1000.);
#817=VECTOR('',#6349,1000.);
#818=VECTOR('',#6350,1000.);
#819=VECTOR('',#6355,1000.);
#820=VECTOR('',#6356,1000.);
#821=VECTOR('',#6357,1000.);
#822=VECTOR('',#6358,1000.);
#823=VECTOR('',#6361,1000.);
#824=VECTOR('',#6362,1000.);
#825=VECTOR('',#6363,1000.);
#826=VECTOR('',#6364,1000.);
#827=VECTOR('',#6369,1000.);
#828=VECTOR('',#6370,1000.);
#829=VECTOR('',#6371,1000.);
#830=VECTOR('',#6372,1000.);
#831=VECTOR('',#6375,1000.);
#832=VECTOR('',#6376,1000.);
#833=VECTOR('',#6377,1000.);
#834=VECTOR('',#6378,1000.);
#835=VECTOR('',#6381,1000.);
#836=VECTOR('',#6382,1000.);
#837=VECTOR('',#6383,1000.);
#838=VECTOR('',#6384,1000.);
#839=VECTOR('',#6385,1000.);
#840=VECTOR('',#6386,1000.);
#841=VECTOR('',#6393,1000.);
#842=VECTOR('',#6394,1000.);
#843=VECTOR('',#6401,1000.);
#844=VECTOR('',#6402,1000.);
#845=VECTOR('',#6405,1000.);
#846=VECTOR('',#6406,1000.);
#847=VECTOR('',#6407,1000.);
#848=VECTOR('',#6410,1000.);
#849=VECTOR('',#6411,1000.);
#850=VECTOR('',#6414,1000.);
#851=VECTOR('',#6417,1000.);
#852=VECTOR('',#6420,1000.);
#853=VECTOR('',#6421,1000.);
#854=VECTOR('',#6422,1000.);
#855=VECTOR('',#6425,1000.);
#856=VECTOR('',#6426,1000.);
#857=VECTOR('',#6427,1000.);
#858=VECTOR('',#6428,1000.);
#859=VECTOR('',#6429,1000.);
#860=VECTOR('',#6430,1000.);
#861=VECTOR('',#6433,1000.);
#862=VECTOR('',#6434,1000.);
#863=VECTOR('',#6439,1000.);
#864=VECTOR('',#6440,1000.);
#865=VECTOR('',#6443,1000.);
#866=VECTOR('',#6444,1000.);
#867=VECTOR('',#6447,1000.);
#868=VECTOR('',#6448,1000.);
#869=VECTOR('',#6449,1000.);
#870=VECTOR('',#6450,1000.);
#871=VECTOR('',#6451,1000.);
#872=VECTOR('',#6452,1000.);
#873=VECTOR('',#6453,1000.);
#874=VECTOR('',#6454,1000.);
#875=VECTOR('',#6455,1000.);
#876=VECTOR('',#6456,1000.);
#877=VECTOR('',#6457,1000.);
#878=VECTOR('',#6458,1000.);
#879=VECTOR('',#6469,1000.);
#880=VECTOR('',#6470,1000.);
#881=VECTOR('',#6475,1000.);
#882=VECTOR('',#6476,1000.);
#883=VECTOR('',#6477,1000.);
#884=VECTOR('',#6478,1000.);
#885=VECTOR('',#6481,1000.);
#886=VECTOR('',#6482,1000.);
#887=VECTOR('',#6485,1000.);
#888=VECTOR('',#6486,1000.);
#889=VECTOR('',#6491,1000.);
#890=VECTOR('',#6492,1000.);
#891=VECTOR('',#6495,1000.);
#892=VECTOR('',#6496,1000.);
#893=VECTOR('',#6497,1000.);
#894=VECTOR('',#6500,1000.);
#895=VECTOR('',#6501,1000.);
#896=VECTOR('',#6502,1000.);
#897=VECTOR('',#6505,1000.);
#898=VECTOR('',#6506,1000.);
#899=VECTOR('',#6507,1000.);
#900=VECTOR('',#6508,1000.);
#901=VECTOR('',#6509,1000.);
#902=VECTOR('',#6512,1000.);
#903=VECTOR('',#6513,1000.);
#904=VECTOR('',#6548,1000.);
#905=VECTOR('',#6549,1000.);
#906=VECTOR('',#6550,1000.);
#907=VECTOR('',#6551,1000.);
#908=VECTOR('',#6554,1000.);
#909=VECTOR('',#6555,1000.);
#910=VECTOR('',#6558,1000.);
#911=VECTOR('',#6561,1000.);
#912=VECTOR('',#6566,1000.);
#913=VECTOR('',#6567,1000.);
#914=VECTOR('',#6568,1000.);
#915=VECTOR('',#6569,1000.);
#916=VECTOR('',#6572,1000.);
#917=VECTOR('',#6573,1000.);
#918=VECTOR('',#6576,1000.);
#919=VECTOR('',#6579,1000.);
#920=VECTOR('',#6584,1000.);
#921=VECTOR('',#6587,1000.);
#922=VECTOR('',#6588,1000.);
#923=VECTOR('',#6589,1000.);
#924=VECTOR('',#6590,1000.);
#925=VECTOR('',#6591,1000.);
#926=VECTOR('',#6592,1000.);
#927=VECTOR('',#6593,1000.);
#928=VECTOR('',#6594,1000.);
#929=VECTOR('',#6599,1000.);
#930=VECTOR('',#6600,1000.);
#931=VECTOR('',#6601,1000.);
#932=VECTOR('',#6602,1000.);
#933=VECTOR('',#6603,1000.);
#934=VECTOR('',#6604,1000.);
#935=VECTOR('',#6607,1000.);
#936=VECTOR('',#6608,1000.);
#937=VECTOR('',#6609,1000.);
#938=VECTOR('',#6612,1000.);
#939=VECTOR('',#6613,1000.);
#940=VECTOR('',#6616,1000.);
#941=VECTOR('',#6617,1000.);
#942=VECTOR('',#6620,1000.);
#943=VECTOR('',#6621,1000.);
#944=VECTOR('',#6624,1000.);
#945=VECTOR('',#6625,1000.);
#946=VECTOR('',#6628,1000.);
#947=VECTOR('',#6633,1000.);
#948=VECTOR('',#6634,1000.);
#949=VECTOR('',#6637,1000.);
#950=VECTOR('',#6638,1000.);
#951=VECTOR('',#6643,1000.);
#952=VECTOR('',#6646,1000.);
#953=VECTOR('',#6647,1000.);
#954=VECTOR('',#6648,1000.);
#955=VECTOR('',#6651,1000.);
#956=VECTOR('',#6652,1000.);
#957=VECTOR('',#6655,1000.);
#958=VECTOR('',#6656,1000.);
#959=VECTOR('',#6657,1000.);
#960=VECTOR('',#6662,1000.);
#961=VECTOR('',#6663,1000.);
#962=VECTOR('',#6666,1000.);
#963=VECTOR('',#6667,1000.);
#964=VECTOR('',#6672,1000.);
#965=VECTOR('',#6677,1000.);
#966=VECTOR('',#6678,1000.);
#967=VECTOR('',#6679,1000.);
#968=VECTOR('',#6680,1000.);
#969=VECTOR('',#6681,1000.);
#970=VECTOR('',#6682,1000.);
#971=VECTOR('',#6685,1000.);
#972=VECTOR('',#6686,1000.);
#973=VECTOR('',#6687,1000.);
#974=VECTOR('',#6690,1000.);
#975=VECTOR('',#6691,1000.);
#976=VECTOR('',#6694,1000.);
#977=VECTOR('',#6695,1000.);
#978=VECTOR('',#6698,1000.);
#979=VECTOR('',#6699,1000.);
#980=VECTOR('',#6702,1000.);
#981=VECTOR('',#6703,1000.);
#982=VECTOR('',#6706,1000.);
#983=VECTOR('',#6711,1000.);
#984=VECTOR('',#6712,1000.);
#985=VECTOR('',#6713,1000.);
#986=VECTOR('',#6714,1000.);
#987=VECTOR('',#6715,1000.);
#988=VECTOR('',#6716,1000.);
#989=VECTOR('',#6719,1000.);
#990=VECTOR('',#6720,1000.);
#991=VECTOR('',#6721,1000.);
#992=VECTOR('',#6724,1000.);
#993=VECTOR('',#6725,1000.);
#994=VECTOR('',#6728,1000.);
#995=VECTOR('',#6729,1000.);
#996=VECTOR('',#6732,1000.);
#997=VECTOR('',#6733,1000.);
#998=VECTOR('',#6736,1000.);
#999=VECTOR('',#6737,1000.);
#1000=VECTOR('',#6740,1000.);
#1001=VECTOR('',#6745,1000.);
#1002=VECTOR('',#6746,1000.);
#1003=VECTOR('',#6747,1000.);
#1004=VECTOR('',#6748,1000.);
#1005=VECTOR('',#6749,1000.);
#1006=VECTOR('',#6750,1000.);
#1007=VECTOR('',#6753,1000.);
#1008=VECTOR('',#6754,1000.);
#1009=VECTOR('',#6755,1000.);
#1010=VECTOR('',#6758,1000.);
#1011=VECTOR('',#6759,1000.);
#1012=VECTOR('',#6762,1000.);
#1013=VECTOR('',#6763,1000.);
#1014=VECTOR('',#6766,1000.);
#1015=VECTOR('',#6767,1000.);
#1016=VECTOR('',#6770,1000.);
#1017=VECTOR('',#6771,1000.);
#1018=VECTOR('',#6774,1000.);
#1019=VECTOR('',#6779,1000.);
#1020=VECTOR('',#6780,1000.);
#1021=VECTOR('',#6781,1000.);
#1022=VECTOR('',#6782,1000.);
#1023=VECTOR('',#6783,1000.);
#1024=VECTOR('',#6784,1000.);
#1025=VECTOR('',#6787,1000.);
#1026=VECTOR('',#6788,1000.);
#1027=VECTOR('',#6789,1000.);
#1028=VECTOR('',#6792,1000.);
#1029=VECTOR('',#6793,1000.);
#1030=VECTOR('',#6796,1000.);
#1031=VECTOR('',#6797,1000.);
#1032=VECTOR('',#6800,1000.);
#1033=VECTOR('',#6801,1000.);
#1034=VECTOR('',#6804,1000.);
#1035=VECTOR('',#6805,1000.);
#1036=VECTOR('',#6808,1000.);
#1037=VECTOR('',#6817,1000.);
#1038=VECTOR('',#6818,1000.);
#1039=VECTOR('',#6819,1000.);
#1040=VECTOR('',#6820,1000.);
#1041=VECTOR('',#6823,1000.);
#1042=VECTOR('',#6824,1000.);
#1043=VECTOR('',#6825,1000.);
#1044=VECTOR('',#6828,1000.);
#1045=VECTOR('',#6829,1000.);
#1046=VECTOR('',#6830,1000.);
#1047=VECTOR('',#6833,1000.);
#1048=VECTOR('',#6834,1000.);
#1049=VECTOR('',#6835,1000.);
#1050=VECTOR('',#6836,1000.);
#1051=VECTOR('',#6839,1000.);
#1052=VECTOR('',#6840,1000.);
#1053=VECTOR('',#6841,1000.);
#1054=VECTOR('',#6844,1000.);
#1055=VECTOR('',#6845,1000.);
#1056=VECTOR('',#6846,1000.);
#1057=VECTOR('',#6847,1000.);
#1058=VECTOR('',#6848,1000.);
#1059=VECTOR('',#6851,1000.);
#1060=VECTOR('',#6852,1000.);
#1061=VECTOR('',#6867,1000.);
#1062=VECTOR('',#6868,1000.);
#1063=VECTOR('',#6875,1000.);
#1064=VECTOR('',#6876,1000.);
#1065=VECTOR('',#6879,1000.);
#1066=VECTOR('',#6888,1000.);
#1067=VECTOR('',#6891,1000.);
#1068=VECTOR('',#6894,1000.);
#1069=VECTOR('',#6897,1000.);
#1070=VECTOR('',#6902,1000.);
#1071=VECTOR('',#6903,1000.);
#1072=VECTOR('',#6906,1000.);
#1073=VECTOR('',#6907,1000.);
#1074=VECTOR('',#6910,1000.);
#1075=VECTOR('',#6911,1000.);
#1076=VECTOR('',#6914,1000.);
#1077=VECTOR('',#6915,1000.);
#1078=VECTOR('',#6918,1000.);
#1079=VECTOR('',#6919,1000.);
#1080=VECTOR('',#6922,1000.);
#1081=VECTOR('',#6927,1000.);
#1082=VECTOR('',#6942,1000.);
#1083=VECTOR('',#6943,1000.);
#1084=VECTOR('',#6944,1000.);
#1085=VECTOR('',#6945,1000.);
#1086=VECTOR('',#6948,1000.);
#1087=VECTOR('',#6949,1000.);
#1088=VECTOR('',#6950,1000.);
#1089=VECTOR('',#6953,1000.);
#1090=VECTOR('',#6954,1000.);
#1091=VECTOR('',#6955,1000.);
#1092=VECTOR('',#6958,1000.);
#1093=VECTOR('',#6959,1000.);
#1094=VECTOR('',#6960,1000.);
#1095=VECTOR('',#6963,1000.);
#1096=VECTOR('',#6964,1000.);
#1097=VECTOR('',#6965,1000.);
#1098=VECTOR('',#6968,1000.);
#1099=VECTOR('',#6969,1000.);
#1100=VECTOR('',#7058,1000.);
#1101=VECTOR('',#7059,1000.);
#1102=VECTOR('',#7284,1000.);
#1103=VECTOR('',#7285,1000.);
#1104=VECTOR('',#7288,1000.);
#1105=VECTOR('',#7289,1000.);
#1106=VECTOR('',#7296,1000.);
#1107=VECTOR('',#7309,1000.);
#1108=VECTOR('',#7354,1000.);
#1109=VECTOR('',#7355,1000.);
#1110=VECTOR('',#7356,1000.);
#1111=VECTOR('',#7359,1000.);
#1112=VECTOR('',#7360,1000.);
#1113=VECTOR('',#7363,1000.);
#1114=VECTOR('',#7364,1000.);
#1115=VECTOR('',#7367,1000.);
#1116=VECTOR('',#7370,1000.);
#1117=VECTOR('',#7373,1000.);
#1118=VECTOR('',#7376,1000.);
#1119=VECTOR('',#7377,1000.);
#1120=VECTOR('',#7378,1000.);
#1121=VECTOR('',#7379,1000.);
#1122=VECTOR('',#7380,1000.);
#1123=VECTOR('',#7381,1000.);
#1124=VECTOR('',#7382,1000.);
#1125=VECTOR('',#7391,1000.);
#1126=VECTOR('',#7392,1000.);
#1127=VECTOR('',#7395,1000.);
#1128=VECTOR('',#7404,1000.);
#1129=VECTOR('',#7405,1000.);
#1130=VECTOR('',#7408,1000.);
#1131=VECTOR('',#7437,1000.);
#1132=VECTOR('',#7440,1000.);
#1133=VECTOR('',#7479,1000.);
#1134=VECTOR('',#7498,1000.);
#1135=VECTOR('',#7499,1000.);
#1136=VECTOR('',#7500,1000.);
#1137=VECTOR('',#7503,1000.);
#1138=VECTOR('',#7506,1000.);
#1139=VECTOR('',#7531,1000.);
#1140=VECTOR('',#7532,1000.);
#1141=VECTOR('',#7581,1000.);
#1142=VECTOR('',#7582,1000.);
#1143=VECTOR('',#7583,1000.);
#1144=VECTOR('',#7586,1000.);
#1145=VECTOR('',#7587,1000.);
#1146=VECTOR('',#7590,1000.);
#1147=VECTOR('',#7591,1000.);
#1148=VECTOR('',#7594,1000.);
#1149=ORIENTED_EDGE('',*,*,#2501,.F.);
#1150=ORIENTED_EDGE('',*,*,#2502,.F.);
#1151=ORIENTED_EDGE('',*,*,#2503,.T.);
#1152=ORIENTED_EDGE('',*,*,#2504,.F.);
#1153=ORIENTED_EDGE('',*,*,#2505,.T.);
#1154=ORIENTED_EDGE('',*,*,#2506,.F.);
#1155=ORIENTED_EDGE('',*,*,#2507,.T.);
#1156=ORIENTED_EDGE('',*,*,#2508,.T.);
#1157=ORIENTED_EDGE('',*,*,#2509,.F.);
#1158=ORIENTED_EDGE('',*,*,#2510,.T.);
#1159=ORIENTED_EDGE('',*,*,#2511,.F.);
#1160=ORIENTED_EDGE('',*,*,#2512,.T.);
#1161=ORIENTED_EDGE('',*,*,#2513,.T.);
#1162=ORIENTED_EDGE('',*,*,#2509,.T.);
#1163=ORIENTED_EDGE('',*,*,#2514,.F.);
#1164=ORIENTED_EDGE('',*,*,#2515,.F.);
#1165=ORIENTED_EDGE('',*,*,#2516,.F.);
#1166=ORIENTED_EDGE('',*,*,#2511,.T.);
#1167=ORIENTED_EDGE('',*,*,#2517,.T.);
#1168=ORIENTED_EDGE('',*,*,#2504,.T.);
#1169=ORIENTED_EDGE('',*,*,#2518,.F.);
#1170=ORIENTED_EDGE('',*,*,#2506,.T.);
#1171=ORIENTED_EDGE('',*,*,#2519,.T.);
#1172=ORIENTED_EDGE('',*,*,#2520,.T.);
#1173=ORIENTED_EDGE('',*,*,#2521,.T.);
#1174=ORIENTED_EDGE('',*,*,#2522,.T.);
#1175=ORIENTED_EDGE('',*,*,#2523,.T.);
#1176=ORIENTED_EDGE('',*,*,#2524,.F.);
#1177=ORIENTED_EDGE('',*,*,#2525,.F.);
#1178=ORIENTED_EDGE('',*,*,#2526,.T.);
#1179=ORIENTED_EDGE('',*,*,#2527,.F.);
#1180=ORIENTED_EDGE('',*,*,#2528,.T.);
#1181=ORIENTED_EDGE('',*,*,#2529,.T.);
#1182=ORIENTED_EDGE('',*,*,#2530,.F.);
#1183=ORIENTED_EDGE('',*,*,#2531,.T.);
#1184=ORIENTED_EDGE('',*,*,#2532,.T.);
#1185=ORIENTED_EDGE('',*,*,#2533,.T.);
#1186=ORIENTED_EDGE('',*,*,#2534,.T.);
#1187=ORIENTED_EDGE('',*,*,#2535,.F.);
#1188=ORIENTED_EDGE('',*,*,#2536,.F.);
#1189=ORIENTED_EDGE('',*,*,#2537,.T.);
#1190=ORIENTED_EDGE('',*,*,#2538,.T.);
#1191=ORIENTED_EDGE('',*,*,#2539,.T.);
#1192=ORIENTED_EDGE('',*,*,#2540,.F.);
#1193=ORIENTED_EDGE('',*,*,#2541,.F.);
#1194=ORIENTED_EDGE('',*,*,#2523,.F.);
#1195=ORIENTED_EDGE('',*,*,#2542,.T.);
#1196=ORIENTED_EDGE('',*,*,#2543,.F.);
#1197=ORIENTED_EDGE('',*,*,#2544,.T.);
#1198=ORIENTED_EDGE('',*,*,#2545,.T.);
#1199=ORIENTED_EDGE('',*,*,#2546,.T.);
#1200=ORIENTED_EDGE('',*,*,#2547,.T.);
#1201=ORIENTED_EDGE('',*,*,#2548,.F.);
#1202=ORIENTED_EDGE('',*,*,#2549,.T.);
#1203=ORIENTED_EDGE('',*,*,#2550,.F.);
#1204=ORIENTED_EDGE('',*,*,#2551,.F.);
#1205=ORIENTED_EDGE('',*,*,#2552,.T.);
#1206=ORIENTED_EDGE('',*,*,#2553,.F.);
#1207=ORIENTED_EDGE('',*,*,#2554,.T.);
#1208=ORIENTED_EDGE('',*,*,#2555,.T.);
#1209=ORIENTED_EDGE('',*,*,#2556,.T.);
#1210=ORIENTED_EDGE('',*,*,#2557,.F.);
#1211=ORIENTED_EDGE('',*,*,#2529,.F.);
#1212=ORIENTED_EDGE('',*,*,#2558,.T.);
#1213=ORIENTED_EDGE('',*,*,#2559,.T.);
#1214=ORIENTED_EDGE('',*,*,#2560,.F.);
#1215=ORIENTED_EDGE('',*,*,#2561,.F.);
#1216=ORIENTED_EDGE('',*,*,#2562,.F.);
#1217=ORIENTED_EDGE('',*,*,#2563,.F.);
#1218=ORIENTED_EDGE('',*,*,#2546,.F.);
#1219=ORIENTED_EDGE('',*,*,#2564,.T.);
#1220=ORIENTED_EDGE('',*,*,#2530,.T.);
#1221=ORIENTED_EDGE('',*,*,#2557,.T.);
#1222=ORIENTED_EDGE('',*,*,#2565,.T.);
#1223=ORIENTED_EDGE('',*,*,#2566,.T.);
#1224=ORIENTED_EDGE('',*,*,#2567,.T.);
#1225=ORIENTED_EDGE('',*,*,#2568,.T.);
#1226=ORIENTED_EDGE('',*,*,#2569,.T.);
#1227=ORIENTED_EDGE('',*,*,#2570,.F.);
#1228=ORIENTED_EDGE('',*,*,#2571,.F.);
#1229=ORIENTED_EDGE('',*,*,#2534,.F.);
#1230=ORIENTED_EDGE('',*,*,#2572,.T.);
#1231=ORIENTED_EDGE('',*,*,#2573,.T.);
#1232=ORIENTED_EDGE('',*,*,#2574,.T.);
#1233=ORIENTED_EDGE('',*,*,#2575,.T.);
#1234=ORIENTED_EDGE('',*,*,#2576,.T.);
#1235=ORIENTED_EDGE('',*,*,#2577,.T.);
#1236=ORIENTED_EDGE('',*,*,#2578,.T.);
#1237=ORIENTED_EDGE('',*,*,#2579,.F.);
#1238=ORIENTED_EDGE('',*,*,#2580,.F.);
#1239=ORIENTED_EDGE('',*,*,#2581,.F.);
#1240=ORIENTED_EDGE('',*,*,#2582,.T.);
#1241=ORIENTED_EDGE('',*,*,#2583,.F.);
#1242=ORIENTED_EDGE('',*,*,#2584,.F.);
#1243=ORIENTED_EDGE('',*,*,#2585,.F.);
#1244=ORIENTED_EDGE('',*,*,#2586,.T.);
#1245=ORIENTED_EDGE('',*,*,#2587,.T.);
#1246=ORIENTED_EDGE('',*,*,#2588,.F.);
#1247=ORIENTED_EDGE('',*,*,#2589,.T.);
#1248=ORIENTED_EDGE('',*,*,#2590,.T.);
#1249=ORIENTED_EDGE('',*,*,#2591,.T.);
#1250=ORIENTED_EDGE('',*,*,#2592,.T.);
#1251=ORIENTED_EDGE('',*,*,#2593,.T.);
#1252=ORIENTED_EDGE('',*,*,#2594,.T.);
#1253=ORIENTED_EDGE('',*,*,#2595,.T.);
#1254=ORIENTED_EDGE('',*,*,#2596,.T.);
#1255=ORIENTED_EDGE('',*,*,#2597,.T.);
#1256=ORIENTED_EDGE('',*,*,#2598,.T.);
#1257=ORIENTED_EDGE('',*,*,#2599,.T.);
#1258=ORIENTED_EDGE('',*,*,#2600,.T.);
#1259=ORIENTED_EDGE('',*,*,#2601,.T.);
#1260=ORIENTED_EDGE('',*,*,#2602,.T.);
#1261=ORIENTED_EDGE('',*,*,#2603,.T.);
#1262=ORIENTED_EDGE('',*,*,#2604,.T.);
#1263=ORIENTED_EDGE('',*,*,#2605,.T.);
#1264=ORIENTED_EDGE('',*,*,#2606,.T.);
#1265=ORIENTED_EDGE('',*,*,#2607,.T.);
#1266=ORIENTED_EDGE('',*,*,#2608,.T.);
#1267=ORIENTED_EDGE('',*,*,#2609,.T.);
#1268=ORIENTED_EDGE('',*,*,#2610,.T.);
#1269=ORIENTED_EDGE('',*,*,#2611,.T.);
#1270=ORIENTED_EDGE('',*,*,#2612,.F.);
#1271=ORIENTED_EDGE('',*,*,#2613,.T.);
#1272=ORIENTED_EDGE('',*,*,#2614,.T.);
#1273=ORIENTED_EDGE('',*,*,#2615,.T.);
#1274=ORIENTED_EDGE('',*,*,#2616,.T.);
#1275=ORIENTED_EDGE('',*,*,#2617,.T.);
#1276=ORIENTED_EDGE('',*,*,#2618,.T.);
#1277=ORIENTED_EDGE('',*,*,#2619,.T.);
#1278=ORIENTED_EDGE('',*,*,#2620,.T.);
#1279=ORIENTED_EDGE('',*,*,#2621,.T.);
#1280=ORIENTED_EDGE('',*,*,#2622,.T.);
#1281=ORIENTED_EDGE('',*,*,#2623,.T.);
#1282=ORIENTED_EDGE('',*,*,#2624,.T.);
#1283=ORIENTED_EDGE('',*,*,#2625,.T.);
#1284=ORIENTED_EDGE('',*,*,#2626,.T.);
#1285=ORIENTED_EDGE('',*,*,#2627,.T.);
#1286=ORIENTED_EDGE('',*,*,#2628,.T.);
#1287=ORIENTED_EDGE('',*,*,#2629,.T.);
#1288=ORIENTED_EDGE('',*,*,#2630,.T.);
#1289=ORIENTED_EDGE('',*,*,#2631,.T.);
#1290=ORIENTED_EDGE('',*,*,#2632,.T.);
#1291=ORIENTED_EDGE('',*,*,#2633,.F.);
#1292=ORIENTED_EDGE('',*,*,#2634,.F.);
#1293=ORIENTED_EDGE('',*,*,#2635,.F.);
#1294=ORIENTED_EDGE('',*,*,#2636,.F.);
#1295=ORIENTED_EDGE('',*,*,#2637,.T.);
#1296=ORIENTED_EDGE('',*,*,#2638,.F.);
#1297=ORIENTED_EDGE('',*,*,#2639,.F.);
#1298=ORIENTED_EDGE('',*,*,#2640,.F.);
#1299=ORIENTED_EDGE('',*,*,#2641,.T.);
#1300=ORIENTED_EDGE('',*,*,#2642,.F.);
#1301=ORIENTED_EDGE('',*,*,#2643,.F.);
#1302=ORIENTED_EDGE('',*,*,#2644,.F.);
#1303=ORIENTED_EDGE('',*,*,#2639,.T.);
#1304=ORIENTED_EDGE('',*,*,#2645,.T.);
#1305=ORIENTED_EDGE('',*,*,#2646,.F.);
#1306=ORIENTED_EDGE('',*,*,#2647,.F.);
#1307=ORIENTED_EDGE('',*,*,#2648,.F.);
#1308=ORIENTED_EDGE('',*,*,#2643,.T.);
#1309=ORIENTED_EDGE('',*,*,#2649,.F.);
#1310=ORIENTED_EDGE('',*,*,#2641,.F.);
#1311=ORIENTED_EDGE('',*,*,#2650,.F.);
#1312=ORIENTED_EDGE('',*,*,#2647,.T.);
#1313=ORIENTED_EDGE('',*,*,#2651,.F.);
#1314=ORIENTED_EDGE('',*,*,#2652,.F.);
#1315=ORIENTED_EDGE('',*,*,#2653,.F.);
#1316=ORIENTED_EDGE('',*,*,#2654,.T.);
#1317=ORIENTED_EDGE('',*,*,#2655,.T.);
#1318=ORIENTED_EDGE('',*,*,#2656,.F.);
#1319=ORIENTED_EDGE('',*,*,#2657,.F.);
#1320=ORIENTED_EDGE('',*,*,#2658,.F.);
#1321=ORIENTED_EDGE('',*,*,#2652,.T.);
#1322=ORIENTED_EDGE('',*,*,#2659,.F.);
#1323=ORIENTED_EDGE('',*,*,#2660,.F.);
#1324=ORIENTED_EDGE('',*,*,#2661,.F.);
#1325=ORIENTED_EDGE('',*,*,#2657,.T.);
#1326=ORIENTED_EDGE('',*,*,#2662,.T.);
#1327=ORIENTED_EDGE('',*,*,#2663,.F.);
#1328=ORIENTED_EDGE('',*,*,#2654,.F.);
#1329=ORIENTED_EDGE('',*,*,#2664,.F.);
#1330=ORIENTED_EDGE('',*,*,#2660,.T.);
#1331=ORIENTED_EDGE('',*,*,#2665,.T.);
#1332=ORIENTED_EDGE('',*,*,#2666,.T.);
#1333=ORIENTED_EDGE('',*,*,#2667,.T.);
#1334=ORIENTED_EDGE('',*,*,#2668,.T.);
#1335=ORIENTED_EDGE('',*,*,#2669,.T.);
#1336=ORIENTED_EDGE('',*,*,#2670,.T.);
#1337=ORIENTED_EDGE('',*,*,#2671,.T.);
#1338=ORIENTED_EDGE('',*,*,#2672,.T.);
#1339=ORIENTED_EDGE('',*,*,#2673,.T.);
#1340=ORIENTED_EDGE('',*,*,#2674,.T.);
#1341=ORIENTED_EDGE('',*,*,#2675,.T.);
#1342=ORIENTED_EDGE('',*,*,#2676,.T.);
#1343=ORIENTED_EDGE('',*,*,#2677,.F.);
#1344=ORIENTED_EDGE('',*,*,#2678,.T.);
#1345=ORIENTED_EDGE('',*,*,#2679,.T.);
#1346=ORIENTED_EDGE('',*,*,#2680,.T.);
#1347=ORIENTED_EDGE('',*,*,#2681,.T.);
#1348=ORIENTED_EDGE('',*,*,#2682,.T.);
#1349=ORIENTED_EDGE('',*,*,#2683,.T.);
#1350=ORIENTED_EDGE('',*,*,#2684,.F.);
#1351=ORIENTED_EDGE('',*,*,#2685,.T.);
#1352=ORIENTED_EDGE('',*,*,#2686,.T.);
#1353=ORIENTED_EDGE('',*,*,#2687,.T.);
#1354=ORIENTED_EDGE('',*,*,#2688,.F.);
#1355=ORIENTED_EDGE('',*,*,#2689,.T.);
#1356=ORIENTED_EDGE('',*,*,#2690,.T.);
#1357=ORIENTED_EDGE('',*,*,#2691,.T.);
#1358=ORIENTED_EDGE('',*,*,#2692,.T.);
#1359=ORIENTED_EDGE('',*,*,#2693,.F.);
#1360=ORIENTED_EDGE('',*,*,#2694,.T.);
#1361=ORIENTED_EDGE('',*,*,#2695,.T.);
#1362=ORIENTED_EDGE('',*,*,#2696,.F.);
#1363=ORIENTED_EDGE('',*,*,#2697,.T.);
#1364=ORIENTED_EDGE('',*,*,#2698,.T.);
#1365=ORIENTED_EDGE('',*,*,#2699,.T.);
#1366=ORIENTED_EDGE('',*,*,#2700,.T.);
#1367=ORIENTED_EDGE('',*,*,#2701,.T.);
#1368=ORIENTED_EDGE('',*,*,#2702,.F.);
#1369=ORIENTED_EDGE('',*,*,#2703,.T.);
#1370=ORIENTED_EDGE('',*,*,#2704,.T.);
#1371=ORIENTED_EDGE('',*,*,#2705,.F.);
#1372=ORIENTED_EDGE('',*,*,#2706,.T.);
#1373=ORIENTED_EDGE('',*,*,#2707,.T.);
#1374=ORIENTED_EDGE('',*,*,#2708,.T.);
#1375=ORIENTED_EDGE('',*,*,#2520,.F.);
#1376=ORIENTED_EDGE('',*,*,#2709,.T.);
#1377=ORIENTED_EDGE('',*,*,#2710,.T.);
#1378=ORIENTED_EDGE('',*,*,#2573,.F.);
#1379=ORIENTED_EDGE('',*,*,#2711,.F.);
#1380=ORIENTED_EDGE('',*,*,#2712,.T.);
#1381=ORIENTED_EDGE('',*,*,#2713,.T.);
#1382=ORIENTED_EDGE('',*,*,#2714,.F.);
#1383=ORIENTED_EDGE('',*,*,#2673,.F.);
#1384=ORIENTED_EDGE('',*,*,#2715,.T.);
#1385=ORIENTED_EDGE('',*,*,#2577,.F.);
#1386=ORIENTED_EDGE('',*,*,#2716,.T.);
#1387=ORIENTED_EDGE('',*,*,#2717,.T.);
#1388=ORIENTED_EDGE('',*,*,#2678,.F.);
#1389=ORIENTED_EDGE('',*,*,#2718,.T.);
#1390=ORIENTED_EDGE('',*,*,#2587,.F.);
#1391=ORIENTED_EDGE('',*,*,#2719,.F.);
#1392=ORIENTED_EDGE('',*,*,#2720,.T.);
#1393=ORIENTED_EDGE('',*,*,#2721,.T.);
#1394=ORIENTED_EDGE('',*,*,#2540,.T.);
#1395=ORIENTED_EDGE('',*,*,#2722,.T.);
#1396=ORIENTED_EDGE('',*,*,#2524,.T.);
#1397=ORIENTED_EDGE('',*,*,#2543,.T.);
#1398=ORIENTED_EDGE('',*,*,#2723,.T.);
#1399=ORIENTED_EDGE('',*,*,#2724,.T.);
#1400=ORIENTED_EDGE('',*,*,#2725,.F.);
#1401=ORIENTED_EDGE('',*,*,#2726,.T.);
#1402=ORIENTED_EDGE('',*,*,#2727,.F.);
#1403=ORIENTED_EDGE('',*,*,#2728,.F.);
#1404=ORIENTED_EDGE('',*,*,#2567,.F.);
#1405=ORIENTED_EDGE('',*,*,#2566,.F.);
#1406=ORIENTED_EDGE('',*,*,#2729,.T.);
#1407=ORIENTED_EDGE('',*,*,#2730,.T.);
#1408=ORIENTED_EDGE('',*,*,#2720,.F.);
#1409=ORIENTED_EDGE('',*,*,#2731,.F.);
#1410=ORIENTED_EDGE('',*,*,#2732,.F.);
#1411=ORIENTED_EDGE('',*,*,#2733,.F.);
#1412=ORIENTED_EDGE('',*,*,#2734,.F.);
#1413=ORIENTED_EDGE('',*,*,#2735,.T.);
#1414=ORIENTED_EDGE('',*,*,#2736,.F.);
#1415=ORIENTED_EDGE('',*,*,#2559,.F.);
#1416=ORIENTED_EDGE('',*,*,#2737,.T.);
#1417=ORIENTED_EDGE('',*,*,#2738,.T.);
#1418=ORIENTED_EDGE('',*,*,#2739,.F.);
#1419=ORIENTED_EDGE('',*,*,#2740,.T.);
#1420=ORIENTED_EDGE('',*,*,#2723,.F.);
#1421=ORIENTED_EDGE('',*,*,#2741,.F.);
#1422=ORIENTED_EDGE('',*,*,#2742,.T.);
#1423=ORIENTED_EDGE('',*,*,#2535,.T.);
#1424=ORIENTED_EDGE('',*,*,#2571,.T.);
#1425=ORIENTED_EDGE('',*,*,#2743,.F.);
#1426=ORIENTED_EDGE('',*,*,#2735,.F.);
#1427=ORIENTED_EDGE('',*,*,#2744,.F.);
#1428=ORIENTED_EDGE('',*,*,#2745,.F.);
#1429=ORIENTED_EDGE('',*,*,#2736,.T.);
#1430=ORIENTED_EDGE('',*,*,#2746,.T.);
#1431=ORIENTED_EDGE('',*,*,#2747,.F.);
#1432=ORIENTED_EDGE('',*,*,#2748,.F.);
#1433=ORIENTED_EDGE('',*,*,#2727,.T.);
#1434=ORIENTED_EDGE('',*,*,#2726,.F.);
#1435=ORIENTED_EDGE('',*,*,#2749,.F.);
#1436=ORIENTED_EDGE('',*,*,#2750,.F.);
#1437=ORIENTED_EDGE('',*,*,#2751,.F.);
#1438=ORIENTED_EDGE('',*,*,#2752,.F.);
#1439=ORIENTED_EDGE('',*,*,#2753,.T.);
#1440=ORIENTED_EDGE('',*,*,#2754,.T.);
#1441=ORIENTED_EDGE('',*,*,#2755,.F.);
#1442=ORIENTED_EDGE('',*,*,#2756,.T.);
#1443=ORIENTED_EDGE('',*,*,#2757,.F.);
#1444=ORIENTED_EDGE('',*,*,#2758,.F.);
#1445=ORIENTED_EDGE('',*,*,#2759,.F.);
#1446=ORIENTED_EDGE('',*,*,#2760,.F.);
#1447=ORIENTED_EDGE('',*,*,#2761,.F.);
#1448=ORIENTED_EDGE('',*,*,#2762,.F.);
#1449=ORIENTED_EDGE('',*,*,#2763,.F.);
#1450=ORIENTED_EDGE('',*,*,#2764,.F.);
#1451=ORIENTED_EDGE('',*,*,#2765,.F.);
#1452=ORIENTED_EDGE('',*,*,#2766,.F.);
#1453=ORIENTED_EDGE('',*,*,#2767,.T.);
#1454=ORIENTED_EDGE('',*,*,#2768,.T.);
#1455=ORIENTED_EDGE('',*,*,#2769,.T.);
#1456=ORIENTED_EDGE('',*,*,#2770,.T.);
#1457=ORIENTED_EDGE('',*,*,#2771,.T.);
#1458=ORIENTED_EDGE('',*,*,#2770,.F.);
#1459=ORIENTED_EDGE('',*,*,#2772,.T.);
#1460=ORIENTED_EDGE('',*,*,#2756,.F.);
#1461=ORIENTED_EDGE('',*,*,#2773,.F.);
#1462=ORIENTED_EDGE('',*,*,#2754,.F.);
#1463=ORIENTED_EDGE('',*,*,#2774,.T.);
#1464=ORIENTED_EDGE('',*,*,#2768,.F.);
#1465=ORIENTED_EDGE('',*,*,#2775,.F.);
#1466=ORIENTED_EDGE('',*,*,#2771,.F.);
#1467=ORIENTED_EDGE('',*,*,#2773,.T.);
#1468=ORIENTED_EDGE('',*,*,#2755,.T.);
#1469=ORIENTED_EDGE('',*,*,#2775,.T.);
#1470=ORIENTED_EDGE('',*,*,#2747,.T.);
#1471=ORIENTED_EDGE('',*,*,#2776,.T.);
#1472=ORIENTED_EDGE('',*,*,#2569,.F.);
#1473=ORIENTED_EDGE('',*,*,#2777,.T.);
#1474=ORIENTED_EDGE('',*,*,#2751,.T.);
#1475=ORIENTED_EDGE('',*,*,#2778,.F.);
#1476=ORIENTED_EDGE('',*,*,#2779,.F.);
#1477=ORIENTED_EDGE('',*,*,#2780,.F.);
#1478=ORIENTED_EDGE('',*,*,#2781,.F.);
#1479=ORIENTED_EDGE('',*,*,#2782,.F.);
#1480=ORIENTED_EDGE('',*,*,#2783,.F.);
#1481=ORIENTED_EDGE('',*,*,#2749,.T.);
#1482=ORIENTED_EDGE('',*,*,#2784,.F.);
#1483=ORIENTED_EDGE('',*,*,#2785,.T.);
#1484=ORIENTED_EDGE('',*,*,#2786,.T.);
#1485=ORIENTED_EDGE('',*,*,#2787,.F.);
#1486=ORIENTED_EDGE('',*,*,#2575,.F.);
#1487=ORIENTED_EDGE('',*,*,#2788,.F.);
#1488=ORIENTED_EDGE('',*,*,#2789,.F.);
#1489=ORIENTED_EDGE('',*,*,#2790,.F.);
#1490=ORIENTED_EDGE('',*,*,#2791,.T.);
#1491=ORIENTED_EDGE('',*,*,#2792,.F.);
#1492=ORIENTED_EDGE('',*,*,#2793,.F.);
#1493=ORIENTED_EDGE('',*,*,#2794,.T.);
#1494=ORIENTED_EDGE('',*,*,#2795,.F.);
#1495=ORIENTED_EDGE('',*,*,#2795,.T.);
#1496=ORIENTED_EDGE('',*,*,#2796,.F.);
#1497=ORIENTED_EDGE('',*,*,#2797,.T.);
#1498=ORIENTED_EDGE('',*,*,#2798,.F.);
#1499=ORIENTED_EDGE('',*,*,#2799,.F.);
#1500=ORIENTED_EDGE('',*,*,#2798,.T.);
#1501=ORIENTED_EDGE('',*,*,#2797,.F.);
#1502=ORIENTED_EDGE('',*,*,#2800,.T.);
#1503=ORIENTED_EDGE('',*,*,#2794,.F.);
#1504=ORIENTED_EDGE('',*,*,#2801,.T.);
#1505=ORIENTED_EDGE('',*,*,#2801,.F.);
#1506=ORIENTED_EDGE('',*,*,#2802,.F.);
#1507=ORIENTED_EDGE('',*,*,#2803,.F.);
#1508=ORIENTED_EDGE('',*,*,#2804,.F.);
#1509=ORIENTED_EDGE('',*,*,#2805,.F.);
#1510=ORIENTED_EDGE('',*,*,#2618,.F.);
#1511=ORIENTED_EDGE('',*,*,#2806,.F.);
#1512=ORIENTED_EDGE('',*,*,#2803,.T.);
#1513=ORIENTED_EDGE('',*,*,#2807,.T.);
#1514=ORIENTED_EDGE('',*,*,#2621,.F.);
#1515=ORIENTED_EDGE('',*,*,#2808,.F.);
#1516=ORIENTED_EDGE('',*,*,#2804,.T.);
#1517=ORIENTED_EDGE('',*,*,#2806,.T.);
#1518=ORIENTED_EDGE('',*,*,#2620,.F.);
#1519=ORIENTED_EDGE('',*,*,#2809,.F.);
#1520=ORIENTED_EDGE('',*,*,#2805,.T.);
#1521=ORIENTED_EDGE('',*,*,#2808,.T.);
#1522=ORIENTED_EDGE('',*,*,#2619,.F.);
#1523=ORIENTED_EDGE('',*,*,#2807,.F.);
#1524=ORIENTED_EDGE('',*,*,#2802,.T.);
#1525=ORIENTED_EDGE('',*,*,#2809,.T.);
#1526=ORIENTED_EDGE('',*,*,#2800,.F.);
#1527=ORIENTED_EDGE('',*,*,#2810,.F.);
#1528=ORIENTED_EDGE('',*,*,#2811,.F.);
#1529=ORIENTED_EDGE('',*,*,#2812,.F.);
#1530=ORIENTED_EDGE('',*,*,#2813,.F.);
#1531=ORIENTED_EDGE('',*,*,#2593,.F.);
#1532=ORIENTED_EDGE('',*,*,#2814,.F.);
#1533=ORIENTED_EDGE('',*,*,#2811,.T.);
#1534=ORIENTED_EDGE('',*,*,#2815,.T.);
#1535=ORIENTED_EDGE('',*,*,#2592,.F.);
#1536=ORIENTED_EDGE('',*,*,#2816,.F.);
#1537=ORIENTED_EDGE('',*,*,#2812,.T.);
#1538=ORIENTED_EDGE('',*,*,#2814,.T.);
#1539=ORIENTED_EDGE('',*,*,#2591,.F.);
#1540=ORIENTED_EDGE('',*,*,#2817,.F.);
#1541=ORIENTED_EDGE('',*,*,#2813,.T.);
#1542=ORIENTED_EDGE('',*,*,#2816,.T.);
#1543=ORIENTED_EDGE('',*,*,#2590,.F.);
#1544=ORIENTED_EDGE('',*,*,#2815,.F.);
#1545=ORIENTED_EDGE('',*,*,#2810,.T.);
#1546=ORIENTED_EDGE('',*,*,#2817,.T.);
#1547=ORIENTED_EDGE('',*,*,#2710,.F.);
#1548=ORIENTED_EDGE('',*,*,#2818,.T.);
#1549=ORIENTED_EDGE('',*,*,#2788,.T.);
#1550=ORIENTED_EDGE('',*,*,#2574,.F.);
#1551=ORIENTED_EDGE('',*,*,#2819,.T.);
#1552=ORIENTED_EDGE('',*,*,#2820,.F.);
#1553=ORIENTED_EDGE('',*,*,#2821,.F.);
#1554=ORIENTED_EDGE('',*,*,#2822,.T.);
#1555=ORIENTED_EDGE('',*,*,#2823,.T.);
#1556=ORIENTED_EDGE('',*,*,#2824,.F.);
#1557=ORIENTED_EDGE('',*,*,#2825,.T.);
#1558=ORIENTED_EDGE('',*,*,#2711,.T.);
#1559=ORIENTED_EDGE('',*,*,#2572,.F.);
#1560=ORIENTED_EDGE('',*,*,#2533,.F.);
#1561=ORIENTED_EDGE('',*,*,#2826,.T.);
#1562=ORIENTED_EDGE('',*,*,#2550,.T.);
#1563=ORIENTED_EDGE('',*,*,#2827,.F.);
#1564=ORIENTED_EDGE('',*,*,#2828,.T.);
#1565=ORIENTED_EDGE('',*,*,#2829,.T.);
#1566=ORIENTED_EDGE('',*,*,#2830,.T.);
#1567=ORIENTED_EDGE('',*,*,#2831,.T.);
#1568=ORIENTED_EDGE('',*,*,#2832,.T.);
#1569=ORIENTED_EDGE('',*,*,#2833,.T.);
#1570=ORIENTED_EDGE('',*,*,#2834,.T.);
#1571=ORIENTED_EDGE('',*,*,#2835,.F.);
#1572=ORIENTED_EDGE('',*,*,#2833,.F.);
#1573=ORIENTED_EDGE('',*,*,#2836,.T.);
#1574=ORIENTED_EDGE('',*,*,#2837,.T.);
#1575=ORIENTED_EDGE('',*,*,#2836,.F.);
#1576=ORIENTED_EDGE('',*,*,#2832,.F.);
#1577=ORIENTED_EDGE('',*,*,#2838,.T.);
#1578=ORIENTED_EDGE('',*,*,#2839,.T.);
#1579=ORIENTED_EDGE('',*,*,#2838,.F.);
#1580=ORIENTED_EDGE('',*,*,#2831,.F.);
#1581=ORIENTED_EDGE('',*,*,#2840,.T.);
#1582=ORIENTED_EDGE('',*,*,#2841,.T.);
#1583=ORIENTED_EDGE('',*,*,#2840,.F.);
#1584=ORIENTED_EDGE('',*,*,#2830,.F.);
#1585=ORIENTED_EDGE('',*,*,#2842,.T.);
#1586=ORIENTED_EDGE('',*,*,#2843,.T.);
#1587=ORIENTED_EDGE('',*,*,#2842,.F.);
#1588=ORIENTED_EDGE('',*,*,#2829,.F.);
#1589=ORIENTED_EDGE('',*,*,#2844,.T.);
#1590=ORIENTED_EDGE('',*,*,#2845,.T.);
#1591=ORIENTED_EDGE('',*,*,#2844,.F.);
#1592=ORIENTED_EDGE('',*,*,#2828,.F.);
#1593=ORIENTED_EDGE('',*,*,#2835,.T.);
#1594=ORIENTED_EDGE('',*,*,#2846,.F.);
#1595=ORIENTED_EDGE('',*,*,#2698,.F.);
#1596=ORIENTED_EDGE('',*,*,#2847,.T.);
#1597=ORIENTED_EDGE('',*,*,#2848,.T.);
#1598=ORIENTED_EDGE('',*,*,#2703,.F.);
#1599=ORIENTED_EDGE('',*,*,#2849,.T.);
#1600=ORIENTED_EDGE('',*,*,#2847,.F.);
#1601=ORIENTED_EDGE('',*,*,#2701,.F.);
#1602=ORIENTED_EDGE('',*,*,#2850,.T.);
#1603=ORIENTED_EDGE('',*,*,#2851,.F.);
#1604=ORIENTED_EDGE('',*,*,#2705,.T.);
#1605=ORIENTED_EDGE('',*,*,#2852,.T.);
#1606=ORIENTED_EDGE('',*,*,#2850,.F.);
#1607=ORIENTED_EDGE('',*,*,#2700,.F.);
#1608=ORIENTED_EDGE('',*,*,#2583,.T.);
#1609=ORIENTED_EDGE('',*,*,#2853,.T.);
#1610=ORIENTED_EDGE('',*,*,#2854,.T.);
#1611=ORIENTED_EDGE('',*,*,#2855,.T.);
#1612=ORIENTED_EDGE('',*,*,#2612,.T.);
#1613=ORIENTED_EDGE('',*,*,#2856,.F.);
#1614=ORIENTED_EDGE('',*,*,#2684,.T.);
#1615=ORIENTED_EDGE('',*,*,#2857,.T.);
#1616=ORIENTED_EDGE('',*,*,#2858,.F.);
#1617=ORIENTED_EDGE('',*,*,#2581,.T.);
#1618=ORIENTED_EDGE('',*,*,#2859,.T.);
#1619=ORIENTED_EDGE('',*,*,#2860,.F.);
#1620=ORIENTED_EDGE('',*,*,#2861,.F.);
#1621=ORIENTED_EDGE('',*,*,#2689,.F.);
#1622=ORIENTED_EDGE('',*,*,#2862,.T.);
#1623=ORIENTED_EDGE('',*,*,#2863,.T.);
#1624=ORIENTED_EDGE('',*,*,#2694,.F.);
#1625=ORIENTED_EDGE('',*,*,#2864,.T.);
#1626=ORIENTED_EDGE('',*,*,#2862,.F.);
#1627=ORIENTED_EDGE('',*,*,#2692,.F.);
#1628=ORIENTED_EDGE('',*,*,#2865,.T.);
#1629=ORIENTED_EDGE('',*,*,#2866,.F.);
#1630=ORIENTED_EDGE('',*,*,#2696,.T.);
#1631=ORIENTED_EDGE('',*,*,#2867,.T.);
#1632=ORIENTED_EDGE('',*,*,#2865,.F.);
#1633=ORIENTED_EDGE('',*,*,#2691,.F.);
#1634=ORIENTED_EDGE('',*,*,#2868,.T.);
#1635=ORIENTED_EDGE('',*,*,#2869,.T.);
#1636=ORIENTED_EDGE('',*,*,#2870,.T.);
#1637=ORIENTED_EDGE('',*,*,#2871,.T.);
#1638=ORIENTED_EDGE('',*,*,#2872,.T.);
#1639=ORIENTED_EDGE('',*,*,#2873,.T.);
#1640=ORIENTED_EDGE('',*,*,#2874,.T.);
#1641=ORIENTED_EDGE('',*,*,#2875,.T.);
#1642=ORIENTED_EDGE('',*,*,#2876,.T.);
#1643=ORIENTED_EDGE('',*,*,#2877,.F.);
#1644=ORIENTED_EDGE('',*,*,#2874,.F.);
#1645=ORIENTED_EDGE('',*,*,#2878,.T.);
#1646=ORIENTED_EDGE('',*,*,#2875,.F.);
#1647=ORIENTED_EDGE('',*,*,#2873,.F.);
#1648=ORIENTED_EDGE('',*,*,#2879,.T.);
#1649=ORIENTED_EDGE('',*,*,#2880,.T.);
#1650=ORIENTED_EDGE('',*,*,#2879,.F.);
#1651=ORIENTED_EDGE('',*,*,#2872,.F.);
#1652=ORIENTED_EDGE('',*,*,#2881,.T.);
#1653=ORIENTED_EDGE('',*,*,#2882,.T.);
#1654=ORIENTED_EDGE('',*,*,#2881,.F.);
#1655=ORIENTED_EDGE('',*,*,#2871,.F.);
#1656=ORIENTED_EDGE('',*,*,#2883,.T.);
#1657=ORIENTED_EDGE('',*,*,#2884,.T.);
#1658=ORIENTED_EDGE('',*,*,#2883,.F.);
#1659=ORIENTED_EDGE('',*,*,#2870,.F.);
#1660=ORIENTED_EDGE('',*,*,#2885,.T.);
#1661=ORIENTED_EDGE('',*,*,#2886,.T.);
#1662=ORIENTED_EDGE('',*,*,#2885,.F.);
#1663=ORIENTED_EDGE('',*,*,#2869,.F.);
#1664=ORIENTED_EDGE('',*,*,#2877,.T.);
#1665=ORIENTED_EDGE('',*,*,#2887,.T.);
#1666=ORIENTED_EDGE('',*,*,#2888,.T.);
#1667=ORIENTED_EDGE('',*,*,#2889,.T.);
#1668=ORIENTED_EDGE('',*,*,#2890,.T.);
#1669=ORIENTED_EDGE('',*,*,#2891,.T.);
#1670=ORIENTED_EDGE('',*,*,#2892,.T.);
#1671=ORIENTED_EDGE('',*,*,#2893,.T.);
#1672=ORIENTED_EDGE('',*,*,#2894,.T.);
#1673=ORIENTED_EDGE('',*,*,#2895,.F.);
#1674=ORIENTED_EDGE('',*,*,#2893,.F.);
#1675=ORIENTED_EDGE('',*,*,#2896,.T.);
#1676=ORIENTED_EDGE('',*,*,#2897,.T.);
#1677=ORIENTED_EDGE('',*,*,#2898,.T.);
#1678=ORIENTED_EDGE('',*,*,#2896,.F.);
#1679=ORIENTED_EDGE('',*,*,#2892,.F.);
#1680=ORIENTED_EDGE('',*,*,#2899,.T.);
#1681=ORIENTED_EDGE('',*,*,#2897,.F.);
#1682=ORIENTED_EDGE('',*,*,#2891,.F.);
#1683=ORIENTED_EDGE('',*,*,#2900,.T.);
#1684=ORIENTED_EDGE('',*,*,#2901,.T.);
#1685=ORIENTED_EDGE('',*,*,#2900,.F.);
#1686=ORIENTED_EDGE('',*,*,#2890,.F.);
#1687=ORIENTED_EDGE('',*,*,#2902,.T.);
#1688=ORIENTED_EDGE('',*,*,#2903,.T.);
#1689=ORIENTED_EDGE('',*,*,#2902,.F.);
#1690=ORIENTED_EDGE('',*,*,#2889,.F.);
#1691=ORIENTED_EDGE('',*,*,#2904,.T.);
#1692=ORIENTED_EDGE('',*,*,#2905,.T.);
#1693=ORIENTED_EDGE('',*,*,#2904,.F.);
#1694=ORIENTED_EDGE('',*,*,#2888,.F.);
#1695=ORIENTED_EDGE('',*,*,#2895,.T.);
#1696=ORIENTED_EDGE('',*,*,#2906,.T.);
#1697=ORIENTED_EDGE('',*,*,#2907,.T.);
#1698=ORIENTED_EDGE('',*,*,#2908,.T.);
#1699=ORIENTED_EDGE('',*,*,#2909,.T.);
#1700=ORIENTED_EDGE('',*,*,#2910,.T.);
#1701=ORIENTED_EDGE('',*,*,#2911,.T.);
#1702=ORIENTED_EDGE('',*,*,#2912,.T.);
#1703=ORIENTED_EDGE('',*,*,#2913,.T.);
#1704=ORIENTED_EDGE('',*,*,#2914,.F.);
#1705=ORIENTED_EDGE('',*,*,#2912,.F.);
#1706=ORIENTED_EDGE('',*,*,#2915,.T.);
#1707=ORIENTED_EDGE('',*,*,#2916,.T.);
#1708=ORIENTED_EDGE('',*,*,#2917,.T.);
#1709=ORIENTED_EDGE('',*,*,#2915,.F.);
#1710=ORIENTED_EDGE('',*,*,#2911,.F.);
#1711=ORIENTED_EDGE('',*,*,#2918,.T.);
#1712=ORIENTED_EDGE('',*,*,#2916,.F.);
#1713=ORIENTED_EDGE('',*,*,#2910,.F.);
#1714=ORIENTED_EDGE('',*,*,#2919,.T.);
#1715=ORIENTED_EDGE('',*,*,#2920,.T.);
#1716=ORIENTED_EDGE('',*,*,#2919,.F.);
#1717=ORIENTED_EDGE('',*,*,#2909,.F.);
#1718=ORIENTED_EDGE('',*,*,#2921,.T.);
#1719=ORIENTED_EDGE('',*,*,#2922,.T.);
#1720=ORIENTED_EDGE('',*,*,#2921,.F.);
#1721=ORIENTED_EDGE('',*,*,#2908,.F.);
#1722=ORIENTED_EDGE('',*,*,#2923,.T.);
#1723=ORIENTED_EDGE('',*,*,#2924,.T.);
#1724=ORIENTED_EDGE('',*,*,#2923,.F.);
#1725=ORIENTED_EDGE('',*,*,#2907,.F.);
#1726=ORIENTED_EDGE('',*,*,#2914,.T.);
#1727=ORIENTED_EDGE('',*,*,#2925,.F.);
#1728=ORIENTED_EDGE('',*,*,#2926,.T.);
#1729=ORIENTED_EDGE('',*,*,#2927,.T.);
#1730=ORIENTED_EDGE('',*,*,#2928,.T.);
#1731=ORIENTED_EDGE('',*,*,#2929,.T.);
#1732=ORIENTED_EDGE('',*,*,#2930,.T.);
#1733=ORIENTED_EDGE('',*,*,#2931,.T.);
#1734=ORIENTED_EDGE('',*,*,#2932,.T.);
#1735=ORIENTED_EDGE('',*,*,#2933,.F.);
#1736=ORIENTED_EDGE('',*,*,#2931,.F.);
#1737=ORIENTED_EDGE('',*,*,#2934,.T.);
#1738=ORIENTED_EDGE('',*,*,#2935,.T.);
#1739=ORIENTED_EDGE('',*,*,#2934,.F.);
#1740=ORIENTED_EDGE('',*,*,#2930,.F.);
#1741=ORIENTED_EDGE('',*,*,#2936,.T.);
#1742=ORIENTED_EDGE('',*,*,#2937,.T.);
#1743=ORIENTED_EDGE('',*,*,#2936,.F.);
#1744=ORIENTED_EDGE('',*,*,#2929,.F.);
#1745=ORIENTED_EDGE('',*,*,#2938,.T.);
#1746=ORIENTED_EDGE('',*,*,#2939,.T.);
#1747=ORIENTED_EDGE('',*,*,#2938,.F.);
#1748=ORIENTED_EDGE('',*,*,#2928,.F.);
#1749=ORIENTED_EDGE('',*,*,#2940,.T.);
#1750=ORIENTED_EDGE('',*,*,#2941,.T.);
#1751=ORIENTED_EDGE('',*,*,#2940,.F.);
#1752=ORIENTED_EDGE('',*,*,#2927,.F.);
#1753=ORIENTED_EDGE('',*,*,#2942,.T.);
#1754=ORIENTED_EDGE('',*,*,#2943,.T.);
#1755=ORIENTED_EDGE('',*,*,#2942,.F.);
#1756=ORIENTED_EDGE('',*,*,#2926,.F.);
#1757=ORIENTED_EDGE('',*,*,#2933,.T.);
#1758=ORIENTED_EDGE('',*,*,#2944,.T.);
#1759=ORIENTED_EDGE('',*,*,#2945,.T.);
#1760=ORIENTED_EDGE('',*,*,#2946,.T.);
#1761=ORIENTED_EDGE('',*,*,#2947,.F.);
#1762=ORIENTED_EDGE('',*,*,#2948,.T.);
#1763=ORIENTED_EDGE('',*,*,#2949,.T.);
#1764=ORIENTED_EDGE('',*,*,#2950,.T.);
#1765=ORIENTED_EDGE('',*,*,#2951,.T.);
#1766=ORIENTED_EDGE('',*,*,#2952,.F.);
#1767=ORIENTED_EDGE('',*,*,#2953,.F.);
#1768=ORIENTED_EDGE('',*,*,#2947,.T.);
#1769=ORIENTED_EDGE('',*,*,#2954,.F.);
#1770=ORIENTED_EDGE('',*,*,#2854,.F.);
#1771=ORIENTED_EDGE('',*,*,#2955,.T.);
#1772=ORIENTED_EDGE('',*,*,#2956,.T.);
#1773=ORIENTED_EDGE('',*,*,#2957,.F.);
#1774=ORIENTED_EDGE('',*,*,#2958,.F.);
#1775=ORIENTED_EDGE('',*,*,#2959,.T.);
#1776=ORIENTED_EDGE('',*,*,#2960,.T.);
#1777=ORIENTED_EDGE('',*,*,#2961,.T.);
#1778=ORIENTED_EDGE('',*,*,#2962,.F.);
#1779=ORIENTED_EDGE('',*,*,#2956,.F.);
#1780=ORIENTED_EDGE('',*,*,#2963,.T.);
#1781=ORIENTED_EDGE('',*,*,#2964,.T.);
#1782=ORIENTED_EDGE('',*,*,#2965,.F.);
#1783=ORIENTED_EDGE('',*,*,#2949,.F.);
#1784=ORIENTED_EDGE('',*,*,#2966,.T.);
#1785=ORIENTED_EDGE('',*,*,#2967,.F.);
#1786=ORIENTED_EDGE('',*,*,#2961,.F.);
#1787=ORIENTED_EDGE('',*,*,#2968,.F.);
#1788=ORIENTED_EDGE('',*,*,#2958,.T.);
#1789=ORIENTED_EDGE('',*,*,#2969,.T.);
#1790=ORIENTED_EDGE('',*,*,#2860,.T.);
#1791=ORIENTED_EDGE('',*,*,#2970,.F.);
#1792=ORIENTED_EDGE('',*,*,#2960,.F.);
#1793=ORIENTED_EDGE('',*,*,#2944,.F.);
#1794=ORIENTED_EDGE('',*,*,#2906,.F.);
#1795=ORIENTED_EDGE('',*,*,#2945,.F.);
#1796=ORIENTED_EDGE('',*,*,#2887,.F.);
#1797=ORIENTED_EDGE('',*,*,#2946,.F.);
#1798=ORIENTED_EDGE('',*,*,#2868,.F.);
#1799=ORIENTED_EDGE('',*,*,#2925,.T.);
#1800=ORIENTED_EDGE('',*,*,#2688,.T.);
#1801=ORIENTED_EDGE('',*,*,#2955,.F.);
#1802=ORIENTED_EDGE('',*,*,#2853,.F.);
#1803=ORIENTED_EDGE('',*,*,#2582,.F.);
#1804=ORIENTED_EDGE('',*,*,#2858,.T.);
#1805=ORIENTED_EDGE('',*,*,#2969,.F.);
#1806=ORIENTED_EDGE('',*,*,#2959,.F.);
#1807=ORIENTED_EDGE('',*,*,#2968,.T.);
#1808=ORIENTED_EDGE('',*,*,#2963,.F.);
#1809=ORIENTED_EDGE('',*,*,#2697,.F.);
#1810=ORIENTED_EDGE('',*,*,#2827,.T.);
#1811=ORIENTED_EDGE('',*,*,#2876,.F.);
#1812=ORIENTED_EDGE('',*,*,#2878,.F.);
#1813=ORIENTED_EDGE('',*,*,#2880,.F.);
#1814=ORIENTED_EDGE('',*,*,#2882,.F.);
#1815=ORIENTED_EDGE('',*,*,#2884,.F.);
#1816=ORIENTED_EDGE('',*,*,#2886,.F.);
#1817=ORIENTED_EDGE('',*,*,#2898,.F.);
#1818=ORIENTED_EDGE('',*,*,#2899,.F.);
#1819=ORIENTED_EDGE('',*,*,#2901,.F.);
#1820=ORIENTED_EDGE('',*,*,#2903,.F.);
#1821=ORIENTED_EDGE('',*,*,#2905,.F.);
#1822=ORIENTED_EDGE('',*,*,#2894,.F.);
#1823=ORIENTED_EDGE('',*,*,#2917,.F.);
#1824=ORIENTED_EDGE('',*,*,#2918,.F.);
#1825=ORIENTED_EDGE('',*,*,#2920,.F.);
#1826=ORIENTED_EDGE('',*,*,#2922,.F.);
#1827=ORIENTED_EDGE('',*,*,#2924,.F.);
#1828=ORIENTED_EDGE('',*,*,#2913,.F.);
#1829=ORIENTED_EDGE('',*,*,#2843,.F.);
#1830=ORIENTED_EDGE('',*,*,#2845,.F.);
#1831=ORIENTED_EDGE('',*,*,#2834,.F.);
#1832=ORIENTED_EDGE('',*,*,#2837,.F.);
#1833=ORIENTED_EDGE('',*,*,#2839,.F.);
#1834=ORIENTED_EDGE('',*,*,#2841,.F.);
#1835=ORIENTED_EDGE('',*,*,#2941,.F.);
#1836=ORIENTED_EDGE('',*,*,#2943,.F.);
#1837=ORIENTED_EDGE('',*,*,#2932,.F.);
#1838=ORIENTED_EDGE('',*,*,#2935,.F.);
#1839=ORIENTED_EDGE('',*,*,#2937,.F.);
#1840=ORIENTED_EDGE('',*,*,#2939,.F.);
#1841=ORIENTED_EDGE('',*,*,#2952,.T.);
#1842=ORIENTED_EDGE('',*,*,#2971,.F.);
#1843=ORIENTED_EDGE('',*,*,#2681,.F.);
#1844=ORIENTED_EDGE('',*,*,#2972,.T.);
#1845=ORIENTED_EDGE('',*,*,#2973,.T.);
#1846=ORIENTED_EDGE('',*,*,#2974,.T.);
#1847=ORIENTED_EDGE('',*,*,#2971,.T.);
#1848=ORIENTED_EDGE('',*,*,#2951,.F.);
#1849=ORIENTED_EDGE('',*,*,#2950,.F.);
#1850=ORIENTED_EDGE('',*,*,#2965,.T.);
#1851=ORIENTED_EDGE('',*,*,#2975,.F.);
#1852=ORIENTED_EDGE('',*,*,#2579,.T.);
#1853=ORIENTED_EDGE('',*,*,#2976,.F.);
#1854=ORIENTED_EDGE('',*,*,#2682,.F.);
#1855=ORIENTED_EDGE('',*,*,#2864,.F.);
#1856=ORIENTED_EDGE('',*,*,#2867,.F.);
#1857=ORIENTED_EDGE('',*,*,#2695,.F.);
#1858=ORIENTED_EDGE('',*,*,#2863,.F.);
#1859=ORIENTED_EDGE('',*,*,#2967,.T.);
#1860=ORIENTED_EDGE('',*,*,#2977,.T.);
#1861=ORIENTED_EDGE('',*,*,#2584,.T.);
#1862=ORIENTED_EDGE('',*,*,#2855,.F.);
#1863=ORIENTED_EDGE('',*,*,#2954,.T.);
#1864=ORIENTED_EDGE('',*,*,#2962,.T.);
#1865=ORIENTED_EDGE('',*,*,#2849,.F.);
#1866=ORIENTED_EDGE('',*,*,#2852,.F.);
#1867=ORIENTED_EDGE('',*,*,#2704,.F.);
#1868=ORIENTED_EDGE('',*,*,#2848,.F.);
#1869=ORIENTED_EDGE('',*,*,#2975,.T.);
#1870=ORIENTED_EDGE('',*,*,#2964,.F.);
#1871=ORIENTED_EDGE('',*,*,#2957,.T.);
#1872=ORIENTED_EDGE('',*,*,#2970,.T.);
#1873=ORIENTED_EDGE('',*,*,#2859,.F.);
#1874=ORIENTED_EDGE('',*,*,#2580,.T.);
#1875=ORIENTED_EDGE('',*,*,#2978,.T.);
#1876=ORIENTED_EDGE('',*,*,#2979,.T.);
#1877=ORIENTED_EDGE('',*,*,#2953,.T.);
#1878=ORIENTED_EDGE('',*,*,#2972,.F.);
#1879=ORIENTED_EDGE('',*,*,#2680,.F.);
#1880=ORIENTED_EDGE('',*,*,#2980,.T.);
#1881=ORIENTED_EDGE('',*,*,#2585,.T.);
#1882=ORIENTED_EDGE('',*,*,#2977,.F.);
#1883=ORIENTED_EDGE('',*,*,#2966,.F.);
#1884=ORIENTED_EDGE('',*,*,#2948,.F.);
#1885=ORIENTED_EDGE('',*,*,#2761,.T.);
#1886=ORIENTED_EDGE('',*,*,#2981,.F.);
#1887=ORIENTED_EDGE('',*,*,#2982,.F.);
#1888=ORIENTED_EDGE('',*,*,#2983,.T.);
#1889=ORIENTED_EDGE('',*,*,#2760,.T.);
#1890=ORIENTED_EDGE('',*,*,#2984,.F.);
#1891=ORIENTED_EDGE('',*,*,#2985,.F.);
#1892=ORIENTED_EDGE('',*,*,#2981,.T.);
#1893=ORIENTED_EDGE('',*,*,#2759,.T.);
#1894=ORIENTED_EDGE('',*,*,#2986,.F.);
#1895=ORIENTED_EDGE('',*,*,#2987,.F.);
#1896=ORIENTED_EDGE('',*,*,#2984,.T.);
#1897=ORIENTED_EDGE('',*,*,#2988,.F.);
#1898=ORIENTED_EDGE('',*,*,#2989,.F.);
#1899=ORIENTED_EDGE('',*,*,#2986,.T.);
#1900=ORIENTED_EDGE('',*,*,#2758,.T.);
#1901=ORIENTED_EDGE('',*,*,#2757,.T.);
#1902=ORIENTED_EDGE('',*,*,#2990,.F.);
#1903=ORIENTED_EDGE('',*,*,#2991,.F.);
#1904=ORIENTED_EDGE('',*,*,#2988,.T.);
#1905=ORIENTED_EDGE('',*,*,#2766,.T.);
#1906=ORIENTED_EDGE('',*,*,#2992,.F.);
#1907=ORIENTED_EDGE('',*,*,#2993,.F.);
#1908=ORIENTED_EDGE('',*,*,#2990,.T.);
#1909=ORIENTED_EDGE('',*,*,#2765,.T.);
#1910=ORIENTED_EDGE('',*,*,#2994,.F.);
#1911=ORIENTED_EDGE('',*,*,#2995,.F.);
#1912=ORIENTED_EDGE('',*,*,#2992,.T.);
#1913=ORIENTED_EDGE('',*,*,#2764,.T.);
#1914=ORIENTED_EDGE('',*,*,#2996,.F.);
#1915=ORIENTED_EDGE('',*,*,#2997,.F.);
#1916=ORIENTED_EDGE('',*,*,#2994,.T.);
#1917=ORIENTED_EDGE('',*,*,#2763,.T.);
#1918=ORIENTED_EDGE('',*,*,#2998,.F.);
#1919=ORIENTED_EDGE('',*,*,#2999,.F.);
#1920=ORIENTED_EDGE('',*,*,#2996,.T.);
#1921=ORIENTED_EDGE('',*,*,#2762,.T.);
#1922=ORIENTED_EDGE('',*,*,#2983,.F.);
#1923=ORIENTED_EDGE('',*,*,#3000,.F.);
#1924=ORIENTED_EDGE('',*,*,#2998,.T.);
#1925=ORIENTED_EDGE('',*,*,#2987,.T.);
#1926=ORIENTED_EDGE('',*,*,#2989,.T.);
#1927=ORIENTED_EDGE('',*,*,#2991,.T.);
#1928=ORIENTED_EDGE('',*,*,#2993,.T.);
#1929=ORIENTED_EDGE('',*,*,#2995,.T.);
#1930=ORIENTED_EDGE('',*,*,#2997,.T.);
#1931=ORIENTED_EDGE('',*,*,#2999,.T.);
#1932=ORIENTED_EDGE('',*,*,#3000,.T.);
#1933=ORIENTED_EDGE('',*,*,#2982,.T.);
#1934=ORIENTED_EDGE('',*,*,#2985,.T.);
#1935=ORIENTED_EDGE('',*,*,#2792,.T.);
#1936=ORIENTED_EDGE('',*,*,#3001,.T.);
#1937=ORIENTED_EDGE('',*,*,#2791,.F.);
#1938=ORIENTED_EDGE('',*,*,#2790,.T.);
#1939=ORIENTED_EDGE('',*,*,#2789,.T.);
#1940=ORIENTED_EDGE('',*,*,#3001,.F.);
#1941=ORIENTED_EDGE('',*,*,#3002,.T.);
#1942=ORIENTED_EDGE('',*,*,#3003,.T.);
#1943=ORIENTED_EDGE('',*,*,#3004,.F.);
#1944=ORIENTED_EDGE('',*,*,#3005,.F.);
#1945=ORIENTED_EDGE('',*,*,#3004,.T.);
#1946=ORIENTED_EDGE('',*,*,#3006,.T.);
#1947=ORIENTED_EDGE('',*,*,#3007,.F.);
#1948=ORIENTED_EDGE('',*,*,#3008,.F.);
#1949=ORIENTED_EDGE('',*,*,#3007,.T.);
#1950=ORIENTED_EDGE('',*,*,#3009,.T.);
#1951=ORIENTED_EDGE('',*,*,#3010,.F.);
#1952=ORIENTED_EDGE('',*,*,#3011,.F.);
#1953=ORIENTED_EDGE('',*,*,#3010,.T.);
#1954=ORIENTED_EDGE('',*,*,#3012,.T.);
#1955=ORIENTED_EDGE('',*,*,#3013,.F.);
#1956=ORIENTED_EDGE('',*,*,#3014,.F.);
#1957=ORIENTED_EDGE('',*,*,#3013,.T.);
#1958=ORIENTED_EDGE('',*,*,#3015,.T.);
#1959=ORIENTED_EDGE('',*,*,#3016,.F.);
#1960=ORIENTED_EDGE('',*,*,#3017,.F.);
#1961=ORIENTED_EDGE('',*,*,#3016,.T.);
#1962=ORIENTED_EDGE('',*,*,#3018,.T.);
#1963=ORIENTED_EDGE('',*,*,#3002,.F.);
#1964=ORIENTED_EDGE('',*,*,#3019,.F.);
#1965=ORIENTED_EDGE('',*,*,#2793,.T.);
#1966=ORIENTED_EDGE('',*,*,#3019,.T.);
#1967=ORIENTED_EDGE('',*,*,#3005,.T.);
#1968=ORIENTED_EDGE('',*,*,#3008,.T.);
#1969=ORIENTED_EDGE('',*,*,#3011,.T.);
#1970=ORIENTED_EDGE('',*,*,#3014,.T.);
#1971=ORIENTED_EDGE('',*,*,#3017,.T.);
#1972=ORIENTED_EDGE('',*,*,#3020,.F.);
#1973=ORIENTED_EDGE('',*,*,#2665,.F.);
#1974=ORIENTED_EDGE('',*,*,#3021,.F.);
#1975=ORIENTED_EDGE('',*,*,#2666,.F.);
#1976=ORIENTED_EDGE('',*,*,#3022,.T.);
#1977=ORIENTED_EDGE('',*,*,#2603,.F.);
#1978=ORIENTED_EDGE('',*,*,#3020,.T.);
#1979=ORIENTED_EDGE('',*,*,#3022,.F.);
#1980=ORIENTED_EDGE('',*,*,#3023,.T.);
#1981=ORIENTED_EDGE('',*,*,#2604,.F.);
#1982=ORIENTED_EDGE('',*,*,#3021,.T.);
#1983=ORIENTED_EDGE('',*,*,#3023,.F.);
#1984=ORIENTED_EDGE('',*,*,#3024,.F.);
#1985=ORIENTED_EDGE('',*,*,#2667,.F.);
#1986=ORIENTED_EDGE('',*,*,#3025,.F.);
#1987=ORIENTED_EDGE('',*,*,#2668,.F.);
#1988=ORIENTED_EDGE('',*,*,#3026,.T.);
#1989=ORIENTED_EDGE('',*,*,#2605,.F.);
#1990=ORIENTED_EDGE('',*,*,#3025,.T.);
#1991=ORIENTED_EDGE('',*,*,#3026,.F.);
#1992=ORIENTED_EDGE('',*,*,#3027,.T.);
#1993=ORIENTED_EDGE('',*,*,#2606,.F.);
#1994=ORIENTED_EDGE('',*,*,#3024,.T.);
#1995=ORIENTED_EDGE('',*,*,#3027,.F.);
#1996=ORIENTED_EDGE('',*,*,#3028,.F.);
#1997=ORIENTED_EDGE('',*,*,#2669,.F.);
#1998=ORIENTED_EDGE('',*,*,#3029,.F.);
#1999=ORIENTED_EDGE('',*,*,#2670,.F.);
#2000=ORIENTED_EDGE('',*,*,#3030,.F.);
#2001=ORIENTED_EDGE('',*,*,#2671,.F.);
#2002=ORIENTED_EDGE('',*,*,#3031,.F.);
#2003=ORIENTED_EDGE('',*,*,#2672,.F.);
#2004=ORIENTED_EDGE('',*,*,#2980,.F.);
#2005=ORIENTED_EDGE('',*,*,#2679,.F.);
#2006=ORIENTED_EDGE('',*,*,#2719,.T.);
#2007=ORIENTED_EDGE('',*,*,#2586,.F.);
#2008=ORIENTED_EDGE('',*,*,#2715,.F.);
#2009=ORIENTED_EDGE('',*,*,#2683,.F.);
#2010=ORIENTED_EDGE('',*,*,#2976,.T.);
#2011=ORIENTED_EDGE('',*,*,#2578,.F.);
#2012=ORIENTED_EDGE('',*,*,#2610,.F.);
#2013=ORIENTED_EDGE('',*,*,#3032,.T.);
#2014=ORIENTED_EDGE('',*,*,#3032,.F.);
#2015=ORIENTED_EDGE('',*,*,#3029,.T.);
#2016=ORIENTED_EDGE('',*,*,#2609,.F.);
#2017=ORIENTED_EDGE('',*,*,#3033,.T.);
#2018=ORIENTED_EDGE('',*,*,#3033,.F.);
#2019=ORIENTED_EDGE('',*,*,#3031,.T.);
#2020=ORIENTED_EDGE('',*,*,#3034,.T.);
#2021=ORIENTED_EDGE('',*,*,#2607,.F.);
#2022=ORIENTED_EDGE('',*,*,#3030,.T.);
#2023=ORIENTED_EDGE('',*,*,#3034,.F.);
#2024=ORIENTED_EDGE('',*,*,#3035,.T.);
#2025=ORIENTED_EDGE('',*,*,#2608,.F.);
#2026=ORIENTED_EDGE('',*,*,#3028,.T.);
#2027=ORIENTED_EDGE('',*,*,#3035,.F.);
#2028=ORIENTED_EDGE('',*,*,#2782,.T.);
#2029=ORIENTED_EDGE('',*,*,#3036,.F.);
#2030=ORIENTED_EDGE('',*,*,#2779,.T.);
#2031=ORIENTED_EDGE('',*,*,#3037,.F.);
#2032=ORIENTED_EDGE('',*,*,#3038,.T.);
#2033=ORIENTED_EDGE('',*,*,#2752,.T.);
#2034=ORIENTED_EDGE('',*,*,#2780,.T.);
#2035=ORIENTED_EDGE('',*,*,#3036,.T.);
#2036=ORIENTED_EDGE('',*,*,#2781,.T.);
#2037=ORIENTED_EDGE('',*,*,#3037,.T.);
#2038=ORIENTED_EDGE('',*,*,#2778,.T.);
#2039=ORIENTED_EDGE('',*,*,#2750,.T.);
#2040=ORIENTED_EDGE('',*,*,#2783,.T.);
#2041=ORIENTED_EDGE('',*,*,#2748,.T.);
#2042=ORIENTED_EDGE('',*,*,#2777,.F.);
#2043=ORIENTED_EDGE('',*,*,#2568,.F.);
#2044=ORIENTED_EDGE('',*,*,#2728,.T.);
#2045=ORIENTED_EDGE('',*,*,#3039,.T.);
#2046=ORIENTED_EDGE('',*,*,#3040,.F.);
#2047=ORIENTED_EDGE('',*,*,#3041,.F.);
#2048=ORIENTED_EDGE('',*,*,#3039,.F.);
#2049=ORIENTED_EDGE('',*,*,#3041,.T.);
#2050=ORIENTED_EDGE('',*,*,#3038,.F.);
#2051=ORIENTED_EDGE('',*,*,#3042,.F.);
#2052=ORIENTED_EDGE('',*,*,#3043,.F.);
#2053=ORIENTED_EDGE('',*,*,#3044,.F.);
#2054=ORIENTED_EDGE('',*,*,#3045,.F.);
#2055=ORIENTED_EDGE('',*,*,#3046,.F.);
#2056=ORIENTED_EDGE('',*,*,#3047,.F.);
#2057=ORIENTED_EDGE('',*,*,#3048,.F.);
#2058=ORIENTED_EDGE('',*,*,#3049,.F.);
#2059=ORIENTED_EDGE('',*,*,#3050,.F.);
#2060=ORIENTED_EDGE('',*,*,#3051,.F.);
#2061=ORIENTED_EDGE('',*,*,#3052,.F.);
#2062=ORIENTED_EDGE('',*,*,#3053,.F.);
#2063=ORIENTED_EDGE('',*,*,#3054,.F.);
#2064=ORIENTED_EDGE('',*,*,#3055,.F.);
#2065=ORIENTED_EDGE('',*,*,#3056,.F.);
#2066=ORIENTED_EDGE('',*,*,#3057,.F.);
#2067=ORIENTED_EDGE('',*,*,#3058,.F.);
#2068=ORIENTED_EDGE('',*,*,#3059,.F.);
#2069=ORIENTED_EDGE('',*,*,#3060,.F.);
#2070=ORIENTED_EDGE('',*,*,#3061,.F.);
#2071=ORIENTED_EDGE('',*,*,#3062,.F.);
#2072=ORIENTED_EDGE('',*,*,#3063,.F.);
#2073=ORIENTED_EDGE('',*,*,#3064,.F.);
#2074=ORIENTED_EDGE('',*,*,#3065,.F.);
#2075=ORIENTED_EDGE('',*,*,#3066,.F.);
#2076=ORIENTED_EDGE('',*,*,#3067,.F.);
#2077=ORIENTED_EDGE('',*,*,#3068,.F.);
#2078=ORIENTED_EDGE('',*,*,#3069,.F.);
#2079=ORIENTED_EDGE('',*,*,#3070,.F.);
#2080=ORIENTED_EDGE('',*,*,#3071,.F.);
#2081=ORIENTED_EDGE('',*,*,#3072,.F.);
#2082=ORIENTED_EDGE('',*,*,#3073,.F.);
#2083=ORIENTED_EDGE('',*,*,#3074,.F.);
#2084=ORIENTED_EDGE('',*,*,#3075,.F.);
#2085=ORIENTED_EDGE('',*,*,#3076,.F.);
#2086=ORIENTED_EDGE('',*,*,#3077,.F.);
#2087=ORIENTED_EDGE('',*,*,#2630,.F.);
#2088=ORIENTED_EDGE('',*,*,#3078,.T.);
#2089=ORIENTED_EDGE('',*,*,#2629,.F.);
#2090=ORIENTED_EDGE('',*,*,#3079,.T.);
#2091=ORIENTED_EDGE('',*,*,#2622,.F.);
#2092=ORIENTED_EDGE('',*,*,#3080,.T.);
#2093=ORIENTED_EDGE('',*,*,#2615,.F.);
#2094=ORIENTED_EDGE('',*,*,#3081,.T.);
#2095=ORIENTED_EDGE('',*,*,#2631,.F.);
#2096=ORIENTED_EDGE('',*,*,#3082,.T.);
#2097=ORIENTED_EDGE('',*,*,#2632,.F.);
#2098=ORIENTED_EDGE('',*,*,#3083,.T.);
#2099=ORIENTED_EDGE('',*,*,#2628,.F.);
#2100=ORIENTED_EDGE('',*,*,#3084,.T.);
#2101=ORIENTED_EDGE('',*,*,#2623,.F.);
#2102=ORIENTED_EDGE('',*,*,#3085,.T.);
#2103=ORIENTED_EDGE('',*,*,#2624,.F.);
#2104=ORIENTED_EDGE('',*,*,#3086,.T.);
#2105=ORIENTED_EDGE('',*,*,#2625,.F.);
#2106=ORIENTED_EDGE('',*,*,#3087,.T.);
#2107=ORIENTED_EDGE('',*,*,#2594,.F.);
#2108=ORIENTED_EDGE('',*,*,#3088,.T.);
#2109=ORIENTED_EDGE('',*,*,#2626,.F.);
#2110=ORIENTED_EDGE('',*,*,#3089,.T.);
#2111=ORIENTED_EDGE('',*,*,#2602,.F.);
#2112=ORIENTED_EDGE('',*,*,#3090,.T.);
#2113=ORIENTED_EDGE('',*,*,#2599,.F.);
#2114=ORIENTED_EDGE('',*,*,#3091,.T.);
#2115=ORIENTED_EDGE('',*,*,#2601,.F.);
#2116=ORIENTED_EDGE('',*,*,#3092,.T.);
#2117=ORIENTED_EDGE('',*,*,#2600,.F.);
#2118=ORIENTED_EDGE('',*,*,#3093,.T.);
#2119=ORIENTED_EDGE('',*,*,#2598,.F.);
#2120=ORIENTED_EDGE('',*,*,#3094,.T.);
#2121=ORIENTED_EDGE('',*,*,#2627,.F.);
#2122=ORIENTED_EDGE('',*,*,#3095,.T.);
#2123=ORIENTED_EDGE('',*,*,#2616,.F.);
#2124=ORIENTED_EDGE('',*,*,#3096,.T.);
#2125=ORIENTED_EDGE('',*,*,#2617,.F.);
#2126=ORIENTED_EDGE('',*,*,#3097,.T.);
#2127=ORIENTED_EDGE('',*,*,#3098,.F.);
#2128=ORIENTED_EDGE('',*,*,#2767,.F.);
#2129=ORIENTED_EDGE('',*,*,#3099,.T.);
#2130=ORIENTED_EDGE('',*,*,#3100,.F.);
#2131=ORIENTED_EDGE('',*,*,#3098,.T.);
#2132=ORIENTED_EDGE('',*,*,#3099,.F.);
#2133=ORIENTED_EDGE('',*,*,#2774,.F.);
#2134=ORIENTED_EDGE('',*,*,#2753,.F.);
#2135=ORIENTED_EDGE('',*,*,#2772,.F.);
#2136=ORIENTED_EDGE('',*,*,#2769,.F.);
#2137=ORIENTED_EDGE('',*,*,#3101,.F.);
#2138=ORIENTED_EDGE('',*,*,#2538,.F.);
#2139=ORIENTED_EDGE('',*,*,#3102,.T.);
#2140=ORIENTED_EDGE('',*,*,#2732,.T.);
#2141=ORIENTED_EDGE('',*,*,#3103,.F.);
#2142=ORIENTED_EDGE('',*,*,#2526,.F.);
#2143=ORIENTED_EDGE('',*,*,#3104,.F.);
#2144=ORIENTED_EDGE('',*,*,#2739,.T.);
#2145=ORIENTED_EDGE('',*,*,#2570,.T.);
#2146=ORIENTED_EDGE('',*,*,#2776,.F.);
#2147=ORIENTED_EDGE('',*,*,#2746,.F.);
#2148=ORIENTED_EDGE('',*,*,#2743,.T.);
#2149=ORIENTED_EDGE('',*,*,#3105,.T.);
#2150=ORIENTED_EDGE('',*,*,#2733,.T.);
#2151=ORIENTED_EDGE('',*,*,#3102,.F.);
#2152=ORIENTED_EDGE('',*,*,#2537,.F.);
#2153=ORIENTED_EDGE('',*,*,#3106,.F.);
#2154=ORIENTED_EDGE('',*,*,#3107,.T.);
#2155=ORIENTED_EDGE('',*,*,#2731,.T.);
#2156=ORIENTED_EDGE('',*,*,#2722,.F.);
#2157=ORIENTED_EDGE('',*,*,#2539,.F.);
#2158=ORIENTED_EDGE('',*,*,#3101,.T.);
#2159=ORIENTED_EDGE('',*,*,#3108,.F.);
#2160=ORIENTED_EDGE('',*,*,#3104,.T.);
#2161=ORIENTED_EDGE('',*,*,#2525,.T.);
#2162=ORIENTED_EDGE('',*,*,#2724,.F.);
#2163=ORIENTED_EDGE('',*,*,#2740,.F.);
#2164=ORIENTED_EDGE('',*,*,#3109,.F.);
#2165=ORIENTED_EDGE('',*,*,#2738,.F.);
#2166=ORIENTED_EDGE('',*,*,#3110,.T.);
#2167=ORIENTED_EDGE('',*,*,#2527,.T.);
#2168=ORIENTED_EDGE('',*,*,#3103,.T.);
#2169=ORIENTED_EDGE('',*,*,#2565,.F.);
#2170=ORIENTED_EDGE('',*,*,#2556,.F.);
#2171=ORIENTED_EDGE('',*,*,#2745,.T.);
#2172=ORIENTED_EDGE('',*,*,#2725,.T.);
#2173=ORIENTED_EDGE('',*,*,#2744,.T.);
#2174=ORIENTED_EDGE('',*,*,#2734,.T.);
#2175=ORIENTED_EDGE('',*,*,#3106,.T.);
#2176=ORIENTED_EDGE('',*,*,#2536,.T.);
#2177=ORIENTED_EDGE('',*,*,#2737,.F.);
#2178=ORIENTED_EDGE('',*,*,#2558,.F.);
#2179=ORIENTED_EDGE('',*,*,#2528,.F.);
#2180=ORIENTED_EDGE('',*,*,#3110,.F.);
#2181=ORIENTED_EDGE('',*,*,#3111,.F.);
#2182=ORIENTED_EDGE('',*,*,#3105,.F.);
#2183=ORIENTED_EDGE('',*,*,#3112,.F.);
#2184=ORIENTED_EDGE('',*,*,#3109,.T.);
#2185=ORIENTED_EDGE('',*,*,#2645,.F.);
#2186=ORIENTED_EDGE('',*,*,#3108,.T.);
#2187=ORIENTED_EDGE('',*,*,#2662,.F.);
#2188=ORIENTED_EDGE('',*,*,#3107,.F.);
#2189=ORIENTED_EDGE('',*,*,#3113,.T.);
#2190=ORIENTED_EDGE('',*,*,#2742,.F.);
#2191=ORIENTED_EDGE('',*,*,#3111,.T.);
#2192=ORIENTED_EDGE('',*,*,#3113,.F.);
#2193=ORIENTED_EDGE('',*,*,#3114,.T.);
#2194=ORIENTED_EDGE('',*,*,#2555,.F.);
#2195=ORIENTED_EDGE('',*,*,#3112,.T.);
#2196=ORIENTED_EDGE('',*,*,#3114,.F.);
#2197=ORIENTED_EDGE('',*,*,#3115,.F.);
#2198=ORIENTED_EDGE('',*,*,#2637,.F.);
#2199=ORIENTED_EDGE('',*,*,#3115,.T.);
#2200=ORIENTED_EDGE('',*,*,#3116,.F.);
#2201=ORIENTED_EDGE('',*,*,#2655,.F.);
#2202=ORIENTED_EDGE('',*,*,#3116,.T.);
#2203=ORIENTED_EDGE('',*,*,#2635,.T.);
#2204=ORIENTED_EDGE('',*,*,#3117,.F.);
#2205=ORIENTED_EDGE('',*,*,#3118,.F.);
#2206=ORIENTED_EDGE('',*,*,#3119,.T.);
#2207=ORIENTED_EDGE('',*,*,#3120,.F.);
#2208=ORIENTED_EDGE('',*,*,#3121,.F.);
#2209=ORIENTED_EDGE('',*,*,#3117,.T.);
#2210=ORIENTED_EDGE('',*,*,#2634,.T.);
#2211=ORIENTED_EDGE('',*,*,#2633,.T.);
#2212=ORIENTED_EDGE('',*,*,#3122,.F.);
#2213=ORIENTED_EDGE('',*,*,#3123,.F.);
#2214=ORIENTED_EDGE('',*,*,#3120,.T.);
#2215=ORIENTED_EDGE('',*,*,#2636,.T.);
#2216=ORIENTED_EDGE('',*,*,#3119,.F.);
#2217=ORIENTED_EDGE('',*,*,#3124,.F.);
#2218=ORIENTED_EDGE('',*,*,#3122,.T.);
#2219=ORIENTED_EDGE('',*,*,#3125,.F.);
#2220=ORIENTED_EDGE('',*,*,#2676,.F.);
#2221=ORIENTED_EDGE('',*,*,#2547,.F.);
#2222=ORIENTED_EDGE('',*,*,#2589,.F.);
#2223=ORIENTED_EDGE('',*,*,#2675,.F.);
#2224=ORIENTED_EDGE('',*,*,#2786,.F.);
#2225=ORIENTED_EDGE('',*,*,#3126,.T.);
#2226=ORIENTED_EDGE('',*,*,#2548,.T.);
#2227=ORIENTED_EDGE('',*,*,#2508,.F.);
#2228=ORIENTED_EDGE('',*,*,#2516,.T.);
#2229=ORIENTED_EDGE('',*,*,#2503,.F.);
#2230=ORIENTED_EDGE('',*,*,#2518,.T.);
#2231=ORIENTED_EDGE('',*,*,#2708,.F.);
#2232=ORIENTED_EDGE('',*,*,#3127,.T.);
#2233=ORIENTED_EDGE('',*,*,#3128,.T.);
#2234=ORIENTED_EDGE('',*,*,#2823,.F.);
#2235=ORIENTED_EDGE('',*,*,#3129,.F.);
#2236=ORIENTED_EDGE('',*,*,#3130,.F.);
#2237=ORIENTED_EDGE('',*,*,#3131,.F.);
#2238=ORIENTED_EDGE('',*,*,#2819,.F.);
#2239=ORIENTED_EDGE('',*,*,#2549,.F.);
#2240=ORIENTED_EDGE('',*,*,#3126,.F.);
#2241=ORIENTED_EDGE('',*,*,#2785,.F.);
#2242=ORIENTED_EDGE('',*,*,#3132,.T.);
#2243=ORIENTED_EDGE('',*,*,#3133,.T.);
#2244=ORIENTED_EDGE('',*,*,#2514,.T.);
#2245=ORIENTED_EDGE('',*,*,#3134,.F.);
#2246=ORIENTED_EDGE('',*,*,#3135,.F.);
#2247=ORIENTED_EDGE('',*,*,#3136,.F.);
#2248=ORIENTED_EDGE('',*,*,#3100,.T.);
#2249=ORIENTED_EDGE('',*,*,#2501,.T.);
#2250=ORIENTED_EDGE('',*,*,#3075,.T.);
#2251=ORIENTED_EDGE('',*,*,#3073,.T.);
#2252=ORIENTED_EDGE('',*,*,#3071,.T.);
#2253=ORIENTED_EDGE('',*,*,#3067,.T.);
#2254=ORIENTED_EDGE('',*,*,#3055,.T.);
#2255=ORIENTED_EDGE('',*,*,#3053,.T.);
#2256=ORIENTED_EDGE('',*,*,#3040,.T.);
#2257=ORIENTED_EDGE('',*,*,#3003,.F.);
#2258=ORIENTED_EDGE('',*,*,#3018,.F.);
#2259=ORIENTED_EDGE('',*,*,#3015,.F.);
#2260=ORIENTED_EDGE('',*,*,#3012,.F.);
#2261=ORIENTED_EDGE('',*,*,#3009,.F.);
#2262=ORIENTED_EDGE('',*,*,#3006,.F.);
#2263=ORIENTED_EDGE('',*,*,#2796,.T.);
#2264=ORIENTED_EDGE('',*,*,#3047,.T.);
#2265=ORIENTED_EDGE('',*,*,#3049,.T.);
#2266=ORIENTED_EDGE('',*,*,#3051,.T.);
#2267=ORIENTED_EDGE('',*,*,#3061,.T.);
#2268=ORIENTED_EDGE('',*,*,#3063,.T.);
#2269=ORIENTED_EDGE('',*,*,#3065,.T.);
#2270=ORIENTED_EDGE('',*,*,#3077,.T.);
#2271=ORIENTED_EDGE('',*,*,#2784,.T.);
#2272=ORIENTED_EDGE('',*,*,#3137,.T.);
#2273=ORIENTED_EDGE('',*,*,#3138,.T.);
#2274=ORIENTED_EDGE('',*,*,#3132,.F.);
#2275=ORIENTED_EDGE('',*,*,#2515,.T.);
#2276=ORIENTED_EDGE('',*,*,#3133,.F.);
#2277=ORIENTED_EDGE('',*,*,#3138,.F.);
#2278=ORIENTED_EDGE('',*,*,#3139,.T.);
#2279=ORIENTED_EDGE('',*,*,#2510,.F.);
#2280=ORIENTED_EDGE('',*,*,#2513,.F.);
#2281=ORIENTED_EDGE('',*,*,#3139,.F.);
#2282=ORIENTED_EDGE('',*,*,#3137,.F.);
#2283=ORIENTED_EDGE('',*,*,#2818,.F.);
#2284=ORIENTED_EDGE('',*,*,#2709,.F.);
#2285=ORIENTED_EDGE('',*,*,#2519,.F.);
#2286=ORIENTED_EDGE('',*,*,#2505,.F.);
#2287=ORIENTED_EDGE('',*,*,#2517,.F.);
#2288=ORIENTED_EDGE('',*,*,#2799,.T.);
#2289=ORIENTED_EDGE('',*,*,#3059,.T.);
#2290=ORIENTED_EDGE('',*,*,#3069,.T.);
#2291=ORIENTED_EDGE('',*,*,#3057,.T.);
#2292=ORIENTED_EDGE('',*,*,#2677,.T.);
#2293=ORIENTED_EDGE('',*,*,#3125,.T.);
#2294=ORIENTED_EDGE('',*,*,#2588,.T.);
#2295=ORIENTED_EDGE('',*,*,#2718,.F.);
#2296=ORIENTED_EDGE('',*,*,#2714,.T.);
#2297=ORIENTED_EDGE('',*,*,#2576,.F.);
#2298=ORIENTED_EDGE('',*,*,#2787,.T.);
#2299=ORIENTED_EDGE('',*,*,#2674,.F.);
#2300=ORIENTED_EDGE('',*,*,#3127,.F.);
#2301=ORIENTED_EDGE('',*,*,#2707,.F.);
#2302=ORIENTED_EDGE('',*,*,#3140,.T.);
#2303=ORIENTED_EDGE('',*,*,#3141,.T.);
#2304=ORIENTED_EDGE('',*,*,#3128,.F.);
#2305=ORIENTED_EDGE('',*,*,#3141,.F.);
#2306=ORIENTED_EDGE('',*,*,#3142,.T.);
#2307=ORIENTED_EDGE('',*,*,#2824,.T.);
#2308=ORIENTED_EDGE('',*,*,#3045,.T.);
#2309=ORIENTED_EDGE('',*,*,#3043,.T.);
#2310=ORIENTED_EDGE('',*,*,#3140,.F.);
#2311=ORIENTED_EDGE('',*,*,#2706,.F.);
#2312=ORIENTED_EDGE('',*,*,#2825,.F.);
#2313=ORIENTED_EDGE('',*,*,#3142,.F.);
#2314=ORIENTED_EDGE('',*,*,#3143,.T.);
#2315=ORIENTED_EDGE('',*,*,#2974,.F.);
#2316=ORIENTED_EDGE('',*,*,#3143,.F.);
#2317=ORIENTED_EDGE('',*,*,#2973,.F.);
#2318=ORIENTED_EDGE('',*,*,#3144,.T.);
#2319=ORIENTED_EDGE('',*,*,#2846,.T.);
#2320=ORIENTED_EDGE('',*,*,#2702,.T.);
#2321=ORIENTED_EDGE('',*,*,#2851,.T.);
#2322=ORIENTED_EDGE('',*,*,#2699,.F.);
#2323=ORIENTED_EDGE('',*,*,#3144,.F.);
#2324=ORIENTED_EDGE('',*,*,#3145,.T.);
#2325=ORIENTED_EDGE('',*,*,#2979,.F.);
#2326=ORIENTED_EDGE('',*,*,#3145,.F.);
#2327=ORIENTED_EDGE('',*,*,#2978,.F.);
#2328=ORIENTED_EDGE('',*,*,#3146,.T.);
#2329=ORIENTED_EDGE('',*,*,#2861,.T.);
#2330=ORIENTED_EDGE('',*,*,#2693,.T.);
#2331=ORIENTED_EDGE('',*,*,#2866,.T.);
#2332=ORIENTED_EDGE('',*,*,#2690,.F.);
#2333=ORIENTED_EDGE('',*,*,#3146,.F.);
#2334=ORIENTED_EDGE('',*,*,#2856,.T.);
#2335=ORIENTED_EDGE('',*,*,#2611,.F.);
#2336=ORIENTED_EDGE('',*,*,#3147,.F.);
#2337=ORIENTED_EDGE('',*,*,#2685,.F.);
#2338=ORIENTED_EDGE('',*,*,#3147,.T.);
#2339=ORIENTED_EDGE('',*,*,#2614,.F.);
#2340=ORIENTED_EDGE('',*,*,#3148,.F.);
#2341=ORIENTED_EDGE('',*,*,#2686,.F.);
#2342=ORIENTED_EDGE('',*,*,#3148,.T.);
#2343=ORIENTED_EDGE('',*,*,#2613,.F.);
#2344=ORIENTED_EDGE('',*,*,#2857,.F.);
#2345=ORIENTED_EDGE('',*,*,#2687,.F.);
#2346=ORIENTED_EDGE('',*,*,#3149,.T.);
#2347=ORIENTED_EDGE('',*,*,#2713,.F.);
#2348=ORIENTED_EDGE('',*,*,#3149,.F.);
#2349=ORIENTED_EDGE('',*,*,#3150,.T.);
#2350=ORIENTED_EDGE('',*,*,#2712,.F.);
#2351=ORIENTED_EDGE('',*,*,#3150,.F.);
#2352=ORIENTED_EDGE('',*,*,#3151,.T.);
#2353=ORIENTED_EDGE('',*,*,#2717,.F.);
#2354=ORIENTED_EDGE('',*,*,#3151,.F.);
#2355=ORIENTED_EDGE('',*,*,#3152,.T.);
#2356=ORIENTED_EDGE('',*,*,#2716,.F.);
#2357=ORIENTED_EDGE('',*,*,#3152,.F.);
#2358=ORIENTED_EDGE('',*,*,#2597,.F.);
#2359=ORIENTED_EDGE('',*,*,#3136,.T.);
#2360=ORIENTED_EDGE('',*,*,#2596,.F.);
#2361=ORIENTED_EDGE('',*,*,#3135,.T.);
#2362=ORIENTED_EDGE('',*,*,#3153,.T.);
#2363=ORIENTED_EDGE('',*,*,#3154,.T.);
#2364=ORIENTED_EDGE('',*,*,#3155,.T.);
#2365=ORIENTED_EDGE('',*,*,#2544,.F.);
#2366=ORIENTED_EDGE('',*,*,#2826,.F.);
#2367=ORIENTED_EDGE('',*,*,#2532,.F.);
#2368=ORIENTED_EDGE('',*,*,#3156,.T.);
#2369=ORIENTED_EDGE('',*,*,#2664,.T.);
#2370=ORIENTED_EDGE('',*,*,#2653,.T.);
#2371=ORIENTED_EDGE('',*,*,#2658,.T.);
#2372=ORIENTED_EDGE('',*,*,#2661,.T.);
#2373=ORIENTED_EDGE('',*,*,#2650,.T.);
#2374=ORIENTED_EDGE('',*,*,#2640,.T.);
#2375=ORIENTED_EDGE('',*,*,#2644,.T.);
#2376=ORIENTED_EDGE('',*,*,#2648,.T.);
#2377=ORIENTED_EDGE('',*,*,#2651,.T.);
#2378=ORIENTED_EDGE('',*,*,#2663,.T.);
#2379=ORIENTED_EDGE('',*,*,#2659,.T.);
#2380=ORIENTED_EDGE('',*,*,#2656,.T.);
#2381=ORIENTED_EDGE('',*,*,#2646,.T.);
#2382=ORIENTED_EDGE('',*,*,#2642,.T.);
#2383=ORIENTED_EDGE('',*,*,#2638,.T.);
#2384=ORIENTED_EDGE('',*,*,#2649,.T.);
#2385=ORIENTED_EDGE('',*,*,#3157,.F.);
#2386=ORIENTED_EDGE('',*,*,#3134,.T.);
#2387=ORIENTED_EDGE('',*,*,#2595,.F.);
#2388=ORIENTED_EDGE('',*,*,#3158,.T.);
#2389=ORIENTED_EDGE('',*,*,#2554,.F.);
#2390=ORIENTED_EDGE('',*,*,#2552,.F.);
#2391=ORIENTED_EDGE('',*,*,#2821,.T.);
#2392=ORIENTED_EDGE('',*,*,#3159,.T.);
#2393=ORIENTED_EDGE('',*,*,#3160,.T.);
#2394=ORIENTED_EDGE('',*,*,#3161,.T.);
#2395=ORIENTED_EDGE('',*,*,#3131,.T.);
#2396=ORIENTED_EDGE('',*,*,#3162,.F.);
#2397=ORIENTED_EDGE('',*,*,#3159,.F.);
#2398=ORIENTED_EDGE('',*,*,#2820,.T.);
#2399=ORIENTED_EDGE('',*,*,#3130,.T.);
#2400=ORIENTED_EDGE('',*,*,#3163,.F.);
#2401=ORIENTED_EDGE('',*,*,#3160,.F.);
#2402=ORIENTED_EDGE('',*,*,#3162,.T.);
#2403=ORIENTED_EDGE('',*,*,#3163,.T.);
#2404=ORIENTED_EDGE('',*,*,#3129,.T.);
#2405=ORIENTED_EDGE('',*,*,#2822,.F.);
#2406=ORIENTED_EDGE('',*,*,#3161,.F.);
#2407=ORIENTED_EDGE('',*,*,#2545,.F.);
#2408=ORIENTED_EDGE('',*,*,#3156,.F.);
#2409=ORIENTED_EDGE('',*,*,#2531,.F.);
#2410=ORIENTED_EDGE('',*,*,#2564,.F.);
#2411=ORIENTED_EDGE('',*,*,#3164,.T.);
#2412=ORIENTED_EDGE('',*,*,#3155,.F.);
#2413=ORIENTED_EDGE('',*,*,#3164,.F.);
#2414=ORIENTED_EDGE('',*,*,#3165,.T.);
#2415=ORIENTED_EDGE('',*,*,#3154,.F.);
#2416=ORIENTED_EDGE('',*,*,#3165,.F.);
#2417=ORIENTED_EDGE('',*,*,#3166,.T.);
#2418=ORIENTED_EDGE('',*,*,#3153,.F.);
#2419=ORIENTED_EDGE('',*,*,#3166,.F.);
#2420=ORIENTED_EDGE('',*,*,#2729,.F.);
#2421=ORIENTED_EDGE('',*,*,#3167,.F.);
#2422=ORIENTED_EDGE('',*,*,#2521,.F.);
#2423=ORIENTED_EDGE('',*,*,#3168,.F.);
#2424=ORIENTED_EDGE('',*,*,#2721,.F.);
#2425=ORIENTED_EDGE('',*,*,#2730,.F.);
#2426=ORIENTED_EDGE('',*,*,#3168,.T.);
#2427=ORIENTED_EDGE('',*,*,#2541,.T.);
#2428=ORIENTED_EDGE('',*,*,#2522,.F.);
#2429=ORIENTED_EDGE('',*,*,#3167,.T.);
#2430=ORIENTED_EDGE('',*,*,#2741,.T.);
#2431=ORIENTED_EDGE('',*,*,#2542,.F.);
#2432=ORIENTED_EDGE('',*,*,#3050,.T.);
#2433=ORIENTED_EDGE('',*,*,#3095,.F.);
#2434=ORIENTED_EDGE('',*,*,#3048,.T.);
#2435=ORIENTED_EDGE('',*,*,#3080,.F.);
#2436=ORIENTED_EDGE('',*,*,#3044,.T.);
#2437=ORIENTED_EDGE('',*,*,#3096,.F.);
#2438=ORIENTED_EDGE('',*,*,#3046,.T.);
#2439=ORIENTED_EDGE('',*,*,#3081,.F.);
#2440=ORIENTED_EDGE('',*,*,#3062,.T.);
#2441=ORIENTED_EDGE('',*,*,#3086,.F.);
#2442=ORIENTED_EDGE('',*,*,#3060,.T.);
#2443=ORIENTED_EDGE('',*,*,#3087,.F.);
#2444=ORIENTED_EDGE('',*,*,#3056,.T.);
#2445=ORIENTED_EDGE('',*,*,#3089,.F.);
#2446=ORIENTED_EDGE('',*,*,#3042,.T.);
#2447=ORIENTED_EDGE('',*,*,#3097,.F.);
#2448=ORIENTED_EDGE('',*,*,#3058,.T.);
#2449=ORIENTED_EDGE('',*,*,#3088,.F.);
#2450=ORIENTED_EDGE('',*,*,#3068,.T.);
#2451=ORIENTED_EDGE('',*,*,#3091,.F.);
#2452=ORIENTED_EDGE('',*,*,#3066,.T.);
#2453=ORIENTED_EDGE('',*,*,#3084,.F.);
#2454=ORIENTED_EDGE('',*,*,#3064,.T.);
#2455=ORIENTED_EDGE('',*,*,#3085,.F.);
#2456=ORIENTED_EDGE('',*,*,#3052,.T.);
#2457=ORIENTED_EDGE('',*,*,#3083,.F.);
#2458=ORIENTED_EDGE('',*,*,#3054,.T.);
#2459=ORIENTED_EDGE('',*,*,#3082,.F.);
#2460=ORIENTED_EDGE('',*,*,#2551,.T.);
#2461=ORIENTED_EDGE('',*,*,#3079,.F.);
#2462=ORIENTED_EDGE('',*,*,#2553,.T.);
#2463=ORIENTED_EDGE('',*,*,#3078,.F.);
#2464=ORIENTED_EDGE('',*,*,#3070,.T.);
#2465=ORIENTED_EDGE('',*,*,#3090,.F.);
#2466=ORIENTED_EDGE('',*,*,#3076,.T.);
#2467=ORIENTED_EDGE('',*,*,#3094,.F.);
#2468=ORIENTED_EDGE('',*,*,#3074,.T.);
#2469=ORIENTED_EDGE('',*,*,#3093,.F.);
#2470=ORIENTED_EDGE('',*,*,#3072,.T.);
#2471=ORIENTED_EDGE('',*,*,#3092,.F.);
#2472=ORIENTED_EDGE('',*,*,#3157,.T.);
#2473=ORIENTED_EDGE('',*,*,#3158,.F.);
#2474=ORIENTED_EDGE('',*,*,#2560,.T.);
#2475=ORIENTED_EDGE('',*,*,#3169,.F.);
#2476=ORIENTED_EDGE('',*,*,#3170,.F.);
#2477=ORIENTED_EDGE('',*,*,#3171,.T.);
#2478=ORIENTED_EDGE('',*,*,#2563,.T.);
#2479=ORIENTED_EDGE('',*,*,#3172,.F.);
#2480=ORIENTED_EDGE('',*,*,#3173,.F.);
#2481=ORIENTED_EDGE('',*,*,#3169,.T.);
#2482=ORIENTED_EDGE('',*,*,#2562,.T.);
#2483=ORIENTED_EDGE('',*,*,#3174,.F.);
#2484=ORIENTED_EDGE('',*,*,#3175,.F.);
#2485=ORIENTED_EDGE('',*,*,#3172,.T.);
#2486=ORIENTED_EDGE('',*,*,#2561,.T.);
#2487=ORIENTED_EDGE('',*,*,#3171,.F.);
#2488=ORIENTED_EDGE('',*,*,#3176,.F.);
#2489=ORIENTED_EDGE('',*,*,#3174,.T.);
#2490=ORIENTED_EDGE('',*,*,#2507,.F.);
#2491=ORIENTED_EDGE('',*,*,#2512,.F.);
#2492=ORIENTED_EDGE('',*,*,#3170,.T.);
#2493=ORIENTED_EDGE('',*,*,#3173,.T.);
#2494=ORIENTED_EDGE('',*,*,#3175,.T.);
#2495=ORIENTED_EDGE('',*,*,#3176,.T.);
#2496=ORIENTED_EDGE('',*,*,#2502,.T.);
#2497=ORIENTED_EDGE('',*,*,#3123,.T.);
#2498=ORIENTED_EDGE('',*,*,#3124,.T.);
#2499=ORIENTED_EDGE('',*,*,#3118,.T.);
#2500=ORIENTED_EDGE('',*,*,#3121,.T.);
#2501=EDGE_CURVE('',#3177,#3177,#3690,.T.);
#2502=EDGE_CURVE('',#3178,#3178,#3691,.T.);
#2503=EDGE_CURVE('',#3179,#3180,#3692,.F.);
#2504=EDGE_CURVE('',#3181,#3180,#241,.F.);
#2505=EDGE_CURVE('',#3181,#3182,#3693,.F.);
#2506=EDGE_CURVE('',#3179,#3182,#242,.T.);
#2507=EDGE_CURVE('',#3183,#3183,#3694,.T.);
#2508=EDGE_CURVE('',#3184,#3185,#3695,.F.);
#2509=EDGE_CURVE('',#3186,#3185,#243,.F.);
#2510=EDGE_CURVE('',#3186,#3187,#3696,.F.);
#2511=EDGE_CURVE('',#3184,#3187,#244,.T.);
#2512=EDGE_CURVE('',#3188,#3188,#3697,.T.);
#2513=EDGE_CURVE('',#3189,#3186,#245,.T.);
#2514=EDGE_CURVE('',#3190,#3185,#246,.T.);
#2515=EDGE_CURVE('',#3189,#3190,#247,.T.);
#2516=EDGE_CURVE('',#3184,#3180,#248,.T.);
#2517=EDGE_CURVE('',#3187,#3181,#249,.T.);
#2518=EDGE_CURVE('',#3179,#3191,#250,.T.);
#2519=EDGE_CURVE('',#3182,#3192,#251,.T.);
#2520=EDGE_CURVE('',#3192,#3191,#252,.T.);
#2521=EDGE_CURVE('',#3193,#3194,#253,.T.);
#2522=EDGE_CURVE('',#3194,#3195,#254,.T.);
#2523=EDGE_CURVE('',#3195,#3196,#3698,.T.);
#2524=EDGE_CURVE('',#3197,#3196,#255,.T.);
#2525=EDGE_CURVE('',#3198,#3197,#256,.T.);
#2526=EDGE_CURVE('',#3198,#3199,#3699,.T.);
#2527=EDGE_CURVE('',#3200,#3199,#257,.T.);
#2528=EDGE_CURVE('',#3200,#3201,#258,.T.);
#2529=EDGE_CURVE('',#3201,#3202,#259,.T.);
#2530=EDGE_CURVE('',#3203,#3202,#260,.T.);
#2531=EDGE_CURVE('',#3203,#3204,#261,.T.);
#2532=EDGE_CURVE('',#3204,#3205,#262,.T.);
#2533=EDGE_CURVE('',#3205,#3206,#263,.T.);
#2534=EDGE_CURVE('',#3206,#3207,#264,.T.);
#2535=EDGE_CURVE('',#3208,#3207,#265,.T.);
#2536=EDGE_CURVE('',#3209,#3208,#266,.T.);
#2537=EDGE_CURVE('',#3209,#3210,#267,.T.);
#2538=EDGE_CURVE('',#3210,#3211,#3700,.T.);
#2539=EDGE_CURVE('',#3211,#3212,#268,.T.);
#2540=EDGE_CURVE('',#3213,#3212,#269,.T.);
#2541=EDGE_CURVE('',#3193,#3213,#270,.T.);
#2542=EDGE_CURVE('',#3195,#3214,#23,.T.);
#2543=EDGE_CURVE('',#3196,#3214,#271,.F.);
#2544=EDGE_CURVE('',#3215,#3216,#272,.T.);
#2545=EDGE_CURVE('',#3216,#3217,#273,.T.);
#2546=EDGE_CURVE('',#3217,#3218,#274,.T.);
#2547=EDGE_CURVE('',#3218,#3219,#275,.T.);
#2548=EDGE_CURVE('',#3220,#3219,#276,.F.);
#2549=EDGE_CURVE('',#3220,#3221,#277,.T.);
#2550=EDGE_CURVE('',#3215,#3221,#278,.T.);
#2551=EDGE_CURVE('',#3222,#3222,#3701,.T.);
#2552=EDGE_CURVE('',#3223,#3223,#3702,.T.);
#2553=EDGE_CURVE('',#3224,#3224,#3703,.T.);
#2554=EDGE_CURVE('',#3225,#3225,#3704,.T.);
#2555=EDGE_CURVE('',#3226,#3226,#3705,.T.);
#2556=EDGE_CURVE('',#3227,#3228,#279,.F.);
#2557=EDGE_CURVE('',#3202,#3228,#280,.T.);
#2558=EDGE_CURVE('',#3201,#3229,#281,.T.);
#2559=EDGE_CURVE('',#3229,#3227,#282,.T.);
#2560=EDGE_CURVE('',#3230,#3231,#283,.T.);
#2561=EDGE_CURVE('',#3232,#3230,#284,.T.);
#2562=EDGE_CURVE('',#3233,#3232,#285,.T.);
#2563=EDGE_CURVE('',#3231,#3233,#286,.T.);
#2564=EDGE_CURVE('',#3217,#3203,#287,.T.);
#2565=EDGE_CURVE('',#3228,#3234,#288,.T.);
#2566=EDGE_CURVE('',#3234,#3235,#3706,.T.);
#2567=EDGE_CURVE('',#3235,#3236,#20,.T.);
#2568=EDGE_CURVE('',#3236,#3237,#289,.T.);
#2569=EDGE_CURVE('',#3237,#3238,#3707,.F.);
#2570=EDGE_CURVE('',#3239,#3238,#290,.T.);
#2571=EDGE_CURVE('',#3207,#3239,#291,.T.);
#2572=EDGE_CURVE('',#3206,#3240,#292,.T.);
#2573=EDGE_CURVE('',#3240,#3241,#293,.T.);
#2574=EDGE_CURVE('',#3241,#3242,#294,.T.);
#2575=EDGE_CURVE('',#3242,#3243,#295,.T.);
#2576=EDGE_CURVE('',#3243,#3244,#296,.T.);
#2577=EDGE_CURVE('',#3244,#3245,#297,.T.);
#2578=EDGE_CURVE('',#3245,#3246,#298,.T.);
#2579=EDGE_CURVE('',#3247,#3246,#299,.T.);
#2580=EDGE_CURVE('',#3248,#3247,#300,.T.);
#2581=EDGE_CURVE('',#3249,#3248,#301,.T.);
#2582=EDGE_CURVE('',#3249,#3250,#302,.T.);
#2583=EDGE_CURVE('',#3251,#3250,#303,.T.);
#2584=EDGE_CURVE('',#3252,#3251,#304,.T.);
#2585=EDGE_CURVE('',#3253,#3252,#305,.T.);
#2586=EDGE_CURVE('',#3253,#3254,#306,.T.);
#2587=EDGE_CURVE('',#3254,#3255,#307,.T.);
#2588=EDGE_CURVE('',#3256,#3255,#308,.T.);
#2589=EDGE_CURVE('',#3256,#3218,#309,.T.);
#2590=EDGE_CURVE('',#3257,#3258,#310,.T.);
#2591=EDGE_CURVE('',#3258,#3259,#311,.T.);
#2592=EDGE_CURVE('',#3259,#3260,#312,.T.);
#2593=EDGE_CURVE('',#3260,#3257,#313,.T.);
#2594=EDGE_CURVE('',#3261,#3261,#3708,.T.);
#2595=EDGE_CURVE('',#3262,#3262,#3709,.T.);
#2596=EDGE_CURVE('',#3263,#3263,#3710,.T.);
#2597=EDGE_CURVE('',#3264,#3264,#3711,.T.);
#2598=EDGE_CURVE('',#3265,#3265,#3712,.T.);
#2599=EDGE_CURVE('',#3266,#3266,#3713,.T.);
#2600=EDGE_CURVE('',#3267,#3267,#3714,.T.);
#2601=EDGE_CURVE('',#3268,#3268,#3715,.T.);
#2602=EDGE_CURVE('',#3269,#3269,#3716,.T.);
#2603=EDGE_CURVE('',#3270,#3270,#3717,.T.);
#2604=EDGE_CURVE('',#3271,#3271,#3718,.T.);
#2605=EDGE_CURVE('',#3272,#3272,#3719,.T.);
#2606=EDGE_CURVE('',#3273,#3273,#3720,.T.);
#2607=EDGE_CURVE('',#3274,#3274,#3721,.T.);
#2608=EDGE_CURVE('',#3275,#3275,#3722,.T.);
#2609=EDGE_CURVE('',#3276,#3276,#3723,.T.);
#2610=EDGE_CURVE('',#3277,#3277,#3724,.T.);
#2611=EDGE_CURVE('',#3278,#3279,#314,.T.);
#2612=EDGE_CURVE('',#3280,#3279,#315,.T.);
#2613=EDGE_CURVE('',#3280,#3281,#316,.T.);
#2614=EDGE_CURVE('',#3281,#3278,#317,.T.);
#2615=EDGE_CURVE('',#3282,#3282,#3725,.T.);
#2616=EDGE_CURVE('',#3283,#3283,#3726,.T.);
#2617=EDGE_CURVE('',#3284,#3284,#3727,.T.);
#2618=EDGE_CURVE('',#3285,#3286,#318,.T.);
#2619=EDGE_CURVE('',#3286,#3287,#319,.T.);
#2620=EDGE_CURVE('',#3287,#3288,#320,.T.);
#2621=EDGE_CURVE('',#3288,#3285,#321,.T.);
#2622=EDGE_CURVE('',#3289,#3289,#3728,.T.);
#2623=EDGE_CURVE('',#3290,#3290,#3729,.T.);
#2624=EDGE_CURVE('',#3291,#3291,#3730,.T.);
#2625=EDGE_CURVE('',#3292,#3292,#3731,.T.);
#2626=EDGE_CURVE('',#3293,#3293,#3732,.T.);
#2627=EDGE_CURVE('',#3294,#3294,#3733,.T.);
#2628=EDGE_CURVE('',#3295,#3295,#3734,.T.);
#2629=EDGE_CURVE('',#3296,#3296,#3735,.T.);
#2630=EDGE_CURVE('',#3297,#3297,#3736,.T.);
#2631=EDGE_CURVE('',#3298,#3298,#3737,.T.);
#2632=EDGE_CURVE('',#3299,#3299,#3738,.T.);
#2633=EDGE_CURVE('',#3300,#3301,#322,.T.);
#2634=EDGE_CURVE('',#3302,#3300,#323,.T.);
#2635=EDGE_CURVE('',#3303,#3302,#324,.T.);
#2636=EDGE_CURVE('',#3301,#3303,#325,.T.);
#2637=EDGE_CURVE('',#3304,#3304,#3739,.T.);
#2638=EDGE_CURVE('',#3305,#3306,#326,.T.);
#2639=EDGE_CURVE('',#3307,#3305,#327,.T.);
#2640=EDGE_CURVE('',#3308,#3307,#328,.T.);
#2641=EDGE_CURVE('',#3308,#3306,#329,.T.);
#2642=EDGE_CURVE('',#3309,#3305,#330,.T.);
#2643=EDGE_CURVE('',#3310,#3309,#331,.T.);
#2644=EDGE_CURVE('',#3307,#3310,#332,.T.);
#2645=EDGE_CURVE('',#3311,#3311,#3740,.T.);
#2646=EDGE_CURVE('',#3312,#3309,#333,.T.);
#2647=EDGE_CURVE('',#3313,#3312,#334,.T.);
#2648=EDGE_CURVE('',#3310,#3313,#335,.T.);
#2649=EDGE_CURVE('',#3306,#3312,#336,.T.);
#2650=EDGE_CURVE('',#3313,#3308,#337,.T.);
#2651=EDGE_CURVE('',#3314,#3315,#338,.T.);
#2652=EDGE_CURVE('',#3316,#3314,#339,.T.);
#2653=EDGE_CURVE('',#3317,#3316,#340,.T.);
#2654=EDGE_CURVE('',#3317,#3315,#341,.T.);
#2655=EDGE_CURVE('',#3318,#3318,#3741,.T.);
#2656=EDGE_CURVE('',#3319,#3314,#342,.T.);
#2657=EDGE_CURVE('',#3320,#3319,#343,.T.);
#2658=EDGE_CURVE('',#3316,#3320,#344,.T.);
#2659=EDGE_CURVE('',#3321,#3319,#345,.T.);
#2660=EDGE_CURVE('',#3322,#3321,#346,.T.);
#2661=EDGE_CURVE('',#3320,#3322,#347,.T.);
#2662=EDGE_CURVE('',#3323,#3323,#3742,.T.);
#2663=EDGE_CURVE('',#3315,#3321,#348,.T.);
#2664=EDGE_CURVE('',#3322,#3317,#349,.T.);
#2665=EDGE_CURVE('',#3324,#3324,#3743,.T.);
#2666=EDGE_CURVE('',#3325,#3325,#3744,.T.);
#2667=EDGE_CURVE('',#3326,#3326,#3745,.T.);
#2668=EDGE_CURVE('',#3327,#3327,#3746,.T.);
#2669=EDGE_CURVE('',#3328,#3328,#3747,.T.);
#2670=EDGE_CURVE('',#3329,#3329,#3748,.T.);
#2671=EDGE_CURVE('',#3330,#3330,#3749,.T.);
#2672=EDGE_CURVE('',#3331,#3331,#3750,.T.);
#2673=EDGE_CURVE('',#3332,#3333,#350,.T.);
#2674=EDGE_CURVE('',#3333,#3334,#351,.T.);
#2675=EDGE_CURVE('',#3334,#3219,#352,.T.);
#2676=EDGE_CURVE('',#3219,#3335,#353,.T.);
#2677=EDGE_CURVE('',#3336,#3335,#354,.T.);
#2678=EDGE_CURVE('',#3336,#3337,#355,.T.);
#2679=EDGE_CURVE('',#3337,#3338,#356,.T.);
#2680=EDGE_CURVE('',#3338,#3339,#357,.T.);
#2681=EDGE_CURVE('',#3339,#3340,#358,.T.);
#2682=EDGE_CURVE('',#3340,#3341,#359,.T.);
#2683=EDGE_CURVE('',#3341,#3332,#360,.T.);
#2684=EDGE_CURVE('',#3342,#3343,#361,.T.);
#2685=EDGE_CURVE('',#3342,#3344,#362,.T.);
#2686=EDGE_CURVE('',#3344,#3345,#363,.T.);
#2687=EDGE_CURVE('',#3345,#3343,#364,.T.);
#2688=EDGE_CURVE('',#3346,#3346,#3751,.T.);
#2689=EDGE_CURVE('',#3347,#3348,#365,.T.);
#2690=EDGE_CURVE('',#3348,#3349,#366,.T.);
#2691=EDGE_CURVE('',#3349,#3350,#367,.T.);
#2692=EDGE_CURVE('',#3350,#3347,#368,.T.);
#2693=EDGE_CURVE('',#3351,#3352,#369,.T.);
#2694=EDGE_CURVE('',#3351,#3353,#370,.T.);
#2695=EDGE_CURVE('',#3353,#3354,#371,.T.);
#2696=EDGE_CURVE('',#3352,#3354,#372,.T.);
#2697=EDGE_CURVE('',#3355,#3355,#3752,.T.);
#2698=EDGE_CURVE('',#3356,#3357,#373,.T.);
#2699=EDGE_CURVE('',#3357,#3358,#374,.F.);
#2700=EDGE_CURVE('',#3358,#3359,#375,.T.);
#2701=EDGE_CURVE('',#3359,#3356,#376,.T.);
#2702=EDGE_CURVE('',#3360,#3361,#377,.F.);
#2703=EDGE_CURVE('',#3360,#3362,#378,.T.);
#2704=EDGE_CURVE('',#3362,#3363,#379,.T.);
#2705=EDGE_CURVE('',#3361,#3363,#380,.T.);
#2706=EDGE_CURVE('',#3364,#3365,#381,.T.);
#2707=EDGE_CURVE('',#3365,#3366,#382,.T.);
#2708=EDGE_CURVE('',#3366,#3191,#383,.T.);
#2709=EDGE_CURVE('',#3192,#3367,#384,.T.);
#2710=EDGE_CURVE('',#3367,#3241,#385,.T.);
#2711=EDGE_CURVE('',#3364,#3240,#386,.T.);
#2712=EDGE_CURVE('',#3368,#3368,#3753,.T.);
#2713=EDGE_CURVE('',#3369,#3369,#3754,.T.);
#2714=EDGE_CURVE('',#3333,#3244,#387,.T.);
#2715=EDGE_CURVE('',#3332,#3245,#388,.T.);
#2716=EDGE_CURVE('',#3370,#3370,#3755,.T.);
#2717=EDGE_CURVE('',#3371,#3371,#3756,.T.);
#2718=EDGE_CURVE('',#3336,#3255,#389,.T.);
#2719=EDGE_CURVE('',#3337,#3254,#390,.T.);
#2720=EDGE_CURVE('',#3372,#3373,#391,.T.);
#2721=EDGE_CURVE('',#3373,#3213,#392,.T.);
#2722=EDGE_CURVE('',#3212,#3372,#393,.T.);
#2723=EDGE_CURVE('',#3214,#3374,#394,.T.);
#2724=EDGE_CURVE('',#3374,#3197,#395,.T.);
#2725=EDGE_CURVE('',#3375,#3234,#396,.T.);
#2726=EDGE_CURVE('',#3375,#3376,#3757,.T.);
#2727=EDGE_CURVE('',#3377,#3376,#21,.T.);
#2728=EDGE_CURVE('',#3236,#3377,#397,.T.);
#2729=EDGE_CURVE('',#3378,#3379,#398,.T.);
#2730=EDGE_CURVE('',#3379,#3373,#399,.T.);
#2731=EDGE_CURVE('',#3380,#3372,#400,.T.);
#2732=EDGE_CURVE('',#3381,#3380,#3758,.F.);
#2733=EDGE_CURVE('',#3382,#3381,#401,.T.);
#2734=EDGE_CURVE('',#3383,#3382,#402,.T.);
#2735=EDGE_CURVE('',#3383,#3384,#403,.T.);
#2736=EDGE_CURVE('',#3227,#3384,#404,.T.);
#2737=EDGE_CURVE('',#3229,#3385,#405,.T.);
#2738=EDGE_CURVE('',#3385,#3386,#406,.T.);
#2739=EDGE_CURVE('',#3387,#3386,#3759,.F.);
#2740=EDGE_CURVE('',#3387,#3374,#407,.T.);
#2741=EDGE_CURVE('',#3378,#3214,#408,.T.);
#2742=EDGE_CURVE('',#3388,#3388,#3760,.T.);
#2743=EDGE_CURVE('',#3384,#3239,#409,.T.);
#2744=EDGE_CURVE('',#3208,#3383,#410,.T.);
#2745=EDGE_CURVE('',#3227,#3375,#411,.T.);
#2746=EDGE_CURVE('',#3384,#3389,#412,.T.);
#2747=EDGE_CURVE('',#3390,#3389,#3761,.F.);
#2748=EDGE_CURVE('',#3377,#3390,#413,.T.);
#2749=EDGE_CURVE('',#3391,#3392,#414,.T.);
#2750=EDGE_CURVE('',#3393,#3391,#415,.T.);
#2751=EDGE_CURVE('',#3394,#3393,#416,.T.);
#2752=EDGE_CURVE('',#3392,#3394,#417,.T.);
#2753=EDGE_CURVE('',#3395,#3396,#418,.T.);
#2754=EDGE_CURVE('',#3396,#3397,#419,.T.);
#2755=EDGE_CURVE('',#3398,#3397,#420,.T.);
#2756=EDGE_CURVE('',#3398,#3395,#421,.T.);
#2757=EDGE_CURVE('',#3399,#3400,#422,.T.);
#2758=EDGE_CURVE('',#3401,#3399,#423,.T.);
#2759=EDGE_CURVE('',#3402,#3401,#424,.T.);
#2760=EDGE_CURVE('',#3403,#3402,#3762,.F.);
#2761=EDGE_CURVE('',#3404,#3403,#3763,.F.);
#2762=EDGE_CURVE('',#3405,#3404,#3764,.T.);
#2763=EDGE_CURVE('',#3406,#3405,#3765,.F.);
#2764=EDGE_CURVE('',#3407,#3406,#3766,.F.);
#2765=EDGE_CURVE('',#3408,#3407,#425,.T.);
#2766=EDGE_CURVE('',#3400,#3408,#426,.T.);
#2767=EDGE_CURVE('',#3409,#3409,#3767,.T.);
#2768=EDGE_CURVE('',#3410,#3411,#427,.T.);
#2769=EDGE_CURVE('',#3411,#3412,#428,.T.);
#2770=EDGE_CURVE('',#3412,#3413,#429,.T.);
#2771=EDGE_CURVE('',#3413,#3410,#430,.T.);
#2772=EDGE_CURVE('',#3412,#3395,#431,.T.);
#2773=EDGE_CURVE('',#3413,#3398,#432,.T.);
#2774=EDGE_CURVE('',#3396,#3411,#433,.T.);
#2775=EDGE_CURVE('',#3397,#3410,#434,.T.);
#2776=EDGE_CURVE('',#3389,#3238,#435,.T.);
#2777=EDGE_CURVE('',#3237,#3390,#436,.T.);
#2778=EDGE_CURVE('',#3414,#3393,#437,.T.);
#2779=EDGE_CURVE('',#3415,#3414,#438,.T.);
#2780=EDGE_CURVE('',#3394,#3415,#439,.T.);
#2781=EDGE_CURVE('',#3416,#3392,#440,.T.);
#2782=EDGE_CURVE('',#3417,#3416,#441,.T.);
#2783=EDGE_CURVE('',#3391,#3417,#442,.T.);
#2784=EDGE_CURVE('',#3418,#3419,#443,.T.);
#2785=EDGE_CURVE('',#3418,#3420,#444,.T.);
#2786=EDGE_CURVE('',#3420,#3334,#445,.T.);
#2787=EDGE_CURVE('',#3243,#3334,#446,.T.);
#2788=EDGE_CURVE('',#3419,#3242,#447,.T.);
#2789=EDGE_CURVE('',#3421,#3422,#448,.T.);
#2790=EDGE_CURVE('',#3423,#3421,#22,.T.);
#2791=EDGE_CURVE('',#3423,#3424,#449,.T.);
#2792=EDGE_CURVE('',#3422,#3424,#3768,.T.);
#2793=EDGE_CURVE('',#3425,#3425,#3769,.T.);
#2794=EDGE_CURVE('',#3426,#3426,#3770,.T.);
#2795=EDGE_CURVE('',#3427,#3427,#3771,.T.);
#2796=EDGE_CURVE('',#3428,#3428,#3772,.T.);
#2797=EDGE_CURVE('',#3429,#3429,#3773,.T.);
#2798=EDGE_CURVE('',#3430,#3430,#3774,.T.);
#2799=EDGE_CURVE('',#3431,#3431,#3775,.T.);
#2800=EDGE_CURVE('',#3432,#3432,#3776,.F.);
#2801=EDGE_CURVE('',#3433,#3433,#3777,.F.);
#2802=EDGE_CURVE('',#3434,#3435,#450,.T.);
#2803=EDGE_CURVE('',#3436,#3434,#451,.T.);
#2804=EDGE_CURVE('',#3437,#3436,#452,.T.);
#2805=EDGE_CURVE('',#3435,#3437,#453,.T.);
#2806=EDGE_CURVE('',#3436,#3285,#454,.T.);
#2807=EDGE_CURVE('',#3434,#3286,#455,.T.);
#2808=EDGE_CURVE('',#3437,#3288,#456,.T.);
#2809=EDGE_CURVE('',#3435,#3287,#457,.T.);
#2810=EDGE_CURVE('',#3438,#3439,#458,.T.);
#2811=EDGE_CURVE('',#3440,#3438,#459,.T.);
#2812=EDGE_CURVE('',#3441,#3440,#460,.T.);
#2813=EDGE_CURVE('',#3439,#3441,#461,.T.);
#2814=EDGE_CURVE('',#3440,#3260,#462,.T.);
#2815=EDGE_CURVE('',#3438,#3257,#463,.T.);
#2816=EDGE_CURVE('',#3441,#3259,#464,.T.);
#2817=EDGE_CURVE('',#3439,#3258,#465,.T.);
#2818=EDGE_CURVE('',#3367,#3419,#466,.T.);
#2819=EDGE_CURVE('',#3221,#3442,#467,.T.);
#2820=EDGE_CURVE('',#3443,#3442,#468,.T.);
#2821=EDGE_CURVE('',#3444,#3443,#469,.T.);
#2822=EDGE_CURVE('',#3444,#3445,#470,.T.);
#2823=EDGE_CURVE('',#3445,#3446,#471,.T.);
#2824=EDGE_CURVE('',#3447,#3446,#472,.T.);
#2825=EDGE_CURVE('',#3447,#3364,#473,.T.);
#2826=EDGE_CURVE('',#3205,#3215,#474,.T.);
#2827=EDGE_CURVE('',#3448,#3448,#3778,.T.);
#2828=EDGE_CURVE('',#3449,#3450,#475,.T.);
#2829=EDGE_CURVE('',#3450,#3451,#476,.T.);
#2830=EDGE_CURVE('',#3451,#3452,#477,.T.);
#2831=EDGE_CURVE('',#3452,#3453,#478,.T.);
#2832=EDGE_CURVE('',#3453,#3454,#479,.T.);
#2833=EDGE_CURVE('',#3454,#3449,#480,.T.);
#2834=EDGE_CURVE('',#3455,#3456,#481,.T.);
#2835=EDGE_CURVE('',#3449,#3456,#482,.T.);
#2836=EDGE_CURVE('',#3454,#3455,#483,.T.);
#2837=EDGE_CURVE('',#3457,#3455,#484,.T.);
#2838=EDGE_CURVE('',#3453,#3457,#485,.T.);
#2839=EDGE_CURVE('',#3458,#3457,#486,.T.);
#2840=EDGE_CURVE('',#3452,#3458,#487,.T.);
#2841=EDGE_CURVE('',#3459,#3458,#488,.T.);
#2842=EDGE_CURVE('',#3451,#3459,#489,.T.);
#2843=EDGE_CURVE('',#3460,#3459,#490,.T.);
#2844=EDGE_CURVE('',#3450,#3460,#491,.T.);
#2845=EDGE_CURVE('',#3456,#3460,#492,.T.);
#2846=EDGE_CURVE('',#3357,#3360,#3779,.F.);
#2847=EDGE_CURVE('',#3356,#3461,#493,.T.);
#2848=EDGE_CURVE('',#3461,#3362,#494,.T.);
#2849=EDGE_CURVE('',#3462,#3461,#495,.T.);
#2850=EDGE_CURVE('',#3359,#3462,#496,.T.);
#2851=EDGE_CURVE('',#3361,#3358,#3780,.F.);
#2852=EDGE_CURVE('',#3363,#3462,#497,.T.);
#2853=EDGE_CURVE('',#3250,#3463,#498,.T.);
#2854=EDGE_CURVE('',#3463,#3464,#499,.T.);
#2855=EDGE_CURVE('',#3464,#3251,#500,.T.);
#2856=EDGE_CURVE('',#3342,#3279,#501,.T.);
#2857=EDGE_CURVE('',#3343,#3280,#502,.T.);
#2858=EDGE_CURVE('',#3249,#3465,#503,.T.);
#2859=EDGE_CURVE('',#3248,#3466,#504,.T.);
#2860=EDGE_CURVE('',#3465,#3466,#505,.T.);
#2861=EDGE_CURVE('',#3348,#3351,#3781,.F.);
#2862=EDGE_CURVE('',#3347,#3467,#506,.T.);
#2863=EDGE_CURVE('',#3467,#3353,#507,.T.);
#2864=EDGE_CURVE('',#3468,#3467,#508,.T.);
#2865=EDGE_CURVE('',#3350,#3468,#509,.T.);
#2866=EDGE_CURVE('',#3352,#3349,#3782,.F.);
#2867=EDGE_CURVE('',#3354,#3468,#510,.T.);
#2868=EDGE_CURVE('',#3469,#3469,#3783,.T.);
#2869=EDGE_CURVE('',#3470,#3471,#511,.T.);
#2870=EDGE_CURVE('',#3471,#3472,#512,.T.);
#2871=EDGE_CURVE('',#3472,#3473,#513,.T.);
#2872=EDGE_CURVE('',#3473,#3474,#514,.T.);
#2873=EDGE_CURVE('',#3474,#3475,#515,.T.);
#2874=EDGE_CURVE('',#3475,#3470,#516,.T.);
#2875=EDGE_CURVE('',#3475,#3476,#517,.T.);
#2876=EDGE_CURVE('',#3476,#3477,#518,.T.);
#2877=EDGE_CURVE('',#3470,#3477,#519,.T.);
#2878=EDGE_CURVE('',#3478,#3476,#520,.T.);
#2879=EDGE_CURVE('',#3474,#3478,#521,.T.);
#2880=EDGE_CURVE('',#3479,#3478,#522,.T.);
#2881=EDGE_CURVE('',#3473,#3479,#523,.T.);
#2882=EDGE_CURVE('',#3480,#3479,#524,.T.);
#2883=EDGE_CURVE('',#3472,#3480,#525,.T.);
#2884=EDGE_CURVE('',#3481,#3480,#526,.T.);
#2885=EDGE_CURVE('',#3471,#3481,#527,.T.);
#2886=EDGE_CURVE('',#3477,#3481,#528,.T.);
#2887=EDGE_CURVE('',#3482,#3482,#3784,.T.);
#2888=EDGE_CURVE('',#3483,#3484,#529,.T.);
#2889=EDGE_CURVE('',#3484,#3485,#530,.T.);
#2890=EDGE_CURVE('',#3485,#3486,#531,.T.);
#2891=EDGE_CURVE('',#3486,#3487,#532,.T.);
#2892=EDGE_CURVE('',#3487,#3488,#533,.T.);
#2893=EDGE_CURVE('',#3488,#3483,#534,.T.);
#2894=EDGE_CURVE('',#3489,#3490,#535,.T.);
#2895=EDGE_CURVE('',#3483,#3490,#536,.T.);
#2896=EDGE_CURVE('',#3488,#3489,#537,.T.);
#2897=EDGE_CURVE('',#3487,#3491,#538,.T.);
#2898=EDGE_CURVE('',#3491,#3489,#539,.T.);
#2899=EDGE_CURVE('',#3492,#3491,#540,.T.);
#2900=EDGE_CURVE('',#3486,#3492,#541,.T.);
#2901=EDGE_CURVE('',#3493,#3492,#542,.T.);
#2902=EDGE_CURVE('',#3485,#3493,#543,.T.);
#2903=EDGE_CURVE('',#3494,#3493,#544,.T.);
#2904=EDGE_CURVE('',#3484,#3494,#545,.T.);
#2905=EDGE_CURVE('',#3490,#3494,#546,.T.);
#2906=EDGE_CURVE('',#3495,#3495,#3785,.T.);
#2907=EDGE_CURVE('',#3496,#3497,#547,.T.);
#2908=EDGE_CURVE('',#3497,#3498,#548,.T.);
#2909=EDGE_CURVE('',#3498,#3499,#549,.T.);
#2910=EDGE_CURVE('',#3499,#3500,#550,.T.);
#2911=EDGE_CURVE('',#3500,#3501,#551,.T.);
#2912=EDGE_CURVE('',#3501,#3496,#552,.T.);
#2913=EDGE_CURVE('',#3502,#3503,#553,.T.);
#2914=EDGE_CURVE('',#3496,#3503,#554,.T.);
#2915=EDGE_CURVE('',#3501,#3502,#555,.T.);
#2916=EDGE_CURVE('',#3500,#3504,#556,.T.);
#2917=EDGE_CURVE('',#3504,#3502,#557,.T.);
#2918=EDGE_CURVE('',#3505,#3504,#558,.T.);
#2919=EDGE_CURVE('',#3499,#3505,#559,.T.);
#2920=EDGE_CURVE('',#3506,#3505,#560,.T.);
#2921=EDGE_CURVE('',#3498,#3506,#561,.T.);
#2922=EDGE_CURVE('',#3507,#3506,#562,.T.);
#2923=EDGE_CURVE('',#3497,#3507,#563,.T.);
#2924=EDGE_CURVE('',#3503,#3507,#564,.T.);
#2925=EDGE_CURVE('',#3508,#3508,#3786,.T.);
#2926=EDGE_CURVE('',#3509,#3510,#565,.T.);
#2927=EDGE_CURVE('',#3510,#3511,#566,.T.);
#2928=EDGE_CURVE('',#3511,#3512,#567,.T.);
#2929=EDGE_CURVE('',#3512,#3513,#568,.T.);
#2930=EDGE_CURVE('',#3513,#3514,#569,.T.);
#2931=EDGE_CURVE('',#3514,#3509,#570,.T.);
#2932=EDGE_CURVE('',#3515,#3516,#571,.T.);
#2933=EDGE_CURVE('',#3509,#3516,#572,.T.);
#2934=EDGE_CURVE('',#3514,#3515,#573,.T.);
#2935=EDGE_CURVE('',#3517,#3515,#574,.T.);
#2936=EDGE_CURVE('',#3513,#3517,#575,.T.);
#2937=EDGE_CURVE('',#3518,#3517,#576,.T.);
#2938=EDGE_CURVE('',#3512,#3518,#577,.T.);
#2939=EDGE_CURVE('',#3519,#3518,#578,.T.);
#2940=EDGE_CURVE('',#3511,#3519,#579,.T.);
#2941=EDGE_CURVE('',#3520,#3519,#580,.T.);
#2942=EDGE_CURVE('',#3510,#3520,#581,.T.);
#2943=EDGE_CURVE('',#3516,#3520,#582,.T.);
#2944=EDGE_CURVE('',#3521,#3521,#3787,.T.);
#2945=EDGE_CURVE('',#3522,#3522,#3788,.T.);
#2946=EDGE_CURVE('',#3523,#3523,#3789,.T.);
#2947=EDGE_CURVE('',#3524,#3525,#583,.T.);
#2948=EDGE_CURVE('',#3524,#3526,#584,.T.);
#2949=EDGE_CURVE('',#3526,#3527,#585,.T.);
#2950=EDGE_CURVE('',#3527,#3525,#586,.T.);
#2951=EDGE_CURVE('',#3525,#3528,#587,.T.);
#2952=EDGE_CURVE('',#3529,#3528,#588,.T.);
#2953=EDGE_CURVE('',#3524,#3529,#589,.T.);
#2954=EDGE_CURVE('',#3464,#3530,#590,.T.);
#2955=EDGE_CURVE('',#3463,#3531,#591,.T.);
#2956=EDGE_CURVE('',#3531,#3530,#592,.T.);
#2957=EDGE_CURVE('',#3532,#3533,#593,.T.);
#2958=EDGE_CURVE('',#3534,#3532,#594,.T.);
#2959=EDGE_CURVE('',#3534,#3535,#595,.T.);
#2960=EDGE_CURVE('',#3535,#3533,#596,.T.);
#2961=EDGE_CURVE('',#3536,#3537,#597,.T.);
#2962=EDGE_CURVE('',#3530,#3537,#598,.T.);
#2963=EDGE_CURVE('',#3531,#3536,#599,.T.);
#2964=EDGE_CURVE('',#3532,#3538,#600,.T.);
#2965=EDGE_CURVE('',#3527,#3538,#601,.T.);
#2966=EDGE_CURVE('',#3526,#3539,#602,.T.);
#2967=EDGE_CURVE('',#3537,#3539,#603,.T.);
#2968=EDGE_CURVE('',#3534,#3536,#604,.T.);
#2969=EDGE_CURVE('',#3535,#3465,#605,.T.);
#2970=EDGE_CURVE('',#3533,#3466,#606,.T.);
#2971=EDGE_CURVE('',#3340,#3528,#607,.T.);
#2972=EDGE_CURVE('',#3339,#3529,#608,.T.);
#2973=EDGE_CURVE('',#3540,#3540,#3790,.T.);
#2974=EDGE_CURVE('',#3541,#3541,#3791,.T.);
#2975=EDGE_CURVE('',#3247,#3538,#609,.T.);
#2976=EDGE_CURVE('',#3341,#3246,#610,.T.);
#2977=EDGE_CURVE('',#3539,#3252,#611,.T.);
#2978=EDGE_CURVE('',#3542,#3542,#3792,.T.);
#2979=EDGE_CURVE('',#3543,#3543,#3793,.T.);
#2980=EDGE_CURVE('',#3338,#3253,#612,.T.);
#2981=EDGE_CURVE('',#3544,#3403,#613,.T.);
#2982=EDGE_CURVE('',#3545,#3544,#3794,.T.);
#2983=EDGE_CURVE('',#3545,#3404,#614,.T.);
#2984=EDGE_CURVE('',#3546,#3402,#615,.T.);
#2985=EDGE_CURVE('',#3544,#3546,#3795,.T.);
#2986=EDGE_CURVE('',#3547,#3401,#616,.T.);
#2987=EDGE_CURVE('',#3546,#3547,#617,.T.);
#2988=EDGE_CURVE('',#3548,#3399,#618,.T.);
#2989=EDGE_CURVE('',#3547,#3548,#619,.T.);
#2990=EDGE_CURVE('',#3549,#3400,#620,.T.);
#2991=EDGE_CURVE('',#3548,#3549,#621,.T.);
#2992=EDGE_CURVE('',#3550,#3408,#622,.T.);
#2993=EDGE_CURVE('',#3549,#3550,#623,.T.);
#2994=EDGE_CURVE('',#3551,#3407,#624,.T.);
#2995=EDGE_CURVE('',#3550,#3551,#625,.T.);
#2996=EDGE_CURVE('',#3552,#3406,#626,.T.);
#2997=EDGE_CURVE('',#3551,#3552,#3796,.T.);
#2998=EDGE_CURVE('',#3553,#3405,#627,.T.);
#2999=EDGE_CURVE('',#3552,#3553,#3797,.T.);
#3000=EDGE_CURVE('',#3553,#3545,#3798,.T.);
#3001=EDGE_CURVE('',#3424,#3422,#3799,.T.);
#3002=EDGE_CURVE('',#3554,#3555,#628,.T.);
#3003=EDGE_CURVE('',#3555,#3556,#629,.T.);
#3004=EDGE_CURVE('',#3557,#3556,#630,.T.);
#3005=EDGE_CURVE('',#3554,#3557,#631,.T.);
#3006=EDGE_CURVE('',#3556,#3558,#632,.T.);
#3007=EDGE_CURVE('',#3559,#3558,#633,.T.);
#3008=EDGE_CURVE('',#3557,#3559,#634,.T.);
#3009=EDGE_CURVE('',#3558,#3560,#635,.T.);
#3010=EDGE_CURVE('',#3561,#3560,#636,.T.);
#3011=EDGE_CURVE('',#3559,#3561,#637,.T.);
#3012=EDGE_CURVE('',#3560,#3562,#638,.T.);
#3013=EDGE_CURVE('',#3563,#3562,#639,.T.);
#3014=EDGE_CURVE('',#3561,#3563,#640,.T.);
#3015=EDGE_CURVE('',#3562,#3564,#641,.T.);
#3016=EDGE_CURVE('',#3565,#3564,#642,.T.);
#3017=EDGE_CURVE('',#3563,#3565,#643,.T.);
#3018=EDGE_CURVE('',#3564,#3555,#644,.T.);
#3019=EDGE_CURVE('',#3565,#3554,#645,.T.);
#3020=EDGE_CURVE('',#3566,#3566,#3800,.T.);
#3021=EDGE_CURVE('',#3567,#3567,#3801,.T.);
#3022=EDGE_CURVE('',#3568,#3568,#3802,.T.);
#3023=EDGE_CURVE('',#3569,#3569,#3803,.T.);
#3024=EDGE_CURVE('',#3570,#3570,#3804,.T.);
#3025=EDGE_CURVE('',#3571,#3571,#3805,.T.);
#3026=EDGE_CURVE('',#3572,#3572,#3806,.T.);
#3027=EDGE_CURVE('',#3573,#3573,#3807,.T.);
#3028=EDGE_CURVE('',#3574,#3574,#3808,.T.);
#3029=EDGE_CURVE('',#3575,#3575,#3809,.T.);
#3030=EDGE_CURVE('',#3576,#3576,#3810,.T.);
#3031=EDGE_CURVE('',#3577,#3577,#3811,.T.);
#3032=EDGE_CURVE('',#3578,#3578,#3812,.T.);
#3033=EDGE_CURVE('',#3579,#3579,#3813,.T.);
#3034=EDGE_CURVE('',#3580,#3580,#3814,.T.);
#3035=EDGE_CURVE('',#3581,#3581,#3815,.T.);
#3036=EDGE_CURVE('',#3415,#3416,#646,.T.);
#3037=EDGE_CURVE('',#3417,#3414,#647,.T.);
#3038=EDGE_CURVE('',#3582,#3582,#3816,.F.);
#3039=EDGE_CURVE('',#3583,#3583,#3817,.T.);
#3040=EDGE_CURVE('',#3584,#3584,#3818,.T.);
#3041=EDGE_CURVE('',#3585,#3585,#3819,.F.);
#3042=EDGE_CURVE('',#3586,#3586,#3820,.T.);
#3043=EDGE_CURVE('',#3587,#3587,#3821,.T.);
#3044=EDGE_CURVE('',#3588,#3588,#3822,.T.);
#3045=EDGE_CURVE('',#3589,#3589,#3823,.T.);
#3046=EDGE_CURVE('',#3590,#3590,#3824,.T.);
#3047=EDGE_CURVE('',#3591,#3591,#3825,.T.);
#3048=EDGE_CURVE('',#3592,#3592,#3826,.T.);
#3049=EDGE_CURVE('',#3593,#3593,#3827,.T.);
#3050=EDGE_CURVE('',#3594,#3594,#3828,.T.);
#3051=EDGE_CURVE('',#3595,#3595,#3829,.T.);
#3052=EDGE_CURVE('',#3596,#3596,#3830,.T.);
#3053=EDGE_CURVE('',#3597,#3597,#3831,.T.);
#3054=EDGE_CURVE('',#3598,#3598,#3832,.T.);
#3055=EDGE_CURVE('',#3599,#3599,#3833,.T.);
#3056=EDGE_CURVE('',#3600,#3600,#3834,.T.);
#3057=EDGE_CURVE('',#3601,#3601,#3835,.T.);
#3058=EDGE_CURVE('',#3602,#3602,#3836,.T.);
#3059=EDGE_CURVE('',#3603,#3603,#3837,.T.);
#3060=EDGE_CURVE('',#3604,#3604,#3838,.T.);
#3061=EDGE_CURVE('',#3605,#3605,#3839,.T.);
#3062=EDGE_CURVE('',#3606,#3606,#3840,.T.);
#3063=EDGE_CURVE('',#3607,#3607,#3841,.T.);
#3064=EDGE_CURVE('',#3608,#3608,#3842,.T.);
#3065=EDGE_CURVE('',#3609,#3609,#3843,.T.);
#3066=EDGE_CURVE('',#3610,#3610,#3844,.T.);
#3067=EDGE_CURVE('',#3611,#3611,#3845,.T.);
#3068=EDGE_CURVE('',#3612,#3612,#3846,.T.);
#3069=EDGE_CURVE('',#3613,#3613,#3847,.T.);
#3070=EDGE_CURVE('',#3614,#3614,#3848,.T.);
#3071=EDGE_CURVE('',#3615,#3615,#3849,.T.);
#3072=EDGE_CURVE('',#3616,#3616,#3850,.T.);
#3073=EDGE_CURVE('',#3617,#3617,#3851,.T.);
#3074=EDGE_CURVE('',#3618,#3618,#3852,.T.);
#3075=EDGE_CURVE('',#3619,#3619,#3853,.T.);
#3076=EDGE_CURVE('',#3620,#3620,#3854,.T.);
#3077=EDGE_CURVE('',#3621,#3621,#3855,.T.);
#3078=EDGE_CURVE('',#3622,#3622,#3856,.T.);
#3079=EDGE_CURVE('',#3623,#3623,#3857,.T.);
#3080=EDGE_CURVE('',#3624,#3624,#3858,.T.);
#3081=EDGE_CURVE('',#3625,#3625,#3859,.T.);
#3082=EDGE_CURVE('',#3626,#3626,#3860,.T.);
#3083=EDGE_CURVE('',#3627,#3627,#3861,.T.);
#3084=EDGE_CURVE('',#3628,#3628,#3862,.T.);
#3085=EDGE_CURVE('',#3629,#3629,#3863,.T.);
#3086=EDGE_CURVE('',#3630,#3630,#3864,.T.);
#3087=EDGE_CURVE('',#3631,#3631,#3865,.T.);
#3088=EDGE_CURVE('',#3632,#3632,#3866,.T.);
#3089=EDGE_CURVE('',#3633,#3633,#3867,.T.);
#3090=EDGE_CURVE('',#3634,#3634,#3868,.T.);
#3091=EDGE_CURVE('',#3635,#3635,#3869,.T.);
#3092=EDGE_CURVE('',#3636,#3636,#3870,.T.);
#3093=EDGE_CURVE('',#3637,#3637,#3871,.T.);
#3094=EDGE_CURVE('',#3638,#3638,#3872,.T.);
#3095=EDGE_CURVE('',#3639,#3639,#3873,.T.);
#3096=EDGE_CURVE('',#3640,#3640,#3874,.T.);
#3097=EDGE_CURVE('',#3641,#3641,#3875,.T.);
#3098=EDGE_CURVE('',#3642,#3642,#3876,.T.);
#3099=EDGE_CURVE('',#3643,#3643,#3877,.T.);
#3100=EDGE_CURVE('',#3644,#3644,#3878,.T.);
#3101=EDGE_CURVE('',#3211,#3380,#648,.F.);
#3102=EDGE_CURVE('',#3210,#3381,#649,.F.);
#3103=EDGE_CURVE('',#3199,#3386,#650,.F.);
#3104=EDGE_CURVE('',#3387,#3198,#651,.T.);
#3105=EDGE_CURVE('',#3645,#3645,#3879,.F.);
#3106=EDGE_CURVE('',#3382,#3209,#652,.T.);
#3107=EDGE_CURVE('',#3646,#3646,#3880,.F.);
#3108=EDGE_CURVE('',#3647,#3647,#3881,.F.);
#3109=EDGE_CURVE('',#3648,#3648,#3882,.F.);
#3110=EDGE_CURVE('',#3385,#3200,#653,.T.);
#3111=EDGE_CURVE('',#3649,#3649,#3883,.T.);
#3112=EDGE_CURVE('',#3650,#3650,#3884,.T.);
#3113=EDGE_CURVE('',#3651,#3651,#3885,.T.);
#3114=EDGE_CURVE('',#3652,#3652,#3886,.T.);
#3115=EDGE_CURVE('',#3653,#3653,#3887,.T.);
#3116=EDGE_CURVE('',#3654,#3654,#3888,.T.);
#3117=EDGE_CURVE('',#3655,#3302,#654,.T.);
#3118=EDGE_CURVE('',#3656,#3655,#655,.T.);
#3119=EDGE_CURVE('',#3656,#3303,#656,.T.);
#3120=EDGE_CURVE('',#3657,#3300,#657,.T.);
#3121=EDGE_CURVE('',#3655,#3657,#658,.T.);
#3122=EDGE_CURVE('',#3658,#3301,#659,.T.);
#3123=EDGE_CURVE('',#3657,#3658,#660,.T.);
#3124=EDGE_CURVE('',#3658,#3656,#661,.T.);
#3125=EDGE_CURVE('',#3335,#3256,#662,.T.);
#3126=EDGE_CURVE('',#3420,#3220,#663,.T.);
#3127=EDGE_CURVE('',#3366,#3659,#664,.T.);
#3128=EDGE_CURVE('',#3659,#3446,#665,.T.);
#3129=EDGE_CURVE('',#3660,#3445,#666,.T.);
#3130=EDGE_CURVE('',#3661,#3660,#667,.T.);
#3131=EDGE_CURVE('',#3442,#3661,#668,.T.);
#3132=EDGE_CURVE('',#3418,#3662,#669,.T.);
#3133=EDGE_CURVE('',#3662,#3190,#670,.T.);
#3134=EDGE_CURVE('',#3663,#3663,#3889,.F.);
#3135=EDGE_CURVE('',#3664,#3664,#3890,.F.);
#3136=EDGE_CURVE('',#3665,#3665,#3891,.F.);
#3137=EDGE_CURVE('',#3419,#3666,#671,.T.);
#3138=EDGE_CURVE('',#3666,#3662,#672,.T.);
#3139=EDGE_CURVE('',#3666,#3189,#673,.T.);
#3140=EDGE_CURVE('',#3365,#3667,#674,.T.);
#3141=EDGE_CURVE('',#3667,#3659,#675,.T.);
#3142=EDGE_CURVE('',#3667,#3447,#676,.T.);
#3143=EDGE_CURVE('',#3668,#3668,#3892,.T.);
#3144=EDGE_CURVE('',#3669,#3669,#3893,.T.);
#3145=EDGE_CURVE('',#3670,#3670,#3894,.T.);
#3146=EDGE_CURVE('',#3671,#3671,#3895,.T.);
#3147=EDGE_CURVE('',#3344,#3278,#677,.T.);
#3148=EDGE_CURVE('',#3345,#3281,#678,.T.);
#3149=EDGE_CURVE('',#3672,#3672,#3896,.T.);
#3150=EDGE_CURVE('',#3673,#3673,#3897,.T.);
#3151=EDGE_CURVE('',#3674,#3674,#3898,.T.);
#3152=EDGE_CURVE('',#3675,#3675,#3899,.T.);
#3153=EDGE_CURVE('',#3676,#3676,#3900,.T.);
#3154=EDGE_CURVE('',#3677,#3677,#3901,.T.);
#3155=EDGE_CURVE('',#3678,#3678,#3902,.T.);
#3156=EDGE_CURVE('',#3204,#3216,#679,.T.);
#3157=EDGE_CURVE('',#3679,#3679,#3903,.T.);
#3158=EDGE_CURVE('',#3680,#3680,#3904,.T.);
#3159=EDGE_CURVE('',#3443,#3681,#680,.T.);
#3160=EDGE_CURVE('',#3681,#3682,#681,.T.);
#3161=EDGE_CURVE('',#3682,#3444,#682,.T.);
#3162=EDGE_CURVE('',#3681,#3661,#683,.T.);
#3163=EDGE_CURVE('',#3682,#3660,#684,.T.);
#3164=EDGE_CURVE('',#3683,#3683,#3905,.T.);
#3165=EDGE_CURVE('',#3684,#3684,#3906,.T.);
#3166=EDGE_CURVE('',#3685,#3685,#3907,.T.);
#3167=EDGE_CURVE('',#3194,#3378,#685,.T.);
#3168=EDGE_CURVE('',#3379,#3193,#686,.T.);
#3169=EDGE_CURVE('',#3686,#3231,#687,.T.);
#3170=EDGE_CURVE('',#3687,#3686,#688,.T.);
#3171=EDGE_CURVE('',#3687,#3230,#689,.T.);
#3172=EDGE_CURVE('',#3688,#3233,#690,.T.);
#3173=EDGE_CURVE('',#3686,#3688,#691,.T.);
#3174=EDGE_CURVE('',#3689,#3232,#692,.T.);
#3175=EDGE_CURVE('',#3688,#3689,#693,.T.);
#3176=EDGE_CURVE('',#3689,#3687,#694,.T.);
#3177=VERTEX_POINT('',#7602);
#3178=VERTEX_POINT('',#7604);
#3179=VERTEX_POINT('',#7607);
#3180=VERTEX_POINT('',#7608);
#3181=VERTEX_POINT('',#7610);
#3182=VERTEX_POINT('',#7612);
#3183=VERTEX_POINT('',#7615);
#3184=VERTEX_POINT('',#7618);
#3185=VERTEX_POINT('',#7619);
#3186=VERTEX_POINT('',#7621);
#3187=VERTEX_POINT('',#7623);
#3188=VERTEX_POINT('',#7626);
#3189=VERTEX_POINT('',#7629);
#3190=VERTEX_POINT('',#7631);
#3191=VERTEX_POINT('',#7638);
#3192=VERTEX_POINT('',#7640);
#3193=VERTEX_POINT('',#7644);
#3194=VERTEX_POINT('',#7645);
#3195=VERTEX_POINT('',#7647);
#3196=VERTEX_POINT('',#7649);
#3197=VERTEX_POINT('',#7651);
#3198=VERTEX_POINT('',#7653);
#3199=VERTEX_POINT('',#7655);
#3200=VERTEX_POINT('',#7657);
#3201=VERTEX_POINT('',#7659);
#3202=VERTEX_POINT('',#7661);
#3203=VERTEX_POINT('',#7663);
#3204=VERTEX_POINT('',#7665);
#3205=VERTEX_POINT('',#7667);
#3206=VERTEX_POINT('',#7669);
#3207=VERTEX_POINT('',#7671);
#3208=VERTEX_POINT('',#7673);
#3209=VERTEX_POINT('',#7675);
#3210=VERTEX_POINT('',#7677);
#3211=VERTEX_POINT('',#7679);
#3212=VERTEX_POINT('',#7681);
#3213=VERTEX_POINT('',#7683);
#3214=VERTEX_POINT('',#7687);
#3215=VERTEX_POINT('',#7691);
#3216=VERTEX_POINT('',#7692);
#3217=VERTEX_POINT('',#7694);
#3218=VERTEX_POINT('',#7696);
#3219=VERTEX_POINT('',#7698);
#3220=VERTEX_POINT('',#7700);
#3221=VERTEX_POINT('',#7702);
#3222=VERTEX_POINT('',#7706);
#3223=VERTEX_POINT('',#7708);
#3224=VERTEX_POINT('',#7711);
#3225=VERTEX_POINT('',#7713);
#3226=VERTEX_POINT('',#7716);
#3227=VERTEX_POINT('',#7718);
#3228=VERTEX_POINT('',#7719);
#3229=VERTEX_POINT('',#7722);
#3230=VERTEX_POINT('',#7726);
#3231=VERTEX_POINT('',#7727);
#3232=VERTEX_POINT('',#7729);
#3233=VERTEX_POINT('',#7731);
#3234=VERTEX_POINT('',#7735);
#3235=VERTEX_POINT('',#7737);
#3236=VERTEX_POINT('',#7742);
#3237=VERTEX_POINT('',#7744);
#3238=VERTEX_POINT('',#7746);
#3239=VERTEX_POINT('',#7748);
#3240=VERTEX_POINT('',#7751);
#3241=VERTEX_POINT('',#7753);
#3242=VERTEX_POINT('',#7755);
#3243=VERTEX_POINT('',#7757);
#3244=VERTEX_POINT('',#7759);
#3245=VERTEX_POINT('',#7761);
#3246=VERTEX_POINT('',#7763);
#3247=VERTEX_POINT('',#7765);
#3248=VERTEX_POINT('',#7767);
#3249=VERTEX_POINT('',#7769);
#3250=VERTEX_POINT('',#7771);
#3251=VERTEX_POINT('',#7773);
#3252=VERTEX_POINT('',#7775);
#3253=VERTEX_POINT('',#7777);
#3254=VERTEX_POINT('',#7779);
#3255=VERTEX_POINT('',#7781);
#3256=VERTEX_POINT('',#7783);
#3257=VERTEX_POINT('',#7786);
#3258=VERTEX_POINT('',#7787);
#3259=VERTEX_POINT('',#7789);
#3260=VERTEX_POINT('',#7791);
#3261=VERTEX_POINT('',#7794);
#3262=VERTEX_POINT('',#7796);
#3263=VERTEX_POINT('',#7798);
#3264=VERTEX_POINT('',#7800);
#3265=VERTEX_POINT('',#7802);
#3266=VERTEX_POINT('',#7804);
#3267=VERTEX_POINT('',#7806);
#3268=VERTEX_POINT('',#7808);
#3269=VERTEX_POINT('',#7810);
#3270=VERTEX_POINT('',#7812);
#3271=VERTEX_POINT('',#7814);
#3272=VERTEX_POINT('',#7816);
#3273=VERTEX_POINT('',#7818);
#3274=VERTEX_POINT('',#7820);
#3275=VERTEX_POINT('',#7822);
#3276=VERTEX_POINT('',#7824);
#3277=VERTEX_POINT('',#7826);
#3278=VERTEX_POINT('',#7828);
#3279=VERTEX_POINT('',#7829);
#3280=VERTEX_POINT('',#7831);
#3281=VERTEX_POINT('',#7833);
#3282=VERTEX_POINT('',#7836);
#3283=VERTEX_POINT('',#7838);
#3284=VERTEX_POINT('',#7840);
#3285=VERTEX_POINT('',#7842);
#3286=VERTEX_POINT('',#7843);
#3287=VERTEX_POINT('',#7845);
#3288=VERTEX_POINT('',#7847);
#3289=VERTEX_POINT('',#7850);
#3290=VERTEX_POINT('',#7852);
#3291=VERTEX_POINT('',#7854);
#3292=VERTEX_POINT('',#7856);
#3293=VERTEX_POINT('',#7858);
#3294=VERTEX_POINT('',#7860);
#3295=VERTEX_POINT('',#7862);
#3296=VERTEX_POINT('',#7864);
#3297=VERTEX_POINT('',#7866);
#3298=VERTEX_POINT('',#7868);
#3299=VERTEX_POINT('',#7870);
#3300=VERTEX_POINT('',#7872);
#3301=VERTEX_POINT('',#7873);
#3302=VERTEX_POINT('',#7875);
#3303=VERTEX_POINT('',#7877);
#3304=VERTEX_POINT('',#7881);
#3305=VERTEX_POINT('',#7883);
#3306=VERTEX_POINT('',#7884);
#3307=VERTEX_POINT('',#7886);
#3308=VERTEX_POINT('',#7888);
#3309=VERTEX_POINT('',#7892);
#3310=VERTEX_POINT('',#7894);
#3311=VERTEX_POINT('',#7898);
#3312=VERTEX_POINT('',#7900);
#3313=VERTEX_POINT('',#7902);
#3314=VERTEX_POINT('',#7909);
#3315=VERTEX_POINT('',#7910);
#3316=VERTEX_POINT('',#7912);
#3317=VERTEX_POINT('',#7914);
#3318=VERTEX_POINT('',#7918);
#3319=VERTEX_POINT('',#7920);
#3320=VERTEX_POINT('',#7922);
#3321=VERTEX_POINT('',#7926);
#3322=VERTEX_POINT('',#7928);
#3323=VERTEX_POINT('',#7932);
#3324=VERTEX_POINT('',#7937);
#3325=VERTEX_POINT('',#7939);
#3326=VERTEX_POINT('',#7941);
#3327=VERTEX_POINT('',#7943);
#3328=VERTEX_POINT('',#7945);
#3329=VERTEX_POINT('',#7947);
#3330=VERTEX_POINT('',#7949);
#3331=VERTEX_POINT('',#7951);
#3332=VERTEX_POINT('',#7953);
#3333=VERTEX_POINT('',#7954);
#3334=VERTEX_POINT('',#7956);
#3335=VERTEX_POINT('',#7959);
#3336=VERTEX_POINT('',#7961);
#3337=VERTEX_POINT('',#7963);
#3338=VERTEX_POINT('',#7965);
#3339=VERTEX_POINT('',#7967);
#3340=VERTEX_POINT('',#7969);
#3341=VERTEX_POINT('',#7971);
#3342=VERTEX_POINT('',#7974);
#3343=VERTEX_POINT('',#7975);
#3344=VERTEX_POINT('',#7977);
#3345=VERTEX_POINT('',#7979);
#3346=VERTEX_POINT('',#7983);
#3347=VERTEX_POINT('',#7985);
#3348=VERTEX_POINT('',#7986);
#3349=VERTEX_POINT('',#7988);
#3350=VERTEX_POINT('',#7990);
#3351=VERTEX_POINT('',#7994);
#3352=VERTEX_POINT('',#7995);
#3353=VERTEX_POINT('',#7997);
#3354=VERTEX_POINT('',#7999);
#3355=VERTEX_POINT('',#8003);
#3356=VERTEX_POINT('',#8005);
#3357=VERTEX_POINT('',#8006);
#3358=VERTEX_POINT('',#8008);
#3359=VERTEX_POINT('',#8010);
#3360=VERTEX_POINT('',#8014);
#3361=VERTEX_POINT('',#8015);
#3362=VERTEX_POINT('',#8017);
#3363=VERTEX_POINT('',#8019);
#3364=VERTEX_POINT('',#8023);
#3365=VERTEX_POINT('',#8024);
#3366=VERTEX_POINT('',#8026);
#3367=VERTEX_POINT('',#8029);
#3368=VERTEX_POINT('',#8034);
#3369=VERTEX_POINT('',#8036);
#3370=VERTEX_POINT('',#8041);
#3371=VERTEX_POINT('',#8043);
#3372=VERTEX_POINT('',#8048);
#3373=VERTEX_POINT('',#8049);
#3374=VERTEX_POINT('',#8054);
#3375=VERTEX_POINT('',#8058);
#3376=VERTEX_POINT('',#8060);
#3377=VERTEX_POINT('',#8065);
#3378=VERTEX_POINT('',#8069);
#3379=VERTEX_POINT('',#8070);
#3380=VERTEX_POINT('',#8073);
#3381=VERTEX_POINT('',#8075);
#3382=VERTEX_POINT('',#8077);
#3383=VERTEX_POINT('',#8079);
#3384=VERTEX_POINT('',#8081);
#3385=VERTEX_POINT('',#8084);
#3386=VERTEX_POINT('',#8086);
#3387=VERTEX_POINT('',#8088);
#3388=VERTEX_POINT('',#8093);
#3389=VERTEX_POINT('',#8099);
#3390=VERTEX_POINT('',#8101);
#3391=VERTEX_POINT('',#8104);
#3392=VERTEX_POINT('',#8105);
#3393=VERTEX_POINT('',#8107);
#3394=VERTEX_POINT('',#8109);
#3395=VERTEX_POINT('',#8112);
#3396=VERTEX_POINT('',#8113);
#3397=VERTEX_POINT('',#8115);
#3398=VERTEX_POINT('',#8117);
#3399=VERTEX_POINT('',#8120);
#3400=VERTEX_POINT('',#8121);
#3401=VERTEX_POINT('',#8123);
#3402=VERTEX_POINT('',#8125);
#3403=VERTEX_POINT('',#8127);
#3404=VERTEX_POINT('',#8129);
#3405=VERTEX_POINT('',#8131);
#3406=VERTEX_POINT('',#8133);
#3407=VERTEX_POINT('',#8135);
#3408=VERTEX_POINT('',#8137);
#3409=VERTEX_POINT('',#8141);
#3410=VERTEX_POINT('',#8143);
#3411=VERTEX_POINT('',#8144);
#3412=VERTEX_POINT('',#8146);
#3413=VERTEX_POINT('',#8148);
#3414=VERTEX_POINT('',#8162);
#3415=VERTEX_POINT('',#8164);
#3416=VERTEX_POINT('',#8168);
#3417=VERTEX_POINT('',#8170);
#3418=VERTEX_POINT('',#8174);
#3419=VERTEX_POINT('',#8175);
#3420=VERTEX_POINT('',#8177);
#3421=VERTEX_POINT('',#8183);
#3422=VERTEX_POINT('',#8184);
#3423=VERTEX_POINT('',#8192);
#3424=VERTEX_POINT('',#8194);
#3425=VERTEX_POINT('',#8197);
#3426=VERTEX_POINT('',#8200);
#3427=VERTEX_POINT('',#8202);
#3428=VERTEX_POINT('',#8205);
#3429=VERTEX_POINT('',#8208);
#3430=VERTEX_POINT('',#8210);
#3431=VERTEX_POINT('',#8213);
#3432=VERTEX_POINT('',#8216);
#3433=VERTEX_POINT('',#8219);
#3434=VERTEX_POINT('',#8222);
#3435=VERTEX_POINT('',#8223);
#3436=VERTEX_POINT('',#8225);
#3437=VERTEX_POINT('',#8227);
#3438=VERTEX_POINT('',#8239);
#3439=VERTEX_POINT('',#8240);
#3440=VERTEX_POINT('',#8242);
#3441=VERTEX_POINT('',#8244);
#3442=VERTEX_POINT('',#8258);
#3443=VERTEX_POINT('',#8260);
#3444=VERTEX_POINT('',#8262);
#3445=VERTEX_POINT('',#8264);
#3446=VERTEX_POINT('',#8266);
#3447=VERTEX_POINT('',#8268);
#3448=VERTEX_POINT('',#8273);
#3449=VERTEX_POINT('',#8275);
#3450=VERTEX_POINT('',#8276);
#3451=VERTEX_POINT('',#8278);
#3452=VERTEX_POINT('',#8280);
#3453=VERTEX_POINT('',#8282);
#3454=VERTEX_POINT('',#8284);
#3455=VERTEX_POINT('',#8288);
#3456=VERTEX_POINT('',#8289);
#3457=VERTEX_POINT('',#8294);
#3458=VERTEX_POINT('',#8298);
#3459=VERTEX_POINT('',#8302);
#3460=VERTEX_POINT('',#8306);
#3461=VERTEX_POINT('',#8313);
#3462=VERTEX_POINT('',#8317);
#3463=VERTEX_POINT('',#8324);
#3464=VERTEX_POINT('',#8326);
#3465=VERTEX_POINT('',#8333);
#3466=VERTEX_POINT('',#8335);
#3467=VERTEX_POINT('',#8340);
#3468=VERTEX_POINT('',#8344);
#3469=VERTEX_POINT('',#8351);
#3470=VERTEX_POINT('',#8353);
#3471=VERTEX_POINT('',#8354);
#3472=VERTEX_POINT('',#8356);
#3473=VERTEX_POINT('',#8358);
#3474=VERTEX_POINT('',#8360);
#3475=VERTEX_POINT('',#8362);
#3476=VERTEX_POINT('',#8366);
#3477=VERTEX_POINT('',#8368);
#3478=VERTEX_POINT('',#8372);
#3479=VERTEX_POINT('',#8376);
#3480=VERTEX_POINT('',#8380);
#3481=VERTEX_POINT('',#8384);
#3482=VERTEX_POINT('',#8390);
#3483=VERTEX_POINT('',#8392);
#3484=VERTEX_POINT('',#8393);
#3485=VERTEX_POINT('',#8395);
#3486=VERTEX_POINT('',#8397);
#3487=VERTEX_POINT('',#8399);
#3488=VERTEX_POINT('',#8401);
#3489=VERTEX_POINT('',#8405);
#3490=VERTEX_POINT('',#8406);
#3491=VERTEX_POINT('',#8411);
#3492=VERTEX_POINT('',#8415);
#3493=VERTEX_POINT('',#8419);
#3494=VERTEX_POINT('',#8423);
#3495=VERTEX_POINT('',#8429);
#3496=VERTEX_POINT('',#8431);
#3497=VERTEX_POINT('',#8432);
#3498=VERTEX_POINT('',#8434);
#3499=VERTEX_POINT('',#8436);
#3500=VERTEX_POINT('',#8438);
#3501=VERTEX_POINT('',#8440);
#3502=VERTEX_POINT('',#8444);
#3503=VERTEX_POINT('',#8445);
#3504=VERTEX_POINT('',#8450);
#3505=VERTEX_POINT('',#8454);
#3506=VERTEX_POINT('',#8458);
#3507=VERTEX_POINT('',#8462);
#3508=VERTEX_POINT('',#8468);
#3509=VERTEX_POINT('',#8470);
#3510=VERTEX_POINT('',#8471);
#3511=VERTEX_POINT('',#8473);
#3512=VERTEX_POINT('',#8475);
#3513=VERTEX_POINT('',#8477);
#3514=VERTEX_POINT('',#8479);
#3515=VERTEX_POINT('',#8483);
#3516=VERTEX_POINT('',#8484);
#3517=VERTEX_POINT('',#8489);
#3518=VERTEX_POINT('',#8493);
#3519=VERTEX_POINT('',#8497);
#3520=VERTEX_POINT('',#8501);
#3521=VERTEX_POINT('',#8507);
#3522=VERTEX_POINT('',#8509);
#3523=VERTEX_POINT('',#8511);
#3524=VERTEX_POINT('',#8513);
#3525=VERTEX_POINT('',#8514);
#3526=VERTEX_POINT('',#8516);
#3527=VERTEX_POINT('',#8518);
#3528=VERTEX_POINT('',#8522);
#3529=VERTEX_POINT('',#8524);
#3530=VERTEX_POINT('',#8528);
#3531=VERTEX_POINT('',#8530);
#3532=VERTEX_POINT('',#8534);
#3533=VERTEX_POINT('',#8535);
#3534=VERTEX_POINT('',#8537);
#3535=VERTEX_POINT('',#8539);
#3536=VERTEX_POINT('',#8543);
#3537=VERTEX_POINT('',#8544);
#3538=VERTEX_POINT('',#8549);
#3539=VERTEX_POINT('',#8552);
#3540=VERTEX_POINT('',#8569);
#3541=VERTEX_POINT('',#8571);
#3542=VERTEX_POINT('',#8579);
#3543=VERTEX_POINT('',#8581);
#3544=VERTEX_POINT('',#8585);
#3545=VERTEX_POINT('',#8587);
#3546=VERTEX_POINT('',#8591);
#3547=VERTEX_POINT('',#8595);
#3548=VERTEX_POINT('',#8599);
#3549=VERTEX_POINT('',#8603);
#3550=VERTEX_POINT('',#8607);
#3551=VERTEX_POINT('',#8611);
#3552=VERTEX_POINT('',#8615);
#3553=VERTEX_POINT('',#8619);
#3554=VERTEX_POINT('',#8628);
#3555=VERTEX_POINT('',#8629);
#3556=VERTEX_POINT('',#8631);
#3557=VERTEX_POINT('',#8633);
#3558=VERTEX_POINT('',#8637);
#3559=VERTEX_POINT('',#8639);
#3560=VERTEX_POINT('',#8643);
#3561=VERTEX_POINT('',#8645);
#3562=VERTEX_POINT('',#8649);
#3563=VERTEX_POINT('',#8651);
#3564=VERTEX_POINT('',#8655);
#3565=VERTEX_POINT('',#8657);
#3566=VERTEX_POINT('',#8665);
#3567=VERTEX_POINT('',#8668);
#3568=VERTEX_POINT('',#8671);
#3569=VERTEX_POINT('',#8675);
#3570=VERTEX_POINT('',#8679);
#3571=VERTEX_POINT('',#8682);
#3572=VERTEX_POINT('',#8685);
#3573=VERTEX_POINT('',#8689);
#3574=VERTEX_POINT('',#8693);
#3575=VERTEX_POINT('',#8696);
#3576=VERTEX_POINT('',#8699);
#3577=VERTEX_POINT('',#8702);
#3578=VERTEX_POINT('',#8707);
#3579=VERTEX_POINT('',#8711);
#3580=VERTEX_POINT('',#8715);
#3581=VERTEX_POINT('',#8719);
#3582=VERTEX_POINT('',#8725);
#3583=VERTEX_POINT('',#8731);
#3584=VERTEX_POINT('',#8733);
#3585=VERTEX_POINT('',#8736);
#3586=VERTEX_POINT('',#8740);
#3587=VERTEX_POINT('',#8742);
#3588=VERTEX_POINT('',#8745);
#3589=VERTEX_POINT('',#8747);
#3590=VERTEX_POINT('',#8750);
#3591=VERTEX_POINT('',#8752);
#3592=VERTEX_POINT('',#8755);
#3593=VERTEX_POINT('',#8757);
#3594=VERTEX_POINT('',#8760);
#3595=VERTEX_POINT('',#8762);
#3596=VERTEX_POINT('',#8765);
#3597=VERTEX_POINT('',#8767);
#3598=VERTEX_POINT('',#8770);
#3599=VERTEX_POINT('',#8772);
#3600=VERTEX_POINT('',#8775);
#3601=VERTEX_POINT('',#8777);
#3602=VERTEX_POINT('',#8780);
#3603=VERTEX_POINT('',#8782);
#3604=VERTEX_POINT('',#8785);
#3605=VERTEX_POINT('',#8787);
#3606=VERTEX_POINT('',#8790);
#3607=VERTEX_POINT('',#8792);
#3608=VERTEX_POINT('',#8795);
#3609=VERTEX_POINT('',#8797);
#3610=VERTEX_POINT('',#8800);
#3611=VERTEX_POINT('',#8802);
#3612=VERTEX_POINT('',#8805);
#3613=VERTEX_POINT('',#8807);
#3614=VERTEX_POINT('',#8810);
#3615=VERTEX_POINT('',#8812);
#3616=VERTEX_POINT('',#8815);
#3617=VERTEX_POINT('',#8817);
#3618=VERTEX_POINT('',#8820);
#3619=VERTEX_POINT('',#8822);
#3620=VERTEX_POINT('',#8825);
#3621=VERTEX_POINT('',#8827);
#3622=VERTEX_POINT('',#8830);
#3623=VERTEX_POINT('',#8833);
#3624=VERTEX_POINT('',#8836);
#3625=VERTEX_POINT('',#8839);
#3626=VERTEX_POINT('',#8842);
#3627=VERTEX_POINT('',#8845);
#3628=VERTEX_POINT('',#8848);
#3629=VERTEX_POINT('',#8851);
#3630=VERTEX_POINT('',#8854);
#3631=VERTEX_POINT('',#8857);
#3632=VERTEX_POINT('',#8860);
#3633=VERTEX_POINT('',#8863);
#3634=VERTEX_POINT('',#8866);
#3635=VERTEX_POINT('',#8869);
#3636=VERTEX_POINT('',#8872);
#3637=VERTEX_POINT('',#8875);
#3638=VERTEX_POINT('',#8878);
#3639=VERTEX_POINT('',#8881);
#3640=VERTEX_POINT('',#8884);
#3641=VERTEX_POINT('',#8887);
#3642=VERTEX_POINT('',#8890);
#3643=VERTEX_POINT('',#8893);
#3644=VERTEX_POINT('',#8895);
#3645=VERTEX_POINT('',#8907);
#3646=VERTEX_POINT('',#8911);
#3647=VERTEX_POINT('',#8914);
#3648=VERTEX_POINT('',#8917);
#3649=VERTEX_POINT('',#8924);
#3650=VERTEX_POINT('',#8927);
#3651=VERTEX_POINT('',#8932);
#3652=VERTEX_POINT('',#8936);
#3653=VERTEX_POINT('',#8940);
#3654=VERTEX_POINT('',#8944);
#3655=VERTEX_POINT('',#8948);
#3656=VERTEX_POINT('',#8950);
#3657=VERTEX_POINT('',#8954);
#3658=VERTEX_POINT('',#8958);
#3659=VERTEX_POINT('',#8968);
#3660=VERTEX_POINT('',#8971);
#3661=VERTEX_POINT('',#8973);
#3662=VERTEX_POINT('',#8976);
#3663=VERTEX_POINT('',#8979);
#3664=VERTEX_POINT('',#8981);
#3665=VERTEX_POINT('',#8983);
#3666=VERTEX_POINT('',#8986);
#3667=VERTEX_POINT('',#8995);
#3668=VERTEX_POINT('',#9002);
#3669=VERTEX_POINT('',#9006);
#3670=VERTEX_POINT('',#9010);
#3671=VERTEX_POINT('',#9014);
#3672=VERTEX_POINT('',#9023);
#3673=VERTEX_POINT('',#9027);
#3674=VERTEX_POINT('',#9031);
#3675=VERTEX_POINT('',#9035);
#3676=VERTEX_POINT('',#9041);
#3677=VERTEX_POINT('',#9043);
#3678=VERTEX_POINT('',#9045);
#3679=VERTEX_POINT('',#9053);
#3680=VERTEX_POINT('',#9056);
#3681=VERTEX_POINT('',#9059);
#3682=VERTEX_POINT('',#9061);
#3683=VERTEX_POINT('',#9071);
#3684=VERTEX_POINT('',#9075);
#3685=VERTEX_POINT('',#9079);
#3686=VERTEX_POINT('',#9109);
#3687=VERTEX_POINT('',#9111);
#3688=VERTEX_POINT('',#9115);
#3689=VERTEX_POINT('',#9119);
#3690=CIRCLE('',#5515,2.);
#3691=CIRCLE('',#5516,2.);
#3692=CIRCLE('',#5518,2.05);
#3693=CIRCLE('',#5519,2.05);
#3694=CIRCLE('',#5520,2.05);
#3695=CIRCLE('',#5522,2.05);
#3696=CIRCLE('',#5523,2.05);
#3697=CIRCLE('',#5524,2.05);
#3698=CIRCLE('',#5529,11.45);
#3699=CIRCLE('',#5530,3.05);
#3700=CIRCLE('',#5531,3.05);
#3701=CIRCLE('',#5536,3.);
#3702=CIRCLE('',#5537,3.);
#3703=CIRCLE('',#5539,3.);
#3704=CIRCLE('',#5540,3.);
#3705=CIRCLE('',#5542,2.);
#3706=CIRCLE('',#5544,10.);
#3707=CIRCLE('',#5545,20.);
#3708=CIRCLE('',#5546,5.);
#3709=CIRCLE('',#5547,5.);
#3710=CIRCLE('',#5548,1.5);
#3711=CIRCLE('',#5549,1.5);
#3712=CIRCLE('',#5550,5.);
#3713=CIRCLE('',#5551,5.);
#3714=CIRCLE('',#5552,5.);
#3715=CIRCLE('',#5553,5.);
#3716=CIRCLE('',#5554,5.);
#3717=CIRCLE('',#5555,2.);
#3718=CIRCLE('',#5556,2.);
#3719=CIRCLE('',#5557,2.);
#3720=CIRCLE('',#5558,2.);
#3721=CIRCLE('',#5559,2.);
#3722=CIRCLE('',#5560,2.);
#3723=CIRCLE('',#5561,2.);
#3724=CIRCLE('',#5562,2.);
#3725=CIRCLE('',#5563,5.);
#3726=CIRCLE('',#5564,5.);
#3727=CIRCLE('',#5565,5.);
#3728=CIRCLE('',#5566,5.);
#3729=CIRCLE('',#5567,5.);
#3730=CIRCLE('',#5568,5.);
#3731=CIRCLE('',#5569,5.);
#3732=CIRCLE('',#5570,5.);
#3733=CIRCLE('',#5571,5.);
#3734=CIRCLE('',#5572,5.);
#3735=CIRCLE('',#5573,5.);
#3736=CIRCLE('',#5574,5.);
#3737=CIRCLE('',#5575,5.);
#3738=CIRCLE('',#5576,5.);
#3739=CIRCLE('',#5578,0.999999999999987);
#3740=CIRCLE('',#5581,0.999999999999987);
#3741=CIRCLE('',#5585,0.999999999999987);
#3742=CIRCLE('',#5588,0.999999999999987);
#3743=CIRCLE('',#5590,1.);
#3744=CIRCLE('',#5591,1.);
#3745=CIRCLE('',#5592,1.);
#3746=CIRCLE('',#5593,1.);
#3747=CIRCLE('',#5594,1.);
#3748=CIRCLE('',#5595,1.);
#3749=CIRCLE('',#5596,1.);
#3750=CIRCLE('',#5597,1.);
#3751=CIRCLE('',#5599,1.);
#3752=CIRCLE('',#5602,1.);
#3753=CIRCLE('',#5606,1.);
#3754=CIRCLE('',#5607,1.);
#3755=CIRCLE('',#5609,1.);
#3756=CIRCLE('',#5610,1.);
#3757=CIRCLE('',#5614,10.);
#3758=CIRCLE('',#5616,3.05);
#3759=CIRCLE('',#5617,3.05);
#3760=CIRCLE('',#5619,2.);
#3761=CIRCLE('',#5621,20.);
#3762=CIRCLE('',#5622,4.69266145050547);
#3763=CIRCLE('',#5623,3.175);
#3764=CIRCLE('',#5624,5.08000000000007);
#3765=CIRCLE('',#5625,3.17500000000008);
#3766=CIRCLE('',#5626,5.03723525422655);
#3767=CIRCLE('',#5628,1.5);
#3768=CIRCLE('',#5637,1.99999994743757);
#3769=CIRCLE('',#5638,1.99999994743757);
#3770=CIRCLE('',#5640,1.5);
#3771=CIRCLE('',#5641,2.5);
#3772=CIRCLE('',#5643,2.5);
#3773=CIRCLE('',#5645,1.5);
#3774=CIRCLE('',#5646,2.5);
#3775=CIRCLE('',#5648,2.5);
#3776=CIRCLE('',#5650,1.5);
#3777=CIRCLE('',#5652,1.5);
#3778=CIRCLE('',#5666,1.);
#3779=CIRCLE('',#5674,1.);
#3780=CIRCLE('',#5677,1.);
#3781=CIRCLE('',#5682,1.);
#3782=CIRCLE('',#5685,1.);
#3783=CIRCLE('',#5687,1.);
#3784=CIRCLE('',#5695,1.);
#3785=CIRCLE('',#5703,1.);
#3786=CIRCLE('',#5711,1.);
#3787=CIRCLE('',#5719,1.);
#3788=CIRCLE('',#5720,1.);
#3789=CIRCLE('',#5721,1.);
#3790=CIRCLE('',#5736,1.);
#3791=CIRCLE('',#5737,1.);
#3792=CIRCLE('',#5741,1.);
#3793=CIRCLE('',#5742,1.);
#3794=CIRCLE('',#5744,3.175);
#3795=CIRCLE('',#5746,4.69266145050547);
#3796=CIRCLE('',#5753,5.03723525422655);
#3797=CIRCLE('',#5755,3.17500000000008);
#3798=CIRCLE('',#5757,5.08000000000007);
#3799=CIRCLE('',#5759,2.);
#3800=CIRCLE('',#5769,1.);
#3801=CIRCLE('',#5771,1.);
#3802=CIRCLE('',#5773,2.);
#3803=CIRCLE('',#5776,2.);
#3804=CIRCLE('',#5779,1.);
#3805=CIRCLE('',#5781,1.);
#3806=CIRCLE('',#5783,2.);
#3807=CIRCLE('',#5786,2.);
#3808=CIRCLE('',#5789,1.);
#3809=CIRCLE('',#5791,1.);
#3810=CIRCLE('',#5793,1.);
#3811=CIRCLE('',#5795,1.);
#3812=CIRCLE('',#5799,2.);
#3813=CIRCLE('',#5802,2.);
#3814=CIRCLE('',#5805,2.);
#3815=CIRCLE('',#5808,2.);
#3816=CIRCLE('',#5811,1.5);
#3817=CIRCLE('',#5816,2.5);
#3818=CIRCLE('',#5817,2.5);
#3819=CIRCLE('',#5819,1.5);
#3820=CIRCLE('',#5822,3.);
#3821=CIRCLE('',#5823,3.);
#3822=CIRCLE('',#5825,3.);
#3823=CIRCLE('',#5826,3.);
#3824=CIRCLE('',#5828,3.);
#3825=CIRCLE('',#5829,3.);
#3826=CIRCLE('',#5831,3.);
#3827=CIRCLE('',#5832,3.);
#3828=CIRCLE('',#5834,3.);
#3829=CIRCLE('',#5835,3.);
#3830=CIRCLE('',#5837,3.);
#3831=CIRCLE('',#5838,3.);
#3832=CIRCLE('',#5840,3.);
#3833=CIRCLE('',#5841,3.);
#3834=CIRCLE('',#5843,3.);
#3835=CIRCLE('',#5844,3.);
#3836=CIRCLE('',#5846,3.);
#3837=CIRCLE('',#5847,3.);
#3838=CIRCLE('',#5849,3.);
#3839=CIRCLE('',#5850,3.);
#3840=CIRCLE('',#5852,3.);
#3841=CIRCLE('',#5853,3.);
#3842=CIRCLE('',#5855,3.);
#3843=CIRCLE('',#5856,3.);
#3844=CIRCLE('',#5858,3.);
#3845=CIRCLE('',#5859,3.);
#3846=CIRCLE('',#5861,3.);
#3847=CIRCLE('',#5862,3.);
#3848=CIRCLE('',#5864,3.);
#3849=CIRCLE('',#5865,3.);
#3850=CIRCLE('',#5867,3.);
#3851=CIRCLE('',#5868,3.);
#3852=CIRCLE('',#5870,3.);
#3853=CIRCLE('',#5871,3.);
#3854=CIRCLE('',#5873,3.);
#3855=CIRCLE('',#5874,3.);
#3856=CIRCLE('',#5876,5.);
#3857=CIRCLE('',#5878,5.);
#3858=CIRCLE('',#5880,5.);
#3859=CIRCLE('',#5882,5.);
#3860=CIRCLE('',#5884,5.);
#3861=CIRCLE('',#5886,5.);
#3862=CIRCLE('',#5888,5.);
#3863=CIRCLE('',#5890,5.);
#3864=CIRCLE('',#5892,5.);
#3865=CIRCLE('',#5894,5.);
#3866=CIRCLE('',#5896,5.);
#3867=CIRCLE('',#5898,5.);
#3868=CIRCLE('',#5900,5.);
#3869=CIRCLE('',#5902,5.);
#3870=CIRCLE('',#5904,5.);
#3871=CIRCLE('',#5906,5.);
#3872=CIRCLE('',#5908,5.);
#3873=CIRCLE('',#5910,5.);
#3874=CIRCLE('',#5912,5.);
#3875=CIRCLE('',#5914,5.);
#3876=CIRCLE('',#5916,1.5);
#3877=CIRCLE('',#5918,2.5);
#3878=CIRCLE('',#5919,2.5);
#3879=CIRCLE('',#5926,1.);
#3880=CIRCLE('',#5928,0.999999999999987);
#3881=CIRCLE('',#5930,0.999999999999987);
#3882=CIRCLE('',#5932,0.999999999999987);
#3883=CIRCLE('',#5937,1.);
#3884=CIRCLE('',#5939,0.999999999999987);
#3885=CIRCLE('',#5943,2.);
#3886=CIRCLE('',#5946,2.);
#3887=CIRCLE('',#5949,0.999999999999987);
#3888=CIRCLE('',#5952,0.999999999999987);
#3889=CIRCLE('',#5961,3.);
#3890=CIRCLE('',#5962,1.5);
#3891=CIRCLE('',#5963,1.5);
#3892=CIRCLE('',#5973,1.);
#3893=CIRCLE('',#5976,1.);
#3894=CIRCLE('',#5979,1.);
#3895=CIRCLE('',#5982,1.);
#3896=CIRCLE('',#5988,1.);
#3897=CIRCLE('',#5991,1.);
#3898=CIRCLE('',#5994,1.);
#3899=CIRCLE('',#5997,1.);
#3900=CIRCLE('',#6002,4.09999999999999);
#3901=CIRCLE('',#6003,4.10000000000001);
#3902=CIRCLE('',#6004,4.09999999999999);
#3903=CIRCLE('',#6010,3.);
#3904=CIRCLE('',#6012,5.);
#3905=CIRCLE('',#6019,4.09999999999999);
#3906=CIRCLE('',#6022,4.10000000000001);
#3907=CIRCLE('',#6025,4.09999999999999);
#3908=EDGE_LOOP('',(#1149));
#3909=EDGE_LOOP('',(#1150));
#3910=EDGE_LOOP('',(#1151,#1152,#1153,#1154));
#3911=EDGE_LOOP('',(#1155));
#3912=EDGE_LOOP('',(#1156,#1157,#1158,#1159));
#3913=EDGE_LOOP('',(#1160));
#3914=EDGE_LOOP('',(#1161,#1162,#1163,#1164));
#3915=EDGE_LOOP('',(#1165,#1166,#1167,#1168));
#3916=EDGE_LOOP('',(#1169,#1170,#1171,#1172));
#3917=EDGE_LOOP('',(#1173,#1174,#1175,#1176,#1177,#1178,#1179,#1180,#1181,
#1182,#1183,#1184,#1185,#1186,#1187,#1188,#1189,#1190,#1191,#1192,#1193));
#3918=EDGE_LOOP('',(#1194,#1195,#1196));
#3919=EDGE_LOOP('',(#1197,#1198,#1199,#1200,#1201,#1202,#1203));
#3920=EDGE_LOOP('',(#1204));
#3921=EDGE_LOOP('',(#1205));
#3922=EDGE_LOOP('',(#1206));
#3923=EDGE_LOOP('',(#1207));
#3924=EDGE_LOOP('',(#1208));
#3925=EDGE_LOOP('',(#1209,#1210,#1211,#1212,#1213));
#3926=EDGE_LOOP('',(#1214,#1215,#1216,#1217));
#3927=EDGE_LOOP('',(#1218,#1219,#1220,#1221,#1222,#1223,#1224,#1225,#1226,
#1227,#1228,#1229,#1230,#1231,#1232,#1233,#1234,#1235,#1236,#1237,#1238,
#1239,#1240,#1241,#1242,#1243,#1244,#1245,#1246,#1247));
#3928=EDGE_LOOP('',(#1248,#1249,#1250,#1251));
#3929=EDGE_LOOP('',(#1252));
#3930=EDGE_LOOP('',(#1253));
#3931=EDGE_LOOP('',(#1254));
#3932=EDGE_LOOP('',(#1255));
#3933=EDGE_LOOP('',(#1256));
#3934=EDGE_LOOP('',(#1257));
#3935=EDGE_LOOP('',(#1258));
#3936=EDGE_LOOP('',(#1259));
#3937=EDGE_LOOP('',(#1260));
#3938=EDGE_LOOP('',(#1261));
#3939=EDGE_LOOP('',(#1262));
#3940=EDGE_LOOP('',(#1263));
#3941=EDGE_LOOP('',(#1264));
#3942=EDGE_LOOP('',(#1265));
#3943=EDGE_LOOP('',(#1266));
#3944=EDGE_LOOP('',(#1267));
#3945=EDGE_LOOP('',(#1268));
#3946=EDGE_LOOP('',(#1269,#1270,#1271,#1272));
#3947=EDGE_LOOP('',(#1273));
#3948=EDGE_LOOP('',(#1274));
#3949=EDGE_LOOP('',(#1275));
#3950=EDGE_LOOP('',(#1276,#1277,#1278,#1279));
#3951=EDGE_LOOP('',(#1280));
#3952=EDGE_LOOP('',(#1281));
#3953=EDGE_LOOP('',(#1282));
#3954=EDGE_LOOP('',(#1283));
#3955=EDGE_LOOP('',(#1284));
#3956=EDGE_LOOP('',(#1285));
#3957=EDGE_LOOP('',(#1286));
#3958=EDGE_LOOP('',(#1287));
#3959=EDGE_LOOP('',(#1288));
#3960=EDGE_LOOP('',(#1289));
#3961=EDGE_LOOP('',(#1290));
#3962=EDGE_LOOP('',(#1291,#1292,#1293,#1294));
#3963=EDGE_LOOP('',(#1295));
#3964=EDGE_LOOP('',(#1296,#1297,#1298,#1299));
#3965=EDGE_LOOP('',(#1300,#1301,#1302,#1303));
#3966=EDGE_LOOP('',(#1304));
#3967=EDGE_LOOP('',(#1305,#1306,#1307,#1308));
#3968=EDGE_LOOP('',(#1309,#1310,#1311,#1312));
#3969=EDGE_LOOP('',(#1313,#1314,#1315,#1316));
#3970=EDGE_LOOP('',(#1317));
#3971=EDGE_LOOP('',(#1318,#1319,#1320,#1321));
#3972=EDGE_LOOP('',(#1322,#1323,#1324,#1325));
#3973=EDGE_LOOP('',(#1326));
#3974=EDGE_LOOP('',(#1327,#1328,#1329,#1330));
#3975=EDGE_LOOP('',(#1331));
#3976=EDGE_LOOP('',(#1332));
#3977=EDGE_LOOP('',(#1333));
#3978=EDGE_LOOP('',(#1334));
#3979=EDGE_LOOP('',(#1335));
#3980=EDGE_LOOP('',(#1336));
#3981=EDGE_LOOP('',(#1337));
#3982=EDGE_LOOP('',(#1338));
#3983=EDGE_LOOP('',(#1339,#1340,#1341,#1342,#1343,#1344,#1345,#1346,#1347,
#1348,#1349));
#3984=EDGE_LOOP('',(#1350,#1351,#1352,#1353));
#3985=EDGE_LOOP('',(#1354));
#3986=EDGE_LOOP('',(#1355,#1356,#1357,#1358));
#3987=EDGE_LOOP('',(#1359,#1360,#1361,#1362));
#3988=EDGE_LOOP('',(#1363));
#3989=EDGE_LOOP('',(#1364,#1365,#1366,#1367));
#3990=EDGE_LOOP('',(#1368,#1369,#1370,#1371));
#3991=EDGE_LOOP('',(#1372,#1373,#1374,#1375,#1376,#1377,#1378,#1379));
#3992=EDGE_LOOP('',(#1380));
#3993=EDGE_LOOP('',(#1381));
#3994=EDGE_LOOP('',(#1382,#1383,#1384,#1385));
#3995=EDGE_LOOP('',(#1386));
#3996=EDGE_LOOP('',(#1387));
#3997=EDGE_LOOP('',(#1388,#1389,#1390,#1391));
#3998=EDGE_LOOP('',(#1392,#1393,#1394,#1395));
#3999=EDGE_LOOP('',(#1396,#1397,#1398,#1399));
#4000=EDGE_LOOP('',(#1400,#1401,#1402,#1403,#1404,#1405));
#4001=EDGE_LOOP('',(#1406,#1407,#1408,#1409,#1410,#1411,#1412,#1413,#1414,
#1415,#1416,#1417,#1418,#1419,#1420,#1421));
#4002=EDGE_LOOP('',(#1422));
#4003=EDGE_LOOP('',(#1423,#1424,#1425,#1426,#1427));
#4004=EDGE_LOOP('',(#1428,#1429,#1430,#1431,#1432,#1433,#1434));
#4005=EDGE_LOOP('',(#1435,#1436,#1437,#1438));
#4006=EDGE_LOOP('',(#1439,#1440,#1441,#1442));
#4007=EDGE_LOOP('',(#1443,#1444,#1445,#1446,#1447,#1448,#1449,#1450,#1451,
#1452));
#4008=EDGE_LOOP('',(#1453));
#4009=EDGE_LOOP('',(#1454,#1455,#1456,#1457));
#4010=EDGE_LOOP('',(#1458,#1459,#1460,#1461));
#4011=EDGE_LOOP('',(#1462,#1463,#1464,#1465));
#4012=EDGE_LOOP('',(#1466,#1467,#1468,#1469));
#4013=EDGE_LOOP('',(#1470,#1471,#1472,#1473));
#4014=EDGE_LOOP('',(#1474,#1475,#1476,#1477));
#4015=EDGE_LOOP('',(#1478,#1479,#1480,#1481));
#4016=EDGE_LOOP('',(#1482,#1483,#1484,#1485,#1486,#1487));
#4017=EDGE_LOOP('',(#1488,#1489,#1490,#1491));
#4018=EDGE_LOOP('',(#1492));
#4019=EDGE_LOOP('',(#1493));
#4020=EDGE_LOOP('',(#1494));
#4021=EDGE_LOOP('',(#1495));
#4022=EDGE_LOOP('',(#1496));
#4023=EDGE_LOOP('',(#1497));
#4024=EDGE_LOOP('',(#1498));
#4025=EDGE_LOOP('',(#1499));
#4026=EDGE_LOOP('',(#1500));
#4027=EDGE_LOOP('',(#1501));
#4028=EDGE_LOOP('',(#1502));
#4029=EDGE_LOOP('',(#1503));
#4030=EDGE_LOOP('',(#1504));
#4031=EDGE_LOOP('',(#1505));
#4032=EDGE_LOOP('',(#1506,#1507,#1508,#1509));
#4033=EDGE_LOOP('',(#1510,#1511,#1512,#1513));
#4034=EDGE_LOOP('',(#1514,#1515,#1516,#1517));
#4035=EDGE_LOOP('',(#1518,#1519,#1520,#1521));
#4036=EDGE_LOOP('',(#1522,#1523,#1524,#1525));
#4037=EDGE_LOOP('',(#1526));
#4038=EDGE_LOOP('',(#1527,#1528,#1529,#1530));
#4039=EDGE_LOOP('',(#1531,#1532,#1533,#1534));
#4040=EDGE_LOOP('',(#1535,#1536,#1537,#1538));
#4041=EDGE_LOOP('',(#1539,#1540,#1541,#1542));
#4042=EDGE_LOOP('',(#1543,#1544,#1545,#1546));
#4043=EDGE_LOOP('',(#1547,#1548,#1549,#1550));
#4044=EDGE_LOOP('',(#1551,#1552,#1553,#1554,#1555,#1556,#1557,#1558,#1559,
#1560,#1561,#1562));
#4045=EDGE_LOOP('',(#1563));
#4046=EDGE_LOOP('',(#1564,#1565,#1566,#1567,#1568,#1569));
#4047=EDGE_LOOP('',(#1570,#1571,#1572,#1573));
#4048=EDGE_LOOP('',(#1574,#1575,#1576,#1577));
#4049=EDGE_LOOP('',(#1578,#1579,#1580,#1581));
#4050=EDGE_LOOP('',(#1582,#1583,#1584,#1585));
#4051=EDGE_LOOP('',(#1586,#1587,#1588,#1589));
#4052=EDGE_LOOP('',(#1590,#1591,#1592,#1593));
#4053=EDGE_LOOP('',(#1594,#1595,#1596,#1597,#1598));
#4054=EDGE_LOOP('',(#1599,#1600,#1601,#1602));
#4055=EDGE_LOOP('',(#1603,#1604,#1605,#1606,#1607));
#4056=EDGE_LOOP('',(#1608,#1609,#1610,#1611));
#4057=EDGE_LOOP('',(#1612,#1613,#1614,#1615));
#4058=EDGE_LOOP('',(#1616,#1617,#1618,#1619));
#4059=EDGE_LOOP('',(#1620,#1621,#1622,#1623,#1624));
#4060=EDGE_LOOP('',(#1625,#1626,#1627,#1628));
#4061=EDGE_LOOP('',(#1629,#1630,#1631,#1632,#1633));
#4062=EDGE_LOOP('',(#1634));
#4063=EDGE_LOOP('',(#1635,#1636,#1637,#1638,#1639,#1640));
#4064=EDGE_LOOP('',(#1641,#1642,#1643,#1644));
#4065=EDGE_LOOP('',(#1645,#1646,#1647,#1648));
#4066=EDGE_LOOP('',(#1649,#1650,#1651,#1652));
#4067=EDGE_LOOP('',(#1653,#1654,#1655,#1656));
#4068=EDGE_LOOP('',(#1657,#1658,#1659,#1660));
#4069=EDGE_LOOP('',(#1661,#1662,#1663,#1664));
#4070=EDGE_LOOP('',(#1665));
#4071=EDGE_LOOP('',(#1666,#1667,#1668,#1669,#1670,#1671));
#4072=EDGE_LOOP('',(#1672,#1673,#1674,#1675));
#4073=EDGE_LOOP('',(#1676,#1677,#1678,#1679));
#4074=EDGE_LOOP('',(#1680,#1681,#1682,#1683));
#4075=EDGE_LOOP('',(#1684,#1685,#1686,#1687));
#4076=EDGE_LOOP('',(#1688,#1689,#1690,#1691));
#4077=EDGE_LOOP('',(#1692,#1693,#1694,#1695));
#4078=EDGE_LOOP('',(#1696));
#4079=EDGE_LOOP('',(#1697,#1698,#1699,#1700,#1701,#1702));
#4080=EDGE_LOOP('',(#1703,#1704,#1705,#1706));
#4081=EDGE_LOOP('',(#1707,#1708,#1709,#1710));
#4082=EDGE_LOOP('',(#1711,#1712,#1713,#1714));
#4083=EDGE_LOOP('',(#1715,#1716,#1717,#1718));
#4084=EDGE_LOOP('',(#1719,#1720,#1721,#1722));
#4085=EDGE_LOOP('',(#1723,#1724,#1725,#1726));
#4086=EDGE_LOOP('',(#1727));
#4087=EDGE_LOOP('',(#1728,#1729,#1730,#1731,#1732,#1733));
#4088=EDGE_LOOP('',(#1734,#1735,#1736,#1737));
#4089=EDGE_LOOP('',(#1738,#1739,#1740,#1741));
#4090=EDGE_LOOP('',(#1742,#1743,#1744,#1745));
#4091=EDGE_LOOP('',(#1746,#1747,#1748,#1749));
#4092=EDGE_LOOP('',(#1750,#1751,#1752,#1753));
#4093=EDGE_LOOP('',(#1754,#1755,#1756,#1757));
#4094=EDGE_LOOP('',(#1758));
#4095=EDGE_LOOP('',(#1759));
#4096=EDGE_LOOP('',(#1760));
#4097=EDGE_LOOP('',(#1761,#1762,#1763,#1764));
#4098=EDGE_LOOP('',(#1765,#1766,#1767,#1768));
#4099=EDGE_LOOP('',(#1769,#1770,#1771,#1772));
#4100=EDGE_LOOP('',(#1773,#1774,#1775,#1776));
#4101=EDGE_LOOP('',(#1777,#1778,#1779,#1780));
#4102=EDGE_LOOP('',(#1781,#1782,#1783,#1784,#1785,#1786,#1787,#1788));
#4103=EDGE_LOOP('',(#1789,#1790,#1791,#1792));
#4104=EDGE_LOOP('',(#1793));
#4105=EDGE_LOOP('',(#1794));
#4106=EDGE_LOOP('',(#1795));
#4107=EDGE_LOOP('',(#1796));
#4108=EDGE_LOOP('',(#1797));
#4109=EDGE_LOOP('',(#1798));
#4110=EDGE_LOOP('',(#1799));
#4111=EDGE_LOOP('',(#1800));
#4112=EDGE_LOOP('',(#1801,#1802,#1803,#1804,#1805,#1806,#1807,#1808));
#4113=EDGE_LOOP('',(#1809));
#4114=EDGE_LOOP('',(#1810));
#4115=EDGE_LOOP('',(#1811,#1812,#1813,#1814,#1815,#1816));
#4116=EDGE_LOOP('',(#1817,#1818,#1819,#1820,#1821,#1822));
#4117=EDGE_LOOP('',(#1823,#1824,#1825,#1826,#1827,#1828));
#4118=EDGE_LOOP('',(#1829,#1830,#1831,#1832,#1833,#1834));
#4119=EDGE_LOOP('',(#1835,#1836,#1837,#1838,#1839,#1840));
#4120=EDGE_LOOP('',(#1841,#1842,#1843,#1844));
#4121=EDGE_LOOP('',(#1845));
#4122=EDGE_LOOP('',(#1846));
#4123=EDGE_LOOP('',(#1847,#1848,#1849,#1850,#1851,#1852,#1853,#1854));
#4124=EDGE_LOOP('',(#1855,#1856,#1857,#1858));
#4125=EDGE_LOOP('',(#1859,#1860,#1861,#1862,#1863,#1864));
#4126=EDGE_LOOP('',(#1865,#1866,#1867,#1868));
#4127=EDGE_LOOP('',(#1869,#1870,#1871,#1872,#1873,#1874));
#4128=EDGE_LOOP('',(#1875));
#4129=EDGE_LOOP('',(#1876));
#4130=EDGE_LOOP('',(#1877,#1878,#1879,#1880,#1881,#1882,#1883,#1884));
#4131=EDGE_LOOP('',(#1885,#1886,#1887,#1888));
#4132=EDGE_LOOP('',(#1889,#1890,#1891,#1892));
#4133=EDGE_LOOP('',(#1893,#1894,#1895,#1896));
#4134=EDGE_LOOP('',(#1897,#1898,#1899,#1900));
#4135=EDGE_LOOP('',(#1901,#1902,#1903,#1904));
#4136=EDGE_LOOP('',(#1905,#1906,#1907,#1908));
#4137=EDGE_LOOP('',(#1909,#1910,#1911,#1912));
#4138=EDGE_LOOP('',(#1913,#1914,#1915,#1916));
#4139=EDGE_LOOP('',(#1917,#1918,#1919,#1920));
#4140=EDGE_LOOP('',(#1921,#1922,#1923,#1924));
#4141=EDGE_LOOP('',(#1925,#1926,#1927,#1928,#1929,#1930,#1931,#1932,#1933,
#1934));
#4142=EDGE_LOOP('',(#1935,#1936));
#4143=EDGE_LOOP('',(#1937,#1938,#1939,#1940));
#4144=EDGE_LOOP('',(#1941,#1942,#1943,#1944));
#4145=EDGE_LOOP('',(#1945,#1946,#1947,#1948));
#4146=EDGE_LOOP('',(#1949,#1950,#1951,#1952));
#4147=EDGE_LOOP('',(#1953,#1954,#1955,#1956));
#4148=EDGE_LOOP('',(#1957,#1958,#1959,#1960));
#4149=EDGE_LOOP('',(#1961,#1962,#1963,#1964));
#4150=EDGE_LOOP('',(#1965));
#4151=EDGE_LOOP('',(#1966,#1967,#1968,#1969,#1970,#1971));
#4152=EDGE_LOOP('',(#1972));
#4153=EDGE_LOOP('',(#1973));
#4154=EDGE_LOOP('',(#1974));
#4155=EDGE_LOOP('',(#1975));
#4156=EDGE_LOOP('',(#1976));
#4157=EDGE_LOOP('',(#1977));
#4158=EDGE_LOOP('',(#1978));
#4159=EDGE_LOOP('',(#1979));
#4160=EDGE_LOOP('',(#1980));
#4161=EDGE_LOOP('',(#1981));
#4162=EDGE_LOOP('',(#1982));
#4163=EDGE_LOOP('',(#1983));
#4164=EDGE_LOOP('',(#1984));
#4165=EDGE_LOOP('',(#1985));
#4166=EDGE_LOOP('',(#1986));
#4167=EDGE_LOOP('',(#1987));
#4168=EDGE_LOOP('',(#1988));
#4169=EDGE_LOOP('',(#1989));
#4170=EDGE_LOOP('',(#1990));
#4171=EDGE_LOOP('',(#1991));
#4172=EDGE_LOOP('',(#1992));
#4173=EDGE_LOOP('',(#1993));
#4174=EDGE_LOOP('',(#1994));
#4175=EDGE_LOOP('',(#1995));
#4176=EDGE_LOOP('',(#1996));
#4177=EDGE_LOOP('',(#1997));
#4178=EDGE_LOOP('',(#1998));
#4179=EDGE_LOOP('',(#1999));
#4180=EDGE_LOOP('',(#2000));
#4181=EDGE_LOOP('',(#2001));
#4182=EDGE_LOOP('',(#2002));
#4183=EDGE_LOOP('',(#2003));
#4184=EDGE_LOOP('',(#2004,#2005,#2006,#2007));
#4185=EDGE_LOOP('',(#2008,#2009,#2010,#2011));
#4186=EDGE_LOOP('',(#2012));
#4187=EDGE_LOOP('',(#2013));
#4188=EDGE_LOOP('',(#2014));
#4189=EDGE_LOOP('',(#2015));
#4190=EDGE_LOOP('',(#2016));
#4191=EDGE_LOOP('',(#2017));
#4192=EDGE_LOOP('',(#2018));
#4193=EDGE_LOOP('',(#2019));
#4194=EDGE_LOOP('',(#2020));
#4195=EDGE_LOOP('',(#2021));
#4196=EDGE_LOOP('',(#2022));
#4197=EDGE_LOOP('',(#2023));
#4198=EDGE_LOOP('',(#2024));
#4199=EDGE_LOOP('',(#2025));
#4200=EDGE_LOOP('',(#2026));
#4201=EDGE_LOOP('',(#2027));
#4202=EDGE_LOOP('',(#2028,#2029,#2030,#2031));
#4203=EDGE_LOOP('',(#2032));
#4204=EDGE_LOOP('',(#2033,#2034,#2035,#2036));
#4205=EDGE_LOOP('',(#2037,#2038,#2039,#2040));
#4206=EDGE_LOOP('',(#2041,#2042,#2043,#2044));
#4207=EDGE_LOOP('',(#2045));
#4208=EDGE_LOOP('',(#2046));
#4209=EDGE_LOOP('',(#2047));
#4210=EDGE_LOOP('',(#2048));
#4211=EDGE_LOOP('',(#2049));
#4212=EDGE_LOOP('',(#2050));
#4213=EDGE_LOOP('',(#2051));
#4214=EDGE_LOOP('',(#2052));
#4215=EDGE_LOOP('',(#2053));
#4216=EDGE_LOOP('',(#2054));
#4217=EDGE_LOOP('',(#2055));
#4218=EDGE_LOOP('',(#2056));
#4219=EDGE_LOOP('',(#2057));
#4220=EDGE_LOOP('',(#2058));
#4221=EDGE_LOOP('',(#2059));
#4222=EDGE_LOOP('',(#2060));
#4223=EDGE_LOOP('',(#2061));
#4224=EDGE_LOOP('',(#2062));
#4225=EDGE_LOOP('',(#2063));
#4226=EDGE_LOOP('',(#2064));
#4227=EDGE_LOOP('',(#2065));
#4228=EDGE_LOOP('',(#2066));
#4229=EDGE_LOOP('',(#2067));
#4230=EDGE_LOOP('',(#2068));
#4231=EDGE_LOOP('',(#2069));
#4232=EDGE_LOOP('',(#2070));
#4233=EDGE_LOOP('',(#2071));
#4234=EDGE_LOOP('',(#2072));
#4235=EDGE_LOOP('',(#2073));
#4236=EDGE_LOOP('',(#2074));
#4237=EDGE_LOOP('',(#2075));
#4238=EDGE_LOOP('',(#2076));
#4239=EDGE_LOOP('',(#2077));
#4240=EDGE_LOOP('',(#2078));
#4241=EDGE_LOOP('',(#2079));
#4242=EDGE_LOOP('',(#2080));
#4243=EDGE_LOOP('',(#2081));
#4244=EDGE_LOOP('',(#2082));
#4245=EDGE_LOOP('',(#2083));
#4246=EDGE_LOOP('',(#2084));
#4247=EDGE_LOOP('',(#2085));
#4248=EDGE_LOOP('',(#2086));
#4249=EDGE_LOOP('',(#2087));
#4250=EDGE_LOOP('',(#2088));
#4251=EDGE_LOOP('',(#2089));
#4252=EDGE_LOOP('',(#2090));
#4253=EDGE_LOOP('',(#2091));
#4254=EDGE_LOOP('',(#2092));
#4255=EDGE_LOOP('',(#2093));
#4256=EDGE_LOOP('',(#2094));
#4257=EDGE_LOOP('',(#2095));
#4258=EDGE_LOOP('',(#2096));
#4259=EDGE_LOOP('',(#2097));
#4260=EDGE_LOOP('',(#2098));
#4261=EDGE_LOOP('',(#2099));
#4262=EDGE_LOOP('',(#2100));
#4263=EDGE_LOOP('',(#2101));
#4264=EDGE_LOOP('',(#2102));
#4265=EDGE_LOOP('',(#2103));
#4266=EDGE_LOOP('',(#2104));
#4267=EDGE_LOOP('',(#2105));
#4268=EDGE_LOOP('',(#2106));
#4269=EDGE_LOOP('',(#2107));
#4270=EDGE_LOOP('',(#2108));
#4271=EDGE_LOOP('',(#2109));
#4272=EDGE_LOOP('',(#2110));
#4273=EDGE_LOOP('',(#2111));
#4274=EDGE_LOOP('',(#2112));
#4275=EDGE_LOOP('',(#2113));
#4276=EDGE_LOOP('',(#2114));
#4277=EDGE_LOOP('',(#2115));
#4278=EDGE_LOOP('',(#2116));
#4279=EDGE_LOOP('',(#2117));
#4280=EDGE_LOOP('',(#2118));
#4281=EDGE_LOOP('',(#2119));
#4282=EDGE_LOOP('',(#2120));
#4283=EDGE_LOOP('',(#2121));
#4284=EDGE_LOOP('',(#2122));
#4285=EDGE_LOOP('',(#2123));
#4286=EDGE_LOOP('',(#2124));
#4287=EDGE_LOOP('',(#2125));
#4288=EDGE_LOOP('',(#2126));
#4289=EDGE_LOOP('',(#2127));
#4290=EDGE_LOOP('',(#2128));
#4291=EDGE_LOOP('',(#2129));
#4292=EDGE_LOOP('',(#2130));
#4293=EDGE_LOOP('',(#2131));
#4294=EDGE_LOOP('',(#2132));
#4295=EDGE_LOOP('',(#2133,#2134,#2135,#2136));
#4296=EDGE_LOOP('',(#2137,#2138,#2139,#2140));
#4297=EDGE_LOOP('',(#2141,#2142,#2143,#2144));
#4298=EDGE_LOOP('',(#2145,#2146,#2147,#2148));
#4299=EDGE_LOOP('',(#2149));
#4300=EDGE_LOOP('',(#2150,#2151,#2152,#2153));
#4301=EDGE_LOOP('',(#2154));
#4302=EDGE_LOOP('',(#2155,#2156,#2157,#2158));
#4303=EDGE_LOOP('',(#2159));
#4304=EDGE_LOOP('',(#2160,#2161,#2162,#2163));
#4305=EDGE_LOOP('',(#2164));
#4306=EDGE_LOOP('',(#2165,#2166,#2167,#2168));
#4307=EDGE_LOOP('',(#2169,#2170,#2171,#2172));
#4308=EDGE_LOOP('',(#2173,#2174,#2175,#2176));
#4309=EDGE_LOOP('',(#2177,#2178,#2179,#2180));
#4310=EDGE_LOOP('',(#2181));
#4311=EDGE_LOOP('',(#2182));
#4312=EDGE_LOOP('',(#2183));
#4313=EDGE_LOOP('',(#2184));
#4314=EDGE_LOOP('',(#2185));
#4315=EDGE_LOOP('',(#2186));
#4316=EDGE_LOOP('',(#2187));
#4317=EDGE_LOOP('',(#2188));
#4318=EDGE_LOOP('',(#2189));
#4319=EDGE_LOOP('',(#2190));
#4320=EDGE_LOOP('',(#2191));
#4321=EDGE_LOOP('',(#2192));
#4322=EDGE_LOOP('',(#2193));
#4323=EDGE_LOOP('',(#2194));
#4324=EDGE_LOOP('',(#2195));
#4325=EDGE_LOOP('',(#2196));
#4326=EDGE_LOOP('',(#2197));
#4327=EDGE_LOOP('',(#2198));
#4328=EDGE_LOOP('',(#2199));
#4329=EDGE_LOOP('',(#2200));
#4330=EDGE_LOOP('',(#2201));
#4331=EDGE_LOOP('',(#2202));
#4332=EDGE_LOOP('',(#2203,#2204,#2205,#2206));
#4333=EDGE_LOOP('',(#2207,#2208,#2209,#2210));
#4334=EDGE_LOOP('',(#2211,#2212,#2213,#2214));
#4335=EDGE_LOOP('',(#2215,#2216,#2217,#2218));
#4336=EDGE_LOOP('',(#2219,#2220,#2221,#2222));
#4337=EDGE_LOOP('',(#2223,#2224,#2225,#2226));
#4338=EDGE_LOOP('',(#2227,#2228,#2229,#2230,#2231,#2232,#2233,#2234,#2235,
#2236,#2237,#2238,#2239,#2240,#2241,#2242,#2243,#2244));
#4339=EDGE_LOOP('',(#2245));
#4340=EDGE_LOOP('',(#2246));
#4341=EDGE_LOOP('',(#2247));
#4342=EDGE_LOOP('',(#2248));
#4343=EDGE_LOOP('',(#2249));
#4344=EDGE_LOOP('',(#2250));
#4345=EDGE_LOOP('',(#2251));
#4346=EDGE_LOOP('',(#2252));
#4347=EDGE_LOOP('',(#2253));
#4348=EDGE_LOOP('',(#2254));
#4349=EDGE_LOOP('',(#2255));
#4350=EDGE_LOOP('',(#2256));
#4351=EDGE_LOOP('',(#2257,#2258,#2259,#2260,#2261,#2262));
#4352=EDGE_LOOP('',(#2263));
#4353=EDGE_LOOP('',(#2264));
#4354=EDGE_LOOP('',(#2265));
#4355=EDGE_LOOP('',(#2266));
#4356=EDGE_LOOP('',(#2267));
#4357=EDGE_LOOP('',(#2268));
#4358=EDGE_LOOP('',(#2269));
#4359=EDGE_LOOP('',(#2270));
#4360=EDGE_LOOP('',(#2271,#2272,#2273,#2274));
#4361=EDGE_LOOP('',(#2275,#2276,#2277,#2278));
#4362=EDGE_LOOP('',(#2279,#2280,#2281,#2282,#2283,#2284,#2285,#2286,#2287));
#4363=EDGE_LOOP('',(#2288));
#4364=EDGE_LOOP('',(#2289));
#4365=EDGE_LOOP('',(#2290));
#4366=EDGE_LOOP('',(#2291));
#4367=EDGE_LOOP('',(#2292,#2293,#2294,#2295));
#4368=EDGE_LOOP('',(#2296,#2297,#2298,#2299));
#4369=EDGE_LOOP('',(#2300,#2301,#2302,#2303));
#4370=EDGE_LOOP('',(#2304,#2305,#2306,#2307));
#4371=EDGE_LOOP('',(#2308));
#4372=EDGE_LOOP('',(#2309));
#4373=EDGE_LOOP('',(#2310,#2311,#2312,#2313));
#4374=EDGE_LOOP('',(#2314));
#4375=EDGE_LOOP('',(#2315));
#4376=EDGE_LOOP('',(#2316));
#4377=EDGE_LOOP('',(#2317));
#4378=EDGE_LOOP('',(#2318));
#4379=EDGE_LOOP('',(#2319,#2320,#2321,#2322));
#4380=EDGE_LOOP('',(#2323));
#4381=EDGE_LOOP('',(#2324));
#4382=EDGE_LOOP('',(#2325));
#4383=EDGE_LOOP('',(#2326));
#4384=EDGE_LOOP('',(#2327));
#4385=EDGE_LOOP('',(#2328));
#4386=EDGE_LOOP('',(#2329,#2330,#2331,#2332));
#4387=EDGE_LOOP('',(#2333));
#4388=EDGE_LOOP('',(#2334,#2335,#2336,#2337));
#4389=EDGE_LOOP('',(#2338,#2339,#2340,#2341));
#4390=EDGE_LOOP('',(#2342,#2343,#2344,#2345));
#4391=EDGE_LOOP('',(#2346));
#4392=EDGE_LOOP('',(#2347));
#4393=EDGE_LOOP('',(#2348));
#4394=EDGE_LOOP('',(#2349));
#4395=EDGE_LOOP('',(#2350));
#4396=EDGE_LOOP('',(#2351));
#4397=EDGE_LOOP('',(#2352));
#4398=EDGE_LOOP('',(#2353));
#4399=EDGE_LOOP('',(#2354));
#4400=EDGE_LOOP('',(#2355));
#4401=EDGE_LOOP('',(#2356));
#4402=EDGE_LOOP('',(#2357));
#4403=EDGE_LOOP('',(#2358));
#4404=EDGE_LOOP('',(#2359));
#4405=EDGE_LOOP('',(#2360));
#4406=EDGE_LOOP('',(#2361));
#4407=EDGE_LOOP('',(#2362));
#4408=EDGE_LOOP('',(#2363));
#4409=EDGE_LOOP('',(#2364));
#4410=EDGE_LOOP('',(#2365,#2366,#2367,#2368));
#4411=EDGE_LOOP('',(#2369,#2370,#2371,#2372));
#4412=EDGE_LOOP('',(#2373,#2374,#2375,#2376));
#4413=EDGE_LOOP('',(#2377,#2378,#2379,#2380));
#4414=EDGE_LOOP('',(#2381,#2382,#2383,#2384));
#4415=EDGE_LOOP('',(#2385));
#4416=EDGE_LOOP('',(#2386));
#4417=EDGE_LOOP('',(#2387));
#4418=EDGE_LOOP('',(#2388));
#4419=EDGE_LOOP('',(#2389));
#4420=EDGE_LOOP('',(#2390));
#4421=EDGE_LOOP('',(#2391,#2392,#2393,#2394));
#4422=EDGE_LOOP('',(#2395,#2396,#2397,#2398));
#4423=EDGE_LOOP('',(#2399,#2400,#2401,#2402));
#4424=EDGE_LOOP('',(#2403,#2404,#2405,#2406));
#4425=EDGE_LOOP('',(#2407,#2408,#2409,#2410));
#4426=EDGE_LOOP('',(#2411));
#4427=EDGE_LOOP('',(#2412));
#4428=EDGE_LOOP('',(#2413));
#4429=EDGE_LOOP('',(#2414));
#4430=EDGE_LOOP('',(#2415));
#4431=EDGE_LOOP('',(#2416));
#4432=EDGE_LOOP('',(#2417));
#4433=EDGE_LOOP('',(#2418));
#4434=EDGE_LOOP('',(#2419));
#4435=EDGE_LOOP('',(#2420,#2421,#2422,#2423));
#4436=EDGE_LOOP('',(#2424,#2425,#2426,#2427));
#4437=EDGE_LOOP('',(#2428,#2429,#2430,#2431));
#4438=EDGE_LOOP('',(#2432));
#4439=EDGE_LOOP('',(#2433));
#4440=EDGE_LOOP('',(#2434));
#4441=EDGE_LOOP('',(#2435));
#4442=EDGE_LOOP('',(#2436));
#4443=EDGE_LOOP('',(#2437));
#4444=EDGE_LOOP('',(#2438));
#4445=EDGE_LOOP('',(#2439));
#4446=EDGE_LOOP('',(#2440));
#4447=EDGE_LOOP('',(#2441));
#4448=EDGE_LOOP('',(#2442));
#4449=EDGE_LOOP('',(#2443));
#4450=EDGE_LOOP('',(#2444));
#4451=EDGE_LOOP('',(#2445));
#4452=EDGE_LOOP('',(#2446));
#4453=EDGE_LOOP('',(#2447));
#4454=EDGE_LOOP('',(#2448));
#4455=EDGE_LOOP('',(#2449));
#4456=EDGE_LOOP('',(#2450));
#4457=EDGE_LOOP('',(#2451));
#4458=EDGE_LOOP('',(#2452));
#4459=EDGE_LOOP('',(#2453));
#4460=EDGE_LOOP('',(#2454));
#4461=EDGE_LOOP('',(#2455));
#4462=EDGE_LOOP('',(#2456));
#4463=EDGE_LOOP('',(#2457));
#4464=EDGE_LOOP('',(#2458));
#4465=EDGE_LOOP('',(#2459));
#4466=EDGE_LOOP('',(#2460));
#4467=EDGE_LOOP('',(#2461));
#4468=EDGE_LOOP('',(#2462));
#4469=EDGE_LOOP('',(#2463));
#4470=EDGE_LOOP('',(#2464));
#4471=EDGE_LOOP('',(#2465));
#4472=EDGE_LOOP('',(#2466));
#4473=EDGE_LOOP('',(#2467));
#4474=EDGE_LOOP('',(#2468));
#4475=EDGE_LOOP('',(#2469));
#4476=EDGE_LOOP('',(#2470));
#4477=EDGE_LOOP('',(#2471));
#4478=EDGE_LOOP('',(#2472));
#4479=EDGE_LOOP('',(#2473));
#4480=EDGE_LOOP('',(#2474,#2475,#2476,#2477));
#4481=EDGE_LOOP('',(#2478,#2479,#2480,#2481));
#4482=EDGE_LOOP('',(#2482,#2483,#2484,#2485));
#4483=EDGE_LOOP('',(#2486,#2487,#2488,#2489));
#4484=EDGE_LOOP('',(#2490));
#4485=EDGE_LOOP('',(#2491));
#4486=EDGE_LOOP('',(#2492,#2493,#2494,#2495));
#4487=EDGE_LOOP('',(#2496));
#4488=EDGE_LOOP('',(#2497,#2498,#2499,#2500));
#4489=FACE_BOUND('',#3908,.T.);
#4490=FACE_BOUND('',#3909,.T.);
#4491=FACE_BOUND('',#3910,.T.);
#4492=FACE_BOUND('',#3911,.T.);
#4493=FACE_BOUND('',#3912,.T.);
#4494=FACE_BOUND('',#3913,.T.);
#4495=FACE_BOUND('',#3914,.T.);
#4496=FACE_BOUND('',#3915,.T.);
#4497=FACE_BOUND('',#3916,.T.);
#4498=FACE_BOUND('',#3917,.T.);
#4499=FACE_BOUND('',#3918,.T.);
#4500=FACE_BOUND('',#3919,.T.);
#4501=FACE_BOUND('',#3920,.T.);
#4502=FACE_BOUND('',#3921,.T.);
#4503=FACE_BOUND('',#3922,.T.);
#4504=FACE_BOUND('',#3923,.T.);
#4505=FACE_BOUND('',#3924,.T.);
#4506=FACE_BOUND('',#3925,.T.);
#4507=FACE_BOUND('',#3926,.T.);
#4508=FACE_BOUND('',#3927,.T.);
#4509=FACE_BOUND('',#3928,.T.);
#4510=FACE_BOUND('',#3929,.T.);
#4511=FACE_BOUND('',#3930,.T.);
#4512=FACE_BOUND('',#3931,.T.);
#4513=FACE_BOUND('',#3932,.T.);
#4514=FACE_BOUND('',#3933,.T.);
#4515=FACE_BOUND('',#3934,.T.);
#4516=FACE_BOUND('',#3935,.T.);
#4517=FACE_BOUND('',#3936,.T.);
#4518=FACE_BOUND('',#3937,.T.);
#4519=FACE_BOUND('',#3938,.T.);
#4520=FACE_BOUND('',#3939,.T.);
#4521=FACE_BOUND('',#3940,.T.);
#4522=FACE_BOUND('',#3941,.T.);
#4523=FACE_BOUND('',#3942,.T.);
#4524=FACE_BOUND('',#3943,.T.);
#4525=FACE_BOUND('',#3944,.T.);
#4526=FACE_BOUND('',#3945,.T.);
#4527=FACE_BOUND('',#3946,.T.);
#4528=FACE_BOUND('',#3947,.T.);
#4529=FACE_BOUND('',#3948,.T.);
#4530=FACE_BOUND('',#3949,.T.);
#4531=FACE_BOUND('',#3950,.T.);
#4532=FACE_BOUND('',#3951,.T.);
#4533=FACE_BOUND('',#3952,.T.);
#4534=FACE_BOUND('',#3953,.T.);
#4535=FACE_BOUND('',#3954,.T.);
#4536=FACE_BOUND('',#3955,.T.);
#4537=FACE_BOUND('',#3956,.T.);
#4538=FACE_BOUND('',#3957,.T.);
#4539=FACE_BOUND('',#3958,.T.);
#4540=FACE_BOUND('',#3959,.T.);
#4541=FACE_BOUND('',#3960,.T.);
#4542=FACE_BOUND('',#3961,.T.);
#4543=FACE_BOUND('',#3962,.T.);
#4544=FACE_BOUND('',#3963,.T.);
#4545=FACE_BOUND('',#3964,.T.);
#4546=FACE_BOUND('',#3965,.T.);
#4547=FACE_BOUND('',#3966,.T.);
#4548=FACE_BOUND('',#3967,.T.);
#4549=FACE_BOUND('',#3968,.T.);
#4550=FACE_BOUND('',#3969,.T.);
#4551=FACE_BOUND('',#3970,.T.);
#4552=FACE_BOUND('',#3971,.T.);
#4553=FACE_BOUND('',#3972,.T.);
#4554=FACE_BOUND('',#3973,.T.);
#4555=FACE_BOUND('',#3974,.T.);
#4556=FACE_BOUND('',#3975,.T.);
#4557=FACE_BOUND('',#3976,.T.);
#4558=FACE_BOUND('',#3977,.T.);
#4559=FACE_BOUND('',#3978,.T.);
#4560=FACE_BOUND('',#3979,.T.);
#4561=FACE_BOUND('',#3980,.T.);
#4562=FACE_BOUND('',#3981,.T.);
#4563=FACE_BOUND('',#3982,.T.);
#4564=FACE_BOUND('',#3983,.T.);
#4565=FACE_BOUND('',#3984,.T.);
#4566=FACE_BOUND('',#3985,.T.);
#4567=FACE_BOUND('',#3986,.T.);
#4568=FACE_BOUND('',#3987,.T.);
#4569=FACE_BOUND('',#3988,.T.);
#4570=FACE_BOUND('',#3989,.T.);
#4571=FACE_BOUND('',#3990,.T.);
#4572=FACE_BOUND('',#3991,.T.);
#4573=FACE_BOUND('',#3992,.T.);
#4574=FACE_BOUND('',#3993,.T.);
#4575=FACE_BOUND('',#3994,.T.);
#4576=FACE_BOUND('',#3995,.T.);
#4577=FACE_BOUND('',#3996,.T.);
#4578=FACE_BOUND('',#3997,.T.);
#4579=FACE_BOUND('',#3998,.T.);
#4580=FACE_BOUND('',#3999,.T.);
#4581=FACE_BOUND('',#4000,.T.);
#4582=FACE_BOUND('',#4001,.T.);
#4583=FACE_BOUND('',#4002,.T.);
#4584=FACE_BOUND('',#4003,.T.);
#4585=FACE_BOUND('',#4004,.T.);
#4586=FACE_BOUND('',#4005,.T.);
#4587=FACE_BOUND('',#4006,.T.);
#4588=FACE_BOUND('',#4007,.T.);
#4589=FACE_BOUND('',#4008,.T.);
#4590=FACE_BOUND('',#4009,.T.);
#4591=FACE_BOUND('',#4010,.T.);
#4592=FACE_BOUND('',#4011,.T.);
#4593=FACE_BOUND('',#4012,.T.);
#4594=FACE_BOUND('',#4013,.T.);
#4595=FACE_BOUND('',#4014,.T.);
#4596=FACE_BOUND('',#4015,.T.);
#4597=FACE_BOUND('',#4016,.T.);
#4598=FACE_BOUND('',#4017,.T.);
#4599=FACE_BOUND('',#4018,.T.);
#4600=FACE_BOUND('',#4019,.T.);
#4601=FACE_BOUND('',#4020,.T.);
#4602=FACE_BOUND('',#4021,.T.);
#4603=FACE_BOUND('',#4022,.T.);
#4604=FACE_BOUND('',#4023,.T.);
#4605=FACE_BOUND('',#4024,.T.);
#4606=FACE_BOUND('',#4025,.T.);
#4607=FACE_BOUND('',#4026,.T.);
#4608=FACE_BOUND('',#4027,.T.);
#4609=FACE_BOUND('',#4028,.T.);
#4610=FACE_BOUND('',#4029,.T.);
#4611=FACE_BOUND('',#4030,.T.);
#4612=FACE_BOUND('',#4031,.T.);
#4613=FACE_BOUND('',#4032,.T.);
#4614=FACE_BOUND('',#4033,.T.);
#4615=FACE_BOUND('',#4034,.T.);
#4616=FACE_BOUND('',#4035,.T.);
#4617=FACE_BOUND('',#4036,.T.);
#4618=FACE_BOUND('',#4037,.T.);
#4619=FACE_BOUND('',#4038,.T.);
#4620=FACE_BOUND('',#4039,.T.);
#4621=FACE_BOUND('',#4040,.T.);
#4622=FACE_BOUND('',#4041,.T.);
#4623=FACE_BOUND('',#4042,.T.);
#4624=FACE_BOUND('',#4043,.T.);
#4625=FACE_BOUND('',#4044,.T.);
#4626=FACE_BOUND('',#4045,.T.);
#4627=FACE_BOUND('',#4046,.T.);
#4628=FACE_BOUND('',#4047,.T.);
#4629=FACE_BOUND('',#4048,.T.);
#4630=FACE_BOUND('',#4049,.T.);
#4631=FACE_BOUND('',#4050,.T.);
#4632=FACE_BOUND('',#4051,.T.);
#4633=FACE_BOUND('',#4052,.T.);
#4634=FACE_BOUND('',#4053,.T.);
#4635=FACE_BOUND('',#4054,.T.);
#4636=FACE_BOUND('',#4055,.T.);
#4637=FACE_BOUND('',#4056,.T.);
#4638=FACE_BOUND('',#4057,.T.);
#4639=FACE_BOUND('',#4058,.T.);
#4640=FACE_BOUND('',#4059,.T.);
#4641=FACE_BOUND('',#4060,.T.);
#4642=FACE_BOUND('',#4061,.T.);
#4643=FACE_BOUND('',#4062,.T.);
#4644=FACE_BOUND('',#4063,.T.);
#4645=FACE_BOUND('',#4064,.T.);
#4646=FACE_BOUND('',#4065,.T.);
#4647=FACE_BOUND('',#4066,.T.);
#4648=FACE_BOUND('',#4067,.T.);
#4649=FACE_BOUND('',#4068,.T.);
#4650=FACE_BOUND('',#4069,.T.);
#4651=FACE_BOUND('',#4070,.T.);
#4652=FACE_BOUND('',#4071,.T.);
#4653=FACE_BOUND('',#4072,.T.);
#4654=FACE_BOUND('',#4073,.T.);
#4655=FACE_BOUND('',#4074,.T.);
#4656=FACE_BOUND('',#4075,.T.);
#4657=FACE_BOUND('',#4076,.T.);
#4658=FACE_BOUND('',#4077,.T.);
#4659=FACE_BOUND('',#4078,.T.);
#4660=FACE_BOUND('',#4079,.T.);
#4661=FACE_BOUND('',#4080,.T.);
#4662=FACE_BOUND('',#4081,.T.);
#4663=FACE_BOUND('',#4082,.T.);
#4664=FACE_BOUND('',#4083,.T.);
#4665=FACE_BOUND('',#4084,.T.);
#4666=FACE_BOUND('',#4085,.T.);
#4667=FACE_BOUND('',#4086,.T.);
#4668=FACE_BOUND('',#4087,.T.);
#4669=FACE_BOUND('',#4088,.T.);
#4670=FACE_BOUND('',#4089,.T.);
#4671=FACE_BOUND('',#4090,.T.);
#4672=FACE_BOUND('',#4091,.T.);
#4673=FACE_BOUND('',#4092,.T.);
#4674=FACE_BOUND('',#4093,.T.);
#4675=FACE_BOUND('',#4094,.T.);
#4676=FACE_BOUND('',#4095,.T.);
#4677=FACE_BOUND('',#4096,.T.);
#4678=FACE_BOUND('',#4097,.T.);
#4679=FACE_BOUND('',#4098,.T.);
#4680=FACE_BOUND('',#4099,.T.);
#4681=FACE_BOUND('',#4100,.T.);
#4682=FACE_BOUND('',#4101,.T.);
#4683=FACE_BOUND('',#4102,.T.);
#4684=FACE_BOUND('',#4103,.T.);
#4685=FACE_BOUND('',#4104,.T.);
#4686=FACE_BOUND('',#4105,.T.);
#4687=FACE_BOUND('',#4106,.T.);
#4688=FACE_BOUND('',#4107,.T.);
#4689=FACE_BOUND('',#4108,.T.);
#4690=FACE_BOUND('',#4109,.T.);
#4691=FACE_BOUND('',#4110,.T.);
#4692=FACE_BOUND('',#4111,.T.);
#4693=FACE_BOUND('',#4112,.T.);
#4694=FACE_BOUND('',#4113,.T.);
#4695=FACE_BOUND('',#4114,.T.);
#4696=FACE_BOUND('',#4115,.T.);
#4697=FACE_BOUND('',#4116,.T.);
#4698=FACE_BOUND('',#4117,.T.);
#4699=FACE_BOUND('',#4118,.T.);
#4700=FACE_BOUND('',#4119,.T.);
#4701=FACE_BOUND('',#4120,.T.);
#4702=FACE_BOUND('',#4121,.T.);
#4703=FACE_BOUND('',#4122,.T.);
#4704=FACE_BOUND('',#4123,.T.);
#4705=FACE_BOUND('',#4124,.T.);
#4706=FACE_BOUND('',#4125,.T.);
#4707=FACE_BOUND('',#4126,.T.);
#4708=FACE_BOUND('',#4127,.T.);
#4709=FACE_BOUND('',#4128,.T.);
#4710=FACE_BOUND('',#4129,.T.);
#4711=FACE_BOUND('',#4130,.T.);
#4712=FACE_BOUND('',#4131,.T.);
#4713=FACE_BOUND('',#4132,.T.);
#4714=FACE_BOUND('',#4133,.T.);
#4715=FACE_BOUND('',#4134,.T.);
#4716=FACE_BOUND('',#4135,.T.);
#4717=FACE_BOUND('',#4136,.T.);
#4718=FACE_BOUND('',#4137,.T.);
#4719=FACE_BOUND('',#4138,.T.);
#4720=FACE_BOUND('',#4139,.T.);
#4721=FACE_BOUND('',#4140,.T.);
#4722=FACE_BOUND('',#4141,.T.);
#4723=FACE_BOUND('',#4142,.T.);
#4724=FACE_BOUND('',#4143,.T.);
#4725=FACE_BOUND('',#4144,.T.);
#4726=FACE_BOUND('',#4145,.T.);
#4727=FACE_BOUND('',#4146,.T.);
#4728=FACE_BOUND('',#4147,.T.);
#4729=FACE_BOUND('',#4148,.T.);
#4730=FACE_BOUND('',#4149,.T.);
#4731=FACE_BOUND('',#4150,.T.);
#4732=FACE_BOUND('',#4151,.T.);
#4733=FACE_BOUND('',#4152,.T.);
#4734=FACE_BOUND('',#4153,.T.);
#4735=FACE_BOUND('',#4154,.T.);
#4736=FACE_BOUND('',#4155,.T.);
#4737=FACE_BOUND('',#4156,.T.);
#4738=FACE_BOUND('',#4157,.T.);
#4739=FACE_BOUND('',#4158,.T.);
#4740=FACE_BOUND('',#4159,.T.);
#4741=FACE_BOUND('',#4160,.T.);
#4742=FACE_BOUND('',#4161,.T.);
#4743=FACE_BOUND('',#4162,.T.);
#4744=FACE_BOUND('',#4163,.T.);
#4745=FACE_BOUND('',#4164,.T.);
#4746=FACE_BOUND('',#4165,.T.);
#4747=FACE_BOUND('',#4166,.T.);
#4748=FACE_BOUND('',#4167,.T.);
#4749=FACE_BOUND('',#4168,.T.);
#4750=FACE_BOUND('',#4169,.T.);
#4751=FACE_BOUND('',#4170,.T.);
#4752=FACE_BOUND('',#4171,.T.);
#4753=FACE_BOUND('',#4172,.T.);
#4754=FACE_BOUND('',#4173,.T.);
#4755=FACE_BOUND('',#4174,.T.);
#4756=FACE_BOUND('',#4175,.T.);
#4757=FACE_BOUND('',#4176,.T.);
#4758=FACE_BOUND('',#4177,.T.);
#4759=FACE_BOUND('',#4178,.T.);
#4760=FACE_BOUND('',#4179,.T.);
#4761=FACE_BOUND('',#4180,.T.);
#4762=FACE_BOUND('',#4181,.T.);
#4763=FACE_BOUND('',#4182,.T.);
#4764=FACE_BOUND('',#4183,.T.);
#4765=FACE_BOUND('',#4184,.T.);
#4766=FACE_BOUND('',#4185,.T.);
#4767=FACE_BOUND('',#4186,.T.);
#4768=FACE_BOUND('',#4187,.T.);
#4769=FACE_BOUND('',#4188,.T.);
#4770=FACE_BOUND('',#4189,.T.);
#4771=FACE_BOUND('',#4190,.T.);
#4772=FACE_BOUND('',#4191,.T.);
#4773=FACE_BOUND('',#4192,.T.);
#4774=FACE_BOUND('',#4193,.T.);
#4775=FACE_BOUND('',#4194,.T.);
#4776=FACE_BOUND('',#4195,.T.);
#4777=FACE_BOUND('',#4196,.T.);
#4778=FACE_BOUND('',#4197,.T.);
#4779=FACE_BOUND('',#4198,.T.);
#4780=FACE_BOUND('',#4199,.T.);
#4781=FACE_BOUND('',#4200,.T.);
#4782=FACE_BOUND('',#4201,.T.);
#4783=FACE_BOUND('',#4202,.T.);
#4784=FACE_BOUND('',#4203,.T.);
#4785=FACE_BOUND('',#4204,.T.);
#4786=FACE_BOUND('',#4205,.T.);
#4787=FACE_BOUND('',#4206,.T.);
#4788=FACE_BOUND('',#4207,.T.);
#4789=FACE_BOUND('',#4208,.T.);
#4790=FACE_BOUND('',#4209,.T.);
#4791=FACE_BOUND('',#4210,.T.);
#4792=FACE_BOUND('',#4211,.T.);
#4793=FACE_BOUND('',#4212,.T.);
#4794=FACE_BOUND('',#4213,.T.);
#4795=FACE_BOUND('',#4214,.T.);
#4796=FACE_BOUND('',#4215,.T.);
#4797=FACE_BOUND('',#4216,.T.);
#4798=FACE_BOUND('',#4217,.T.);
#4799=FACE_BOUND('',#4218,.T.);
#4800=FACE_BOUND('',#4219,.T.);
#4801=FACE_BOUND('',#4220,.T.);
#4802=FACE_BOUND('',#4221,.T.);
#4803=FACE_BOUND('',#4222,.T.);
#4804=FACE_BOUND('',#4223,.T.);
#4805=FACE_BOUND('',#4224,.T.);
#4806=FACE_BOUND('',#4225,.T.);
#4807=FACE_BOUND('',#4226,.T.);
#4808=FACE_BOUND('',#4227,.T.);
#4809=FACE_BOUND('',#4228,.T.);
#4810=FACE_BOUND('',#4229,.T.);
#4811=FACE_BOUND('',#4230,.T.);
#4812=FACE_BOUND('',#4231,.T.);
#4813=FACE_BOUND('',#4232,.T.);
#4814=FACE_BOUND('',#4233,.T.);
#4815=FACE_BOUND('',#4234,.T.);
#4816=FACE_BOUND('',#4235,.T.);
#4817=FACE_BOUND('',#4236,.T.);
#4818=FACE_BOUND('',#4237,.T.);
#4819=FACE_BOUND('',#4238,.T.);
#4820=FACE_BOUND('',#4239,.T.);
#4821=FACE_BOUND('',#4240,.T.);
#4822=FACE_BOUND('',#4241,.T.);
#4823=FACE_BOUND('',#4242,.T.);
#4824=FACE_BOUND('',#4243,.T.);
#4825=FACE_BOUND('',#4244,.T.);
#4826=FACE_BOUND('',#4245,.T.);
#4827=FACE_BOUND('',#4246,.T.);
#4828=FACE_BOUND('',#4247,.T.);
#4829=FACE_BOUND('',#4248,.T.);
#4830=FACE_BOUND('',#4249,.T.);
#4831=FACE_BOUND('',#4250,.T.);
#4832=FACE_BOUND('',#4251,.T.);
#4833=FACE_BOUND('',#4252,.T.);
#4834=FACE_BOUND('',#4253,.T.);
#4835=FACE_BOUND('',#4254,.T.);
#4836=FACE_BOUND('',#4255,.T.);
#4837=FACE_BOUND('',#4256,.T.);
#4838=FACE_BOUND('',#4257,.T.);
#4839=FACE_BOUND('',#4258,.T.);
#4840=FACE_BOUND('',#4259,.T.);
#4841=FACE_BOUND('',#4260,.T.);
#4842=FACE_BOUND('',#4261,.T.);
#4843=FACE_BOUND('',#4262,.T.);
#4844=FACE_BOUND('',#4263,.T.);
#4845=FACE_BOUND('',#4264,.T.);
#4846=FACE_BOUND('',#4265,.T.);
#4847=FACE_BOUND('',#4266,.T.);
#4848=FACE_BOUND('',#4267,.T.);
#4849=FACE_BOUND('',#4268,.T.);
#4850=FACE_BOUND('',#4269,.T.);
#4851=FACE_BOUND('',#4270,.T.);
#4852=FACE_BOUND('',#4271,.T.);
#4853=FACE_BOUND('',#4272,.T.);
#4854=FACE_BOUND('',#4273,.T.);
#4855=FACE_BOUND('',#4274,.T.);
#4856=FACE_BOUND('',#4275,.T.);
#4857=FACE_BOUND('',#4276,.T.);
#4858=FACE_BOUND('',#4277,.T.);
#4859=FACE_BOUND('',#4278,.T.);
#4860=FACE_BOUND('',#4279,.T.);
#4861=FACE_BOUND('',#4280,.T.);
#4862=FACE_BOUND('',#4281,.T.);
#4863=FACE_BOUND('',#4282,.T.);
#4864=FACE_BOUND('',#4283,.T.);
#4865=FACE_BOUND('',#4284,.T.);
#4866=FACE_BOUND('',#4285,.T.);
#4867=FACE_BOUND('',#4286,.T.);
#4868=FACE_BOUND('',#4287,.T.);
#4869=FACE_BOUND('',#4288,.T.);
#4870=FACE_BOUND('',#4289,.T.);
#4871=FACE_BOUND('',#4290,.T.);
#4872=FACE_BOUND('',#4291,.T.);
#4873=FACE_BOUND('',#4292,.T.);
#4874=FACE_BOUND('',#4293,.T.);
#4875=FACE_BOUND('',#4294,.T.);
#4876=FACE_BOUND('',#4295,.T.);
#4877=FACE_BOUND('',#4296,.T.);
#4878=FACE_BOUND('',#4297,.T.);
#4879=FACE_BOUND('',#4298,.T.);
#4880=FACE_BOUND('',#4299,.T.);
#4881=FACE_BOUND('',#4300,.T.);
#4882=FACE_BOUND('',#4301,.T.);
#4883=FACE_BOUND('',#4302,.T.);
#4884=FACE_BOUND('',#4303,.T.);
#4885=FACE_BOUND('',#4304,.T.);
#4886=FACE_BOUND('',#4305,.T.);
#4887=FACE_BOUND('',#4306,.T.);
#4888=FACE_BOUND('',#4307,.T.);
#4889=FACE_BOUND('',#4308,.T.);
#4890=FACE_BOUND('',#4309,.T.);
#4891=FACE_BOUND('',#4310,.T.);
#4892=FACE_BOUND('',#4311,.T.);
#4893=FACE_BOUND('',#4312,.T.);
#4894=FACE_BOUND('',#4313,.T.);
#4895=FACE_BOUND('',#4314,.T.);
#4896=FACE_BOUND('',#4315,.T.);
#4897=FACE_BOUND('',#4316,.T.);
#4898=FACE_BOUND('',#4317,.T.);
#4899=FACE_BOUND('',#4318,.T.);
#4900=FACE_BOUND('',#4319,.T.);
#4901=FACE_BOUND('',#4320,.T.);
#4902=FACE_BOUND('',#4321,.T.);
#4903=FACE_BOUND('',#4322,.T.);
#4904=FACE_BOUND('',#4323,.T.);
#4905=FACE_BOUND('',#4324,.T.);
#4906=FACE_BOUND('',#4325,.T.);
#4907=FACE_BOUND('',#4326,.T.);
#4908=FACE_BOUND('',#4327,.T.);
#4909=FACE_BOUND('',#4328,.T.);
#4910=FACE_BOUND('',#4329,.T.);
#4911=FACE_BOUND('',#4330,.T.);
#4912=FACE_BOUND('',#4331,.T.);
#4913=FACE_BOUND('',#4332,.T.);
#4914=FACE_BOUND('',#4333,.T.);
#4915=FACE_BOUND('',#4334,.T.);
#4916=FACE_BOUND('',#4335,.T.);
#4917=FACE_BOUND('',#4336,.T.);
#4918=FACE_BOUND('',#4337,.T.);
#4919=FACE_BOUND('',#4338,.T.);
#4920=FACE_BOUND('',#4339,.T.);
#4921=FACE_BOUND('',#4340,.T.);
#4922=FACE_BOUND('',#4341,.T.);
#4923=FACE_BOUND('',#4342,.T.);
#4924=FACE_BOUND('',#4343,.T.);
#4925=FACE_BOUND('',#4344,.T.);
#4926=FACE_BOUND('',#4345,.T.);
#4927=FACE_BOUND('',#4346,.T.);
#4928=FACE_BOUND('',#4347,.T.);
#4929=FACE_BOUND('',#4348,.T.);
#4930=FACE_BOUND('',#4349,.T.);
#4931=FACE_BOUND('',#4350,.T.);
#4932=FACE_BOUND('',#4351,.T.);
#4933=FACE_BOUND('',#4352,.T.);
#4934=FACE_BOUND('',#4353,.T.);
#4935=FACE_BOUND('',#4354,.T.);
#4936=FACE_BOUND('',#4355,.T.);
#4937=FACE_BOUND('',#4356,.T.);
#4938=FACE_BOUND('',#4357,.T.);
#4939=FACE_BOUND('',#4358,.T.);
#4940=FACE_BOUND('',#4359,.T.);
#4941=FACE_BOUND('',#4360,.T.);
#4942=FACE_BOUND('',#4361,.T.);
#4943=FACE_BOUND('',#4362,.T.);
#4944=FACE_BOUND('',#4363,.T.);
#4945=FACE_BOUND('',#4364,.T.);
#4946=FACE_BOUND('',#4365,.T.);
#4947=FACE_BOUND('',#4366,.T.);
#4948=FACE_BOUND('',#4367,.T.);
#4949=FACE_BOUND('',#4368,.T.);
#4950=FACE_BOUND('',#4369,.T.);
#4951=FACE_BOUND('',#4370,.T.);
#4952=FACE_BOUND('',#4371,.T.);
#4953=FACE_BOUND('',#4372,.T.);
#4954=FACE_BOUND('',#4373,.T.);
#4955=FACE_BOUND('',#4374,.T.);
#4956=FACE_BOUND('',#4375,.T.);
#4957=FACE_BOUND('',#4376,.T.);
#4958=FACE_BOUND('',#4377,.T.);
#4959=FACE_BOUND('',#4378,.T.);
#4960=FACE_BOUND('',#4379,.T.);
#4961=FACE_BOUND('',#4380,.T.);
#4962=FACE_BOUND('',#4381,.T.);
#4963=FACE_BOUND('',#4382,.T.);
#4964=FACE_BOUND('',#4383,.T.);
#4965=FACE_BOUND('',#4384,.T.);
#4966=FACE_BOUND('',#4385,.T.);
#4967=FACE_BOUND('',#4386,.T.);
#4968=FACE_BOUND('',#4387,.T.);
#4969=FACE_BOUND('',#4388,.T.);
#4970=FACE_BOUND('',#4389,.T.);
#4971=FACE_BOUND('',#4390,.T.);
#4972=FACE_BOUND('',#4391,.T.);
#4973=FACE_BOUND('',#4392,.T.);
#4974=FACE_BOUND('',#4393,.T.);
#4975=FACE_BOUND('',#4394,.T.);
#4976=FACE_BOUND('',#4395,.T.);
#4977=FACE_BOUND('',#4396,.T.);
#4978=FACE_BOUND('',#4397,.T.);
#4979=FACE_BOUND('',#4398,.T.);
#4980=FACE_BOUND('',#4399,.T.);
#4981=FACE_BOUND('',#4400,.T.);
#4982=FACE_BOUND('',#4401,.T.);
#4983=FACE_BOUND('',#4402,.T.);
#4984=FACE_BOUND('',#4403,.T.);
#4985=FACE_BOUND('',#4404,.T.);
#4986=FACE_BOUND('',#4405,.T.);
#4987=FACE_BOUND('',#4406,.T.);
#4988=FACE_BOUND('',#4407,.T.);
#4989=FACE_BOUND('',#4408,.T.);
#4990=FACE_BOUND('',#4409,.T.);
#4991=FACE_BOUND('',#4410,.T.);
#4992=FACE_BOUND('',#4411,.T.);
#4993=FACE_BOUND('',#4412,.T.);
#4994=FACE_BOUND('',#4413,.T.);
#4995=FACE_BOUND('',#4414,.T.);
#4996=FACE_BOUND('',#4415,.T.);
#4997=FACE_BOUND('',#4416,.T.);
#4998=FACE_BOUND('',#4417,.T.);
#4999=FACE_BOUND('',#4418,.T.);
#5000=FACE_BOUND('',#4419,.T.);
#5001=FACE_BOUND('',#4420,.T.);
#5002=FACE_BOUND('',#4421,.T.);
#5003=FACE_BOUND('',#4422,.T.);
#5004=FACE_BOUND('',#4423,.T.);
#5005=FACE_BOUND('',#4424,.T.);
#5006=FACE_BOUND('',#4425,.T.);
#5007=FACE_BOUND('',#4426,.T.);
#5008=FACE_BOUND('',#4427,.T.);
#5009=FACE_BOUND('',#4428,.T.);
#5010=FACE_BOUND('',#4429,.T.);
#5011=FACE_BOUND('',#4430,.T.);
#5012=FACE_BOUND('',#4431,.T.);
#5013=FACE_BOUND('',#4432,.T.);
#5014=FACE_BOUND('',#4433,.T.);
#5015=FACE_BOUND('',#4434,.T.);
#5016=FACE_BOUND('',#4435,.T.);
#5017=FACE_BOUND('',#4436,.T.);
#5018=FACE_BOUND('',#4437,.T.);
#5019=FACE_BOUND('',#4438,.T.);
#5020=FACE_BOUND('',#4439,.T.);
#5021=FACE_BOUND('',#4440,.T.);
#5022=FACE_BOUND('',#4441,.T.);
#5023=FACE_BOUND('',#4442,.T.);
#5024=FACE_BOUND('',#4443,.T.);
#5025=FACE_BOUND('',#4444,.T.);
#5026=FACE_BOUND('',#4445,.T.);
#5027=FACE_BOUND('',#4446,.T.);
#5028=FACE_BOUND('',#4447,.T.);
#5029=FACE_BOUND('',#4448,.T.);
#5030=FACE_BOUND('',#4449,.T.);
#5031=FACE_BOUND('',#4450,.T.);
#5032=FACE_BOUND('',#4451,.T.);
#5033=FACE_BOUND('',#4452,.T.);
#5034=FACE_BOUND('',#4453,.T.);
#5035=FACE_BOUND('',#4454,.T.);
#5036=FACE_BOUND('',#4455,.T.);
#5037=FACE_BOUND('',#4456,.T.);
#5038=FACE_BOUND('',#4457,.T.);
#5039=FACE_BOUND('',#4458,.T.);
#5040=FACE_BOUND('',#4459,.T.);
#5041=FACE_BOUND('',#4460,.T.);
#5042=FACE_BOUND('',#4461,.T.);
#5043=FACE_BOUND('',#4462,.T.);
#5044=FACE_BOUND('',#4463,.T.);
#5045=FACE_BOUND('',#4464,.T.);
#5046=FACE_BOUND('',#4465,.T.);
#5047=FACE_BOUND('',#4466,.T.);
#5048=FACE_BOUND('',#4467,.T.);
#5049=FACE_BOUND('',#4468,.T.);
#5050=FACE_BOUND('',#4469,.T.);
#5051=FACE_BOUND('',#4470,.T.);
#5052=FACE_BOUND('',#4471,.T.);
#5053=FACE_BOUND('',#4472,.T.);
#5054=FACE_BOUND('',#4473,.T.);
#5055=FACE_BOUND('',#4474,.T.);
#5056=FACE_BOUND('',#4475,.T.);
#5057=FACE_BOUND('',#4476,.T.);
#5058=FACE_BOUND('',#4477,.T.);
#5059=FACE_BOUND('',#4478,.T.);
#5060=FACE_BOUND('',#4479,.T.);
#5061=FACE_BOUND('',#4480,.T.);
#5062=FACE_BOUND('',#4481,.T.);
#5063=FACE_BOUND('',#4482,.T.);
#5064=FACE_BOUND('',#4483,.T.);
#5065=FACE_BOUND('',#4484,.T.);
#5066=FACE_BOUND('',#4485,.T.);
#5067=FACE_BOUND('',#4486,.T.);
#5068=FACE_BOUND('',#4487,.T.);
#5069=FACE_BOUND('',#4488,.T.);
#5070=CYLINDRICAL_SURFACE('',#5514,2.);
#5071=CYLINDRICAL_SURFACE('',#5517,2.05);
#5072=CYLINDRICAL_SURFACE('',#5521,2.05);
#5073=CYLINDRICAL_SURFACE('',#5532,11.45);
#5074=CYLINDRICAL_SURFACE('',#5535,3.);
#5075=CYLINDRICAL_SURFACE('',#5538,3.);
#5076=CYLINDRICAL_SURFACE('',#5613,10.);
#5077=CYLINDRICAL_SURFACE('',#5632,20.);
#5078=CYLINDRICAL_SURFACE('',#5636,1.99999994743757);
#5079=CYLINDRICAL_SURFACE('',#5642,2.5);
#5080=CYLINDRICAL_SURFACE('',#5647,2.5);
#5081=CYLINDRICAL_SURFACE('',#5649,1.5);
#5082=CYLINDRICAL_SURFACE('',#5651,1.5);
#5083=CYLINDRICAL_SURFACE('',#5728,1.);
#5084=CYLINDRICAL_SURFACE('',#5729,1.);
#5085=CYLINDRICAL_SURFACE('',#5730,1.);
#5086=CYLINDRICAL_SURFACE('',#5731,1.);
#5087=CYLINDRICAL_SURFACE('',#5733,1.);
#5088=CYLINDRICAL_SURFACE('',#5743,3.175);
#5089=CYLINDRICAL_SURFACE('',#5745,4.69266145050547);
#5090=CYLINDRICAL_SURFACE('',#5752,5.03723525422655);
#5091=CYLINDRICAL_SURFACE('',#5754,3.17500000000008);
#5092=CYLINDRICAL_SURFACE('',#5756,5.08000000000007);
#5093=CYLINDRICAL_SURFACE('',#5760,2.);
#5094=CYLINDRICAL_SURFACE('',#5768,1.);
#5095=CYLINDRICAL_SURFACE('',#5770,1.);
#5096=CYLINDRICAL_SURFACE('',#5772,2.);
#5097=CYLINDRICAL_SURFACE('',#5775,2.);
#5098=CYLINDRICAL_SURFACE('',#5778,1.);
#5099=CYLINDRICAL_SURFACE('',#5780,1.);
#5100=CYLINDRICAL_SURFACE('',#5782,2.);
#5101=CYLINDRICAL_SURFACE('',#5785,2.);
#5102=CYLINDRICAL_SURFACE('',#5788,1.);
#5103=CYLINDRICAL_SURFACE('',#5790,1.);
#5104=CYLINDRICAL_SURFACE('',#5792,1.);
#5105=CYLINDRICAL_SURFACE('',#5794,1.);
#5106=CYLINDRICAL_SURFACE('',#5798,2.);
#5107=CYLINDRICAL_SURFACE('',#5801,2.);
#5108=CYLINDRICAL_SURFACE('',#5804,2.);
#5109=CYLINDRICAL_SURFACE('',#5807,2.);
#5110=CYLINDRICAL_SURFACE('',#5815,2.5);
#5111=CYLINDRICAL_SURFACE('',#5820,1.5);
#5112=CYLINDRICAL_SURFACE('',#5821,3.);
#5113=CYLINDRICAL_SURFACE('',#5824,3.);
#5114=CYLINDRICAL_SURFACE('',#5827,3.);
#5115=CYLINDRICAL_SURFACE('',#5830,3.);
#5116=CYLINDRICAL_SURFACE('',#5833,3.);
#5117=CYLINDRICAL_SURFACE('',#5836,3.);
#5118=CYLINDRICAL_SURFACE('',#5839,3.);
#5119=CYLINDRICAL_SURFACE('',#5842,3.);
#5120=CYLINDRICAL_SURFACE('',#5845,3.);
#5121=CYLINDRICAL_SURFACE('',#5848,3.);
#5122=CYLINDRICAL_SURFACE('',#5851,3.);
#5123=CYLINDRICAL_SURFACE('',#5854,3.);
#5124=CYLINDRICAL_SURFACE('',#5857,3.);
#5125=CYLINDRICAL_SURFACE('',#5860,3.);
#5126=CYLINDRICAL_SURFACE('',#5863,3.);
#5127=CYLINDRICAL_SURFACE('',#5866,3.);
#5128=CYLINDRICAL_SURFACE('',#5869,3.);
#5129=CYLINDRICAL_SURFACE('',#5872,3.);
#5130=CYLINDRICAL_SURFACE('',#5875,5.);
#5131=CYLINDRICAL_SURFACE('',#5877,5.);
#5132=CYLINDRICAL_SURFACE('',#5879,5.);
#5133=CYLINDRICAL_SURFACE('',#5881,5.);
#5134=CYLINDRICAL_SURFACE('',#5883,5.);
#5135=CYLINDRICAL_SURFACE('',#5885,5.);
#5136=CYLINDRICAL_SURFACE('',#5887,5.);
#5137=CYLINDRICAL_SURFACE('',#5889,5.);
#5138=CYLINDRICAL_SURFACE('',#5891,5.);
#5139=CYLINDRICAL_SURFACE('',#5893,5.);
#5140=CYLINDRICAL_SURFACE('',#5895,5.);
#5141=CYLINDRICAL_SURFACE('',#5897,5.);
#5142=CYLINDRICAL_SURFACE('',#5899,5.);
#5143=CYLINDRICAL_SURFACE('',#5901,5.);
#5144=CYLINDRICAL_SURFACE('',#5903,5.);
#5145=CYLINDRICAL_SURFACE('',#5905,5.);
#5146=CYLINDRICAL_SURFACE('',#5907,5.);
#5147=CYLINDRICAL_SURFACE('',#5909,5.);
#5148=CYLINDRICAL_SURFACE('',#5911,5.);
#5149=CYLINDRICAL_SURFACE('',#5913,5.);
#5150=CYLINDRICAL_SURFACE('',#5915,1.5);
#5151=CYLINDRICAL_SURFACE('',#5917,2.5);
#5152=CYLINDRICAL_SURFACE('',#5922,3.05);
#5153=CYLINDRICAL_SURFACE('',#5923,3.05);
#5154=CYLINDRICAL_SURFACE('',#5936,1.);
#5155=CYLINDRICAL_SURFACE('',#5938,0.999999999999987);
#5156=CYLINDRICAL_SURFACE('',#5940,0.999999999999987);
#5157=CYLINDRICAL_SURFACE('',#5941,0.999999999999987);
#5158=CYLINDRICAL_SURFACE('',#5942,2.);
#5159=CYLINDRICAL_SURFACE('',#5945,2.);
#5160=CYLINDRICAL_SURFACE('',#5950,0.999999999999987);
#5161=CYLINDRICAL_SURFACE('',#5953,0.999999999999987);
#5162=CYLINDRICAL_SURFACE('',#5972,1.);
#5163=CYLINDRICAL_SURFACE('',#5975,1.);
#5164=CYLINDRICAL_SURFACE('',#5978,1.);
#5165=CYLINDRICAL_SURFACE('',#5981,1.);
#5166=CYLINDRICAL_SURFACE('',#5987,1.);
#5167=CYLINDRICAL_SURFACE('',#5990,1.);
#5168=CYLINDRICAL_SURFACE('',#5993,1.);
#5169=CYLINDRICAL_SURFACE('',#5996,1.);
#5170=CYLINDRICAL_SURFACE('',#5999,1.5);
#5171=CYLINDRICAL_SURFACE('',#6000,1.5);
#5172=CYLINDRICAL_SURFACE('',#6009,3.);
#5173=CYLINDRICAL_SURFACE('',#6011,5.);
#5174=CYLINDRICAL_SURFACE('',#6018,4.09999999999999);
#5175=CYLINDRICAL_SURFACE('',#6021,4.10000000000001);
#5176=CYLINDRICAL_SURFACE('',#6024,4.09999999999999);
#5177=ADVANCED_FACE('',(#4489,#4490),#5070,.F.);
#5178=ADVANCED_FACE('',(#4491,#4492),#5071,.F.);
#5179=ADVANCED_FACE('',(#4493,#4494),#5072,.F.);
#5180=ADVANCED_FACE('',(#4495),#24,.T.);
#5181=ADVANCED_FACE('',(#4496),#25,.T.);
#5182=ADVANCED_FACE('',(#4497),#26,.T.);
#5183=ADVANCED_FACE('',(#4498),#27,.T.);
#5184=ADVANCED_FACE('',(#4499),#5073,.F.);
#5185=ADVANCED_FACE('',(#4500),#28,.F.);
#5186=ADVANCED_FACE('',(#4501,#4502),#5074,.F.);
#5187=ADVANCED_FACE('',(#4503,#4504),#5075,.F.);
#5188=ADVANCED_FACE('',(#4505,#4506),#29,.F.);
#5189=ADVANCED_FACE('',(#4507,#4508,#4509,#4510,#4511,#4512,#4513,#4514,
#4515,#4516,#4517,#4518,#4519,#4520,#4521,#4522,#4523,#4524,#4525,#4526,
#4527,#4528,#4529,#4530,#4531,#4532,#4533,#4534,#4535,#4536,#4537,#4538,
#4539,#4540,#4541,#4542,#4543),#30,.T.);
#5190=ADVANCED_FACE('',(#4544,#4545),#31,.F.);
#5191=ADVANCED_FACE('',(#4546),#32,.F.);
#5192=ADVANCED_FACE('',(#4547,#4548),#33,.F.);
#5193=ADVANCED_FACE('',(#4549),#34,.F.);
#5194=ADVANCED_FACE('',(#4550),#35,.F.);
#5195=ADVANCED_FACE('',(#4551,#4552),#36,.F.);
#5196=ADVANCED_FACE('',(#4553),#37,.F.);
#5197=ADVANCED_FACE('',(#4554,#4555),#38,.F.);
#5198=ADVANCED_FACE('',(#4556,#4557,#4558,#4559,#4560,#4561,#4562,#4563,
#4564,#4565),#39,.T.);
#5199=ADVANCED_FACE('',(#4566,#4567),#40,.T.);
#5200=ADVANCED_FACE('',(#4568),#41,.F.);
#5201=ADVANCED_FACE('',(#4569,#4570),#42,.T.);
#5202=ADVANCED_FACE('',(#4571),#43,.F.);
#5203=ADVANCED_FACE('',(#4572),#44,.T.);
#5204=ADVANCED_FACE('',(#4573,#4574,#4575),#45,.F.);
#5205=ADVANCED_FACE('',(#4576,#4577,#4578),#46,.F.);
#5206=ADVANCED_FACE('',(#4579),#47,.T.);
#5207=ADVANCED_FACE('',(#4580),#48,.T.);
#5208=ADVANCED_FACE('',(#4581),#5076,.T.);
#5209=ADVANCED_FACE('',(#4582),#49,.F.);
#5210=ADVANCED_FACE('',(#4583,#4584),#50,.F.);
#5211=ADVANCED_FACE('',(#4585,#4586,#4587,#4588),#51,.T.);
#5212=ADVANCED_FACE('',(#4589,#4590),#52,.T.);
#5213=ADVANCED_FACE('',(#4591),#53,.F.);
#5214=ADVANCED_FACE('',(#4592),#54,.F.);
#5215=ADVANCED_FACE('',(#4593),#55,.T.);
#5216=ADVANCED_FACE('',(#4594),#5077,.T.);
#5217=ADVANCED_FACE('',(#4595),#56,.F.);
#5218=ADVANCED_FACE('',(#4596),#57,.F.);
#5219=ADVANCED_FACE('',(#4597),#58,.T.);
#5220=ADVANCED_FACE('',(#4598,#4599),#5078,.F.);
#5221=ADVANCED_FACE('',(#4600,#4601),#59,.F.);
#5222=ADVANCED_FACE('',(#4602,#4603),#5079,.F.);
#5223=ADVANCED_FACE('',(#4604,#4605),#60,.F.);
#5224=ADVANCED_FACE('',(#4606,#4607),#5080,.F.);
#5225=ADVANCED_FACE('',(#4608,#4609),#5081,.F.);
#5226=ADVANCED_FACE('',(#4610,#4611),#5082,.F.);
#5227=ADVANCED_FACE('',(#4612,#4613),#61,.F.);
#5228=ADVANCED_FACE('',(#4614),#62,.T.);
#5229=ADVANCED_FACE('',(#4615),#63,.T.);
#5230=ADVANCED_FACE('',(#4616),#64,.T.);
#5231=ADVANCED_FACE('',(#4617),#65,.T.);
#5232=ADVANCED_FACE('',(#4618,#4619),#66,.F.);
#5233=ADVANCED_FACE('',(#4620),#67,.T.);
#5234=ADVANCED_FACE('',(#4621),#68,.T.);
#5235=ADVANCED_FACE('',(#4622),#69,.T.);
#5236=ADVANCED_FACE('',(#4623),#70,.T.);
#5237=ADVANCED_FACE('',(#4624),#71,.F.);
#5238=ADVANCED_FACE('',(#4625),#72,.F.);
#5239=ADVANCED_FACE('',(#4626,#4627),#73,.T.);
#5240=ADVANCED_FACE('',(#4628),#74,.F.);
#5241=ADVANCED_FACE('',(#4629),#75,.F.);
#5242=ADVANCED_FACE('',(#4630),#76,.F.);
#5243=ADVANCED_FACE('',(#4631),#77,.F.);
#5244=ADVANCED_FACE('',(#4632),#78,.F.);
#5245=ADVANCED_FACE('',(#4633),#79,.F.);
#5246=ADVANCED_FACE('',(#4634),#80,.F.);
#5247=ADVANCED_FACE('',(#4635),#81,.F.);
#5248=ADVANCED_FACE('',(#4636),#82,.F.);
#5249=ADVANCED_FACE('',(#4637),#83,.T.);
#5250=ADVANCED_FACE('',(#4638),#84,.T.);
#5251=ADVANCED_FACE('',(#4639),#85,.F.);
#5252=ADVANCED_FACE('',(#4640),#86,.F.);
#5253=ADVANCED_FACE('',(#4641),#87,.F.);
#5254=ADVANCED_FACE('',(#4642),#88,.F.);
#5255=ADVANCED_FACE('',(#4643,#4644),#89,.T.);
#5256=ADVANCED_FACE('',(#4645),#90,.F.);
#5257=ADVANCED_FACE('',(#4646),#91,.F.);
#5258=ADVANCED_FACE('',(#4647),#92,.F.);
#5259=ADVANCED_FACE('',(#4648),#93,.F.);
#5260=ADVANCED_FACE('',(#4649),#94,.F.);
#5261=ADVANCED_FACE('',(#4650),#95,.F.);
#5262=ADVANCED_FACE('',(#4651,#4652),#96,.T.);
#5263=ADVANCED_FACE('',(#4653),#97,.F.);
#5264=ADVANCED_FACE('',(#4654),#98,.F.);
#5265=ADVANCED_FACE('',(#4655),#99,.F.);
#5266=ADVANCED_FACE('',(#4656),#100,.F.);
#5267=ADVANCED_FACE('',(#4657),#101,.F.);
#5268=ADVANCED_FACE('',(#4658),#102,.F.);
#5269=ADVANCED_FACE('',(#4659,#4660),#103,.T.);
#5270=ADVANCED_FACE('',(#4661),#104,.F.);
#5271=ADVANCED_FACE('',(#4662),#105,.F.);
#5272=ADVANCED_FACE('',(#4663),#106,.F.);
#5273=ADVANCED_FACE('',(#4664),#107,.F.);
#5274=ADVANCED_FACE('',(#4665),#108,.F.);
#5275=ADVANCED_FACE('',(#4666),#109,.F.);
#5276=ADVANCED_FACE('',(#4667,#4668),#110,.T.);
#5277=ADVANCED_FACE('',(#4669),#111,.F.);
#5278=ADVANCED_FACE('',(#4670),#112,.F.);
#5279=ADVANCED_FACE('',(#4671),#113,.F.);
#5280=ADVANCED_FACE('',(#4672),#114,.F.);
#5281=ADVANCED_FACE('',(#4673),#115,.F.);
#5282=ADVANCED_FACE('',(#4674),#116,.F.);
#5283=ADVANCED_FACE('',(#4675,#4676,#4677,#4678),#117,.F.);
#5284=ADVANCED_FACE('',(#4679),#118,.F.);
#5285=ADVANCED_FACE('',(#4680),#119,.T.);
#5286=ADVANCED_FACE('',(#4681),#120,.T.);
#5287=ADVANCED_FACE('',(#4682),#121,.T.);
#5288=ADVANCED_FACE('',(#4683),#122,.T.);
#5289=ADVANCED_FACE('',(#4684),#123,.T.);
#5290=ADVANCED_FACE('',(#4685,#4686),#5083,.F.);
#5291=ADVANCED_FACE('',(#4687,#4688),#5084,.F.);
#5292=ADVANCED_FACE('',(#4689,#4690),#5085,.F.);
#5293=ADVANCED_FACE('',(#4691,#4692),#5086,.F.);
#5294=ADVANCED_FACE('',(#4693),#124,.T.);
#5295=ADVANCED_FACE('',(#4694,#4695),#5087,.F.);
#5296=ADVANCED_FACE('',(#4696,#4697,#4698,#4699,#4700,#4701),#125,.F.);
#5297=ADVANCED_FACE('',(#4702,#4703,#4704),#126,.T.);
#5298=ADVANCED_FACE('',(#4705,#4706),#127,.F.);
#5299=ADVANCED_FACE('',(#4707,#4708),#128,.F.);
#5300=ADVANCED_FACE('',(#4709,#4710,#4711),#129,.F.);
#5301=ADVANCED_FACE('',(#4712),#5088,.T.);
#5302=ADVANCED_FACE('',(#4713),#5089,.T.);
#5303=ADVANCED_FACE('',(#4714),#130,.F.);
#5304=ADVANCED_FACE('',(#4715),#131,.F.);
#5305=ADVANCED_FACE('',(#4716),#132,.F.);
#5306=ADVANCED_FACE('',(#4717),#133,.F.);
#5307=ADVANCED_FACE('',(#4718),#134,.F.);
#5308=ADVANCED_FACE('',(#4719),#5090,.T.);
#5309=ADVANCED_FACE('',(#4720),#5091,.T.);
#5310=ADVANCED_FACE('',(#4721),#5092,.F.);
#5311=ADVANCED_FACE('',(#4722,#4723),#135,.T.);
#5312=ADVANCED_FACE('',(#4724),#5093,.F.);
#5313=ADVANCED_FACE('',(#4725),#136,.F.);
#5314=ADVANCED_FACE('',(#4726),#137,.F.);
#5315=ADVANCED_FACE('',(#4727),#138,.F.);
#5316=ADVANCED_FACE('',(#4728),#139,.F.);
#5317=ADVANCED_FACE('',(#4729),#140,.F.);
#5318=ADVANCED_FACE('',(#4730),#141,.F.);
#5319=ADVANCED_FACE('',(#4731,#4732),#142,.T.);
#5320=ADVANCED_FACE('',(#4733,#4734),#5094,.F.);
#5321=ADVANCED_FACE('',(#4735,#4736),#5095,.F.);
#5322=ADVANCED_FACE('',(#4737,#4738),#5096,.F.);
#5323=ADVANCED_FACE('',(#4739,#4740),#143,.F.);
#5324=ADVANCED_FACE('',(#4741,#4742),#5097,.F.);
#5325=ADVANCED_FACE('',(#4743,#4744),#144,.F.);
#5326=ADVANCED_FACE('',(#4745,#4746),#5098,.F.);
#5327=ADVANCED_FACE('',(#4747,#4748),#5099,.F.);
#5328=ADVANCED_FACE('',(#4749,#4750),#5100,.F.);
#5329=ADVANCED_FACE('',(#4751,#4752),#145,.F.);
#5330=ADVANCED_FACE('',(#4753,#4754),#5101,.F.);
#5331=ADVANCED_FACE('',(#4755,#4756),#146,.F.);
#5332=ADVANCED_FACE('',(#4757,#4758),#5102,.F.);
#5333=ADVANCED_FACE('',(#4759,#4760),#5103,.F.);
#5334=ADVANCED_FACE('',(#4761,#4762),#5104,.F.);
#5335=ADVANCED_FACE('',(#4763,#4764),#5105,.F.);
#5336=ADVANCED_FACE('',(#4765),#147,.T.);
#5337=ADVANCED_FACE('',(#4766),#148,.F.);
#5338=ADVANCED_FACE('',(#4767,#4768),#5106,.F.);
#5339=ADVANCED_FACE('',(#4769,#4770),#149,.F.);
#5340=ADVANCED_FACE('',(#4771,#4772),#5107,.F.);
#5341=ADVANCED_FACE('',(#4773,#4774),#150,.F.);
#5342=ADVANCED_FACE('',(#4775,#4776),#5108,.F.);
#5343=ADVANCED_FACE('',(#4777,#4778),#151,.F.);
#5344=ADVANCED_FACE('',(#4779,#4780),#5109,.F.);
#5345=ADVANCED_FACE('',(#4781,#4782),#152,.F.);
#5346=ADVANCED_FACE('',(#4783,#4784),#153,.T.);
#5347=ADVANCED_FACE('',(#4785),#154,.T.);
#5348=ADVANCED_FACE('',(#4786),#155,.T.);
#5349=ADVANCED_FACE('',(#4787),#156,.F.);
#5350=ADVANCED_FACE('',(#4788,#4789),#5110,.F.);
#5351=ADVANCED_FACE('',(#4790,#4791),#157,.F.);
#5352=ADVANCED_FACE('',(#4792,#4793),#5111,.F.);
#5353=ADVANCED_FACE('',(#4794,#4795),#5112,.F.);
#5354=ADVANCED_FACE('',(#4796,#4797),#5113,.F.);
#5355=ADVANCED_FACE('',(#4798,#4799),#5114,.F.);
#5356=ADVANCED_FACE('',(#4800,#4801),#5115,.F.);
#5357=ADVANCED_FACE('',(#4802,#4803),#5116,.F.);
#5358=ADVANCED_FACE('',(#4804,#4805),#5117,.F.);
#5359=ADVANCED_FACE('',(#4806,#4807),#5118,.F.);
#5360=ADVANCED_FACE('',(#4808,#4809),#5119,.F.);
#5361=ADVANCED_FACE('',(#4810,#4811),#5120,.F.);
#5362=ADVANCED_FACE('',(#4812,#4813),#5121,.F.);
#5363=ADVANCED_FACE('',(#4814,#4815),#5122,.F.);
#5364=ADVANCED_FACE('',(#4816,#4817),#5123,.F.);
#5365=ADVANCED_FACE('',(#4818,#4819),#5124,.F.);
#5366=ADVANCED_FACE('',(#4820,#4821),#5125,.F.);
#5367=ADVANCED_FACE('',(#4822,#4823),#5126,.F.);
#5368=ADVANCED_FACE('',(#4824,#4825),#5127,.F.);
#5369=ADVANCED_FACE('',(#4826,#4827),#5128,.F.);
#5370=ADVANCED_FACE('',(#4828,#4829),#5129,.F.);
#5371=ADVANCED_FACE('',(#4830,#4831),#5130,.F.);
#5372=ADVANCED_FACE('',(#4832,#4833),#5131,.F.);
#5373=ADVANCED_FACE('',(#4834,#4835),#5132,.F.);
#5374=ADVANCED_FACE('',(#4836,#4837),#5133,.F.);
#5375=ADVANCED_FACE('',(#4838,#4839),#5134,.F.);
#5376=ADVANCED_FACE('',(#4840,#4841),#5135,.F.);
#5377=ADVANCED_FACE('',(#4842,#4843),#5136,.F.);
#5378=ADVANCED_FACE('',(#4844,#4845),#5137,.F.);
#5379=ADVANCED_FACE('',(#4846,#4847),#5138,.F.);
#5380=ADVANCED_FACE('',(#4848,#4849),#5139,.F.);
#5381=ADVANCED_FACE('',(#4850,#4851),#5140,.F.);
#5382=ADVANCED_FACE('',(#4852,#4853),#5141,.F.);
#5383=ADVANCED_FACE('',(#4854,#4855),#5142,.F.);
#5384=ADVANCED_FACE('',(#4856,#4857),#5143,.F.);
#5385=ADVANCED_FACE('',(#4858,#4859),#5144,.F.);
#5386=ADVANCED_FACE('',(#4860,#4861),#5145,.F.);
#5387=ADVANCED_FACE('',(#4862,#4863),#5146,.F.);
#5388=ADVANCED_FACE('',(#4864,#4865),#5147,.F.);
#5389=ADVANCED_FACE('',(#4866,#4867),#5148,.F.);
#5390=ADVANCED_FACE('',(#4868,#4869),#5149,.F.);
#5391=ADVANCED_FACE('',(#4870,#4871),#5150,.F.);
#5392=ADVANCED_FACE('',(#4872,#4873),#5151,.F.);
#5393=ADVANCED_FACE('',(#4874,#4875),#158,.F.);
#5394=ADVANCED_FACE('',(#4876),#159,.F.);
#5395=ADVANCED_FACE('',(#4877),#5152,.F.);
#5396=ADVANCED_FACE('',(#4878),#5153,.F.);
#5397=ADVANCED_FACE('',(#4879),#160,.F.);
#5398=ADVANCED_FACE('',(#4880,#4881),#161,.T.);
#5399=ADVANCED_FACE('',(#4882,#4883),#162,.T.);
#5400=ADVANCED_FACE('',(#4884,#4885),#163,.F.);
#5401=ADVANCED_FACE('',(#4886,#4887),#164,.F.);
#5402=ADVANCED_FACE('',(#4888),#165,.T.);
#5403=ADVANCED_FACE('',(#4889),#166,.T.);
#5404=ADVANCED_FACE('',(#4890),#167,.F.);
#5405=ADVANCED_FACE('',(#4891,#4892),#5154,.F.);
#5406=ADVANCED_FACE('',(#4893,#4894),#5155,.F.);
#5407=ADVANCED_FACE('',(#4895,#4896),#5156,.F.);
#5408=ADVANCED_FACE('',(#4897,#4898),#5157,.F.);
#5409=ADVANCED_FACE('',(#4899,#4900),#5158,.F.);
#5410=ADVANCED_FACE('',(#4901,#4902),#168,.F.);
#5411=ADVANCED_FACE('',(#4903,#4904),#5159,.F.);
#5412=ADVANCED_FACE('',(#4905,#4906),#169,.F.);
#5413=ADVANCED_FACE('',(#4907),#170,.F.);
#5414=ADVANCED_FACE('',(#4908,#4909),#5160,.F.);
#5415=ADVANCED_FACE('',(#4910),#171,.F.);
#5416=ADVANCED_FACE('',(#4911,#4912),#5161,.F.);
#5417=ADVANCED_FACE('',(#4913),#172,.F.);
#5418=ADVANCED_FACE('',(#4914),#173,.F.);
#5419=ADVANCED_FACE('',(#4915),#174,.F.);
#5420=ADVANCED_FACE('',(#4916),#175,.F.);
#5421=ADVANCED_FACE('',(#4917),#176,.T.);
#5422=ADVANCED_FACE('',(#4918),#177,.T.);
#5423=ADVANCED_FACE('',(#4919,#4920,#4921,#4922,#4923,#4924,#4925,#4926,
#4927,#4928,#4929,#4930,#4931,#4932,#4933,#4934,#4935,#4936,#4937,#4938,
#4939,#4940),#178,.F.);
#5424=ADVANCED_FACE('',(#4941),#179,.T.);
#5425=ADVANCED_FACE('',(#4942),#180,.T.);
#5426=ADVANCED_FACE('',(#4943,#4944,#4945,#4946,#4947),#181,.F.);
#5427=ADVANCED_FACE('',(#4948),#182,.F.);
#5428=ADVANCED_FACE('',(#4949),#183,.T.);
#5429=ADVANCED_FACE('',(#4950),#184,.T.);
#5430=ADVANCED_FACE('',(#4951),#185,.T.);
#5431=ADVANCED_FACE('',(#4952,#4953,#4954),#186,.F.);
#5432=ADVANCED_FACE('',(#4955,#4956),#5162,.F.);
#5433=ADVANCED_FACE('',(#4957),#187,.F.);
#5434=ADVANCED_FACE('',(#4958,#4959,#4960),#5163,.F.);
#5435=ADVANCED_FACE('',(#4961),#188,.F.);
#5436=ADVANCED_FACE('',(#4962,#4963),#5164,.F.);
#5437=ADVANCED_FACE('',(#4964),#189,.F.);
#5438=ADVANCED_FACE('',(#4965,#4966,#4967),#5165,.F.);
#5439=ADVANCED_FACE('',(#4968),#190,.F.);
#5440=ADVANCED_FACE('',(#4969),#191,.T.);
#5441=ADVANCED_FACE('',(#4970),#192,.T.);
#5442=ADVANCED_FACE('',(#4971),#193,.T.);
#5443=ADVANCED_FACE('',(#4972,#4973),#5166,.F.);
#5444=ADVANCED_FACE('',(#4974),#194,.F.);
#5445=ADVANCED_FACE('',(#4975,#4976),#5167,.F.);
#5446=ADVANCED_FACE('',(#4977),#195,.F.);
#5447=ADVANCED_FACE('',(#4978,#4979),#5168,.F.);
#5448=ADVANCED_FACE('',(#4980),#196,.F.);
#5449=ADVANCED_FACE('',(#4981,#4982),#5169,.F.);
#5450=ADVANCED_FACE('',(#4983),#197,.F.);
#5451=ADVANCED_FACE('',(#4984,#4985),#5170,.F.);
#5452=ADVANCED_FACE('',(#4986,#4987),#5171,.F.);
#5453=ADVANCED_FACE('',(#4988,#4989,#4990,#4991),#198,.F.);
#5454=ADVANCED_FACE('',(#4992),#199,.T.);
#5455=ADVANCED_FACE('',(#4993),#200,.T.);
#5456=ADVANCED_FACE('',(#4994),#201,.T.);
#5457=ADVANCED_FACE('',(#4995),#202,.T.);
#5458=ADVANCED_FACE('',(#4996,#4997),#5172,.F.);
#5459=ADVANCED_FACE('',(#4998,#4999),#5173,.F.);
#5460=ADVANCED_FACE('',(#5000,#5001,#5002),#203,.T.);
#5461=ADVANCED_FACE('',(#5003),#204,.F.);
#5462=ADVANCED_FACE('',(#5004),#205,.F.);
#5463=ADVANCED_FACE('',(#5005),#206,.F.);
#5464=ADVANCED_FACE('',(#5006),#207,.F.);
#5465=ADVANCED_FACE('',(#5007,#5008),#5174,.F.);
#5466=ADVANCED_FACE('',(#5009),#208,.F.);
#5467=ADVANCED_FACE('',(#5010,#5011),#5175,.F.);
#5468=ADVANCED_FACE('',(#5012),#209,.F.);
#5469=ADVANCED_FACE('',(#5013,#5014),#5176,.F.);
#5470=ADVANCED_FACE('',(#5015),#210,.F.);
#5471=ADVANCED_FACE('',(#5016),#211,.F.);
#5472=ADVANCED_FACE('',(#5017),#212,.T.);
#5473=ADVANCED_FACE('',(#5018),#213,.T.);
#5474=ADVANCED_FACE('',(#5019,#5020),#214,.F.);
#5475=ADVANCED_FACE('',(#5021,#5022),#215,.F.);
#5476=ADVANCED_FACE('',(#5023,#5024),#216,.F.);
#5477=ADVANCED_FACE('',(#5025,#5026),#217,.F.);
#5478=ADVANCED_FACE('',(#5027,#5028),#218,.F.);
#5479=ADVANCED_FACE('',(#5029,#5030),#219,.F.);
#5480=ADVANCED_FACE('',(#5031,#5032),#220,.F.);
#5481=ADVANCED_FACE('',(#5033,#5034),#221,.F.);
#5482=ADVANCED_FACE('',(#5035,#5036),#222,.F.);
#5483=ADVANCED_FACE('',(#5037,#5038),#223,.F.);
#5484=ADVANCED_FACE('',(#5039,#5040),#224,.F.);
#5485=ADVANCED_FACE('',(#5041,#5042),#225,.F.);
#5486=ADVANCED_FACE('',(#5043,#5044),#226,.F.);
#5487=ADVANCED_FACE('',(#5045,#5046),#227,.F.);
#5488=ADVANCED_FACE('',(#5047,#5048),#228,.F.);
#5489=ADVANCED_FACE('',(#5049,#5050),#229,.F.);
#5490=ADVANCED_FACE('',(#5051,#5052),#230,.F.);
#5491=ADVANCED_FACE('',(#5053,#5054),#231,.F.);
#5492=ADVANCED_FACE('',(#5055,#5056),#232,.F.);
#5493=ADVANCED_FACE('',(#5057,#5058),#233,.F.);
#5494=ADVANCED_FACE('',(#5059,#5060),#234,.F.);
#5495=ADVANCED_FACE('',(#5061),#235,.F.);
#5496=ADVANCED_FACE('',(#5062),#236,.F.);
#5497=ADVANCED_FACE('',(#5063),#237,.F.);
#5498=ADVANCED_FACE('',(#5064),#238,.F.);
#5499=ADVANCED_FACE('',(#5065,#5066,#5067),#239,.T.);
#5500=ADVANCED_FACE('',(#5068,#5069),#240,.T.);
#5501=CLOSED_SHELL('',(#5177,#5178,#5179,#5180,#5181,#5182,#5183,#5184,
#5185,#5186,#5187,#5188,#5189,#5190,#5191,#5192,#5193,#5194,#5195,#5196,
#5197,#5198,#5199,#5200,#5201,#5202,#5203,#5204,#5205,#5206,#5207,#5208,
#5209,#5210,#5211,#5212,#5213,#5214,#5215,#5216,#5217,#5218,#5219,#5220,
#5221,#5222,#5223,#5224,#5225,#5226,#5227,#5228,#5229,#5230,#5231,#5232,
#5233,#5234,#5235,#5236,#5237,#5238,#5239,#5240,#5241,#5242,#5243,#5244,
#5245,#5246,#5247,#5248,#5249,#5250,#5251,#5252,#5253,#5254,#5255,#5256,
#5257,#5258,#5259,#5260,#5261,#5262,#5263,#5264,#5265,#5266,#5267,#5268,
#5269,#5270,#5271,#5272,#5273,#5274,#5275,#5276,#5277,#5278,#5279,#5280,
#5281,#5282,#5283,#5284,#5285,#5286,#5287,#5288,#5289,#5290,#5291,#5292,
#5293,#5294,#5295,#5296,#5297,#5298,#5299,#5300,#5301,#5302,#5303,#5304,
#5305,#5306,#5307,#5308,#5309,#5310,#5311,#5312,#5313,#5314,#5315,#5316,
#5317,#5318,#5319,#5320,#5321,#5322,#5323,#5324,#5325,#5326,#5327,#5328,
#5329,#5330,#5331,#5332,#5333,#5334,#5335,#5336,#5337,#5338,#5339,#5340,
#5341,#5342,#5343,#5344,#5345,#5346,#5347,#5348,#5349,#5350,#5351,#5352,
#5353,#5354,#5355,#5356,#5357,#5358,#5359,#5360,#5361,#5362,#5363,#5364,
#5365,#5366,#5367,#5368,#5369,#5370,#5371,#5372,#5373,#5374,#5375,#5376,
#5377,#5378,#5379,#5380,#5381,#5382,#5383,#5384,#5385,#5386,#5387,#5388,
#5389,#5390,#5391,#5392,#5393,#5394,#5395,#5396,#5397,#5398,#5399,#5400,
#5401,#5402,#5403,#5404,#5405,#5406,#5407,#5408,#5409,#5410,#5411,#5412,
#5413,#5414,#5415,#5416,#5417,#5418,#5419,#5420,#5421,#5422,#5423,#5424,
#5425,#5426,#5427,#5428,#5429,#5430,#5431,#5432,#5433,#5434,#5435,#5436,
#5437,#5438,#5439,#5440,#5441,#5442,#5443,#5444,#5445,#5446,#5447,#5448,
#5449,#5450,#5451,#5452,#5453,#5454,#5455,#5456,#5457,#5458,#5459,#5460,
#5461,#5462,#5463,#5464,#5465,#5466,#5467,#5468,#5469,#5470,#5471,#5472,
#5473,#5474,#5475,#5476,#5477,#5478,#5479,#5480,#5481,#5482,#5483,#5484,
#5485,#5486,#5487,#5488,#5489,#5490,#5491,#5492,#5493,#5494,#5495,#5496,
#5497,#5498,#5499,#5500));
#5502=STYLED_ITEM('',(#5503),#5510);
#5503=PRESENTATION_STYLE_ASSIGNMENT((#5504));
#5504=SURFACE_STYLE_USAGE(.BOTH.,#5505);
#5505=SURFACE_SIDE_STYLE('',(#5506));
#5506=SURFACE_STYLE_FILL_AREA(#5507);
#5507=FILL_AREA_STYLE('',(#5508));
#5508=FILL_AREA_STYLE_COLOUR('',#5509);
#5509=COLOUR_RGB('',0.506983280181885,0.531564235687256,0.550000011920929);
#5510=MANIFOLD_SOLID_BREP('',#5501);
#5511=SHAPE_DEFINITION_REPRESENTATION(#9131,#5512);
#5512=SHAPE_REPRESENTATION('01_FDML_stimfix_mainboard',(#5513),#9126);
#5513=AXIS2_PLACEMENT_3D('',#7599,#6057,#6058);
#5514=AXIS2_PLACEMENT_3D('',#7600,#6059,#6060);
#5515=AXIS2_PLACEMENT_3D('',#7601,#6061,#6062);
#5516=AXIS2_PLACEMENT_3D('',#7603,#6063,#6064);
#5517=AXIS2_PLACEMENT_3D('',#7605,#6065,#6066);
#5518=AXIS2_PLACEMENT_3D('',#7606,#6067,#6068);
#5519=AXIS2_PLACEMENT_3D('',#7611,#6070,#6071);
#5520=AXIS2_PLACEMENT_3D('',#7614,#6073,#6074);
#5521=AXIS2_PLACEMENT_3D('',#7616,#6075,#6076);
#5522=AXIS2_PLACEMENT_3D('',#7617,#6077,#6078);
#5523=AXIS2_PLACEMENT_3D('',#7622,#6080,#6081);
#5524=AXIS2_PLACEMENT_3D('',#7625,#6083,#6084);
#5525=AXIS2_PLACEMENT_3D('',#7627,#6085,#6086);
#5526=AXIS2_PLACEMENT_3D('',#7633,#6090,#6091);
#5527=AXIS2_PLACEMENT_3D('',#7636,#6094,#6095);
#5528=AXIS2_PLACEMENT_3D('',#7642,#6099,#6100);
#5529=AXIS2_PLACEMENT_3D('',#7648,#6103,#6104);
#5530=AXIS2_PLACEMENT_3D('',#7654,#6107,#6108);
#5531=AXIS2_PLACEMENT_3D('',#7678,#6120,#6121);
#5532=AXIS2_PLACEMENT_3D('',#7685,#6125,#6126);
#5533=AXIS2_PLACEMENT_3D('',#7686,#6127,#6128);
#5534=AXIS2_PLACEMENT_3D('',#7689,#6130,#6131);
#5535=AXIS2_PLACEMENT_3D('',#7704,#6139,#6140);
#5536=AXIS2_PLACEMENT_3D('',#7705,#6141,#6142);
#5537=AXIS2_PLACEMENT_3D('',#7707,#6143,#6144);
#5538=AXIS2_PLACEMENT_3D('',#7709,#6145,#6146);
#5539=AXIS2_PLACEMENT_3D('',#7710,#6147,#6148);
#5540=AXIS2_PLACEMENT_3D('',#7712,#6149,#6150);
#5541=AXIS2_PLACEMENT_3D('',#7714,#6151,#6152);
#5542=AXIS2_PLACEMENT_3D('',#7715,#6153,#6154);
#5543=AXIS2_PLACEMENT_3D('',#7724,#6159,#6160);
#5544=AXIS2_PLACEMENT_3D('',#7736,#6167,#6168);
#5545=AXIS2_PLACEMENT_3D('',#7745,#6170,#6171);
#5546=AXIS2_PLACEMENT_3D('',#7793,#6196,#6197);
#5547=AXIS2_PLACEMENT_3D('',#7795,#6198,#6199);
#5548=AXIS2_PLACEMENT_3D('',#7797,#6200,#6201);
#5549=AXIS2_PLACEMENT_3D('',#7799,#6202,#6203);
#5550=AXIS2_PLACEMENT_3D('',#7801,#6204,#6205);
#5551=AXIS2_PLACEMENT_3D('',#7803,#6206,#6207);
#5552=AXIS2_PLACEMENT_3D('',#7805,#6208,#6209);
#5553=AXIS2_PLACEMENT_3D('',#7807,#6210,#6211);
#5554=AXIS2_PLACEMENT_3D('',#7809,#6212,#6213);
#5555=AXIS2_PLACEMENT_3D('',#7811,#6214,#6215);
#5556=AXIS2_PLACEMENT_3D('',#7813,#6216,#6217);
#5557=AXIS2_PLACEMENT_3D('',#7815,#6218,#6219);
#5558=AXIS2_PLACEMENT_3D('',#7817,#6220,#6221);
#5559=AXIS2_PLACEMENT_3D('',#7819,#6222,#6223);
#5560=AXIS2_PLACEMENT_3D('',#7821,#6224,#6225);
#5561=AXIS2_PLACEMENT_3D('',#7823,#6226,#6227);
#5562=AXIS2_PLACEMENT_3D('',#7825,#6228,#6229);
#5563=AXIS2_PLACEMENT_3D('',#7835,#6234,#6235);
#5564=AXIS2_PLACEMENT_3D('',#7837,#6236,#6237);
#5565=AXIS2_PLACEMENT_3D('',#7839,#6238,#6239);
#5566=AXIS2_PLACEMENT_3D('',#7849,#6244,#6245);
#5567=AXIS2_PLACEMENT_3D('',#7851,#6246,#6247);
#5568=AXIS2_PLACEMENT_3D('',#7853,#6248,#6249);
#5569=AXIS2_PLACEMENT_3D('',#7855,#6250,#6251);
#5570=AXIS2_PLACEMENT_3D('',#7857,#6252,#6253);
#5571=AXIS2_PLACEMENT_3D('',#7859,#6254,#6255);
#5572=AXIS2_PLACEMENT_3D('',#7861,#6256,#6257);
#5573=AXIS2_PLACEMENT_3D('',#7863,#6258,#6259);
#5574=AXIS2_PLACEMENT_3D('',#7865,#6260,#6261);
#5575=AXIS2_PLACEMENT_3D('',#7867,#6262,#6263);
#5576=AXIS2_PLACEMENT_3D('',#7869,#6264,#6265);
#5577=AXIS2_PLACEMENT_3D('',#7879,#6270,#6271);
#5578=AXIS2_PLACEMENT_3D('',#7880,#6272,#6273);
#5579=AXIS2_PLACEMENT_3D('',#7890,#6278,#6279);
#5580=AXIS2_PLACEMENT_3D('',#7896,#6283,#6284);
#5581=AXIS2_PLACEMENT_3D('',#7897,#6285,#6286);
#5582=AXIS2_PLACEMENT_3D('',#7904,#6290,#6291);
#5583=AXIS2_PLACEMENT_3D('',#7907,#6294,#6295);
#5584=AXIS2_PLACEMENT_3D('',#7916,#6300,#6301);
#5585=AXIS2_PLACEMENT_3D('',#7917,#6302,#6303);
#5586=AXIS2_PLACEMENT_3D('',#7924,#6307,#6308);
#5587=AXIS2_PLACEMENT_3D('',#7930,#6312,#6313);
#5588=AXIS2_PLACEMENT_3D('',#7931,#6314,#6315);
#5589=AXIS2_PLACEMENT_3D('',#7935,#6318,#6319);
#5590=AXIS2_PLACEMENT_3D('',#7936,#6320,#6321);
#5591=AXIS2_PLACEMENT_3D('',#7938,#6322,#6323);
#5592=AXIS2_PLACEMENT_3D('',#7940,#6324,#6325);
#5593=AXIS2_PLACEMENT_3D('',#7942,#6326,#6327);
#5594=AXIS2_PLACEMENT_3D('',#7944,#6328,#6329);
#5595=AXIS2_PLACEMENT_3D('',#7946,#6330,#6331);
#5596=AXIS2_PLACEMENT_3D('',#7948,#6332,#6333);
#5597=AXIS2_PLACEMENT_3D('',#7950,#6334,#6335);
#5598=AXIS2_PLACEMENT_3D('',#7981,#6351,#6352);
#5599=AXIS2_PLACEMENT_3D('',#7982,#6353,#6354);
#5600=AXIS2_PLACEMENT_3D('',#7992,#6359,#6360);
#5601=AXIS2_PLACEMENT_3D('',#8001,#6365,#6366);
#5602=AXIS2_PLACEMENT_3D('',#8002,#6367,#6368);
#5603=AXIS2_PLACEMENT_3D('',#8012,#6373,#6374);
#5604=AXIS2_PLACEMENT_3D('',#8021,#6379,#6380);
#5605=AXIS2_PLACEMENT_3D('',#8032,#6387,#6388);
#5606=AXIS2_PLACEMENT_3D('',#8033,#6389,#6390);
#5607=AXIS2_PLACEMENT_3D('',#8035,#6391,#6392);
#5608=AXIS2_PLACEMENT_3D('',#8039,#6395,#6396);
#5609=AXIS2_PLACEMENT_3D('',#8040,#6397,#6398);
#5610=AXIS2_PLACEMENT_3D('',#8042,#6399,#6400);
#5611=AXIS2_PLACEMENT_3D('',#8046,#6403,#6404);
#5612=AXIS2_PLACEMENT_3D('',#8052,#6408,#6409);
#5613=AXIS2_PLACEMENT_3D('',#8056,#6412,#6413);
#5614=AXIS2_PLACEMENT_3D('',#8059,#6415,#6416);
#5615=AXIS2_PLACEMENT_3D('',#8067,#6418,#6419);
#5616=AXIS2_PLACEMENT_3D('',#8074,#6423,#6424);
#5617=AXIS2_PLACEMENT_3D('',#8087,#6431,#6432);
#5618=AXIS2_PLACEMENT_3D('',#8091,#6435,#6436);
#5619=AXIS2_PLACEMENT_3D('',#8092,#6437,#6438);
#5620=AXIS2_PLACEMENT_3D('',#8096,#6441,#6442);
#5621=AXIS2_PLACEMENT_3D('',#8100,#6445,#6446);
#5622=AXIS2_PLACEMENT_3D('',#8126,#6459,#6460);
#5623=AXIS2_PLACEMENT_3D('',#8128,#6461,#6462);
#5624=AXIS2_PLACEMENT_3D('',#8130,#6463,#6464);
#5625=AXIS2_PLACEMENT_3D('',#8132,#6465,#6466);
#5626=AXIS2_PLACEMENT_3D('',#8134,#6467,#6468);
#5627=AXIS2_PLACEMENT_3D('',#8139,#6471,#6472);
#5628=AXIS2_PLACEMENT_3D('',#8140,#6473,#6474);
#5629=AXIS2_PLACEMENT_3D('',#8150,#6479,#6480);
#5630=AXIS2_PLACEMENT_3D('',#8153,#6483,#6484);
#5631=AXIS2_PLACEMENT_3D('',#8156,#6487,#6488);
#5632=AXIS2_PLACEMENT_3D('',#8157,#6489,#6490);
#5633=AXIS2_PLACEMENT_3D('',#8160,#6493,#6494);
#5634=AXIS2_PLACEMENT_3D('',#8166,#6498,#6499);
#5635=AXIS2_PLACEMENT_3D('',#8172,#6503,#6504);
#5636=AXIS2_PLACEMENT_3D('',#8181,#6510,#6511);
#5637=AXIS2_PLACEMENT_3D('',#8195,#6514,#6515);
#5638=AXIS2_PLACEMENT_3D('',#8196,#6516,#6517);
#5639=AXIS2_PLACEMENT_3D('',#8198,#6518,#6519);
#5640=AXIS2_PLACEMENT_3D('',#8199,#6520,#6521);
#5641=AXIS2_PLACEMENT_3D('',#8201,#6522,#6523);
#5642=AXIS2_PLACEMENT_3D('',#8203,#6524,#6525);
#5643=AXIS2_PLACEMENT_3D('',#8204,#6526,#6527);
#5644=AXIS2_PLACEMENT_3D('',#8206,#6528,#6529);
#5645=AXIS2_PLACEMENT_3D('',#8207,#6530,#6531);
#5646=AXIS2_PLACEMENT_3D('',#8209,#6532,#6533);
#5647=AXIS2_PLACEMENT_3D('',#8211,#6534,#6535);
#5648=AXIS2_PLACEMENT_3D('',#8212,#6536,#6537);
#5649=AXIS2_PLACEMENT_3D('',#8214,#6538,#6539);
#5650=AXIS2_PLACEMENT_3D('',#8215,#6540,#6541);
#5651=AXIS2_PLACEMENT_3D('',#8217,#6542,#6543);
#5652=AXIS2_PLACEMENT_3D('',#8218,#6544,#6545);
#5653=AXIS2_PLACEMENT_3D('',#8220,#6546,#6547);
#5654=AXIS2_PLACEMENT_3D('',#8229,#6552,#6553);
#5655=AXIS2_PLACEMENT_3D('',#8232,#6556,#6557);
#5656=AXIS2_PLACEMENT_3D('',#8234,#6559,#6560);
#5657=AXIS2_PLACEMENT_3D('',#8236,#6562,#6563);
#5658=AXIS2_PLACEMENT_3D('',#8237,#6564,#6565);
#5659=AXIS2_PLACEMENT_3D('',#8246,#6570,#6571);
#5660=AXIS2_PLACEMENT_3D('',#8249,#6574,#6575);
#5661=AXIS2_PLACEMENT_3D('',#8251,#6577,#6578);
#5662=AXIS2_PLACEMENT_3D('',#8253,#6580,#6581);
#5663=AXIS2_PLACEMENT_3D('',#8254,#6582,#6583);
#5664=AXIS2_PLACEMENT_3D('',#8256,#6585,#6586);
#5665=AXIS2_PLACEMENT_3D('',#8271,#6595,#6596);
#5666=AXIS2_PLACEMENT_3D('',#8272,#6597,#6598);
#5667=AXIS2_PLACEMENT_3D('',#8286,#6605,#6606);
#5668=AXIS2_PLACEMENT_3D('',#8292,#6610,#6611);
#5669=AXIS2_PLACEMENT_3D('',#8296,#6614,#6615);
#5670=AXIS2_PLACEMENT_3D('',#8300,#6618,#6619);
#5671=AXIS2_PLACEMENT_3D('',#8304,#6622,#6623);
#5672=AXIS2_PLACEMENT_3D('',#8308,#6626,#6627);
#5673=AXIS2_PLACEMENT_3D('',#8310,#6629,#6630);
#5674=AXIS2_PLACEMENT_3D('',#8311,#6631,#6632);
#5675=AXIS2_PLACEMENT_3D('',#8315,#6635,#6636);
#5676=AXIS2_PLACEMENT_3D('',#8319,#6639,#6640);
#5677=AXIS2_PLACEMENT_3D('',#8320,#6641,#6642);
#5678=AXIS2_PLACEMENT_3D('',#8322,#6644,#6645);
#5679=AXIS2_PLACEMENT_3D('',#8328,#6649,#6650);
#5680=AXIS2_PLACEMENT_3D('',#8331,#6653,#6654);
#5681=AXIS2_PLACEMENT_3D('',#8337,#6658,#6659);
#5682=AXIS2_PLACEMENT_3D('',#8338,#6660,#6661);
#5683=AXIS2_PLACEMENT_3D('',#8342,#6664,#6665);
#5684=AXIS2_PLACEMENT_3D('',#8346,#6668,#6669);
#5685=AXIS2_PLACEMENT_3D('',#8347,#6670,#6671);
#5686=AXIS2_PLACEMENT_3D('',#8349,#6673,#6674);
#5687=AXIS2_PLACEMENT_3D('',#8350,#6675,#6676);
#5688=AXIS2_PLACEMENT_3D('',#8364,#6683,#6684);
#5689=AXIS2_PLACEMENT_3D('',#8370,#6688,#6689);
#5690=AXIS2_PLACEMENT_3D('',#8374,#6692,#6693);
#5691=AXIS2_PLACEMENT_3D('',#8378,#6696,#6697);
#5692=AXIS2_PLACEMENT_3D('',#8382,#6700,#6701);
#5693=AXIS2_PLACEMENT_3D('',#8386,#6704,#6705);
#5694=AXIS2_PLACEMENT_3D('',#8388,#6707,#6708);
#5695=AXIS2_PLACEMENT_3D('',#8389,#6709,#6710);
#5696=AXIS2_PLACEMENT_3D('',#8403,#6717,#6718);
#5697=AXIS2_PLACEMENT_3D('',#8409,#6722,#6723);
#5698=AXIS2_PLACEMENT_3D('',#8413,#6726,#6727);
#5699=AXIS2_PLACEMENT_3D('',#8417,#6730,#6731);
#5700=AXIS2_PLACEMENT_3D('',#8421,#6734,#6735);
#5701=AXIS2_PLACEMENT_3D('',#8425,#6738,#6739);
#5702=AXIS2_PLACEMENT_3D('',#8427,#6741,#6742);
#5703=AXIS2_PLACEMENT_3D('',#8428,#6743,#6744);
#5704=AXIS2_PLACEMENT_3D('',#8442,#6751,#6752);
#5705=AXIS2_PLACEMENT_3D('',#8448,#6756,#6757);
#5706=AXIS2_PLACEMENT_3D('',#8452,#6760,#6761);
#5707=AXIS2_PLACEMENT_3D('',#8456,#6764,#6765);
#5708=AXIS2_PLACEMENT_3D('',#8460,#6768,#6769);
#5709=AXIS2_PLACEMENT_3D('',#8464,#6772,#6773);
#5710=AXIS2_PLACEMENT_3D('',#8466,#6775,#6776);
#5711=AXIS2_PLACEMENT_3D('',#8467,#6777,#6778);
#5712=AXIS2_PLACEMENT_3D('',#8481,#6785,#6786);
#5713=AXIS2_PLACEMENT_3D('',#8487,#6790,#6791);
#5714=AXIS2_PLACEMENT_3D('',#8491,#6794,#6795);
#5715=AXIS2_PLACEMENT_3D('',#8495,#6798,#6799);
#5716=AXIS2_PLACEMENT_3D('',#8499,#6802,#6803);
#5717=AXIS2_PLACEMENT_3D('',#8503,#6806,#6807);
#5718=AXIS2_PLACEMENT_3D('',#8505,#6809,#6810);
#5719=AXIS2_PLACEMENT_3D('',#8506,#6811,#6812);
#5720=AXIS2_PLACEMENT_3D('',#8508,#6813,#6814);
#5721=AXIS2_PLACEMENT_3D('',#8510,#6815,#6816);
#5722=AXIS2_PLACEMENT_3D('',#8520,#6821,#6822);
#5723=AXIS2_PLACEMENT_3D('',#8526,#6826,#6827);
#5724=AXIS2_PLACEMENT_3D('',#8532,#6831,#6832);
#5725=AXIS2_PLACEMENT_3D('',#8541,#6837,#6838);
#5726=AXIS2_PLACEMENT_3D('',#8547,#6842,#6843);
#5727=AXIS2_PLACEMENT_3D('',#8555,#6849,#6850);
#5728=AXIS2_PLACEMENT_3D('',#8558,#6853,#6854);
#5729=AXIS2_PLACEMENT_3D('',#8559,#6855,#6856);
#5730=AXIS2_PLACEMENT_3D('',#8560,#6857,#6858);
#5731=AXIS2_PLACEMENT_3D('',#8561,#6859,#6860);
#5732=AXIS2_PLACEMENT_3D('',#8562,#6861,#6862);
#5733=AXIS2_PLACEMENT_3D('',#8563,#6863,#6864);
#5734=AXIS2_PLACEMENT_3D('',#8564,#6865,#6866);
#5735=AXIS2_PLACEMENT_3D('',#8567,#6869,#6870);
#5736=AXIS2_PLACEMENT_3D('',#8568,#6871,#6872);
#5737=AXIS2_PLACEMENT_3D('',#8570,#6873,#6874);
#5738=AXIS2_PLACEMENT_3D('',#8574,#6877,#6878);
#5739=AXIS2_PLACEMENT_3D('',#8576,#6880,#6881);
#5740=AXIS2_PLACEMENT_3D('',#8577,#6882,#6883);
#5741=AXIS2_PLACEMENT_3D('',#8578,#6884,#6885);
#5742=AXIS2_PLACEMENT_3D('',#8580,#6886,#6887);
#5743=AXIS2_PLACEMENT_3D('',#8583,#6889,#6890);
#5744=AXIS2_PLACEMENT_3D('',#8586,#6892,#6893);
#5745=AXIS2_PLACEMENT_3D('',#8589,#6895,#6896);
#5746=AXIS2_PLACEMENT_3D('',#8592,#6898,#6899);
#5747=AXIS2_PLACEMENT_3D('',#8593,#6900,#6901);
#5748=AXIS2_PLACEMENT_3D('',#8597,#6904,#6905);
#5749=AXIS2_PLACEMENT_3D('',#8601,#6908,#6909);
#5750=AXIS2_PLACEMENT_3D('',#8605,#6912,#6913);
#5751=AXIS2_PLACEMENT_3D('',#8609,#6916,#6917);
#5752=AXIS2_PLACEMENT_3D('',#8613,#6920,#6921);
#5753=AXIS2_PLACEMENT_3D('',#8616,#6923,#6924);
#5754=AXIS2_PLACEMENT_3D('',#8617,#6925,#6926);
#5755=AXIS2_PLACEMENT_3D('',#8620,#6928,#6929);
#5756=AXIS2_PLACEMENT_3D('',#8621,#6930,#6931);
#5757=AXIS2_PLACEMENT_3D('',#8622,#6932,#6933);
#5758=AXIS2_PLACEMENT_3D('',#8623,#6934,#6935);
#5759=AXIS2_PLACEMENT_3D('',#8624,#6936,#6937);
#5760=AXIS2_PLACEMENT_3D('',#8625,#6938,#6939);
#5761=AXIS2_PLACEMENT_3D('',#8626,#6940,#6941);
#5762=AXIS2_PLACEMENT_3D('',#8635,#6946,#6947);
#5763=AXIS2_PLACEMENT_3D('',#8641,#6951,#6952);
#5764=AXIS2_PLACEMENT_3D('',#8647,#6956,#6957);
#5765=AXIS2_PLACEMENT_3D('',#8653,#6961,#6962);
#5766=AXIS2_PLACEMENT_3D('',#8659,#6966,#6967);
#5767=AXIS2_PLACEMENT_3D('',#8662,#6970,#6971);
#5768=AXIS2_PLACEMENT_3D('',#8663,#6972,#6973);
#5769=AXIS2_PLACEMENT_3D('',#8664,#6974,#6975);
#5770=AXIS2_PLACEMENT_3D('',#8666,#6976,#6977);
#5771=AXIS2_PLACEMENT_3D('',#8667,#6978,#6979);
#5772=AXIS2_PLACEMENT_3D('',#8669,#6980,#6981);
#5773=AXIS2_PLACEMENT_3D('',#8670,#6982,#6983);
#5774=AXIS2_PLACEMENT_3D('',#8672,#6984,#6985);
#5775=AXIS2_PLACEMENT_3D('',#8673,#6986,#6987);
#5776=AXIS2_PLACEMENT_3D('',#8674,#6988,#6989);
#5777=AXIS2_PLACEMENT_3D('',#8676,#6990,#6991);
#5778=AXIS2_PLACEMENT_3D('',#8677,#6992,#6993);
#5779=AXIS2_PLACEMENT_3D('',#8678,#6994,#6995);
#5780=AXIS2_PLACEMENT_3D('',#8680,#6996,#6997);
#5781=AXIS2_PLACEMENT_3D('',#8681,#6998,#6999);
#5782=AXIS2_PLACEMENT_3D('',#8683,#7000,#7001);
#5783=AXIS2_PLACEMENT_3D('',#8684,#7002,#7003);
#5784=AXIS2_PLACEMENT_3D('',#8686,#7004,#7005);
#5785=AXIS2_PLACEMENT_3D('',#8687,#7006,#7007);
#5786=AXIS2_PLACEMENT_3D('',#8688,#7008,#7009);
#5787=AXIS2_PLACEMENT_3D('',#8690,#7010,#7011);
#5788=AXIS2_PLACEMENT_3D('',#8691,#7012,#7013);
#5789=AXIS2_PLACEMENT_3D('',#8692,#7014,#7015);
#5790=AXIS2_PLACEMENT_3D('',#8694,#7016,#7017);
#5791=AXIS2_PLACEMENT_3D('',#8695,#7018,#7019);
#5792=AXIS2_PLACEMENT_3D('',#8697,#7020,#7021);
#5793=AXIS2_PLACEMENT_3D('',#8698,#7022,#7023);
#5794=AXIS2_PLACEMENT_3D('',#8700,#7024,#7025);
#5795=AXIS2_PLACEMENT_3D('',#8701,#7026,#7027);
#5796=AXIS2_PLACEMENT_3D('',#8703,#7028,#7029);
#5797=AXIS2_PLACEMENT_3D('',#8704,#7030,#7031);
#5798=AXIS2_PLACEMENT_3D('',#8705,#7032,#7033);
#5799=AXIS2_PLACEMENT_3D('',#8706,#7034,#7035);
#5800=AXIS2_PLACEMENT_3D('',#8708,#7036,#7037);
#5801=AXIS2_PLACEMENT_3D('',#8709,#7038,#7039);
#5802=AXIS2_PLACEMENT_3D('',#8710,#7040,#7041);
#5803=AXIS2_PLACEMENT_3D('',#8712,#7042,#7043);
#5804=AXIS2_PLACEMENT_3D('',#8713,#7044,#7045);
#5805=AXIS2_PLACEMENT_3D('',#8714,#7046,#7047);
#5806=AXIS2_PLACEMENT_3D('',#8716,#7048,#7049);
#5807=AXIS2_PLACEMENT_3D('',#8717,#7050,#7051);
#5808=AXIS2_PLACEMENT_3D('',#8718,#7052,#7053);
#5809=AXIS2_PLACEMENT_3D('',#8720,#7054,#7055);
#5810=AXIS2_PLACEMENT_3D('',#8721,#7056,#7057);
#5811=AXIS2_PLACEMENT_3D('',#8724,#7060,#7061);
#5812=AXIS2_PLACEMENT_3D('',#8726,#7062,#7063);
#5813=AXIS2_PLACEMENT_3D('',#8727,#7064,#7065);
#5814=AXIS2_PLACEMENT_3D('',#8728,#7066,#7067);
#5815=AXIS2_PLACEMENT_3D('',#8729,#7068,#7069);
#5816=AXIS2_PLACEMENT_3D('',#8730,#7070,#7071);
#5817=AXIS2_PLACEMENT_3D('',#8732,#7072,#7073);
#5818=AXIS2_PLACEMENT_3D('',#8734,#7074,#7075);
#5819=AXIS2_PLACEMENT_3D('',#8735,#7076,#7077);
#5820=AXIS2_PLACEMENT_3D('',#8737,#7078,#7079);
#5821=AXIS2_PLACEMENT_3D('',#8738,#7080,#7081);
#5822=AXIS2_PLACEMENT_3D('',#8739,#7082,#7083);
#5823=AXIS2_PLACEMENT_3D('',#8741,#7084,#7085);
#5824=AXIS2_PLACEMENT_3D('',#8743,#7086,#7087);
#5825=AXIS2_PLACEMENT_3D('',#8744,#7088,#7089);
#5826=AXIS2_PLACEMENT_3D('',#8746,#7090,#7091);
#5827=AXIS2_PLACEMENT_3D('',#8748,#7092,#7093);
#5828=AXIS2_PLACEMENT_3D('',#8749,#7094,#7095);
#5829=AXIS2_PLACEMENT_3D('',#8751,#7096,#7097);
#5830=AXIS2_PLACEMENT_3D('',#8753,#7098,#7099);
#5831=AXIS2_PLACEMENT_3D('',#8754,#7100,#7101);
#5832=AXIS2_PLACEMENT_3D('',#8756,#7102,#7103);
#5833=AXIS2_PLACEMENT_3D('',#8758,#7104,#7105);
#5834=AXIS2_PLACEMENT_3D('',#8759,#7106,#7107);
#5835=AXIS2_PLACEMENT_3D('',#8761,#7108,#7109);
#5836=AXIS2_PLACEMENT_3D('',#8763,#7110,#7111);
#5837=AXIS2_PLACEMENT_3D('',#8764,#7112,#7113);
#5838=AXIS2_PLACEMENT_3D('',#8766,#7114,#7115);
#5839=AXIS2_PLACEMENT_3D('',#8768,#7116,#7117);
#5840=AXIS2_PLACEMENT_3D('',#8769,#7118,#7119);
#5841=AXIS2_PLACEMENT_3D('',#8771,#7120,#7121);
#5842=AXIS2_PLACEMENT_3D('',#8773,#7122,#7123);
#5843=AXIS2_PLACEMENT_3D('',#8774,#7124,#7125);
#5844=AXIS2_PLACEMENT_3D('',#8776,#7126,#7127);
#5845=AXIS2_PLACEMENT_3D('',#8778,#7128,#7129);
#5846=AXIS2_PLACEMENT_3D('',#8779,#7130,#7131);
#5847=AXIS2_PLACEMENT_3D('',#8781,#7132,#7133);
#5848=AXIS2_PLACEMENT_3D('',#8783,#7134,#7135);
#5849=AXIS2_PLACEMENT_3D('',#8784,#7136,#7137);
#5850=AXIS2_PLACEMENT_3D('',#8786,#7138,#7139);
#5851=AXIS2_PLACEMENT_3D('',#8788,#7140,#7141);
#5852=AXIS2_PLACEMENT_3D('',#8789,#7142,#7143);
#5853=AXIS2_PLACEMENT_3D('',#8791,#7144,#7145);
#5854=AXIS2_PLACEMENT_3D('',#8793,#7146,#7147);
#5855=AXIS2_PLACEMENT_3D('',#8794,#7148,#7149);
#5856=AXIS2_PLACEMENT_3D('',#8796,#7150,#7151);
#5857=AXIS2_PLACEMENT_3D('',#8798,#7152,#7153);
#5858=AXIS2_PLACEMENT_3D('',#8799,#7154,#7155);
#5859=AXIS2_PLACEMENT_3D('',#8801,#7156,#7157);
#5860=AXIS2_PLACEMENT_3D('',#8803,#7158,#7159);
#5861=AXIS2_PLACEMENT_3D('',#8804,#7160,#7161);
#5862=AXIS2_PLACEMENT_3D('',#8806,#7162,#7163);
#5863=AXIS2_PLACEMENT_3D('',#8808,#7164,#7165);
#5864=AXIS2_PLACEMENT_3D('',#8809,#7166,#7167);
#5865=AXIS2_PLACEMENT_3D('',#8811,#7168,#7169);
#5866=AXIS2_PLACEMENT_3D('',#8813,#7170,#7171);
#5867=AXIS2_PLACEMENT_3D('',#8814,#7172,#7173);
#5868=AXIS2_PLACEMENT_3D('',#8816,#7174,#7175);
#5869=AXIS2_PLACEMENT_3D('',#8818,#7176,#7177);
#5870=AXIS2_PLACEMENT_3D('',#8819,#7178,#7179);
#5871=AXIS2_PLACEMENT_3D('',#8821,#7180,#7181);
#5872=AXIS2_PLACEMENT_3D('',#8823,#7182,#7183);
#5873=AXIS2_PLACEMENT_3D('',#8824,#7184,#7185);
#5874=AXIS2_PLACEMENT_3D('',#8826,#7186,#7187);
#5875=AXIS2_PLACEMENT_3D('',#8828,#7188,#7189);
#5876=AXIS2_PLACEMENT_3D('',#8829,#7190,#7191);
#5877=AXIS2_PLACEMENT_3D('',#8831,#7192,#7193);
#5878=AXIS2_PLACEMENT_3D('',#8832,#7194,#7195);
#5879=AXIS2_PLACEMENT_3D('',#8834,#7196,#7197);
#5880=AXIS2_PLACEMENT_3D('',#8835,#7198,#7199);
#5881=AXIS2_PLACEMENT_3D('',#8837,#7200,#7201);
#5882=AXIS2_PLACEMENT_3D('',#8838,#7202,#7203);
#5883=AXIS2_PLACEMENT_3D('',#8840,#7204,#7205);
#5884=AXIS2_PLACEMENT_3D('',#8841,#7206,#7207);
#5885=AXIS2_PLACEMENT_3D('',#8843,#7208,#7209);
#5886=AXIS2_PLACEMENT_3D('',#8844,#7210,#7211);
#5887=AXIS2_PLACEMENT_3D('',#8846,#7212,#7213);
#5888=AXIS2_PLACEMENT_3D('',#8847,#7214,#7215);
#5889=AXIS2_PLACEMENT_3D('',#8849,#7216,#7217);
#5890=AXIS2_PLACEMENT_3D('',#8850,#7218,#7219);
#5891=AXIS2_PLACEMENT_3D('',#8852,#7220,#7221);
#5892=AXIS2_PLACEMENT_3D('',#8853,#7222,#7223);
#5893=AXIS2_PLACEMENT_3D('',#8855,#7224,#7225);
#5894=AXIS2_PLACEMENT_3D('',#8856,#7226,#7227);
#5895=AXIS2_PLACEMENT_3D('',#8858,#7228,#7229);
#5896=AXIS2_PLACEMENT_3D('',#8859,#7230,#7231);
#5897=AXIS2_PLACEMENT_3D('',#8861,#7232,#7233);
#5898=AXIS2_PLACEMENT_3D('',#8862,#7234,#7235);
#5899=AXIS2_PLACEMENT_3D('',#8864,#7236,#7237);
#5900=AXIS2_PLACEMENT_3D('',#8865,#7238,#7239);
#5901=AXIS2_PLACEMENT_3D('',#8867,#7240,#7241);
#5902=AXIS2_PLACEMENT_3D('',#8868,#7242,#7243);
#5903=AXIS2_PLACEMENT_3D('',#8870,#7244,#7245);
#5904=AXIS2_PLACEMENT_3D('',#8871,#7246,#7247);
#5905=AXIS2_PLACEMENT_3D('',#8873,#7248,#7249);
#5906=AXIS2_PLACEMENT_3D('',#8874,#7250,#7251);
#5907=AXIS2_PLACEMENT_3D('',#8876,#7252,#7253);
#5908=AXIS2_PLACEMENT_3D('',#8877,#7254,#7255);
#5909=AXIS2_PLACEMENT_3D('',#8879,#7256,#7257);
#5910=AXIS2_PLACEMENT_3D('',#8880,#7258,#7259);
#5911=AXIS2_PLACEMENT_3D('',#8882,#7260,#7261);
#5912=AXIS2_PLACEMENT_3D('',#8883,#7262,#7263);
#5913=AXIS2_PLACEMENT_3D('',#8885,#7264,#7265);
#5914=AXIS2_PLACEMENT_3D('',#8886,#7266,#7267);
#5915=AXIS2_PLACEMENT_3D('',#8888,#7268,#7269);
#5916=AXIS2_PLACEMENT_3D('',#8889,#7270,#7271);
#5917=AXIS2_PLACEMENT_3D('',#8891,#7272,#7273);
#5918=AXIS2_PLACEMENT_3D('',#8892,#7274,#7275);
#5919=AXIS2_PLACEMENT_3D('',#8894,#7276,#7277);
#5920=AXIS2_PLACEMENT_3D('',#8896,#7278,#7279);
#5921=AXIS2_PLACEMENT_3D('',#8897,#7280,#7281);
#5922=AXIS2_PLACEMENT_3D('',#8898,#7282,#7283);
#5923=AXIS2_PLACEMENT_3D('',#8901,#7286,#7287);
#5924=AXIS2_PLACEMENT_3D('',#8904,#7290,#7291);
#5925=AXIS2_PLACEMENT_3D('',#8905,#7292,#7293);
#5926=AXIS2_PLACEMENT_3D('',#8906,#7294,#7295);
#5927=AXIS2_PLACEMENT_3D('',#8909,#7297,#7298);
#5928=AXIS2_PLACEMENT_3D('',#8910,#7299,#7300);
#5929=AXIS2_PLACEMENT_3D('',#8912,#7301,#7302);
#5930=AXIS2_PLACEMENT_3D('',#8913,#7303,#7304);
#5931=AXIS2_PLACEMENT_3D('',#8915,#7305,#7306);
#5932=AXIS2_PLACEMENT_3D('',#8916,#7307,#7308);
#5933=AXIS2_PLACEMENT_3D('',#8919,#7310,#7311);
#5934=AXIS2_PLACEMENT_3D('',#8920,#7312,#7313);
#5935=AXIS2_PLACEMENT_3D('',#8921,#7314,#7315);
#5936=AXIS2_PLACEMENT_3D('',#8922,#7316,#7317);
#5937=AXIS2_PLACEMENT_3D('',#8923,#7318,#7319);
#5938=AXIS2_PLACEMENT_3D('',#8925,#7320,#7321);
#5939=AXIS2_PLACEMENT_3D('',#8926,#7322,#7323);
#5940=AXIS2_PLACEMENT_3D('',#8928,#7324,#7325);
#5941=AXIS2_PLACEMENT_3D('',#8929,#7326,#7327);
#5942=AXIS2_PLACEMENT_3D('',#8930,#7328,#7329);
#5943=AXIS2_PLACEMENT_3D('',#8931,#7330,#7331);
#5944=AXIS2_PLACEMENT_3D('',#8933,#7332,#7333);
#5945=AXIS2_PLACEMENT_3D('',#8934,#7334,#7335);
#5946=AXIS2_PLACEMENT_3D('',#8935,#7336,#7337);
#5947=AXIS2_PLACEMENT_3D('',#8937,#7338,#7339);
#5948=AXIS2_PLACEMENT_3D('',#8938,#7340,#7341);
#5949=AXIS2_PLACEMENT_3D('',#8939,#7342,#7343);
#5950=AXIS2_PLACEMENT_3D('',#8941,#7344,#7345);
#5951=AXIS2_PLACEMENT_3D('',#8942,#7346,#7347);
#5952=AXIS2_PLACEMENT_3D('',#8943,#7348,#7349);
#5953=AXIS2_PLACEMENT_3D('',#8945,#7350,#7351);
#5954=AXIS2_PLACEMENT_3D('',#8946,#7352,#7353);
#5955=AXIS2_PLACEMENT_3D('',#8952,#7357,#7358);
#5956=AXIS2_PLACEMENT_3D('',#8956,#7361,#7362);
#5957=AXIS2_PLACEMENT_3D('',#8960,#7365,#7366);
#5958=AXIS2_PLACEMENT_3D('',#8962,#7368,#7369);
#5959=AXIS2_PLACEMENT_3D('',#8964,#7371,#7372);
#5960=AXIS2_PLACEMENT_3D('',#8966,#7374,#7375);
#5961=AXIS2_PLACEMENT_3D('',#8978,#7383,#7384);
#5962=AXIS2_PLACEMENT_3D('',#8980,#7385,#7386);
#5963=AXIS2_PLACEMENT_3D('',#8982,#7387,#7388);
#5964=AXIS2_PLACEMENT_3D('',#8984,#7389,#7390);
#5965=AXIS2_PLACEMENT_3D('',#8988,#7393,#7394);
#5966=AXIS2_PLACEMENT_3D('',#8990,#7396,#7397);
#5967=AXIS2_PLACEMENT_3D('',#8991,#7398,#7399);
#5968=AXIS2_PLACEMENT_3D('',#8992,#7400,#7401);
#5969=AXIS2_PLACEMENT_3D('',#8993,#7402,#7403);
#5970=AXIS2_PLACEMENT_3D('',#8997,#7406,#7407);
#5971=AXIS2_PLACEMENT_3D('',#8999,#7409,#7410);
#5972=AXIS2_PLACEMENT_3D('',#9000,#7411,#7412);
#5973=AXIS2_PLACEMENT_3D('',#9001,#7413,#7414);
#5974=AXIS2_PLACEMENT_3D('',#9003,#7415,#7416);
#5975=AXIS2_PLACEMENT_3D('',#9004,#7417,#7418);
#5976=AXIS2_PLACEMENT_3D('',#9005,#7419,#7420);
#5977=AXIS2_PLACEMENT_3D('',#9007,#7421,#7422);
#5978=AXIS2_PLACEMENT_3D('',#9008,#7423,#7424);
#5979=AXIS2_PLACEMENT_3D('',#9009,#7425,#7426);
#5980=AXIS2_PLACEMENT_3D('',#9011,#7427,#7428);
#5981=AXIS2_PLACEMENT_3D('',#9012,#7429,#7430);
#5982=AXIS2_PLACEMENT_3D('',#9013,#7431,#7432);
#5983=AXIS2_PLACEMENT_3D('',#9015,#7433,#7434);
#5984=AXIS2_PLACEMENT_3D('',#9016,#7435,#7436);
#5985=AXIS2_PLACEMENT_3D('',#9018,#7438,#7439);
#5986=AXIS2_PLACEMENT_3D('',#9020,#7441,#7442);
#5987=AXIS2_PLACEMENT_3D('',#9021,#7443,#7444);
#5988=AXIS2_PLACEMENT_3D('',#9022,#7445,#7446);
#5989=AXIS2_PLACEMENT_3D('',#9024,#7447,#7448);
#5990=AXIS2_PLACEMENT_3D('',#9025,#7449,#7450);
#5991=AXIS2_PLACEMENT_3D('',#9026,#7451,#7452);
#5992=AXIS2_PLACEMENT_3D('',#9028,#7453,#7454);
#5993=AXIS2_PLACEMENT_3D('',#9029,#7455,#7456);
#5994=AXIS2_PLACEMENT_3D('',#9030,#7457,#7458);
#5995=AXIS2_PLACEMENT_3D('',#9032,#7459,#7460);
#5996=AXIS2_PLACEMENT_3D('',#9033,#7461,#7462);
#5997=AXIS2_PLACEMENT_3D('',#9034,#7463,#7464);
#5998=AXIS2_PLACEMENT_3D('',#9036,#7465,#7466);
#5999=AXIS2_PLACEMENT_3D('',#9037,#7467,#7468);
#6000=AXIS2_PLACEMENT_3D('',#9038,#7469,#7470);
#6001=AXIS2_PLACEMENT_3D('',#9039,#7471,#7472);
#6002=AXIS2_PLACEMENT_3D('',#9040,#7473,#7474);
#6003=AXIS2_PLACEMENT_3D('',#9042,#7475,#7476);
#6004=AXIS2_PLACEMENT_3D('',#9044,#7477,#7478);
#6005=AXIS2_PLACEMENT_3D('',#9047,#7480,#7481);
#6006=AXIS2_PLACEMENT_3D('',#9048,#7482,#7483);
#6007=AXIS2_PLACEMENT_3D('',#9049,#7484,#7485);
#6008=AXIS2_PLACEMENT_3D('',#9050,#7486,#7487);
#6009=AXIS2_PLACEMENT_3D('',#9051,#7488,#7489);
#6010=AXIS2_PLACEMENT_3D('',#9052,#7490,#7491);
#6011=AXIS2_PLACEMENT_3D('',#9054,#7492,#7493);
#6012=AXIS2_PLACEMENT_3D('',#9055,#7494,#7495);
#6013=AXIS2_PLACEMENT_3D('',#9057,#7496,#7497);
#6014=AXIS2_PLACEMENT_3D('',#9063,#7501,#7502);
#6015=AXIS2_PLACEMENT_3D('',#9065,#7504,#7505);
#6016=AXIS2_PLACEMENT_3D('',#9067,#7507,#7508);
#6017=AXIS2_PLACEMENT_3D('',#9068,#7509,#7510);
#6018=AXIS2_PLACEMENT_3D('',#9069,#7511,#7512);
#6019=AXIS2_PLACEMENT_3D('',#9070,#7513,#7514);
#6020=AXIS2_PLACEMENT_3D('',#9072,#7515,#7516);
#6021=AXIS2_PLACEMENT_3D('',#9073,#7517,#7518);
#6022=AXIS2_PLACEMENT_3D('',#9074,#7519,#7520);
#6023=AXIS2_PLACEMENT_3D('',#9076,#7521,#7522);
#6024=AXIS2_PLACEMENT_3D('',#9077,#7523,#7524);
#6025=AXIS2_PLACEMENT_3D('',#9078,#7525,#7526);
#6026=AXIS2_PLACEMENT_3D('',#9080,#7527,#7528);
#6027=AXIS2_PLACEMENT_3D('',#9081,#7529,#7530);
#6028=AXIS2_PLACEMENT_3D('',#9084,#7533,#7534);
#6029=AXIS2_PLACEMENT_3D('',#9085,#7535,#7536);
#6030=AXIS2_PLACEMENT_3D('',#9086,#7537,#7538);
#6031=AXIS2_PLACEMENT_3D('',#9087,#7539,#7540);
#6032=AXIS2_PLACEMENT_3D('',#9088,#7541,#7542);
#6033=AXIS2_PLACEMENT_3D('',#9089,#7543,#7544);
#6034=AXIS2_PLACEMENT_3D('',#9090,#7545,#7546);
#6035=AXIS2_PLACEMENT_3D('',#9091,#7547,#7548);
#6036=AXIS2_PLACEMENT_3D('',#9092,#7549,#7550);
#6037=AXIS2_PLACEMENT_3D('',#9093,#7551,#7552);
#6038=AXIS2_PLACEMENT_3D('',#9094,#7553,#7554);
#6039=AXIS2_PLACEMENT_3D('',#9095,#7555,#7556);
#6040=AXIS2_PLACEMENT_3D('',#9096,#7557,#7558);
#6041=AXIS2_PLACEMENT_3D('',#9097,#7559,#7560);
#6042=AXIS2_PLACEMENT_3D('',#9098,#7561,#7562);
#6043=AXIS2_PLACEMENT_3D('',#9099,#7563,#7564);
#6044=AXIS2_PLACEMENT_3D('',#9100,#7565,#7566);
#6045=AXIS2_PLACEMENT_3D('',#9101,#7567,#7568);
#6046=AXIS2_PLACEMENT_3D('',#9102,#7569,#7570);
#6047=AXIS2_PLACEMENT_3D('',#9103,#7571,#7572);
#6048=AXIS2_PLACEMENT_3D('',#9104,#7573,#7574);
#6049=AXIS2_PLACEMENT_3D('',#9105,#7575,#7576);
#6050=AXIS2_PLACEMENT_3D('',#9106,#7577,#7578);
#6051=AXIS2_PLACEMENT_3D('',#9107,#7579,#7580);
#6052=AXIS2_PLACEMENT_3D('',#9113,#7584,#7585);
#6053=AXIS2_PLACEMENT_3D('',#9117,#7588,#7589);
#6054=AXIS2_PLACEMENT_3D('',#9121,#7592,#7593);
#6055=AXIS2_PLACEMENT_3D('',#9123,#7595,#7596);
#6056=AXIS2_PLACEMENT_3D('',#9124,#7597,#7598);
#6057=DIRECTION('',(0.,0.,1.));
#6058=DIRECTION('',(1.,0.,0.));
#6059=DIRECTION('',(-1.5419764230905E-16,0.,1.));
#6060=DIRECTION('',(1.,0.,1.5419764230905E-16));
#6061=DIRECTION('',(0.,0.,1.));
#6062=DIRECTION('',(1.,0.,0.));
#6063=DIRECTION('',(1.5419764230905E-16,0.,-1.));
#6064=DIRECTION('',(1.,0.,1.5419764230905E-16));
#6065=DIRECTION('',(-1.5419764230905E-16,0.,1.));
#6066=DIRECTION('',(1.,0.,1.5419764230905E-16));
#6067=DIRECTION('',(0.,0.,1.));
#6068=DIRECTION('',(1.,0.,0.));
#6069=DIRECTION('',(-1.5419764230905E-16,0.,1.));
#6070=DIRECTION('',(0.,0.,1.));
#6071=DIRECTION('',(1.,0.,0.));
#6072=DIRECTION('',(-1.5419764230905E-16,0.,1.));
#6073=DIRECTION('',(-1.5419764230905E-16,0.,1.));
#6074=DIRECTION('',(1.,0.,1.5419764230905E-16));
#6075=DIRECTION('',(-1.5419764230905E-16,0.,1.));
#6076=DIRECTION('',(1.,0.,1.5419764230905E-16));
#6077=DIRECTION('',(0.,0.,1.));
#6078=DIRECTION('',(1.,0.,0.));
#6079=DIRECTION('',(-1.5419764230905E-16,0.,1.));
#6080=DIRECTION('',(0.,0.,1.));
#6081=DIRECTION('',(1.,0.,0.));
#6082=DIRECTION('',(-1.5419764230905E-16,0.,1.));
#6083=DIRECTION('',(-1.5419764230905E-16,0.,1.));
#6084=DIRECTION('',(1.,0.,1.5419764230905E-16));
#6085=DIRECTION('',(3.64246399155152E-20,1.,0.));
#6086=DIRECTION('',(-1.,3.64246399155152E-20,0.));
#6087=DIRECTION('',(1.,0.,0.));
#6088=DIRECTION('',(1.,-3.64246399155152E-20,0.));
#6089=DIRECTION('',(0.,0.,-1.));
#6090=DIRECTION('',(3.64246399155152E-20,1.,0.));
#6091=DIRECTION('',(-1.,3.64246399155152E-20,0.));
#6092=DIRECTION('',(1.,-3.64246399155152E-20,0.));
#6093=DIRECTION('',(1.,0.,0.));
#6094=DIRECTION('',(3.64246399155152E-20,1.,0.));
#6095=DIRECTION('',(-1.,3.64246399155152E-20,0.));
#6096=DIRECTION('',(1.,-3.64246399155152E-20,0.));
#6097=DIRECTION('',(1.,0.,0.));
#6098=DIRECTION('',(0.,0.,-1.));
#6099=DIRECTION('',(-1.,0.,0.));
#6100=DIRECTION('',(0.,0.,1.));
#6101=DIRECTION('',(3.45622956717262E-16,1.,5.32942450536844E-32));
#6102=DIRECTION('',(-1.5419764230905E-16,0.,1.));
#6103=DIRECTION('',(1.,0.,0.));
#6104=DIRECTION('',(0.,-1.,0.));
#6105=DIRECTION('',(0.,-1.,0.));
#6106=DIRECTION('',(0.,0.,1.));
#6107=DIRECTION('',(1.,0.,0.));
#6108=DIRECTION('',(0.,-1.,0.));
#6109=DIRECTION('',(0.,0.,-1.));
#6110=DIRECTION('',(-3.65204942310906E-15,1.,-5.63137410639541E-31));
#6111=DIRECTION('',(1.5419764230905E-16,0.,-1.));
#6112=DIRECTION('',(0.,-1.,0.));
#6113=DIRECTION('',(0.,0.,-1.));
#6114=DIRECTION('',(0.,-1.,0.));
#6115=DIRECTION('',(0.,0.,1.));
#6116=DIRECTION('',(0.,1.,5.46477172979502E-16));
#6117=DIRECTION('',(1.5419764230905E-16,0.,-1.));
#6118=DIRECTION('',(-5.47807413466356E-15,-1.,-8.44706115959308E-31));
#6119=DIRECTION('',(0.,0.,-1.));
#6120=DIRECTION('',(1.,0.,0.));
#6121=DIRECTION('',(0.,-1.,0.));
#6122=DIRECTION('',(0.,0.,1.));
#6123=DIRECTION('',(0.,-1.,0.));
#6124=DIRECTION('',(-1.5419764230905E-16,0.,1.));
#6125=DIRECTION('',(-1.,0.,0.));
#6126=DIRECTION('',(0.,0.,1.));
#6127=DIRECTION('',(0.00077269702896342,-0.999999701469606,1.19148060085367E-19));
#6128=DIRECTION('',(-0.999999701469606,-0.000772697028963419,9.20653795190318E-23));
#6129=DIRECTION('',(-1.,0.,0.));
#6130=DIRECTION('',(1.,0.,0.));
#6131=DIRECTION('',(0.,0.,-1.));
#6132=DIRECTION('',(0.,1.,0.));
#6133=DIRECTION('',(0.,0.,1.));
#6134=DIRECTION('',(0.,1.,-3.5405727340011E-32));
#6135=DIRECTION('',(0.,0.,-1.));
#6136=DIRECTION('',(0.,0.,-1.));
#6137=DIRECTION('',(0.,-1.,0.));
#6138=DIRECTION('',(0.,0.,-1.));
#6139=DIRECTION('',(-1.5419764230905E-16,0.,1.));
#6140=DIRECTION('',(1.,0.,1.5419764230905E-16));
#6141=DIRECTION('',(1.5419764230905E-16,0.,-1.));
#6142=DIRECTION('',(-1.,0.,-1.5419764230905E-16));
#6143=DIRECTION('',(0.,0.,-1.));
#6144=DIRECTION('',(-1.,0.,0.));
#6145=DIRECTION('',(-1.5419764230905E-16,0.,1.));
#6146=DIRECTION('',(1.,0.,1.5419764230905E-16));
#6147=DIRECTION('',(1.5419764230905E-16,0.,-1.));
#6148=DIRECTION('',(-1.,0.,-1.5419764230905E-16));
#6149=DIRECTION('',(0.,0.,-1.));
#6150=DIRECTION('',(-1.,0.,0.));
#6151=DIRECTION('',(0.,-1.,0.));
#6152=DIRECTION('',(0.,0.,-1.));
#6153=DIRECTION('',(0.,-1.,0.));
#6154=DIRECTION('',(1.,0.,0.));
#6155=DIRECTION('',(-1.5419764230905E-16,0.,1.));
#6156=DIRECTION('',(1.,0.,-3.71904491065387E-16));
#6157=DIRECTION('',(1.,0.,1.5419764230905E-16));
#6158=DIRECTION('',(1.5419764230905E-16,0.,-1.));
#6159=DIRECTION('',(-1.5419764230905E-16,3.5405727340011E-32,1.));
#6160=DIRECTION('',(1.,0.,1.5419764230905E-16));
#6161=DIRECTION('',(0.,1.,0.));
#6162=DIRECTION('',(1.,0.,1.5419764230905E-16));
#6163=DIRECTION('',(0.,-1.,0.));
#6164=DIRECTION('',(-1.,0.,-1.5419764230905E-16));
#6165=DIRECTION('',(-1.,0.,0.));
#6166=DIRECTION('',(0.960645359210588,0.277777777777778,1.48129249485403E-16));
#6167=DIRECTION('',(1.82602471155453E-16,0.,-1.));
#6168=DIRECTION('',(1.,0.,1.82602471155453E-16));
#6169=DIRECTION('',(0.489060523999629,-0.872249851742727,8.93036602269131E-17));
#6170=DIRECTION('',(-1.5419764230905E-16,3.5405727340011E-32,1.));
#6171=DIRECTION('',(1.,0.,1.5419764230905E-16));
#6172=DIRECTION('',(0.999991339592788,0.00416181924429941,1.54196306894676E-16));
#6173=DIRECTION('',(1.,0.,1.5419764230905E-16));
#6174=DIRECTION('',(1.,0.,1.5419764230905E-16));
#6175=DIRECTION('',(0.,1.,-3.5405727340011E-32));
#6176=DIRECTION('',(-1.,2.33799729091673E-33,-1.5419764230905E-16));
#6177=DIRECTION('',(0.,1.,-3.5405727340011E-32));
#6178=DIRECTION('',(0.707106781186551,0.707106781186544,1.09034198519707E-16));
#6179=DIRECTION('',(-1.06752213906265E-16,1.,-5.18666670356284E-32));
#6180=DIRECTION('',(-0.707106781186548,0.707106781186548,-1.09034198519707E-16));
#6181=DIRECTION('',(0.,-1.,3.5405727340011E-32));
#6182=DIRECTION('',(1.,0.,0.));
#6183=DIRECTION('',(-2.3545618947768E-16,-1.,0.));
#6184=DIRECTION('',(-1.,4.69074686227769E-19,0.));
#6185=DIRECTION('',(2.56882355439631E-15,1.,0.));
#6186=DIRECTION('',(1.,0.,0.));
#6187=DIRECTION('',(0.,1.,-3.5405727340011E-32));
#6188=DIRECTION('',(-0.707106781186545,-0.70710678118655,-1.09034198519706E-16));
#6189=DIRECTION('',(-5.45947968006675E-48,-1.,3.5405727340011E-32));
#6190=DIRECTION('',(-0.699192745840124,0.714933216576589,-1.07813872928138E-16));
#6191=DIRECTION('',(1.,-1.53645492824162E-15,1.5419764230905E-16));
#6192=DIRECTION('',(-5.66042475901166E-48,-1.,3.5405727340011E-32));
#6193=DIRECTION('',(-1.,-5.55111512312578E-16,-1.5987313873411E-16));
#6194=DIRECTION('',(5.66042475901166E-48,1.,-3.5405727340011E-32));
#6195=DIRECTION('',(1.,2.77555756156289E-16,1.5987313873411E-16));
#6196=DIRECTION('',(1.5419764230905E-16,0.,-1.));
#6197=DIRECTION('',(0.,1.,0.));
#6198=DIRECTION('',(1.5419764230905E-16,0.,-1.));
#6199=DIRECTION('',(0.,1.,0.));
#6200=DIRECTION('',(1.5419764230905E-16,0.,-1.));
#6201=DIRECTION('',(0.,1.,0.));
#6202=DIRECTION('',(1.5419764230905E-16,0.,-1.));
#6203=DIRECTION('',(0.,1.,0.));
#6204=DIRECTION('',(1.5419764230905E-16,0.,-1.));
#6205=DIRECTION('',(0.,1.,0.));
#6206=DIRECTION('',(1.5419764230905E-16,0.,-1.));
#6207=DIRECTION('',(0.,1.,0.));
#6208=DIRECTION('',(1.5419764230905E-16,0.,-1.));
#6209=DIRECTION('',(0.,1.,0.));
#6210=DIRECTION('',(1.5419764230905E-16,0.,-1.));
#6211=DIRECTION('',(0.,1.,0.));
#6212=DIRECTION('',(1.5419764230905E-16,0.,-1.));
#6213=DIRECTION('',(0.,1.,0.));
#6214=DIRECTION('',(1.5419764230905E-16,0.,-1.));
#6215=DIRECTION('',(0.,1.,0.));
#6216=DIRECTION('',(1.5419764230905E-16,0.,-1.));
#6217=DIRECTION('',(0.,1.,0.));
#6218=DIRECTION('',(1.5419764230905E-16,0.,-1.));
#6219=DIRECTION('',(0.,1.,0.));
#6220=DIRECTION('',(1.5419764230905E-16,0.,-1.));
#6221=DIRECTION('',(0.,1.,0.));
#6222=DIRECTION('',(1.5419764230905E-16,0.,-1.));
#6223=DIRECTION('',(0.,1.,0.));
#6224=DIRECTION('',(1.5419764230905E-16,0.,-1.));
#6225=DIRECTION('',(0.,1.,0.));
#6226=DIRECTION('',(1.5419764230905E-16,0.,-1.));
#6227=DIRECTION('',(0.,1.,0.));
#6228=DIRECTION('',(1.5419764230905E-16,0.,-1.));
#6229=DIRECTION('',(0.,1.,0.));
#6230=DIRECTION('',(1.38777878078144E-14,1.,2.13992216043026E-30));
#6231=DIRECTION('',(-1.,0.,0.));
#6232=DIRECTION('',(0.,-1.,0.));
#6233=DIRECTION('',(-1.,0.,-1.5419764230905E-16));
#6234=DIRECTION('',(1.5419764230905E-16,0.,-1.));
#6235=DIRECTION('',(0.,1.,0.));
#6236=DIRECTION('',(1.5419764230905E-16,0.,-1.));
#6237=DIRECTION('',(0.,1.,0.));
#6238=DIRECTION('',(1.5419764230905E-16,0.,-1.));
#6239=DIRECTION('',(0.,1.,0.));
#6240=DIRECTION('',(-5.66042475901166E-48,-1.,3.5405727340011E-32));
#6241=DIRECTION('',(-1.,0.,-1.5987313873411E-16));
#6242=DIRECTION('',(5.66042475901166E-48,1.,-3.5405727340011E-32));
#6243=DIRECTION('',(1.,0.,1.5987313873411E-16));
#6244=DIRECTION('',(1.5419764230905E-16,0.,-1.));
#6245=DIRECTION('',(0.,1.,0.));
#6246=DIRECTION('',(1.5419764230905E-16,0.,-1.));
#6247=DIRECTION('',(0.,1.,0.));
#6248=DIRECTION('',(1.5419764230905E-16,0.,-1.));
#6249=DIRECTION('',(0.,1.,0.));
#6250=DIRECTION('',(1.5419764230905E-16,0.,-1.));
#6251=DIRECTION('',(0.,1.,0.));
#6252=DIRECTION('',(1.5419764230905E-16,0.,-1.));
#6253=DIRECTION('',(0.,1.,0.));
#6254=DIRECTION('',(1.5419764230905E-16,0.,-1.));
#6255=DIRECTION('',(0.,1.,0.));
#6256=DIRECTION('',(1.5419764230905E-16,0.,-1.));
#6257=DIRECTION('',(0.,1.,0.));
#6258=DIRECTION('',(1.5419764230905E-16,0.,-1.));
#6259=DIRECTION('',(0.,1.,0.));
#6260=DIRECTION('',(1.5419764230905E-16,0.,-1.));
#6261=DIRECTION('',(0.,1.,0.));
#6262=DIRECTION('',(1.5419764230905E-16,0.,-1.));
#6263=DIRECTION('',(0.,1.,0.));
#6264=DIRECTION('',(1.5419764230905E-16,0.,-1.));
#6265=DIRECTION('',(0.,1.,0.));
#6266=DIRECTION('',(0.707106781186548,-0.707106781186548,1.09034198519707E-16));
#6267=DIRECTION('',(-0.707106781186548,-0.707106781186548,-1.09034198519707E-16));
#6268=DIRECTION('',(-0.707106781186548,0.707106781186548,-1.09034198519707E-16));
#6269=DIRECTION('',(0.707106781186549,0.707106781186547,1.09034198519707E-16));
#6270=DIRECTION('',(0.,-1.,0.));
#6271=DIRECTION('',(0.,0.,-1.));
#6272=DIRECTION('',(0.,-1.,0.));
#6273=DIRECTION('',(0.,0.,-1.));
#6274=DIRECTION('',(-1.,0.,-1.5419764230905E-16));
#6275=DIRECTION('',(-1.5419764230905E-16,0.,1.));
#6276=DIRECTION('',(1.,3.46944695195361E-15,1.5419764230905E-16));
#6277=DIRECTION('',(-1.5419764230905E-16,0.,1.));
#6278=DIRECTION('',(1.,4.62592926927148E-15,1.5419764230905E-16));
#6279=DIRECTION('',(-4.62592926927148E-15,1.,0.));
#6280=DIRECTION('',(0.,-1.,0.));
#6281=DIRECTION('',(-1.5419764230905E-16,0.,1.));
#6282=DIRECTION('',(-4.62592926927148E-15,1.,-7.13307386810087E-31));
#6283=DIRECTION('',(0.,1.,0.));
#6284=DIRECTION('',(0.,0.,1.));
#6285=DIRECTION('',(0.,1.,0.));
#6286=DIRECTION('',(0.,0.,1.));
#6287=DIRECTION('',(1.,0.,1.5419764230905E-16));
#6288=DIRECTION('',(-1.5419764230905E-16,0.,1.));
#6289=DIRECTION('',(-1.,-3.46944695195362E-15,-1.5419764230905E-16));
#6290=DIRECTION('',(-1.,0.,-1.5419764230905E-16));
#6291=DIRECTION('',(-1.5419764230905E-16,0.,1.));
#6292=DIRECTION('',(0.,1.,0.));
#6293=DIRECTION('',(0.,-1.,0.));
#6294=DIRECTION('',(1.,0.,1.5419764230905E-16));
#6295=DIRECTION('',(1.5419764230905E-16,0.,-1.));
#6296=DIRECTION('',(0.,-1.,0.));
#6297=DIRECTION('',(-1.5419764230905E-16,0.,1.));
#6298=DIRECTION('',(0.,1.,0.));
#6299=DIRECTION('',(-1.5419764230905E-16,0.,1.));
#6300=DIRECTION('',(0.,1.,0.));
#6301=DIRECTION('',(0.,0.,1.));
#6302=DIRECTION('',(0.,1.,0.));
#6303=DIRECTION('',(0.,0.,1.));
#6304=DIRECTION('',(1.,0.,1.5419764230905E-16));
#6305=DIRECTION('',(-1.5419764230905E-16,0.,1.));
#6306=DIRECTION('',(-1.,0.,-1.5419764230905E-16));
#6307=DIRECTION('',(-1.,0.,-1.5419764230905E-16));
#6308=DIRECTION('',(-1.5419764230905E-16,0.,1.));
#6309=DIRECTION('',(0.,1.,0.));
#6310=DIRECTION('',(-1.5419764230905E-16,0.,1.));
#6311=DIRECTION('',(0.,-1.,0.));
#6312=DIRECTION('',(0.,-1.,0.));
#6313=DIRECTION('',(0.,0.,-1.));
#6314=DIRECTION('',(0.,-1.,0.));
#6315=DIRECTION('',(0.,0.,-1.));
#6316=DIRECTION('',(-1.,0.,-1.5419764230905E-16));
#6317=DIRECTION('',(1.,0.,1.5419764230905E-16));
#6318=DIRECTION('',(0.,0.,-1.));
#6319=DIRECTION('',(-1.,0.,0.));
#6320=DIRECTION('',(0.,0.,1.));
#6321=DIRECTION('',(1.,0.,0.));
#6322=DIRECTION('',(0.,0.,1.));
#6323=DIRECTION('',(1.,0.,0.));
#6324=DIRECTION('',(0.,0.,1.));
#6325=DIRECTION('',(1.,0.,0.));
#6326=DIRECTION('',(0.,0.,1.));
#6327=DIRECTION('',(1.,0.,0.));
#6328=DIRECTION('',(0.,0.,1.));
#6329=DIRECTION('',(1.,0.,0.));
#6330=DIRECTION('',(0.,0.,1.));
#6331=DIRECTION('',(1.,0.,0.));
#6332=DIRECTION('',(0.,0.,1.));
#6333=DIRECTION('',(1.,0.,0.));
#6334=DIRECTION('',(0.,0.,1.));
#6335=DIRECTION('',(1.,0.,0.));
#6336=DIRECTION('',(1.11917643611407E-16,-1.,0.));
#6337=DIRECTION('',(-0.707106781186551,-0.707106781186544,0.));
#6338=DIRECTION('',(-1.,0.,0.));
#6339=DIRECTION('',(-1.,0.,0.));
#6340=DIRECTION('',(0.699192745840124,-0.714933216576589,0.));
#6341=DIRECTION('',(1.11917643611407E-16,1.,0.));
#6342=DIRECTION('',(0.707106781186545,0.70710678118655,0.));
#6343=DIRECTION('',(0.,1.,0.));
#6344=DIRECTION('',(1.,0.,0.));
#6345=DIRECTION('',(0.,-1.,0.));
#6346=DIRECTION('',(0.707106781186548,-0.707106781186547,0.));
#6347=DIRECTION('',(1.,0.,0.));
#6348=DIRECTION('',(-1.38777878078144E-14,-1.,0.));
#6349=DIRECTION('',(1.,0.,0.));
#6350=DIRECTION('',(0.,1.,0.));
#6351=DIRECTION('',(-4.59225274911134E-16,-1.,0.));
#6352=DIRECTION('',(1.,-4.59225274911134E-16,0.));
#6353=DIRECTION('',(-4.59225274911134E-16,-1.,0.));
#6354=DIRECTION('',(1.,-4.59225274911134E-16,0.));
#6355=DIRECTION('',(0.,0.,1.));
#6356=DIRECTION('',(-1.,0.,0.));
#6357=DIRECTION('',(0.,0.,-1.));
#6358=DIRECTION('',(1.,-4.59225274911134E-16,0.));
#6359=DIRECTION('',(0.,0.,1.));
#6360=DIRECTION('',(1.,0.,0.));
#6361=DIRECTION('',(-1.,0.,0.));
#6362=DIRECTION('',(-2.29612637455567E-16,-1.,0.));
#6363=DIRECTION('',(-1.,4.59225274911134E-16,0.));
#6364=DIRECTION('',(-2.29612637455567E-16,-1.,0.));
#6365=DIRECTION('',(0.,-1.,0.));
#6366=DIRECTION('',(0.,0.,-1.));
#6367=DIRECTION('',(0.,1.,0.));
#6368=DIRECTION('',(1.,0.,0.));
#6369=DIRECTION('',(0.,0.,1.));
#6370=DIRECTION('',(1.,0.,0.));
#6371=DIRECTION('',(0.,0.,-1.));
#6372=DIRECTION('',(1.,0.,0.));
#6373=DIRECTION('',(0.,0.,1.));
#6374=DIRECTION('',(1.,0.,0.));
#6375=DIRECTION('',(1.,0.,0.));
#6376=DIRECTION('',(-2.3545618947768E-16,-1.,0.));
#6377=DIRECTION('',(-1.,0.,0.));
#6378=DIRECTION('',(-2.3545618947768E-16,-1.,0.));
#6379=DIRECTION('',(1.,0.,0.));
#6380=DIRECTION('',(0.,0.,-1.));
#6381=DIRECTION('',(-2.70191320465228E-16,1.,0.));
#6382=DIRECTION('',(0.,0.,-1.));
#6383=DIRECTION('',(0.,1.,0.));
#6384=DIRECTION('',(1.11022302462516E-15,1.,0.));
#6385=DIRECTION('',(0.,-1.51623413685588E-17,1.));
#6386=DIRECTION('',(0.,0.,1.));
#6387=DIRECTION('',(-1.,-1.06752213906265E-16,-1.5419764230905E-16));
#6388=DIRECTION('',(-1.5419764230905E-16,0.,1.));
#6389=DIRECTION('',(-1.,-1.16190453849753E-16,-1.5419764230905E-16));
#6390=DIRECTION('',(-1.16190453849753E-16,1.,0.));
#6391=DIRECTION('',(-1.,-1.16190453849753E-16,-1.5419764230905E-16));
#6392=DIRECTION('',(-1.16190453849753E-16,1.,0.));
#6393=DIRECTION('',(-1.5419764230905E-16,0.,1.));
#6394=DIRECTION('',(-1.5419764230905E-16,0.,1.));
#6395=DIRECTION('',(1.,0.,1.5419764230905E-16));
#6396=DIRECTION('',(1.5419764230905E-16,0.,-1.));
#6397=DIRECTION('',(1.,0.,1.5419764230905E-16));
#6398=DIRECTION('',(0.,-1.,0.));
#6399=DIRECTION('',(1.,0.,1.5419764230905E-16));
#6400=DIRECTION('',(0.,-1.,0.));
#6401=DIRECTION('',(-1.5419764230905E-16,0.,1.));
#6402=DIRECTION('',(-1.5419764230905E-16,0.,1.));
#6403=DIRECTION('',(-1.5419764230905E-16,0.,1.));
#6404=DIRECTION('',(1.,0.,1.5419764230905E-16));
#6405=DIRECTION('',(-1.09303766220225E-15,1.,-1.68543830466582E-31));
#6406=DIRECTION('',(-1.,0.,0.));
#6407=DIRECTION('',(1.,0.,1.5419764230905E-16));
#6408=DIRECTION('',(-1.5419764230905E-16,0.,1.));
#6409=DIRECTION('',(1.,0.,1.5419764230905E-16));
#6410=DIRECTION('',(1.09303766220224E-15,1.,1.68543830466582E-31));
#6411=DIRECTION('',(-1.,0.,-1.5419764230905E-16));
#6412=DIRECTION('',(-1.5419764230905E-16,0.,1.));
#6413=DIRECTION('',(1.,0.,1.5419764230905E-16));
#6414=DIRECTION('',(1.5419764230905E-16,0.,-1.));
#6415=DIRECTION('',(1.82602471155453E-16,0.,-1.));
#6416=DIRECTION('',(1.,0.,1.82602471155453E-16));
#6417=DIRECTION('',(-1.5419764230905E-16,0.,1.));
#6418=DIRECTION('',(-1.,0.,-1.5419764230905E-16));
#6419=DIRECTION('',(-1.5419764230905E-16,0.,1.));
#6420=DIRECTION('',(8.6368808041252E-16,-1.,1.33178665690039E-31));
#6421=DIRECTION('',(-1.5419764230905E-16,0.,1.));
#6422=DIRECTION('',(-1.5419764230905E-16,0.,1.));
#6423=DIRECTION('',(-1.,0.,-1.5419764230905E-16));
#6424=DIRECTION('',(-1.5419764230905E-16,0.,1.));
#6425=DIRECTION('',(1.5419764230905E-16,0.,-1.));
#6426=DIRECTION('',(0.,1.,0.));
#6427=DIRECTION('',(1.5419764230905E-16,0.,-1.));
#6428=DIRECTION('',(0.,-1.,0.));
#6429=DIRECTION('',(0.,-1.,0.));
#6430=DIRECTION('',(1.5419764230905E-16,0.,-1.));
#6431=DIRECTION('',(-1.,0.,-1.5419764230905E-16));
#6432=DIRECTION('',(-1.5419764230905E-16,0.,1.));
#6433=DIRECTION('',(-1.5419764230905E-16,0.,1.));
#6434=DIRECTION('',(-1.5419764230905E-16,0.,1.));
#6435=DIRECTION('',(0.,1.,0.));
#6436=DIRECTION('',(0.,0.,1.));
#6437=DIRECTION('',(0.,1.,0.));
#6438=DIRECTION('',(1.,0.,-6.24562907642414E-16));
#6439=DIRECTION('',(1.5419764230905E-16,0.,-1.));
#6440=DIRECTION('',(1.,0.,1.5419764230905E-16));
#6441=DIRECTION('',(-1.5419764230905E-16,0.,1.));
#6442=DIRECTION('',(1.,0.,1.5419764230905E-16));
#6443=DIRECTION('',(0.960645359210588,0.277777777777778,1.48129249485403E-16));
#6444=DIRECTION('',(0.999991339592788,0.00416181924429781,1.54196306894676E-16));
#6445=DIRECTION('',(-1.5419764230905E-16,0.,1.));
#6446=DIRECTION('',(1.,0.,1.5419764230905E-16));
#6447=DIRECTION('',(0.489060523999629,-0.872249851742727,8.93036602269131E-17));
#6448=DIRECTION('',(-1.,0.,-1.82602471155453E-16));
#6449=DIRECTION('',(1.12627482127908E-31,1.,-7.30409884621813E-16));
#6450=DIRECTION('',(1.,0.,1.82602471155453E-16));
#6451=DIRECTION('',(0.,-1.,0.));
#6452=DIRECTION('',(0.,1.,0.));
#6453=DIRECTION('',(1.,0.,1.82602471155453E-16));
#6454=DIRECTION('',(0.,1.,0.));
#6455=DIRECTION('',(-1.,0.,0.));
#6456=DIRECTION('',(0.707106781186548,-0.707106781186547,1.09034198519707E-16));
#6457=DIRECTION('',(-0.707106781186549,-0.707106781186547,-1.09034198519707E-16));
#6458=DIRECTION('',(-0.707106781186536,0.707106781186559,-1.09034198519705E-16));
#6459=DIRECTION('',(-1.5419764230905E-16,0.,1.));
#6460=DIRECTION('',(1.,0.,1.5419764230905E-16));
#6461=DIRECTION('',(-1.5419764230905E-16,0.,1.));
#6462=DIRECTION('',(1.,0.,1.5419764230905E-16));
#6463=DIRECTION('',(-1.5419764230905E-16,0.,1.));
#6464=DIRECTION('',(1.,0.,1.5419764230905E-16));
#6465=DIRECTION('',(-1.5419764230905E-16,0.,1.));
#6466=DIRECTION('',(1.,0.,1.5419764230905E-16));
#6467=DIRECTION('',(-1.5419764230905E-16,0.,1.));
#6468=DIRECTION('',(1.,0.,1.5419764230905E-16));
#6469=DIRECTION('',(-0.70710678118652,0.707106781186575,-1.09034198519702E-16));
#6470=DIRECTION('',(0.707106781186549,0.707106781186546,1.09034198519707E-16));
#6471=DIRECTION('',(-1.82602471155453E-16,0.,1.));
#6472=DIRECTION('',(1.,0.,1.82602471155453E-16));
#6473=DIRECTION('',(1.82602471155453E-16,0.,-1.));
#6474=DIRECTION('',(0.,-1.,0.));
#6475=DIRECTION('',(-1.,0.,-1.82602471155453E-16));
#6476=DIRECTION('',(0.,-1.,0.));
#6477=DIRECTION('',(1.,0.,1.82602471155453E-16));
#6478=DIRECTION('',(0.,1.,0.));
#6479=DIRECTION('',(0.,-1.,0.));
#6480=DIRECTION('',(0.,0.,-1.));
#6481=DIRECTION('',(-1.82602471155453E-16,0.,1.));
#6482=DIRECTION('',(0.,0.,1.));
#6483=DIRECTION('',(0.,1.,0.));
#6484=DIRECTION('',(0.,0.,1.));
#6485=DIRECTION('',(1.82602471155453E-16,0.,-1.));
#6486=DIRECTION('',(3.46944695195361E-16,0.,-1.));
#6487=DIRECTION('',(-1.,0.,-1.5419764230905E-16));
#6488=DIRECTION('',(-1.5419764230905E-16,0.,1.));
#6489=DIRECTION('',(-1.92747052886312E-16,0.,1.));
#6490=DIRECTION('',(1.,0.,1.92747052886312E-16));
#6491=DIRECTION('',(1.5419764230905E-16,0.,-1.));
#6492=DIRECTION('',(-1.5419764230905E-16,0.,1.));
#6493=DIRECTION('',(0.,-1.,0.));
#6494=DIRECTION('',(0.,0.,-1.));
#6495=DIRECTION('',(-1.5419764230905E-16,0.,1.));
#6496=DIRECTION('',(1.,0.,1.82602471155453E-16));
#6497=DIRECTION('',(1.5419764230905E-16,0.,-1.));
#6498=DIRECTION('',(0.,1.,0.));
#6499=DIRECTION('',(0.,0.,1.));
#6500=DIRECTION('',(-1.5419764230905E-16,0.,1.));
#6501=DIRECTION('',(-1.,0.,-1.82602471155453E-16));
#6502=DIRECTION('',(1.5419764230905E-16,0.,-1.));
#6503=DIRECTION('',(1.,0.,0.));
#6504=DIRECTION('',(0.,0.,-1.));
#6505=DIRECTION('',(0.,-1.51623413685588E-17,1.));
#6506=DIRECTION('',(0.,1.,0.));
#6507=DIRECTION('',(0.,0.,1.));
#6508=DIRECTION('',(0.,0.,-1.));
#6509=DIRECTION('',(0.,-1.51623413685588E-17,1.));
#6510=DIRECTION('',(-1.5419764230905E-16,0.,1.));
#6511=DIRECTION('',(1.,0.,1.5419764230905E-16));
#6512=DIRECTION('',(-1.5419764230905E-16,0.,1.));
#6513=DIRECTION('',(-1.5419764230905E-16,0.,1.));
#6514=DIRECTION('',(1.23259516440783E-32,-2.22044604925031E-16,-1.));
#6515=DIRECTION('',(0.,-1.,2.22044604925031E-16));
#6516=DIRECTION('',(0.,0.,1.));
#6517=DIRECTION('',(-1.,0.,0.));
#6518=DIRECTION('',(0.,0.,1.));
#6519=DIRECTION('',(1.,0.,0.));
#6520=DIRECTION('',(0.,0.,1.));
#6521=DIRECTION('',(1.,0.,0.));
#6522=DIRECTION('',(0.,0.,1.));
#6523=DIRECTION('',(1.,0.,0.));
#6524=DIRECTION('',(0.,0.,-1.));
#6525=DIRECTION('',(-1.,0.,0.));
#6526=DIRECTION('',(0.,0.,1.));
#6527=DIRECTION('',(1.,0.,0.));
#6528=DIRECTION('',(0.,0.,1.));
#6529=DIRECTION('',(1.,0.,0.));
#6530=DIRECTION('',(0.,0.,1.));
#6531=DIRECTION('',(1.,0.,0.));
#6532=DIRECTION('',(0.,0.,1.));
#6533=DIRECTION('',(1.,0.,0.));
#6534=DIRECTION('',(0.,0.,-1.));
#6535=DIRECTION('',(-1.,0.,0.));
#6536=DIRECTION('',(0.,0.,1.));
#6537=DIRECTION('',(1.,0.,0.));
#6538=DIRECTION('',(0.,0.,-1.));
#6539=DIRECTION('',(-1.,0.,0.));
#6540=DIRECTION('',(1.5987313873411E-16,-3.5405727340011E-32,-1.));
#6541=DIRECTION('',(-1.,0.,-1.5987313873411E-16));
#6542=DIRECTION('',(0.,0.,-1.));
#6543=DIRECTION('',(-1.,0.,0.));
#6544=DIRECTION('',(1.5987313873411E-16,-3.5405727340011E-32,-1.));
#6545=DIRECTION('',(-1.,0.,-1.5987313873411E-16));
#6546=DIRECTION('',(1.5987313873411E-16,-3.5405727340011E-32,-1.));
#6547=DIRECTION('',(-1.,0.,-1.5987313873411E-16));
#6548=DIRECTION('',(-1.,0.,-1.5987313873411E-16));
#6549=DIRECTION('',(-5.66042475901166E-48,-1.,3.5405727340011E-32));
#6550=DIRECTION('',(1.,0.,1.5987313873411E-16));
#6551=DIRECTION('',(5.66042475901166E-48,1.,-3.5405727340011E-32));
#6552=DIRECTION('',(-1.,0.,-1.5987313873411E-16));
#6553=DIRECTION('',(-1.5987313873411E-16,0.,1.));
#6554=DIRECTION('',(-1.5987313873411E-16,3.5405727340011E-32,1.));
#6555=DIRECTION('',(-1.5987313873411E-16,3.5405727340011E-32,1.));
#6556=DIRECTION('',(-5.66042475901166E-48,-1.,3.5405727340011E-32));
#6557=DIRECTION('',(0.,-3.5405727340011E-32,-1.));
#6558=DIRECTION('',(-1.5987313873411E-16,3.5405727340011E-32,1.));
#6559=DIRECTION('',(1.,0.,1.5987313873411E-16));
#6560=DIRECTION('',(1.5987313873411E-16,0.,-1.));
#6561=DIRECTION('',(-1.5987313873411E-16,3.5405727340011E-32,1.));
#6562=DIRECTION('',(5.66042475901166E-48,1.,-3.5405727340011E-32));
#6563=DIRECTION('',(0.,3.5405727340011E-32,1.));
#6564=DIRECTION('',(1.5987313873411E-16,-3.5405727340011E-32,-1.));
#6565=DIRECTION('',(-1.,0.,-1.5987313873411E-16));
#6566=DIRECTION('',(-5.66042475901166E-48,-1.,3.5405727340011E-32));
#6567=DIRECTION('',(1.,2.77555756156289E-16,1.5987313873411E-16));
#6568=DIRECTION('',(5.66042475901166E-48,1.,-3.5405727340011E-32));
#6569=DIRECTION('',(-1.,-5.55111512312578E-16,-1.5987313873411E-16));
#6570=DIRECTION('',(2.77555756156289E-16,-1.,7.97794372504363E-32));
#6571=DIRECTION('',(1.,2.77555756156289E-16,0.));
#6572=DIRECTION('',(-1.5987313873411E-16,3.5405727340011E-32,1.));
#6573=DIRECTION('',(-1.5987313873411E-16,3.5405727340011E-32,1.));
#6574=DIRECTION('',(1.,0.,1.5987313873411E-16));
#6575=DIRECTION('',(1.5987313873411E-16,0.,-1.));
#6576=DIRECTION('',(-1.5987313873411E-16,3.5405727340011E-32,1.));
#6577=DIRECTION('',(-5.55111512312578E-16,1.,-1.24153147160862E-31));
#6578=DIRECTION('',(-1.,-5.55111512312578E-16,0.));
#6579=DIRECTION('',(-1.5987313873411E-16,3.5405727340011E-32,1.));
#6580=DIRECTION('',(-1.,0.,-1.5987313873411E-16));
#6581=DIRECTION('',(-1.5987313873411E-16,0.,1.));
#6582=DIRECTION('',(0.,-1.,-1.51623413685588E-17));
#6583=DIRECTION('',(0.,1.51623413685588E-17,-1.));
#6584=DIRECTION('',(-1.,6.13138985942142E-17,0.));
#6585=DIRECTION('',(0.,1.,0.));
#6586=DIRECTION('',(0.,0.,1.));
#6587=DIRECTION('',(1.,0.,0.));
#6588=DIRECTION('',(0.,0.,-1.));
#6589=DIRECTION('',(-1.,0.,0.));
#6590=DIRECTION('',(0.,0.,-1.));
#6591=DIRECTION('',(1.,0.,0.));
#6592=DIRECTION('',(0.,0.,-1.));
#6593=DIRECTION('',(1.,-5.45008556264535E-16,0.));
#6594=DIRECTION('',(1.,0.,0.));
#6595=DIRECTION('',(0.,1.,0.));
#6596=DIRECTION('',(0.,0.,1.));
#6597=DIRECTION('',(0.,1.,0.));
#6598=DIRECTION('',(-1.,0.,0.));
#6599=DIRECTION('',(-6.00925839494863E-15,0.,-1.));
#6600=DIRECTION('',(-0.866025403784441,0.,-0.499999999999996));
#6601=DIRECTION('',(-0.866025403784438,0.,0.500000000000002));
#6602=DIRECTION('',(3.00462919747432E-15,0.,1.));
#6603=DIRECTION('',(0.86602540378444,0.,0.499999999999998));
#6604=DIRECTION('',(0.866025403784437,0.,-0.500000000000002));
#6605=DIRECTION('',(0.500000000000002,0.,0.866025403784437));
#6606=DIRECTION('',(0.866025403784437,0.,-0.500000000000002));
#6607=DIRECTION('',(0.866025403784437,0.,-0.500000000000002));
#6608=DIRECTION('',(0.,1.,0.));
#6609=DIRECTION('',(0.,1.,0.));
#6610=DIRECTION('',(-0.499999999999998,0.,0.86602540378444));
#6611=DIRECTION('',(0.86602540378444,0.,0.499999999999998));
#6612=DIRECTION('',(0.86602540378444,0.,0.499999999999998));
#6613=DIRECTION('',(0.,1.,0.));
#6614=DIRECTION('',(-1.,0.,3.00462919747432E-15));
#6615=DIRECTION('',(3.00462919747432E-15,0.,1.));
#6616=DIRECTION('',(3.00462919747432E-15,0.,1.));
#6617=DIRECTION('',(0.,1.,0.));
#6618=DIRECTION('',(-0.500000000000002,0.,-0.866025403784438));
#6619=DIRECTION('',(-0.866025403784438,0.,0.500000000000002));
#6620=DIRECTION('',(-0.866025403784438,0.,0.500000000000002));
#6621=DIRECTION('',(0.,1.,0.));
#6622=DIRECTION('',(0.499999999999995,0.,-0.866025403784441));
#6623=DIRECTION('',(-0.866025403784441,0.,-0.499999999999995));
#6624=DIRECTION('',(-0.866025403784441,0.,-0.499999999999996));
#6625=DIRECTION('',(0.,1.,0.));
#6626=DIRECTION('',(1.,0.,-6.00925839494863E-15));
#6627=DIRECTION('',(-6.00925839494863E-15,0.,-1.));
#6628=DIRECTION('',(-6.00925839494863E-15,0.,-1.));
#6629=DIRECTION('',(1.,-2.3545618947768E-16,0.));
#6630=DIRECTION('',(2.3545618947768E-16,1.,0.));
#6631=DIRECTION('',(1.,-2.3545618947768E-16,0.));
#6632=DIRECTION('',(2.3545618947768E-16,1.,0.));
#6633=DIRECTION('',(-2.3545618947768E-16,-1.,0.));
#6634=DIRECTION('',(0.,0.,1.));
#6635=DIRECTION('',(0.,0.,-1.));
#6636=DIRECTION('',(-1.,0.,0.));
#6637=DIRECTION('',(1.,0.,0.));
#6638=DIRECTION('',(-2.3545618947768E-16,-1.,0.));
#6639=DIRECTION('',(-1.,2.3545618947768E-16,0.));
#6640=DIRECTION('',(-2.3545618947768E-16,-1.,0.));
#6641=DIRECTION('',(-1.,2.3545618947768E-16,0.));
#6642=DIRECTION('',(-2.3545618947768E-16,-1.,0.));
#6643=DIRECTION('',(0.,0.,-1.));
#6644=DIRECTION('',(1.,-2.56882355439631E-15,0.));
#6645=DIRECTION('',(2.56882355439631E-15,1.,0.));
#6646=DIRECTION('',(0.,0.,1.));
#6647=DIRECTION('',(-2.56882355439631E-15,-1.,0.));
#6648=DIRECTION('',(2.37663921357518E-30,9.25185853854297E-16,-1.));
#6649=DIRECTION('',(0.,-1.,0.));
#6650=DIRECTION('',(0.,0.,-1.));
#6651=DIRECTION('',(-1.5419764230905E-16,0.,1.));
#6652=DIRECTION('',(-1.5419764230905E-16,0.,1.));
#6653=DIRECTION('',(1.,-2.3545618947768E-16,0.));
#6654=DIRECTION('',(2.3545618947768E-16,1.,0.));
#6655=DIRECTION('',(0.,0.,1.));
#6656=DIRECTION('',(0.,0.,1.));
#6657=DIRECTION('',(-2.3545618947768E-16,-1.,0.));
#6658=DIRECTION('',(1.,-2.29612637455567E-16,0.));
#6659=DIRECTION('',(2.29612637455567E-16,1.,0.));
#6660=DIRECTION('',(1.,-2.29612637455567E-16,0.));
#6661=DIRECTION('',(2.29612637455567E-16,1.,0.));
#6662=DIRECTION('',(-2.29612637455567E-16,-1.,0.));
#6663=DIRECTION('',(0.,0.,1.));
#6664=DIRECTION('',(0.,0.,-1.));
#6665=DIRECTION('',(-1.,0.,0.));
#6666=DIRECTION('',(1.,-4.59225274911134E-16,0.));
#6667=DIRECTION('',(-2.29612637455567E-16,-1.,0.));
#6668=DIRECTION('',(-1.,2.29612637455567E-16,0.));
#6669=DIRECTION('',(-2.29612637455567E-16,-1.,0.));
#6670=DIRECTION('',(-1.,2.29612637455567E-16,0.));
#6671=DIRECTION('',(-2.29612637455567E-16,-1.,0.));
#6672=DIRECTION('',(0.,0.,-1.));
#6673=DIRECTION('',(0.,1.,0.));
#6674=DIRECTION('',(0.,0.,1.));
#6675=DIRECTION('',(0.,-1.,0.));
#6676=DIRECTION('',(-1.,0.,0.));
#6677=DIRECTION('',(-1.50231459873716E-15,0.,-1.));
#6678=DIRECTION('',(-0.866025403784439,0.,-0.5));
#6679=DIRECTION('',(-0.866025403784435,0.,0.500000000000006));
#6680=DIRECTION('',(3.00462919747432E-15,0.,1.));
#6681=DIRECTION('',(0.866025403784441,0.,0.499999999999997));
#6682=DIRECTION('',(0.866025403784438,0.,-0.500000000000001));
#6683=DIRECTION('',(0.500000000000001,0.,0.866025403784438));
#6684=DIRECTION('',(0.866025403784438,0.,-0.500000000000001));
#6685=DIRECTION('',(0.,1.,0.));
#6686=DIRECTION('',(0.866025403784438,0.,-0.500000000000001));
#6687=DIRECTION('',(0.,1.,0.));
#6688=DIRECTION('',(-0.499999999999997,0.,0.866025403784441));
#6689=DIRECTION('',(0.866025403784441,0.,0.499999999999997));
#6690=DIRECTION('',(0.866025403784441,0.,0.499999999999997));
#6691=DIRECTION('',(0.,1.,0.));
#6692=DIRECTION('',(-1.,0.,3.00462919747432E-15));
#6693=DIRECTION('',(3.00462919747432E-15,0.,1.));
#6694=DIRECTION('',(3.00462919747432E-15,0.,1.));
#6695=DIRECTION('',(0.,1.,0.));
#6696=DIRECTION('',(-0.500000000000006,0.,-0.866025403784435));
#6697=DIRECTION('',(-0.866025403784435,0.,0.500000000000006));
#6698=DIRECTION('',(-0.866025403784435,0.,0.500000000000006));
#6699=DIRECTION('',(0.,1.,0.));
#6700=DIRECTION('',(0.5,0.,-0.866025403784439));
#6701=DIRECTION('',(-0.866025403784439,0.,-0.5));
#6702=DIRECTION('',(-0.866025403784439,0.,-0.5));
#6703=DIRECTION('',(0.,1.,0.));
#6704=DIRECTION('',(1.,0.,-1.50231459873716E-15));
#6705=DIRECTION('',(-1.50231459873716E-15,0.,-1.));
#6706=DIRECTION('',(-1.50231459873716E-15,0.,-1.));
#6707=DIRECTION('',(0.,1.,0.));
#6708=DIRECTION('',(0.,0.,1.));
#6709=DIRECTION('',(0.,-1.,0.));
#6710=DIRECTION('',(-1.,0.,0.));
#6711=DIRECTION('',(-0.866025403784439,0.,-0.5));
#6712=DIRECTION('',(-0.866025403784436,0.,0.500000000000005));
#6713=DIRECTION('',(1.31452527389502E-15,0.,1.));
#6714=DIRECTION('',(0.866025403784438,0.,0.5));
#6715=DIRECTION('',(0.866025403784438,0.,-0.5));
#6716=DIRECTION('',(-1.12673594905287E-15,0.,-1.));
#6717=DIRECTION('',(1.,0.,-1.12673594905287E-15));
#6718=DIRECTION('',(-1.12673594905287E-15,0.,-1.));
#6719=DIRECTION('',(-1.12673594905287E-15,0.,-1.));
#6720=DIRECTION('',(0.,1.,0.));
#6721=DIRECTION('',(0.,1.,0.));
#6722=DIRECTION('',(0.5,0.,0.866025403784438));
#6723=DIRECTION('',(0.866025403784438,0.,-0.5));
#6724=DIRECTION('',(0.,1.,0.));
#6725=DIRECTION('',(0.866025403784438,0.,-0.5));
#6726=DIRECTION('',(-0.5,0.,0.866025403784438));
#6727=DIRECTION('',(0.866025403784438,0.,0.5));
#6728=DIRECTION('',(0.866025403784438,0.,0.5));
#6729=DIRECTION('',(0.,1.,0.));
#6730=DIRECTION('',(-1.,0.,1.31452527389502E-15));
#6731=DIRECTION('',(1.31452527389502E-15,0.,1.));
#6732=DIRECTION('',(1.31452527389502E-15,0.,1.));
#6733=DIRECTION('',(0.,1.,0.));
#6734=DIRECTION('',(-0.500000000000005,0.,-0.866025403784436));
#6735=DIRECTION('',(-0.866025403784436,0.,0.500000000000005));
#6736=DIRECTION('',(-0.866025403784436,0.,0.500000000000005));
#6737=DIRECTION('',(0.,1.,0.));
#6738=DIRECTION('',(0.5,0.,-0.866025403784439));
#6739=DIRECTION('',(-0.866025403784439,0.,-0.5));
#6740=DIRECTION('',(-0.866025403784439,0.,-0.5));
#6741=DIRECTION('',(0.,1.,0.));
#6742=DIRECTION('',(0.,0.,1.));
#6743=DIRECTION('',(0.,-1.,0.));
#6744=DIRECTION('',(-1.,0.,0.));
#6745=DIRECTION('',(-0.866025403784441,0.,-0.499999999999996));
#6746=DIRECTION('',(-0.866025403784435,0.,0.500000000000006));
#6747=DIRECTION('',(-1.50231459873718E-15,0.,1.));
#6748=DIRECTION('',(0.866025403784439,0.,0.499999999999999));
#6749=DIRECTION('',(0.866025403784441,0.,-0.499999999999997));
#6750=DIRECTION('',(0.,0.,-1.));
#6751=DIRECTION('',(1.,0.,0.));
#6752=DIRECTION('',(0.,0.,-1.));
#6753=DIRECTION('',(0.,0.,-1.));
#6754=DIRECTION('',(0.,1.,0.));
#6755=DIRECTION('',(0.,1.,0.));
#6756=DIRECTION('',(0.499999999999997,0.,0.866025403784441));
#6757=DIRECTION('',(0.866025403784441,0.,-0.499999999999997));
#6758=DIRECTION('',(0.,1.,0.));
#6759=DIRECTION('',(0.866025403784441,0.,-0.499999999999997));
#6760=DIRECTION('',(-0.499999999999999,0.,0.866025403784439));
#6761=DIRECTION('',(0.866025403784439,0.,0.499999999999999));
#6762=DIRECTION('',(0.866025403784439,0.,0.499999999999999));
#6763=DIRECTION('',(0.,1.,0.));
#6764=DIRECTION('',(-1.,0.,-1.50231459873718E-15));
#6765=DIRECTION('',(-1.50231459873718E-15,0.,1.));
#6766=DIRECTION('',(-1.50231459873718E-15,0.,1.));
#6767=DIRECTION('',(0.,1.,0.));
#6768=DIRECTION('',(-0.500000000000006,0.,-0.866025403784435));
#6769=DIRECTION('',(-0.866025403784435,0.,0.500000000000006));
#6770=DIRECTION('',(-0.866025403784435,0.,0.500000000000006));
#6771=DIRECTION('',(0.,1.,0.));
#6772=DIRECTION('',(0.499999999999995,0.,-0.866025403784441));
#6773=DIRECTION('',(-0.866025403784441,0.,-0.499999999999995));
#6774=DIRECTION('',(-0.866025403784441,0.,-0.499999999999996));
#6775=DIRECTION('',(0.,1.,0.));
#6776=DIRECTION('',(0.,0.,1.));
#6777=DIRECTION('',(0.,1.,0.));
#6778=DIRECTION('',(-1.,0.,0.));
#6779=DIRECTION('',(-0.866025403784441,0.,-0.499999999999996));
#6780=DIRECTION('',(-0.866025403784437,0.,0.500000000000004));
#6781=DIRECTION('',(1.50231459873717E-15,0.,1.));
#6782=DIRECTION('',(0.866025403784438,0.,0.500000000000001));
#6783=DIRECTION('',(0.866025403784437,0.,-0.500000000000003));
#6784=DIRECTION('',(-1.50231459873716E-15,0.,-1.));
#6785=DIRECTION('',(1.,0.,-1.50231459873716E-15));
#6786=DIRECTION('',(-1.50231459873716E-15,0.,-1.));
#6787=DIRECTION('',(-1.50231459873716E-15,0.,-1.));
#6788=DIRECTION('',(0.,1.,0.));
#6789=DIRECTION('',(0.,1.,0.));
#6790=DIRECTION('',(0.500000000000003,0.,0.866025403784437));
#6791=DIRECTION('',(0.866025403784437,0.,-0.500000000000003));
#6792=DIRECTION('',(0.866025403784437,0.,-0.500000000000003));
#6793=DIRECTION('',(0.,1.,0.));
#6794=DIRECTION('',(-0.500000000000001,0.,0.866025403784438));
#6795=DIRECTION('',(0.866025403784438,0.,0.500000000000001));
#6796=DIRECTION('',(0.866025403784438,0.,0.500000000000001));
#6797=DIRECTION('',(0.,1.,0.));
#6798=DIRECTION('',(-1.,0.,1.50231459873717E-15));
#6799=DIRECTION('',(1.50231459873717E-15,0.,1.));
#6800=DIRECTION('',(1.50231459873717E-15,0.,1.));
#6801=DIRECTION('',(0.,1.,0.));
#6802=DIRECTION('',(-0.500000000000003,0.,-0.866025403784437));
#6803=DIRECTION('',(-0.866025403784437,0.,0.500000000000004));
#6804=DIRECTION('',(-0.866025403784437,0.,0.500000000000004));
#6805=DIRECTION('',(0.,1.,0.));
#6806=DIRECTION('',(0.499999999999995,0.,-0.866025403784441));
#6807=DIRECTION('',(-0.866025403784441,0.,-0.499999999999995));
#6808=DIRECTION('',(-0.866025403784441,0.,-0.499999999999996));
#6809=DIRECTION('',(0.,1.,0.));
#6810=DIRECTION('',(0.,0.,1.));
#6811=DIRECTION('',(0.,1.,0.));
#6812=DIRECTION('',(0.,0.,1.));
#6813=DIRECTION('',(0.,1.,0.));
#6814=DIRECTION('',(0.,0.,1.));
#6815=DIRECTION('',(0.,1.,0.));
#6816=DIRECTION('',(0.,0.,1.));
#6817=DIRECTION('',(1.,0.,-2.29612637455567E-16));
#6818=DIRECTION('',(0.,0.,-1.));
#6819=DIRECTION('',(1.,0.,0.));
#6820=DIRECTION('',(0.,0.,1.));
#6821=DIRECTION('',(-2.29612637455567E-16,0.,-1.));
#6822=DIRECTION('',(-1.,0.,2.29612637455567E-16));
#6823=DIRECTION('',(0.,1.,0.));
#6824=DIRECTION('',(1.,0.,-2.29612637455567E-16));
#6825=DIRECTION('',(0.,1.,0.));
#6826=DIRECTION('',(0.,0.,1.));
#6827=DIRECTION('',(1.,0.,0.));
#6828=DIRECTION('',(-1.,4.59225274911134E-16,0.));
#6829=DIRECTION('',(-1.,0.,0.));
#6830=DIRECTION('',(-2.29612637455567E-16,-1.,0.));
#6831=DIRECTION('',(-1.,2.29612637455567E-16,0.));
#6832=DIRECTION('',(-2.29612637455567E-16,-1.,0.));
#6833=DIRECTION('',(0.,0.,-1.));
#6834=DIRECTION('',(-2.29612637455567E-16,-1.,0.));
#6835=DIRECTION('',(0.,0.,-1.));
#6836=DIRECTION('',(-2.29612637455567E-16,-1.,0.));
#6837=DIRECTION('',(1.,-2.29612637455567E-16,2.35137035035826E-16));
#6838=DIRECTION('',(2.35137035035826E-16,0.,-1.));
#6839=DIRECTION('',(-2.29612637455567E-16,-1.,0.));
#6840=DIRECTION('',(-2.35137035035826E-16,1.07980869556116E-31,1.));
#6841=DIRECTION('',(-2.35137035035826E-16,0.,1.));
#6842=DIRECTION('',(0.,0.,1.));
#6843=DIRECTION('',(1.,0.,0.));
#6844=DIRECTION('',(1.,-2.29612637455567E-16,0.));
#6845=DIRECTION('',(0.,-1.,0.));
#6846=DIRECTION('',(0.,-1.,0.));
#6847=DIRECTION('',(-1.,2.29612637455567E-16,0.));
#6848=DIRECTION('',(-1.,0.,0.));
#6849=DIRECTION('',(0.,0.,1.));
#6850=DIRECTION('',(1.,0.,0.));
#6851=DIRECTION('',(-1.,0.,0.));
#6852=DIRECTION('',(-1.,4.59225274911134E-16,0.));
#6853=DIRECTION('',(0.,1.,0.));
#6854=DIRECTION('',(0.,0.,1.));
#6855=DIRECTION('',(0.,1.,0.));
#6856=DIRECTION('',(0.,0.,1.));
#6857=DIRECTION('',(0.,1.,0.));
#6858=DIRECTION('',(0.,0.,1.));
#6859=DIRECTION('',(-2.29612637455567E-16,-1.,0.));
#6860=DIRECTION('',(1.,-2.29612637455567E-16,0.));
#6861=DIRECTION('',(0.,-1.,0.));
#6862=DIRECTION('',(0.,0.,-1.));
#6863=DIRECTION('',(-2.3545618947768E-16,-1.,0.));
#6864=DIRECTION('',(1.,-2.3545618947768E-16,0.));
#6865=DIRECTION('',(0.,-1.,0.));
#6866=DIRECTION('',(0.,0.,-1.));
#6867=DIRECTION('',(0.,0.,1.));
#6868=DIRECTION('',(0.,0.,1.));
#6869=DIRECTION('',(1.,0.,0.));
#6870=DIRECTION('',(0.,0.,-1.));
#6871=DIRECTION('',(-1.,0.,0.));
#6872=DIRECTION('',(0.,1.,0.));
#6873=DIRECTION('',(-1.,0.,0.));
#6874=DIRECTION('',(0.,1.,0.));
#6875=DIRECTION('',(0.,0.,1.));
#6876=DIRECTION('',(-1.5419764230905E-16,0.,1.));
#6877=DIRECTION('',(2.29612637455567E-16,1.,0.));
#6878=DIRECTION('',(-1.,2.29612637455567E-16,0.));
#6879=DIRECTION('',(0.,0.,-1.));
#6880=DIRECTION('',(2.29612637455567E-16,1.,0.));
#6881=DIRECTION('',(-1.,2.29612637455567E-16,0.));
#6882=DIRECTION('',(1.,0.,0.));
#6883=DIRECTION('',(0.,0.,-1.));
#6884=DIRECTION('',(1.,0.,0.));
#6885=DIRECTION('',(0.,-1.,0.));
#6886=DIRECTION('',(1.,0.,0.));
#6887=DIRECTION('',(0.,-1.,0.));
#6888=DIRECTION('',(-1.5419764230905E-16,0.,1.));
#6889=DIRECTION('',(-1.23259516440783E-32,2.22044604925031E-16,1.));
#6890=DIRECTION('',(0.,-1.,2.22044604925031E-16));
#6891=DIRECTION('',(-1.23259516440783E-32,2.22044604925031E-16,1.));
#6892=DIRECTION('',(1.23259516440783E-32,-2.22044604925031E-16,-1.));
#6893=DIRECTION('',(0.,1.,-2.22044604925031E-16));
#6894=DIRECTION('',(-1.23259516440783E-32,2.22044604925031E-16,1.));
#6895=DIRECTION('',(-1.23259516440783E-32,2.22044604925031E-16,1.));
#6896=DIRECTION('',(0.,-1.,2.22044604925031E-16));
#6897=DIRECTION('',(-1.23259516440783E-32,2.22044604925031E-16,1.));
#6898=DIRECTION('',(1.23259516440783E-32,-2.22044604925031E-16,-1.));
#6899=DIRECTION('',(0.,1.,-2.22044604925031E-16));
#6900=DIRECTION('',(0.707106781186559,0.707106781186536,-1.57009245868375E-16));
#6901=DIRECTION('',(-0.707106781186536,0.707106781186559,0.));
#6902=DIRECTION('',(-1.23259516440783E-32,2.22044604925031E-16,1.));
#6903=DIRECTION('',(-0.707106781186536,0.707106781186559,-1.5700924586838E-16));
#6904=DIRECTION('',(-0.707106781186546,0.707106781186549,-1.57009245868378E-16));
#6905=DIRECTION('',(-0.707106781186549,-0.707106781186546,0.));
#6906=DIRECTION('',(-1.23259516440783E-32,2.22044604925031E-16,1.));
#6907=DIRECTION('',(-0.707106781186549,-0.707106781186546,1.57009245868377E-16));
#6908=DIRECTION('',(-0.707106781186547,-0.707106781186548,1.57009245868378E-16));
#6909=DIRECTION('',(0.707106781186548,-0.707106781186547,0.));
#6910=DIRECTION('',(-1.23259516440783E-32,2.22044604925031E-16,1.));
#6911=DIRECTION('',(0.707106781186548,-0.707106781186547,1.57009245868377E-16));
#6912=DIRECTION('',(0.707106781186546,-0.707106781186549,1.57009245868378E-16));
#6913=DIRECTION('',(0.707106781186549,0.707106781186546,0.));
#6914=DIRECTION('',(-1.23259516440783E-32,2.22044604925031E-16,1.));
#6915=DIRECTION('',(0.707106781186549,0.707106781186546,-1.57009245868377E-16));
#6916=DIRECTION('',(0.707106781186575,0.70710678118652,-1.57009245868371E-16));
#6917=DIRECTION('',(-0.70710678118652,0.707106781186575,0.));
#6918=DIRECTION('',(-1.23259516440783E-32,2.22044604925031E-16,1.));
#6919=DIRECTION('',(-0.70710678118652,0.707106781186575,-1.57009245868384E-16));
#6920=DIRECTION('',(-1.23259516440783E-32,2.22044604925031E-16,1.));
#6921=DIRECTION('',(0.,-1.,2.22044604925031E-16));
#6922=DIRECTION('',(-1.23259516440783E-32,2.22044604925031E-16,1.));
#6923=DIRECTION('',(1.23259516440783E-32,-2.22044604925031E-16,-1.));
#6924=DIRECTION('',(0.,1.,-2.22044604925031E-16));
#6925=DIRECTION('',(-1.23259516440783E-32,2.22044604925031E-16,1.));
#6926=DIRECTION('',(0.,-1.,2.22044604925031E-16));
#6927=DIRECTION('',(-1.23259516440783E-32,2.22044604925031E-16,1.));
#6928=DIRECTION('',(1.23259516440783E-32,-2.22044604925031E-16,-1.));
#6929=DIRECTION('',(0.,1.,-2.22044604925031E-16));
#6930=DIRECTION('',(-1.23259516440783E-32,2.22044604925031E-16,1.));
#6931=DIRECTION('',(0.,-1.,2.22044604925031E-16));
#6932=DIRECTION('',(-1.23259516440783E-32,2.22044604925031E-16,1.));
#6933=DIRECTION('',(0.,-1.,2.22044604925031E-16));
#6934=DIRECTION('',(-1.23259516440783E-32,2.22044604925031E-16,1.));
#6935=DIRECTION('',(0.,-1.,2.22044604925031E-16));
#6936=DIRECTION('',(1.23259516440783E-32,-2.22044604925031E-16,-1.));
#6937=DIRECTION('',(0.,1.,-2.22044604925031E-16));
#6938=DIRECTION('',(-1.5419764230905E-16,0.,1.));
#6939=DIRECTION('',(1.,0.,1.5419764230905E-16));
#6940=DIRECTION('',(1.94890852261185E-17,-1.,0.));
#6941=DIRECTION('',(1.,1.94890852261185E-17,0.));
#6942=DIRECTION('',(0.,0.,-1.));
#6943=DIRECTION('',(-1.,0.,0.));
#6944=DIRECTION('',(0.,0.,-1.));
#6945=DIRECTION('',(-1.,0.,0.));
#6946=DIRECTION('',(-0.86602540378444,-0.499999999999997,0.));
#6947=DIRECTION('',(0.499999999999998,-0.86602540378444,0.));
#6948=DIRECTION('',(-0.499999999999998,0.86602540378444,0.));
#6949=DIRECTION('',(0.,0.,-1.));
#6950=DIRECTION('',(-0.499999999999998,0.86602540378444,0.));
#6951=DIRECTION('',(-0.866025403784437,0.500000000000003,0.));
#6952=DIRECTION('',(-0.500000000000003,-0.866025403784437,0.));
#6953=DIRECTION('',(0.500000000000004,0.866025403784436,0.));
#6954=DIRECTION('',(0.,0.,-1.));
#6955=DIRECTION('',(0.500000000000003,0.866025403784437,0.));
#6956=DIRECTION('',(-1.94890852261185E-17,1.,0.));
#6957=DIRECTION('',(-1.,-1.94890852261185E-17,0.));
#6958=DIRECTION('',(1.,0.,0.));
#6959=DIRECTION('',(0.,0.,-1.));
#6960=DIRECTION('',(1.,0.,0.));
#6961=DIRECTION('',(0.866025403784439,0.499999999999999,0.));
#6962=DIRECTION('',(-0.499999999999999,0.866025403784439,0.));
#6963=DIRECTION('',(0.499999999999999,-0.866025403784439,0.));
#6964=DIRECTION('',(0.,0.,-1.));
#6965=DIRECTION('',(0.499999999999999,-0.866025403784439,0.));
#6966=DIRECTION('',(0.866025403784438,-0.500000000000001,0.));
#6967=DIRECTION('',(0.500000000000002,0.866025403784438,0.));
#6968=DIRECTION('',(-0.5,-0.866025403784439,0.));
#6969=DIRECTION('',(-0.500000000000002,-0.866025403784438,0.));
#6970=DIRECTION('',(0.,0.,-1.));
#6971=DIRECTION('',(-1.,0.,0.));
#6972=DIRECTION('',(0.,0.,-1.));
#6973=DIRECTION('',(-1.,0.,0.));
#6974=DIRECTION('',(1.5419764230905E-16,0.,-1.));
#6975=DIRECTION('',(-1.,0.,-1.5419764230905E-16));
#6976=DIRECTION('',(0.,0.,-1.));
#6977=DIRECTION('',(-1.,0.,0.));
#6978=DIRECTION('',(1.5419764230905E-16,0.,-1.));
#6979=DIRECTION('',(-1.,0.,-1.5419764230905E-16));
#6980=DIRECTION('',(-1.5419764230905E-16,0.,1.));
#6981=DIRECTION('',(1.,0.,1.5419764230905E-16));
#6982=DIRECTION('',(1.5419764230905E-16,0.,-1.));
#6983=DIRECTION('',(0.,1.,0.));
#6984=DIRECTION('',(1.5419764230905E-16,0.,-1.));
#6985=DIRECTION('',(-1.,0.,-1.5419764230905E-16));
#6986=DIRECTION('',(-1.5419764230905E-16,0.,1.));
#6987=DIRECTION('',(1.,0.,1.5419764230905E-16));
#6988=DIRECTION('',(1.5419764230905E-16,0.,-1.));
#6989=DIRECTION('',(0.,1.,0.));
#6990=DIRECTION('',(1.5419764230905E-16,0.,-1.));
#6991=DIRECTION('',(-1.,0.,-1.5419764230905E-16));
#6992=DIRECTION('',(-1.5419764230905E-16,0.,1.));
#6993=DIRECTION('',(1.,0.,1.5419764230905E-16));
#6994=DIRECTION('',(1.5419764230905E-16,0.,-1.));
#6995=DIRECTION('',(-1.,0.,-1.5419764230905E-16));
#6996=DIRECTION('',(-1.5419764230905E-16,0.,1.));
#6997=DIRECTION('',(1.,0.,1.5419764230905E-16));
#6998=DIRECTION('',(1.5419764230905E-16,0.,-1.));
#6999=DIRECTION('',(-1.,0.,-1.5419764230905E-16));
#7000=DIRECTION('',(-1.5419764230905E-16,0.,1.));
#7001=DIRECTION('',(1.,0.,1.5419764230905E-16));
#7002=DIRECTION('',(1.5419764230905E-16,0.,-1.));
#7003=DIRECTION('',(0.,1.,0.));
#7004=DIRECTION('',(1.5419764230905E-16,0.,-1.));
#7005=DIRECTION('',(-1.,0.,-1.5419764230905E-16));
#7006=DIRECTION('',(-1.5419764230905E-16,0.,1.));
#7007=DIRECTION('',(1.,0.,1.5419764230905E-16));
#7008=DIRECTION('',(1.5419764230905E-16,0.,-1.));
#7009=DIRECTION('',(0.,1.,0.));
#7010=DIRECTION('',(1.5419764230905E-16,0.,-1.));
#7011=DIRECTION('',(-1.,0.,-1.5419764230905E-16));
#7012=DIRECTION('',(-1.5419764230905E-16,0.,1.));
#7013=DIRECTION('',(1.,0.,1.5419764230905E-16));
#7014=DIRECTION('',(1.5419764230905E-16,0.,-1.));
#7015=DIRECTION('',(-1.,0.,-1.5419764230905E-16));
#7016=DIRECTION('',(-1.5419764230905E-16,0.,1.));
#7017=DIRECTION('',(1.,0.,1.5419764230905E-16));
#7018=DIRECTION('',(1.5419764230905E-16,0.,-1.));
#7019=DIRECTION('',(-1.,0.,-1.5419764230905E-16));
#7020=DIRECTION('',(-1.5419764230905E-16,0.,1.));
#7021=DIRECTION('',(1.,0.,1.5419764230905E-16));
#7022=DIRECTION('',(1.5419764230905E-16,0.,-1.));
#7023=DIRECTION('',(-1.,0.,-1.5419764230905E-16));
#7024=DIRECTION('',(-1.5419764230905E-16,0.,1.));
#7025=DIRECTION('',(1.,0.,1.5419764230905E-16));
#7026=DIRECTION('',(1.5419764230905E-16,0.,-1.));
#7027=DIRECTION('',(-1.,0.,-1.5419764230905E-16));
#7028=DIRECTION('',(-0.70710678118655,0.707106781186545,-1.09034198519707E-16));
#7029=DIRECTION('',(-0.707106781186545,-0.70710678118655,0.));
#7030=DIRECTION('',(-0.707106781186548,-0.707106781186548,-1.09034198519707E-16));
#7031=DIRECTION('',(0.707106781186548,-0.707106781186548,0.));
#7032=DIRECTION('',(-1.5419764230905E-16,0.,1.));
#7033=DIRECTION('',(1.,0.,1.5419764230905E-16));
#7034=DIRECTION('',(1.5419764230905E-16,0.,-1.));
#7035=DIRECTION('',(0.,1.,0.));
#7036=DIRECTION('',(1.5419764230905E-16,0.,-1.));
#7037=DIRECTION('',(-1.,0.,-1.5419764230905E-16));
#7038=DIRECTION('',(-1.5419764230905E-16,0.,1.));
#7039=DIRECTION('',(1.,0.,1.5419764230905E-16));
#7040=DIRECTION('',(1.5419764230905E-16,0.,-1.));
#7041=DIRECTION('',(0.,1.,0.));
#7042=DIRECTION('',(1.5419764230905E-16,0.,-1.));
#7043=DIRECTION('',(-1.,0.,-1.5419764230905E-16));
#7044=DIRECTION('',(-1.5419764230905E-16,0.,1.));
#7045=DIRECTION('',(1.,0.,1.5419764230905E-16));
#7046=DIRECTION('',(1.5419764230905E-16,0.,-1.));
#7047=DIRECTION('',(0.,1.,0.));
#7048=DIRECTION('',(1.5419764230905E-16,0.,-1.));
#7049=DIRECTION('',(-1.,0.,-1.5419764230905E-16));
#7050=DIRECTION('',(-1.5419764230905E-16,0.,1.));
#7051=DIRECTION('',(1.,0.,1.5419764230905E-16));
#7052=DIRECTION('',(1.5419764230905E-16,0.,-1.));
#7053=DIRECTION('',(0.,1.,0.));
#7054=DIRECTION('',(1.5419764230905E-16,0.,-1.));
#7055=DIRECTION('',(-1.,0.,-1.5419764230905E-16));
#7056=DIRECTION('',(-1.82602471155453E-16,0.,1.));
#7057=DIRECTION('',(1.,0.,1.82602471155453E-16));
#7058=DIRECTION('',(0.,1.,0.));
#7059=DIRECTION('',(0.,-1.,0.));
#7060=DIRECTION('',(-1.82602471155453E-16,0.,1.));
#7061=DIRECTION('',(1.,0.,1.82602471155453E-16));
#7062=DIRECTION('',(1.,0.,1.5419764230905E-16));
#7063=DIRECTION('',(1.5419764230905E-16,0.,-1.));
#7064=DIRECTION('',(-1.,0.,-1.5419764230905E-16));
#7065=DIRECTION('',(-1.5419764230905E-16,0.,1.));
#7066=DIRECTION('',(-0.872249851742727,-0.489060523999629,-1.34498870643146E-16));
#7067=DIRECTION('',(0.489060523999629,-0.872249851742727,0.));
#7068=DIRECTION('',(0.,0.,-1.));
#7069=DIRECTION('',(-1.,0.,0.));
#7070=DIRECTION('',(0.,0.,1.));
#7071=DIRECTION('',(-1.94890852261185E-17,1.,0.));
#7072=DIRECTION('',(0.,0.,1.));
#7073=DIRECTION('',(1.,0.,0.));
#7074=DIRECTION('',(0.,0.,1.));
#7075=DIRECTION('',(1.,0.,0.));
#7076=DIRECTION('',(0.,0.,1.));
#7077=DIRECTION('',(1.,0.,0.));
#7078=DIRECTION('',(0.,0.,-1.));
#7079=DIRECTION('',(-1.,0.,0.));
#7080=DIRECTION('',(-1.5419764230905E-16,0.,1.));
#7081=DIRECTION('',(1.,0.,1.5419764230905E-16));
#7082=DIRECTION('',(1.5419764230905E-16,0.,-1.));
#7083=DIRECTION('',(-1.,0.,-1.5419764230905E-16));
#7084=DIRECTION('',(0.,0.,1.));
#7085=DIRECTION('',(1.,-1.3776758247334E-15,0.));
#7086=DIRECTION('',(-1.5419764230905E-16,0.,1.));
#7087=DIRECTION('',(1.,0.,1.5419764230905E-16));
#7088=DIRECTION('',(1.5419764230905E-16,0.,-1.));
#7089=DIRECTION('',(-1.,0.,-1.5419764230905E-16));
#7090=DIRECTION('',(0.,0.,1.));
#7091=DIRECTION('',(1.,-1.3776758247334E-15,0.));
#7092=DIRECTION('',(-1.5419764230905E-16,0.,1.));
#7093=DIRECTION('',(1.,0.,1.5419764230905E-16));
#7094=DIRECTION('',(1.5419764230905E-16,0.,-1.));
#7095=DIRECTION('',(-1.,0.,-1.5419764230905E-16));
#7096=DIRECTION('',(0.,0.,1.));
#7097=DIRECTION('',(1.,0.,0.));
#7098=DIRECTION('',(-1.5419764230905E-16,0.,1.));
#7099=DIRECTION('',(1.,0.,1.5419764230905E-16));
#7100=DIRECTION('',(1.5419764230905E-16,0.,-1.));
#7101=DIRECTION('',(-1.,0.,-1.5419764230905E-16));
#7102=DIRECTION('',(0.,0.,1.));
#7103=DIRECTION('',(1.,0.,0.));
#7104=DIRECTION('',(-1.5419764230905E-16,0.,1.));
#7105=DIRECTION('',(1.,0.,1.5419764230905E-16));
#7106=DIRECTION('',(1.5419764230905E-16,0.,-1.));
#7107=DIRECTION('',(-1.,0.,-1.5419764230905E-16));
#7108=DIRECTION('',(0.,0.,1.));
#7109=DIRECTION('',(1.,0.,0.));
#7110=DIRECTION('',(-1.5419764230905E-16,0.,1.));
#7111=DIRECTION('',(1.,0.,1.5419764230905E-16));
#7112=DIRECTION('',(1.5419764230905E-16,0.,-1.));
#7113=DIRECTION('',(-1.,0.,-1.5419764230905E-16));
#7114=DIRECTION('',(0.,0.,1.));
#7115=DIRECTION('',(1.,0.,0.));
#7116=DIRECTION('',(-1.5419764230905E-16,0.,1.));
#7117=DIRECTION('',(1.,0.,1.5419764230905E-16));
#7118=DIRECTION('',(1.5419764230905E-16,0.,-1.));
#7119=DIRECTION('',(-1.,0.,-1.5419764230905E-16));
#7120=DIRECTION('',(0.,0.,1.));
#7121=DIRECTION('',(1.,0.,0.));
#7122=DIRECTION('',(-1.5419764230905E-16,0.,1.));
#7123=DIRECTION('',(1.,0.,1.5419764230905E-16));
#7124=DIRECTION('',(1.5419764230905E-16,0.,-1.));
#7125=DIRECTION('',(-1.,0.,-1.5419764230905E-16));
#7126=DIRECTION('',(0.,0.,1.));
#7127=DIRECTION('',(1.,0.,0.));
#7128=DIRECTION('',(-1.5419764230905E-16,0.,1.));
#7129=DIRECTION('',(1.,0.,1.5419764230905E-16));
#7130=DIRECTION('',(1.5419764230905E-16,0.,-1.));
#7131=DIRECTION('',(-1.,0.,-1.5419764230905E-16));
#7132=DIRECTION('',(0.,0.,1.));
#7133=DIRECTION('',(1.,0.,0.));
#7134=DIRECTION('',(-1.5419764230905E-16,0.,1.));
#7135=DIRECTION('',(1.,0.,1.5419764230905E-16));
#7136=DIRECTION('',(1.5419764230905E-16,0.,-1.));
#7137=DIRECTION('',(-1.,0.,-1.5419764230905E-16));
#7138=DIRECTION('',(0.,0.,1.));
#7139=DIRECTION('',(1.,0.,0.));
#7140=DIRECTION('',(-1.5419764230905E-16,0.,1.));
#7141=DIRECTION('',(1.,0.,1.5419764230905E-16));
#7142=DIRECTION('',(1.5419764230905E-16,0.,-1.));
#7143=DIRECTION('',(-1.,0.,-1.5419764230905E-16));
#7144=DIRECTION('',(0.,0.,1.));
#7145=DIRECTION('',(1.,0.,0.));
#7146=DIRECTION('',(-1.5419764230905E-16,0.,1.));
#7147=DIRECTION('',(1.,0.,1.5419764230905E-16));
#7148=DIRECTION('',(1.5419764230905E-16,0.,-1.));
#7149=DIRECTION('',(-1.,0.,-1.5419764230905E-16));
#7150=DIRECTION('',(0.,0.,1.));
#7151=DIRECTION('',(1.,0.,0.));
#7152=DIRECTION('',(-1.5419764230905E-16,0.,1.));
#7153=DIRECTION('',(1.,0.,1.5419764230905E-16));
#7154=DIRECTION('',(1.5419764230905E-16,0.,-1.));
#7155=DIRECTION('',(-1.,0.,-1.5419764230905E-16));
#7156=DIRECTION('',(0.,0.,1.));
#7157=DIRECTION('',(1.,0.,0.));
#7158=DIRECTION('',(-1.5419764230905E-16,0.,1.));
#7159=DIRECTION('',(1.,0.,1.5419764230905E-16));
#7160=DIRECTION('',(1.5419764230905E-16,0.,-1.));
#7161=DIRECTION('',(-1.,0.,-1.5419764230905E-16));
#7162=DIRECTION('',(0.,0.,1.));
#7163=DIRECTION('',(1.,0.,0.));
#7164=DIRECTION('',(-1.5419764230905E-16,0.,1.));
#7165=DIRECTION('',(1.,0.,1.5419764230905E-16));
#7166=DIRECTION('',(1.5419764230905E-16,0.,-1.));
#7167=DIRECTION('',(-1.,0.,-1.5419764230905E-16));
#7168=DIRECTION('',(0.,0.,1.));
#7169=DIRECTION('',(1.,0.,0.));
#7170=DIRECTION('',(-1.5419764230905E-16,0.,1.));
#7171=DIRECTION('',(1.,0.,1.5419764230905E-16));
#7172=DIRECTION('',(1.5419764230905E-16,0.,-1.));
#7173=DIRECTION('',(-1.,0.,-1.5419764230905E-16));
#7174=DIRECTION('',(0.,0.,1.));
#7175=DIRECTION('',(1.,0.,0.));
#7176=DIRECTION('',(-1.5419764230905E-16,0.,1.));
#7177=DIRECTION('',(1.,0.,1.5419764230905E-16));
#7178=DIRECTION('',(1.5419764230905E-16,0.,-1.));
#7179=DIRECTION('',(-1.,0.,-1.5419764230905E-16));
#7180=DIRECTION('',(0.,0.,1.));
#7181=DIRECTION('',(1.,0.,0.));
#7182=DIRECTION('',(-1.5419764230905E-16,0.,1.));
#7183=DIRECTION('',(1.,0.,1.5419764230905E-16));
#7184=DIRECTION('',(1.5419764230905E-16,0.,-1.));
#7185=DIRECTION('',(-1.,0.,-1.5419764230905E-16));
#7186=DIRECTION('',(0.,0.,1.));
#7187=DIRECTION('',(1.,0.,0.));
#7188=DIRECTION('',(-1.5419764230905E-16,0.,1.));
#7189=DIRECTION('',(1.,0.,1.5419764230905E-16));
#7190=DIRECTION('',(1.5419764230905E-16,0.,-1.));
#7191=DIRECTION('',(-1.,0.,-1.5419764230905E-16));
#7192=DIRECTION('',(-1.5419764230905E-16,0.,1.));
#7193=DIRECTION('',(1.,0.,1.5419764230905E-16));
#7194=DIRECTION('',(1.5419764230905E-16,0.,-1.));
#7195=DIRECTION('',(-1.,0.,-1.5419764230905E-16));
#7196=DIRECTION('',(-1.5419764230905E-16,0.,1.));
#7197=DIRECTION('',(1.,0.,1.5419764230905E-16));
#7198=DIRECTION('',(1.5419764230905E-16,0.,-1.));
#7199=DIRECTION('',(-1.,0.,-1.5419764230905E-16));
#7200=DIRECTION('',(-1.5419764230905E-16,0.,1.));
#7201=DIRECTION('',(1.,0.,1.5419764230905E-16));
#7202=DIRECTION('',(1.5419764230905E-16,0.,-1.));
#7203=DIRECTION('',(-1.,0.,-1.5419764230905E-16));
#7204=DIRECTION('',(-1.5419764230905E-16,0.,1.));
#7205=DIRECTION('',(1.,0.,1.5419764230905E-16));
#7206=DIRECTION('',(1.5419764230905E-16,0.,-1.));
#7207=DIRECTION('',(-1.,0.,-1.5419764230905E-16));
#7208=DIRECTION('',(-1.5419764230905E-16,0.,1.));
#7209=DIRECTION('',(1.,0.,1.5419764230905E-16));
#7210=DIRECTION('',(1.5419764230905E-16,0.,-1.));
#7211=DIRECTION('',(-1.,0.,-1.5419764230905E-16));
#7212=DIRECTION('',(-1.5419764230905E-16,0.,1.));
#7213=DIRECTION('',(1.,0.,1.5419764230905E-16));
#7214=DIRECTION('',(1.5419764230905E-16,0.,-1.));
#7215=DIRECTION('',(-1.,0.,-1.5419764230905E-16));
#7216=DIRECTION('',(-1.5419764230905E-16,0.,1.));
#7217=DIRECTION('',(1.,0.,1.5419764230905E-16));
#7218=DIRECTION('',(1.5419764230905E-16,0.,-1.));
#7219=DIRECTION('',(-1.,0.,-1.5419764230905E-16));
#7220=DIRECTION('',(-1.5419764230905E-16,0.,1.));
#7221=DIRECTION('',(1.,0.,1.5419764230905E-16));
#7222=DIRECTION('',(1.5419764230905E-16,0.,-1.));
#7223=DIRECTION('',(-1.,0.,-1.5419764230905E-16));
#7224=DIRECTION('',(-1.5419764230905E-16,0.,1.));
#7225=DIRECTION('',(1.,0.,1.5419764230905E-16));
#7226=DIRECTION('',(1.5419764230905E-16,0.,-1.));
#7227=DIRECTION('',(-1.,0.,-1.5419764230905E-16));
#7228=DIRECTION('',(-1.5419764230905E-16,0.,1.));
#7229=DIRECTION('',(1.,0.,1.5419764230905E-16));
#7230=DIRECTION('',(1.5419764230905E-16,0.,-1.));
#7231=DIRECTION('',(-1.,0.,-1.5419764230905E-16));
#7232=DIRECTION('',(-1.5419764230905E-16,0.,1.));
#7233=DIRECTION('',(1.,0.,1.5419764230905E-16));
#7234=DIRECTION('',(1.5419764230905E-16,0.,-1.));
#7235=DIRECTION('',(-1.,0.,-1.5419764230905E-16));
#7236=DIRECTION('',(-1.5419764230905E-16,0.,1.));
#7237=DIRECTION('',(1.,0.,1.5419764230905E-16));
#7238=DIRECTION('',(1.5419764230905E-16,0.,-1.));
#7239=DIRECTION('',(-1.,0.,-1.5419764230905E-16));
#7240=DIRECTION('',(-1.5419764230905E-16,0.,1.));
#7241=DIRECTION('',(1.,0.,1.5419764230905E-16));
#7242=DIRECTION('',(1.5419764230905E-16,0.,-1.));
#7243=DIRECTION('',(-1.,0.,-1.5419764230905E-16));
#7244=DIRECTION('',(-1.5419764230905E-16,0.,1.));
#7245=DIRECTION('',(1.,0.,1.5419764230905E-16));
#7246=DIRECTION('',(1.5419764230905E-16,0.,-1.));
#7247=DIRECTION('',(-1.,0.,-1.5419764230905E-16));
#7248=DIRECTION('',(-1.5419764230905E-16,0.,1.));
#7249=DIRECTION('',(1.,0.,1.5419764230905E-16));
#7250=DIRECTION('',(1.5419764230905E-16,0.,-1.));
#7251=DIRECTION('',(-1.,0.,-1.5419764230905E-16));
#7252=DIRECTION('',(-1.5419764230905E-16,0.,1.));
#7253=DIRECTION('',(1.,0.,1.5419764230905E-16));
#7254=DIRECTION('',(1.5419764230905E-16,0.,-1.));
#7255=DIRECTION('',(-1.,0.,-1.5419764230905E-16));
#7256=DIRECTION('',(-1.5419764230905E-16,0.,1.));
#7257=DIRECTION('',(1.,0.,1.5419764230905E-16));
#7258=DIRECTION('',(1.5419764230905E-16,0.,-1.));
#7259=DIRECTION('',(-1.,0.,-1.5419764230905E-16));
#7260=DIRECTION('',(-1.5419764230905E-16,0.,1.));
#7261=DIRECTION('',(1.,0.,1.5419764230905E-16));
#7262=DIRECTION('',(1.5419764230905E-16,0.,-1.));
#7263=DIRECTION('',(-1.,0.,-1.5419764230905E-16));
#7264=DIRECTION('',(-1.5419764230905E-16,0.,1.));
#7265=DIRECTION('',(1.,0.,1.5419764230905E-16));
#7266=DIRECTION('',(1.5419764230905E-16,0.,-1.));
#7267=DIRECTION('',(-1.,0.,-1.5419764230905E-16));
#7268=DIRECTION('',(-1.82602471155453E-16,0.,1.));
#7269=DIRECTION('',(1.,0.,1.82602471155453E-16));
#7270=DIRECTION('',(0.,0.,1.));
#7271=DIRECTION('',(1.,0.,0.));
#7272=DIRECTION('',(0.,0.,-1.));
#7273=DIRECTION('',(-1.,0.,0.));
#7274=DIRECTION('',(0.,0.,1.));
#7275=DIRECTION('',(-1.94890852261185E-17,1.,0.));
#7276=DIRECTION('',(0.,0.,1.));
#7277=DIRECTION('',(1.,0.,0.));
#7278=DIRECTION('',(0.,0.,1.));
#7279=DIRECTION('',(1.,0.,0.));
#7280=DIRECTION('',(-1.,0.,-1.82602471155453E-16));
#7281=DIRECTION('',(-1.82602471155453E-16,0.,1.));
#7282=DIRECTION('',(-1.,0.,0.));
#7283=DIRECTION('',(0.,0.,1.));
#7284=DIRECTION('',(-1.,0.,0.));
#7285=DIRECTION('',(-1.,0.,0.));
#7286=DIRECTION('',(-1.,0.,0.));
#7287=DIRECTION('',(0.,0.,1.));
#7288=DIRECTION('',(-1.,0.,0.));
#7289=DIRECTION('',(-1.,0.,0.));
#7290=DIRECTION('',(-0.00416181924429941,0.999991339592788,-6.417427151874E-19));
#7291=DIRECTION('',(-0.999991339592788,-0.00416181924429941,0.));
#7292=DIRECTION('',(0.,1.,0.));
#7293=DIRECTION('',(0.,0.,1.));
#7294=DIRECTION('',(0.,1.,0.));
#7295=DIRECTION('',(0.,0.,1.));
#7296=DIRECTION('',(-1.,0.,-1.5419764230905E-16));
#7297=DIRECTION('',(0.,-1.,0.));
#7298=DIRECTION('',(0.,0.,-1.));
#7299=DIRECTION('',(0.,-1.,0.));
#7300=DIRECTION('',(0.,0.,-1.));
#7301=DIRECTION('',(0.,-1.,0.));
#7302=DIRECTION('',(0.,0.,-1.));
#7303=DIRECTION('',(0.,-1.,0.));
#7304=DIRECTION('',(0.,0.,-1.));
#7305=DIRECTION('',(0.,1.,0.));
#7306=DIRECTION('',(0.,0.,1.));
#7307=DIRECTION('',(0.,1.,0.));
#7308=DIRECTION('',(0.,0.,1.));
#7309=DIRECTION('',(-1.,0.,-1.5419764230905E-16));
#7310=DIRECTION('',(-0.277777777777778,0.960645359210588,-4.28326784191805E-17));
#7311=DIRECTION('',(-0.960645359210588,-0.277777777777778,0.));
#7312=DIRECTION('',(-1.5419764230905E-16,0.,1.));
#7313=DIRECTION('',(1.,0.,1.5419764230905E-16));
#7314=DIRECTION('',(1.5419764230905E-16,0.,-1.));
#7315=DIRECTION('',(-1.,0.,-1.5419764230905E-16));
#7316=DIRECTION('',(0.,-1.,0.));
#7317=DIRECTION('',(0.,0.,-1.));
#7318=DIRECTION('',(0.,1.,0.));
#7319=DIRECTION('',(0.,0.,1.));
#7320=DIRECTION('',(0.,1.,0.));
#7321=DIRECTION('',(0.,0.,1.));
#7322=DIRECTION('',(0.,-1.,0.));
#7323=DIRECTION('',(0.,0.,-1.));
#7324=DIRECTION('',(0.,1.,0.));
#7325=DIRECTION('',(0.,0.,1.));
#7326=DIRECTION('',(0.,-1.,0.));
#7327=DIRECTION('',(0.,0.,-1.));
#7328=DIRECTION('',(0.,-1.,0.));
#7329=DIRECTION('',(0.,0.,-1.));
#7330=DIRECTION('',(0.,1.,0.));
#7331=DIRECTION('',(1.,0.,-6.24562907642414E-16));
#7332=DIRECTION('',(0.,1.,0.));
#7333=DIRECTION('',(0.,0.,1.));
#7334=DIRECTION('',(0.,1.,0.));
#7335=DIRECTION('',(0.,0.,1.));
#7336=DIRECTION('',(0.,-1.,0.));
#7337=DIRECTION('',(1.,0.,0.));
#7338=DIRECTION('',(0.,-1.,0.));
#7339=DIRECTION('',(0.,0.,-1.));
#7340=DIRECTION('',(0.,-1.,0.));
#7341=DIRECTION('',(0.,0.,-1.));
#7342=DIRECTION('',(0.,-1.,0.));
#7343=DIRECTION('',(-1.,0.,0.));
#7344=DIRECTION('',(0.,1.,0.));
#7345=DIRECTION('',(0.,0.,1.));
#7346=DIRECTION('',(0.,1.,0.));
#7347=DIRECTION('',(0.,0.,1.));
#7348=DIRECTION('',(0.,1.,0.));
#7349=DIRECTION('',(1.,0.,-6.24562907642414E-16));
#7350=DIRECTION('',(0.,-1.,0.));
#7351=DIRECTION('',(0.,0.,-1.));
#7352=DIRECTION('',(0.707106781186547,0.707106781186547,1.09034198519707E-16));
#7353=DIRECTION('',(-0.707106781186548,0.707106781186548,0.));
#7354=DIRECTION('',(-1.5419764230905E-16,0.,1.));
#7355=DIRECTION('',(-0.707106781186548,0.707106781186548,-1.09034198519707E-16));
#7356=DIRECTION('',(-1.5419764230905E-16,0.,1.));
#7357=DIRECTION('',(-0.707106781186547,0.707106781186547,-1.09034198519707E-16));
#7358=DIRECTION('',(-0.707106781186548,-0.707106781186548,0.));
#7359=DIRECTION('',(-1.5419764230905E-16,0.,1.));
#7360=DIRECTION('',(-0.707106781186548,-0.707106781186548,-1.09034198519707E-16));
#7361=DIRECTION('',(-0.707106781186547,-0.707106781186547,-1.09034198519707E-16));
#7362=DIRECTION('',(0.707106781186548,-0.707106781186548,0.));
#7363=DIRECTION('',(-1.5419764230905E-16,0.,1.));
#7364=DIRECTION('',(0.707106781186548,-0.707106781186548,1.09034198519707E-16));
#7365=DIRECTION('',(0.707106781186547,-0.707106781186549,1.09034198519706E-16));
#7366=DIRECTION('',(0.707106781186549,0.707106781186547,0.));
#7367=DIRECTION('',(0.707106781186548,0.707106781186548,1.09034198519707E-16));
#7368=DIRECTION('',(-1.53645492824162E-15,-1.,0.));
#7369=DIRECTION('',(1.,-1.53645492824162E-15,0.));
#7370=DIRECTION('',(-1.5419764230905E-16,0.,1.));
#7371=DIRECTION('',(1.47299305823507E-15,1.,0.));
#7372=DIRECTION('',(-1.,1.47299305823507E-15,0.));
#7373=DIRECTION('',(-1.,1.3776758247334E-15,0.));
#7374=DIRECTION('',(0.,0.,1.));
#7375=DIRECTION('',(1.,0.,0.));
#7376=DIRECTION('',(-1.,1.10012006857711E-15,0.));
#7377=DIRECTION('',(-1.65232034893317E-15,-1.,0.));
#7378=DIRECTION('',(0.,-1.,0.));
#7379=DIRECTION('',(1.,0.,0.));
#7380=DIRECTION('',(-2.55858919760591E-16,1.,0.));
#7381=DIRECTION('',(-1.,5.88428819463711E-16,0.));
#7382=DIRECTION('',(5.68952875480477E-16,-1.,0.));
#7383=DIRECTION('',(0.,0.,1.));
#7384=DIRECTION('',(1.,0.,0.));
#7385=DIRECTION('',(0.,0.,1.));
#7386=DIRECTION('',(1.,0.,0.));
#7387=DIRECTION('',(0.,0.,1.));
#7388=DIRECTION('',(1.,0.,0.));
#7389=DIRECTION('',(-5.88428819463711E-16,-1.,0.));
#7390=DIRECTION('',(1.,-5.88428819463711E-16,0.));
#7391=DIRECTION('',(-1.,6.13138985942142E-17,0.));
#7392=DIRECTION('',(0.,0.,-1.));
#7393=DIRECTION('',(1.,5.68952875480477E-16,0.));
#7394=DIRECTION('',(-5.68952875480477E-16,1.,0.));
#7395=DIRECTION('',(2.77555756156289E-16,-1.,0.));
#7396=DIRECTION('',(0.,0.,1.));
#7397=DIRECTION('',(1.,0.,0.));
#7398=DIRECTION('',(0.714933216576589,0.699192745840124,1.10241016404535E-16));
#7399=DIRECTION('',(-0.699192745840124,0.714933216576589,0.));
#7400=DIRECTION('',(0.707106781186544,-0.707106781186551,1.09034198519706E-16));
#7401=DIRECTION('',(0.707106781186551,0.707106781186544,0.));
#7402=DIRECTION('',(-1.10012006857711E-15,-1.,0.));
#7403=DIRECTION('',(1.,-1.10012006857711E-15,0.));
#7404=DIRECTION('',(-1.,1.10012006857711E-15,0.));
#7405=DIRECTION('',(0.,0.,-1.));
#7406=DIRECTION('',(1.,-1.65232034893317E-15,0.));
#7407=DIRECTION('',(1.65232034893317E-15,1.,0.));
#7408=DIRECTION('',(-1.65232034893317E-15,-1.,0.));
#7409=DIRECTION('',(0.,0.,1.));
#7410=DIRECTION('',(1.,0.,0.));
#7411=DIRECTION('',(1.,0.,0.));
#7412=DIRECTION('',(0.,0.,-1.));
#7413=DIRECTION('',(-1.,0.,0.));
#7414=DIRECTION('',(0.,1.,0.));
#7415=DIRECTION('',(-1.,0.,0.));
#7416=DIRECTION('',(0.,0.,1.));
#7417=DIRECTION('',(1.,0.,0.));
#7418=DIRECTION('',(0.,0.,-1.));
#7419=DIRECTION('',(-1.,0.,0.));
#7420=DIRECTION('',(0.,1.,0.));
#7421=DIRECTION('',(-1.,0.,0.));
#7422=DIRECTION('',(0.,0.,1.));
#7423=DIRECTION('',(-1.,0.,0.));
#7424=DIRECTION('',(0.,0.,1.));
#7425=DIRECTION('',(1.,0.,0.));
#7426=DIRECTION('',(0.,-1.,0.));
#7427=DIRECTION('',(1.,0.,0.));
#7428=DIRECTION('',(0.,0.,-1.));
#7429=DIRECTION('',(-1.,0.,0.));
#7430=DIRECTION('',(0.,0.,1.));
#7431=DIRECTION('',(1.,0.,0.));
#7432=DIRECTION('',(0.,-1.,0.));
#7433=DIRECTION('',(1.,0.,0.));
#7434=DIRECTION('',(0.,0.,-1.));
#7435=DIRECTION('',(1.,-1.38777878078144E-14,1.5419764230905E-16));
#7436=DIRECTION('',(1.38777878078144E-14,1.,0.));
#7437=DIRECTION('',(-1.5419764230905E-16,0.,1.));
#7438=DIRECTION('',(0.,1.,0.));
#7439=DIRECTION('',(0.,0.,1.));
#7440=DIRECTION('',(-1.5419764230905E-16,0.,1.));
#7441=DIRECTION('',(-1.,0.,-1.5419764230905E-16));
#7442=DIRECTION('',(-1.5419764230905E-16,0.,1.));
#7443=DIRECTION('',(1.,1.16190453849753E-16,1.5419764230905E-16));
#7444=DIRECTION('',(1.5419764230905E-16,0.,-1.));
#7445=DIRECTION('',(-1.,-1.16190453849753E-16,-1.5419764230905E-16));
#7446=DIRECTION('',(-1.16190453849753E-16,1.,0.));
#7447=DIRECTION('',(-1.,-1.16190453849753E-16,-1.5419764230905E-16));
#7448=DIRECTION('',(-1.5419764230905E-16,0.,1.));
#7449=DIRECTION('',(1.,1.16190453849753E-16,1.5419764230905E-16));
#7450=DIRECTION('',(1.5419764230905E-16,0.,-1.));
#7451=DIRECTION('',(-1.,-1.16190453849753E-16,-1.5419764230905E-16));
#7452=DIRECTION('',(-1.16190453849753E-16,1.,0.));
#7453=DIRECTION('',(-1.,-1.16190453849753E-16,-1.5419764230905E-16));
#7454=DIRECTION('',(-1.5419764230905E-16,0.,1.));
#7455=DIRECTION('',(-1.,0.,-1.5419764230905E-16));
#7456=DIRECTION('',(-1.5419764230905E-16,0.,1.));
#7457=DIRECTION('',(1.,0.,1.5419764230905E-16));
#7458=DIRECTION('',(0.,-1.,0.));
#7459=DIRECTION('',(1.,0.,1.5419764230905E-16));
#7460=DIRECTION('',(1.5419764230905E-16,0.,-1.));
#7461=DIRECTION('',(-1.,0.,-1.5419764230905E-16));
#7462=DIRECTION('',(-1.5419764230905E-16,0.,1.));
#7463=DIRECTION('',(1.,0.,1.5419764230905E-16));
#7464=DIRECTION('',(0.,-1.,0.));
#7465=DIRECTION('',(1.,0.,1.5419764230905E-16));
#7466=DIRECTION('',(1.5419764230905E-16,0.,-1.));
#7467=DIRECTION('',(-1.5419764230905E-16,0.,1.));
#7468=DIRECTION('',(1.,0.,1.5419764230905E-16));
#7469=DIRECTION('',(-1.5419764230905E-16,0.,1.));
#7470=DIRECTION('',(1.,0.,1.5419764230905E-16));
#7471=DIRECTION('',(0.,0.,1.));
#7472=DIRECTION('',(1.,0.,0.));
#7473=DIRECTION('',(0.,0.,1.));
#7474=DIRECTION('',(-1.94890852261185E-17,1.,0.));
#7475=DIRECTION('',(0.,0.,1.));
#7476=DIRECTION('',(-1.94890852261185E-17,1.,0.));
#7477=DIRECTION('',(0.,0.,1.));
#7478=DIRECTION('',(-1.94890852261185E-17,1.,0.));
#7479=DIRECTION('',(1.,0.,0.));
#7480=DIRECTION('',(-1.5419764230905E-16,0.,1.));
#7481=DIRECTION('',(1.,0.,1.5419764230905E-16));
#7482=DIRECTION('',(-1.5419764230905E-16,0.,1.));
#7483=DIRECTION('',(1.,0.,1.5419764230905E-16));
#7484=DIRECTION('',(1.5419764230905E-16,0.,-1.));
#7485=DIRECTION('',(-1.,0.,-1.5419764230905E-16));
#7486=DIRECTION('',(1.5419764230905E-16,0.,-1.));
#7487=DIRECTION('',(-1.,0.,-1.5419764230905E-16));
#7488=DIRECTION('',(-1.5419764230905E-16,0.,1.));
#7489=DIRECTION('',(1.,0.,1.5419764230905E-16));
#7490=DIRECTION('',(1.5419764230905E-16,0.,-1.));
#7491=DIRECTION('',(-1.,0.,-1.5419764230905E-16));
#7492=DIRECTION('',(-1.5419764230905E-16,0.,1.));
#7493=DIRECTION('',(1.,0.,1.5419764230905E-16));
#7494=DIRECTION('',(1.5419764230905E-16,0.,-1.));
#7495=DIRECTION('',(-1.,0.,-1.5419764230905E-16));
#7496=DIRECTION('',(0.,0.,-1.));
#7497=DIRECTION('',(-1.,0.,0.));
#7498=DIRECTION('',(-2.55858919760591E-16,1.,0.));
#7499=DIRECTION('',(1.,0.,0.));
#7500=DIRECTION('',(0.,-1.,0.));
#7501=DIRECTION('',(-1.,-2.55858919760591E-16,0.));
#7502=DIRECTION('',(2.55858919760591E-16,-1.,0.));
#7503=DIRECTION('',(0.,0.,-1.));
#7504=DIRECTION('',(0.,1.,0.));
#7505=DIRECTION('',(0.,0.,1.));
#7506=DIRECTION('',(0.,0.,-1.));
#7507=DIRECTION('',(1.,0.,0.));
#7508=DIRECTION('',(0.,0.,-1.));
#7509=DIRECTION('',(0.,-1.,0.));
#7510=DIRECTION('',(0.,0.,-1.));
#7511=DIRECTION('',(0.,0.,-1.));
#7512=DIRECTION('',(-1.,0.,0.));
#7513=DIRECTION('',(0.,0.,1.));
#7514=DIRECTION('',(-1.94890852261185E-17,1.,0.));
#7515=DIRECTION('',(0.,0.,1.));
#7516=DIRECTION('',(1.,0.,0.));
#7517=DIRECTION('',(0.,0.,-1.));
#7518=DIRECTION('',(-1.,0.,0.));
#7519=DIRECTION('',(0.,0.,1.));
#7520=DIRECTION('',(-1.94890852261185E-17,1.,0.));
#7521=DIRECTION('',(0.,0.,1.));
#7522=DIRECTION('',(1.,0.,0.));
#7523=DIRECTION('',(0.,0.,-1.));
#7524=DIRECTION('',(-1.,0.,0.));
#7525=DIRECTION('',(0.,0.,1.));
#7526=DIRECTION('',(-1.94890852261185E-17,1.,0.));
#7527=DIRECTION('',(0.,0.,1.));
#7528=DIRECTION('',(1.,0.,0.));
#7529=DIRECTION('',(1.5419764230905E-16,0.,-1.));
#7530=DIRECTION('',(-1.,0.,-1.5419764230905E-16));
#7531=DIRECTION('',(0.999999701469606,0.00077269702896342,1.54197596276367E-16));
#7532=DIRECTION('',(-1.,0.,-1.5419764230905E-16));
#7533=DIRECTION('',(0.,1.,0.));
#7534=DIRECTION('',(0.,0.,1.));
#7535=DIRECTION('',(0.00077269702896342,-0.999999701469606,1.19148060085367E-19));
#7536=DIRECTION('',(0.999999701469606,0.00077269702896342,0.));
#7537=DIRECTION('',(1.5419764230905E-16,0.,-1.));
#7538=DIRECTION('',(-1.,0.,-1.5419764230905E-16));
#7539=DIRECTION('',(1.5419764230905E-16,0.,-1.));
#7540=DIRECTION('',(-1.,0.,-1.5419764230905E-16));
#7541=DIRECTION('',(1.5419764230905E-16,0.,-1.));
#7542=DIRECTION('',(-1.,0.,-1.5419764230905E-16));
#7543=DIRECTION('',(1.5419764230905E-16,0.,-1.));
#7544=DIRECTION('',(-1.,0.,-1.5419764230905E-16));
#7545=DIRECTION('',(1.5419764230905E-16,0.,-1.));
#7546=DIRECTION('',(-1.,0.,-1.5419764230905E-16));
#7547=DIRECTION('',(1.5419764230905E-16,0.,-1.));
#7548=DIRECTION('',(-1.,0.,-1.5419764230905E-16));
#7549=DIRECTION('',(1.5419764230905E-16,0.,-1.));
#7550=DIRECTION('',(-1.,0.,-1.5419764230905E-16));
#7551=DIRECTION('',(1.5419764230905E-16,0.,-1.));
#7552=DIRECTION('',(-1.,0.,-1.5419764230905E-16));
#7553=DIRECTION('',(1.5419764230905E-16,0.,-1.));
#7554=DIRECTION('',(-1.,0.,-1.5419764230905E-16));
#7555=DIRECTION('',(1.5419764230905E-16,0.,-1.));
#7556=DIRECTION('',(-1.,0.,-1.5419764230905E-16));
#7557=DIRECTION('',(1.5419764230905E-16,0.,-1.));
#7558=DIRECTION('',(-1.,0.,-1.5419764230905E-16));
#7559=DIRECTION('',(1.5419764230905E-16,0.,-1.));
#7560=DIRECTION('',(-1.,0.,-1.5419764230905E-16));
#7561=DIRECTION('',(1.5419764230905E-16,0.,-1.));
#7562=DIRECTION('',(-1.,0.,-1.5419764230905E-16));
#7563=DIRECTION('',(1.5419764230905E-16,0.,-1.));
#7564=DIRECTION('',(-1.,0.,-1.5419764230905E-16));
#7565=DIRECTION('',(1.5419764230905E-16,0.,-1.));
#7566=DIRECTION('',(-1.,0.,-1.5419764230905E-16));
#7567=DIRECTION('',(1.5419764230905E-16,0.,-1.));
#7568=DIRECTION('',(-1.,0.,-1.5419764230905E-16));
#7569=DIRECTION('',(1.5419764230905E-16,0.,-1.));
#7570=DIRECTION('',(-1.,0.,-1.5419764230905E-16));
#7571=DIRECTION('',(1.5419764230905E-16,0.,-1.));
#7572=DIRECTION('',(-1.,0.,-1.5419764230905E-16));
#7573=DIRECTION('',(1.5419764230905E-16,0.,-1.));
#7574=DIRECTION('',(-1.,0.,-1.5419764230905E-16));
#7575=DIRECTION('',(1.5419764230905E-16,0.,-1.));
#7576=DIRECTION('',(-1.,0.,-1.5419764230905E-16));
#7577=DIRECTION('',(1.5419764230905E-16,0.,-1.));
#7578=DIRECTION('',(-1.,0.,-1.5419764230905E-16));
#7579=DIRECTION('',(1.,0.,1.5419764230905E-16));
#7580=DIRECTION('',(1.5419764230905E-16,0.,-1.));
#7581=DIRECTION('',(-1.5419764230905E-16,0.,1.));
#7582=DIRECTION('',(0.,1.,0.));
#7583=DIRECTION('',(-1.5419764230905E-16,0.,1.));
#7584=DIRECTION('',(0.,1.,0.));
#7585=DIRECTION('',(0.,0.,1.));
#7586=DIRECTION('',(-1.5419764230905E-16,0.,1.));
#7587=DIRECTION('',(-1.,0.,-1.5419764230905E-16));
#7588=DIRECTION('',(-1.,0.,-1.5419764230905E-16));
#7589=DIRECTION('',(-1.5419764230905E-16,0.,1.));
#7590=DIRECTION('',(-1.5419764230905E-16,0.,1.));
#7591=DIRECTION('',(0.,-1.,0.));
#7592=DIRECTION('',(0.,-1.,0.));
#7593=DIRECTION('',(0.,0.,-1.));
#7594=DIRECTION('',(1.,0.,1.5419764230905E-16));
#7595=DIRECTION('',(-1.5419764230905E-16,0.,1.));
#7596=DIRECTION('',(1.,0.,1.5419764230905E-16));
#7597=DIRECTION('',(-1.5419764230905E-16,0.,1.));
#7598=DIRECTION('',(1.,0.,1.5419764230905E-16));
#7599=CARTESIAN_POINT('',(0.,0.,0.));
#7600=CARTESIAN_POINT('',(94.66,-132.09,-40.1306092599998));
#7601=CARTESIAN_POINT('',(94.66,-132.09,16.34));
#7602=CARTESIAN_POINT('',(96.66,-132.09,16.34));
#7603=CARTESIAN_POINT('',(94.66,-132.09,30.39));
#7604=CARTESIAN_POINT('',(96.66,-132.09,30.39));
#7605=CARTESIAN_POINT('',(136.11,-70.81,-28.6646388451775));
#7606=CARTESIAN_POINT('',(136.11,-70.81,16.34));
#7607=CARTESIAN_POINT('',(138.16,-70.81,16.34));
#7608=CARTESIAN_POINT('',(134.06,-70.81,16.34));
#7609=CARTESIAN_POINT('',(134.06,-70.81,-28.6646388451775));
#7610=CARTESIAN_POINT('',(134.06,-70.81,25.39));
#7611=CARTESIAN_POINT('',(136.11,-70.81,25.39));
#7612=CARTESIAN_POINT('',(138.16,-70.81,25.39));
#7613=CARTESIAN_POINT('',(138.16,-70.81,-28.6646388451775));
#7614=CARTESIAN_POINT('',(136.11,-70.81,30.39));
#7615=CARTESIAN_POINT('',(138.16,-70.81,30.39));
#7616=CARTESIAN_POINT('',(111.11,-70.81,-28.6646388451775));
#7617=CARTESIAN_POINT('',(111.11,-70.81,16.34));
#7618=CARTESIAN_POINT('',(113.16,-70.81,16.34));
#7619=CARTESIAN_POINT('',(109.06,-70.81,16.34));
#7620=CARTESIAN_POINT('',(109.06,-70.81,-28.6646388451775));
#7621=CARTESIAN_POINT('',(109.06,-70.81,25.39));
#7622=CARTESIAN_POINT('',(111.11,-70.81,25.39));
#7623=CARTESIAN_POINT('',(113.16,-70.81,25.39));
#7624=CARTESIAN_POINT('',(113.16,-70.81,-28.6646388451775));
#7625=CARTESIAN_POINT('',(111.11,-70.81,30.39));
#7626=CARTESIAN_POINT('',(113.16,-70.81,30.39));
#7627=CARTESIAN_POINT('',(23.61,-70.81,22.69));
#7628=CARTESIAN_POINT('',(23.61,-70.81,25.39));
#7629=CARTESIAN_POINT('',(23.61,-70.81,25.39));
#7630=CARTESIAN_POINT('',(23.61,-70.81,16.34));
#7631=CARTESIAN_POINT('',(23.61,-70.81,16.34));
#7632=CARTESIAN_POINT('',(23.61,-70.81,22.69));
#7633=CARTESIAN_POINT('',(23.61,-70.81,22.69));
#7634=CARTESIAN_POINT('',(23.61,-70.81,16.34));
#7635=CARTESIAN_POINT('',(23.61,-70.81,25.39));
#7636=CARTESIAN_POINT('',(23.61,-70.81,22.69));
#7637=CARTESIAN_POINT('',(23.61,-70.81,16.34));
#7638=CARTESIAN_POINT('',(148.61,-70.81,16.34));
#7639=CARTESIAN_POINT('',(23.61,-70.81,25.39));
#7640=CARTESIAN_POINT('',(148.61,-70.81,25.39));
#7641=CARTESIAN_POINT('',(148.61,-70.81,22.69));
#7642=CARTESIAN_POINT('',(-41.89,0.,0.));
#7643=CARTESIAN_POINT('',(-41.89,-127.672534540643,68.47));
#7644=CARTESIAN_POINT('',(-41.89,-127.672534540643,68.47));
#7645=CARTESIAN_POINT('',(-41.89,-107.596050125912,68.47));
#7646=CARTESIAN_POINT('',(-41.89,-107.596050125912,68.47));
#7647=CARTESIAN_POINT('',(-41.89,-107.596050125912,74.404354079141));
#7648=CARTESIAN_POINT('',(-41.89,-117.63,79.92));
#7649=CARTESIAN_POINT('',(-41.89,-107.587465459357,74.42));
#7650=CARTESIAN_POINT('',(-41.89,-102.63,74.42));
#7651=CARTESIAN_POINT('',(-41.89,-102.63,74.42));
#7652=CARTESIAN_POINT('',(-41.89,-102.63,72.42));
#7653=CARTESIAN_POINT('',(-41.89,-102.63,67.97));
#7654=CARTESIAN_POINT('',(-41.89,-102.63,64.92));
#7655=CARTESIAN_POINT('',(-41.89,-101.13,67.5756543449779));
#7656=CARTESIAN_POINT('',(-41.89,-101.13,72.42));
#7657=CARTESIAN_POINT('',(-41.89,-101.13,74.42));
#7658=CARTESIAN_POINT('',(-41.89,-97.33,74.42));
#7659=CARTESIAN_POINT('',(-41.89,-97.33,74.42));
#7660=CARTESIAN_POINT('',(-41.89,-97.33,105.39));
#7661=CARTESIAN_POINT('',(-41.89,-97.33,35.39));
#7662=CARTESIAN_POINT('',(-41.89,0.,35.39));
#7663=CARTESIAN_POINT('',(-41.89,-66.23,35.39));
#7664=CARTESIAN_POINT('',(-41.89,-66.23,35.39));
#7665=CARTESIAN_POINT('',(-41.89,-66.23,25.39));
#7666=CARTESIAN_POINT('',(-41.89,-97.33,25.39));
#7667=CARTESIAN_POINT('',(-41.89,-146.87,25.39));
#7668=CARTESIAN_POINT('',(-41.89,-146.87,25.39));
#7669=CARTESIAN_POINT('',(-41.89,-146.87,35.39));
#7670=CARTESIAN_POINT('',(-41.89,-146.87,35.39));
#7671=CARTESIAN_POINT('',(-41.89,-137.93,35.39));
#7672=CARTESIAN_POINT('',(-41.89,-137.93,105.39));
#7673=CARTESIAN_POINT('',(-41.89,-137.93,74.42));
#7674=CARTESIAN_POINT('',(-41.89,-134.13,74.42));
#7675=CARTESIAN_POINT('',(-41.89,-134.13,74.42));
#7676=CARTESIAN_POINT('',(-41.89,-134.13,72.42));
#7677=CARTESIAN_POINT('',(-41.89,-134.13,67.5756543449779));
#7678=CARTESIAN_POINT('',(-41.89,-132.63,64.92));
#7679=CARTESIAN_POINT('',(-41.89,-132.63,67.97));
#7680=CARTESIAN_POINT('',(-41.89,-132.63,67.97));
#7681=CARTESIAN_POINT('',(-41.89,-132.63,74.42));
#7682=CARTESIAN_POINT('',(-41.89,-126.281733930259,74.42));
#7683=CARTESIAN_POINT('',(-41.89,-127.672534540643,74.42));
#7684=CARTESIAN_POINT('',(-41.89,-127.672534540643,68.47));
#7685=CARTESIAN_POINT('',(147.304494300364,-117.63,79.92));
#7686=CARTESIAN_POINT('',(-13027.5059691848,-117.63,79.92));
#7687=CARTESIAN_POINT('',(-30.78,-107.587465459357,74.42));
#7688=CARTESIAN_POINT('',(8.3539020277594,-107.587465459357,74.42));
#7689=CARTESIAN_POINT('',(-25.,73.95,10.));
#7690=CARTESIAN_POINT('',(-25.,-97.33,25.39));
#7691=CARTESIAN_POINT('',(-25.,-146.87,25.39));
#7692=CARTESIAN_POINT('',(-25.,-66.23,25.39));
#7693=CARTESIAN_POINT('',(-25.,-66.23,25.39));
#7694=CARTESIAN_POINT('',(-25.,-66.23,35.39));
#7695=CARTESIAN_POINT('',(-25.,81.95,35.39));
#7696=CARTESIAN_POINT('',(-25.,-2.54999999999993,35.39));
#7697=CARTESIAN_POINT('',(-25.,-2.54999999999993,46.597824781022));
#7698=CARTESIAN_POINT('',(-25.,-2.55000000000004,22.69));
#7699=CARTESIAN_POINT('',(-25.,-2.54999999999994,22.69));
#7700=CARTESIAN_POINT('',(-25.,-2.54999999999994,16.34));
#7701=CARTESIAN_POINT('',(-25.,-2.54999999999994,16.34));
#7702=CARTESIAN_POINT('',(-25.,-146.87,16.34));
#7703=CARTESIAN_POINT('',(-25.,-146.87,25.39));
#7704=CARTESIAN_POINT('',(61.11,-133.31,-182.597360210554));
#7705=CARTESIAN_POINT('',(61.11,-133.31,29.29));
#7706=CARTESIAN_POINT('',(58.11,-133.31,29.29));
#7707=CARTESIAN_POINT('',(61.11,-133.31,25.39));
#7708=CARTESIAN_POINT('',(58.11,-133.31,25.39));
#7709=CARTESIAN_POINT('',(36.11,-133.31,-182.597360210554));
#7710=CARTESIAN_POINT('',(36.11,-133.31,29.29));
#7711=CARTESIAN_POINT('',(33.11,-133.31,29.29));
#7712=CARTESIAN_POINT('',(36.11,-133.31,25.39));
#7713=CARTESIAN_POINT('',(33.11,-133.31,25.39));
#7714=CARTESIAN_POINT('',(-30.78,-97.33,105.39));
#7715=CARTESIAN_POINT('',(-36.335,-97.33,71.195));
#7716=CARTESIAN_POINT('',(-34.335,-97.33,71.195));
#7717=CARTESIAN_POINT('',(-30.78,-97.33,105.39));
#7718=CARTESIAN_POINT('',(-30.78,-97.3300000000003,49.3));
#7719=CARTESIAN_POINT('',(-30.78,-97.33,35.39));
#7720=CARTESIAN_POINT('',(-30.78,-97.33,35.39));
#7721=CARTESIAN_POINT('',(-30.78,-97.33,74.42));
#7722=CARTESIAN_POINT('',(-30.78,-97.33,74.42));
#7723=CARTESIAN_POINT('',(-30.78,-97.33,105.39));
#7724=CARTESIAN_POINT('',(-16.66,81.95,35.39));
#7725=CARTESIAN_POINT('',(142.61,-74.81,35.39));
#7726=CARTESIAN_POINT('',(142.61,-74.81,35.39));
#7727=CARTESIAN_POINT('',(142.61,-66.81,35.39));
#7728=CARTESIAN_POINT('',(104.61,-74.81,35.39));
#7729=CARTESIAN_POINT('',(104.61,-74.8099999999999,35.39));
#7730=CARTESIAN_POINT('',(104.61,-66.81,35.39));
#7731=CARTESIAN_POINT('',(104.61,-66.81,35.39));
#7732=CARTESIAN_POINT('',(142.61,-66.81,35.39));
#7733=CARTESIAN_POINT('',(-25.,-66.23,35.39));
#7734=CARTESIAN_POINT('',(-25.,-95.6586698466175,35.39));
#7735=CARTESIAN_POINT('',(2.44222222222221,-87.7235464078941,35.39));
#7736=CARTESIAN_POINT('',(5.21999999999999,-97.33,35.39));
#7737=CARTESIAN_POINT('',(13.8628926616375,-92.3000490619279,35.39));
#7738=CARTESIAN_POINT('',(13.8628926616375,-92.3000490619279,35.39));
#7739=CARTESIAN_POINT('',(13.915214425558,-92.3933660412852,35.39));
#7740=CARTESIAN_POINT('',(13.9675361894785,-92.4866830206426,35.39));
#7741=CARTESIAN_POINT('',(14.019857953399,-92.5799999999999,35.39));
#7742=CARTESIAN_POINT('',(14.019857953399,-92.58,35.39));
#7743=CARTESIAN_POINT('',(14.019857953399,-92.58,35.39));
#7744=CARTESIAN_POINT('',(22.6649970348545,-107.998789520007,35.39));
#7745=CARTESIAN_POINT('',(5.21999999999999,-117.78,35.39));
#7746=CARTESIAN_POINT('',(5.30323638488593,-137.779826791856,35.39));
#7747=CARTESIAN_POINT('',(-1.3483399137921,-137.807509689846,35.39));
#7748=CARTESIAN_POINT('',(-30.78,-137.93,35.39));
#7749=CARTESIAN_POINT('',(-41.89,-137.93,35.39));
#7750=CARTESIAN_POINT('',(-5.45705456131726E-15,-146.87,35.39));
#7751=CARTESIAN_POINT('',(148.61,-146.87,35.39));
#7752=CARTESIAN_POINT('',(148.61,81.95,35.39));
#7753=CARTESIAN_POINT('',(148.61,-45.81,35.39));
#7754=CARTESIAN_POINT('',(148.61,-45.81,35.39));
#7755=CARTESIAN_POINT('',(35.44,-45.81,35.39));
#7756=CARTESIAN_POINT('',(35.44,81.95,35.39));
#7757=CARTESIAN_POINT('',(35.44,-2.55000000000002,35.39));
#7758=CARTESIAN_POINT('',(35.44,-2.55000000000002,35.39));
#7759=CARTESIAN_POINT('',(37.72,-0.270000000000034,35.39));
#7760=CARTESIAN_POINT('',(37.72,59.45,35.39));
#7761=CARTESIAN_POINT('',(37.72,59.45,35.39));
#7762=CARTESIAN_POINT('',(35.44,61.73,35.39));
#7763=CARTESIAN_POINT('',(35.44,61.73,35.39));
#7764=CARTESIAN_POINT('',(35.44,1.25300869056299E-30,35.39));
#7765=CARTESIAN_POINT('',(35.44,72.45,35.39));
#7766=CARTESIAN_POINT('',(27.1,72.45,35.39));
#7767=CARTESIAN_POINT('',(27.1,72.45,35.39));
#7768=CARTESIAN_POINT('',(27.1,74.0178460257336,35.39));
#7769=CARTESIAN_POINT('',(27.1,73.95,35.39));
#7770=CARTESIAN_POINT('',(28.34,73.95,35.39));
#7771=CARTESIAN_POINT('',(-15.15,73.95,35.39));
#7772=CARTESIAN_POINT('',(-15.15,72.45,35.39));
#7773=CARTESIAN_POINT('',(-15.15,72.45,35.39));
#7774=CARTESIAN_POINT('',(27.1,72.45,35.39));
#7775=CARTESIAN_POINT('',(-25.,72.45,35.39));
#7776=CARTESIAN_POINT('',(-25.,81.95,35.39));
#7777=CARTESIAN_POINT('',(-25.,61.7300000000001,35.39));
#7778=CARTESIAN_POINT('',(-10.7200000000001,76.0100000000001,35.39));
#7779=CARTESIAN_POINT('',(-27.28,59.45,35.39));
#7780=CARTESIAN_POINT('',(-27.28,-5.55000000000003,35.39));
#7781=CARTESIAN_POINT('',(-27.28,-0.26999999999993,35.39));
#7782=CARTESIAN_POINT('',(-25.0501980778722,-2.54999999999993,35.39));
#7783=CARTESIAN_POINT('',(-25.0501980778722,-2.54999999999993,35.39));
#7784=CARTESIAN_POINT('',(-16.6600000000001,-2.54999999999994,35.39));
#7785=CARTESIAN_POINT('',(88.22,-56.73,35.39));
#7786=CARTESIAN_POINT('',(88.22,-56.73,35.39));
#7787=CARTESIAN_POINT('',(88.22,-66.23,35.39));
#7788=CARTESIAN_POINT('',(88.22,-66.23,35.39));
#7789=CARTESIAN_POINT('',(63.22,-66.23,35.39));
#7790=CARTESIAN_POINT('',(63.22,-66.23,35.39));
#7791=CARTESIAN_POINT('',(63.22,-56.73,35.39));
#7792=CARTESIAN_POINT('',(88.22,-56.73,35.39));
#7793=CARTESIAN_POINT('',(111.11,-58.31,35.39));
#7794=CARTESIAN_POINT('',(111.11,-53.31,35.39));
#7795=CARTESIAN_POINT('',(-13.89,-83.31,35.39));
#7796=CARTESIAN_POINT('',(-13.89,-78.31,35.39));
#7797=CARTESIAN_POINT('',(-9.89000000000001,-8.30999999999996,35.39));
#7798=CARTESIAN_POINT('',(-9.89000000000001,-6.80999999999996,35.39));
#7799=CARTESIAN_POINT('',(20.33,-8.30999999999996,35.39));
#7800=CARTESIAN_POINT('',(20.33,-6.80999999999996,35.39));
#7801=CARTESIAN_POINT('',(11.11,-33.31,35.39));
#7802=CARTESIAN_POINT('',(11.11,-28.31,35.39));
#7803=CARTESIAN_POINT('',(36.11,-58.31,35.39));
#7804=CARTESIAN_POINT('',(36.11,-53.31,35.39));
#7805=CARTESIAN_POINT('',(-13.89,-33.31,35.39));
#7806=CARTESIAN_POINT('',(-13.89,-28.31,35.39));
#7807=CARTESIAN_POINT('',(-13.89,-58.31,35.39));
#7808=CARTESIAN_POINT('',(-13.89,-53.31,35.39));
#7809=CARTESIAN_POINT('',(11.11,-58.31,35.39));
#7810=CARTESIAN_POINT('',(11.11,-53.31,35.39));
#7811=CARTESIAN_POINT('',(-12.28,57.45,35.39));
#7812=CARTESIAN_POINT('',(-12.28,59.45,35.39));
#7813=CARTESIAN_POINT('',(22.72,57.45,35.39));
#7814=CARTESIAN_POINT('',(22.72,59.45,35.39));
#7815=CARTESIAN_POINT('',(22.72,47.45,35.39));
#7816=CARTESIAN_POINT('',(22.72,49.45,35.39));
#7817=CARTESIAN_POINT('',(-12.28,47.45,35.39));
#7818=CARTESIAN_POINT('',(-12.28,49.45,35.39));
#7819=CARTESIAN_POINT('',(34.22,8.45000000000001,35.39));
#7820=CARTESIAN_POINT('',(34.22,10.45,35.39));
#7821=CARTESIAN_POINT('',(34.22,57.45,35.39));
#7822=CARTESIAN_POINT('',(34.22,59.45,35.39));
#7823=CARTESIAN_POINT('',(-23.78,8.45,35.39));
#7824=CARTESIAN_POINT('',(-23.78,10.45,35.39));
#7825=CARTESIAN_POINT('',(-23.78,57.45,35.39));
#7826=CARTESIAN_POINT('',(-23.78,59.45,35.39));
#7827=CARTESIAN_POINT('',(-6.77999999999999,72.2,35.39));
#7828=CARTESIAN_POINT('',(-6.77999999999999,72.2,35.39));
#7829=CARTESIAN_POINT('',(-6.77999999999998,73.2,35.39));
#7830=CARTESIAN_POINT('',(5.22,73.2,35.39));
#7831=CARTESIAN_POINT('',(17.22,73.2,35.39));
#7832=CARTESIAN_POINT('',(17.22,73.2,35.39));
#7833=CARTESIAN_POINT('',(17.22,72.2,35.39));
#7834=CARTESIAN_POINT('',(17.22,72.2,35.39));
#7835=CARTESIAN_POINT('',(86.11,-108.31,35.39));
#7836=CARTESIAN_POINT('',(86.11,-103.31,35.39));
#7837=CARTESIAN_POINT('',(111.11,-133.31,35.39));
#7838=CARTESIAN_POINT('',(111.11,-128.31,35.39));
#7839=CARTESIAN_POINT('',(136.11,-133.31,35.39));
#7840=CARTESIAN_POINT('',(136.11,-128.31,35.39));
#7841=CARTESIAN_POINT('',(142.19,-86.58,35.39));
#7842=CARTESIAN_POINT('',(142.19,-86.58,35.39));
#7843=CARTESIAN_POINT('',(142.19,-96.08,35.39));
#7844=CARTESIAN_POINT('',(142.19,-96.08,35.39));
#7845=CARTESIAN_POINT('',(117.19,-96.08,35.39));
#7846=CARTESIAN_POINT('',(117.19,-96.08,35.39));
#7847=CARTESIAN_POINT('',(117.19,-86.58,35.39));
#7848=CARTESIAN_POINT('',(117.19,-86.58,35.39));
#7849=CARTESIAN_POINT('',(111.11,-108.31,35.39));
#7850=CARTESIAN_POINT('',(111.11,-103.31,35.39));
#7851=CARTESIAN_POINT('',(61.11,-83.31,35.39));
#7852=CARTESIAN_POINT('',(61.11,-78.31,35.39));
#7853=CARTESIAN_POINT('',(86.11,-83.31,35.39));
#7854=CARTESIAN_POINT('',(86.11,-78.31,35.39));
#7855=CARTESIAN_POINT('',(111.11,-83.31,35.39));
#7856=CARTESIAN_POINT('',(111.11,-78.31,35.39));
#7857=CARTESIAN_POINT('',(136.11,-58.31,35.39));
#7858=CARTESIAN_POINT('',(136.11,-53.31,35.39));
#7859=CARTESIAN_POINT('',(136.11,-108.31,35.39));
#7860=CARTESIAN_POINT('',(136.11,-103.31,35.39));
#7861=CARTESIAN_POINT('',(36.11,-83.31,35.39));
#7862=CARTESIAN_POINT('',(36.11,-78.31,35.39));
#7863=CARTESIAN_POINT('',(61.11,-133.31,35.39));
#7864=CARTESIAN_POINT('',(61.11,-128.31,35.39));
#7865=CARTESIAN_POINT('',(36.11,-133.31,35.39));
#7866=CARTESIAN_POINT('',(36.11,-128.31,35.39));
#7867=CARTESIAN_POINT('',(61.11,-108.31,35.39));
#7868=CARTESIAN_POINT('',(61.11,-103.31,35.39));
#7869=CARTESIAN_POINT('',(36.11,-108.31,35.39));
#7870=CARTESIAN_POINT('',(36.11,-103.31,35.39));
#7871=CARTESIAN_POINT('',(84.6014060376214,-137.121064748142,35.39));
#7872=CARTESIAN_POINT('',(84.6014060376214,-137.121064748142,35.39));
#7873=CARTESIAN_POINT('',(89.6289352518578,-142.148593962379,35.39));
#7874=CARTESIAN_POINT('',(99.6910647481423,-122.031406037621,35.39));
#7875=CARTESIAN_POINT('',(99.6910647481423,-122.031406037621,35.39));
#7876=CARTESIAN_POINT('',(104.718593962379,-127.058935251858,35.39));
#7877=CARTESIAN_POINT('',(104.718593962379,-127.058935251858,35.39));
#7878=CARTESIAN_POINT('',(89.6289352518577,-142.148593962379,35.39));
#7879=CARTESIAN_POINT('',(-36.335,-105.858732729679,69.195));
#7880=CARTESIAN_POINT('',(-36.335,-105.858732729679,71.195));
#7881=CARTESIAN_POINT('',(-36.335,-105.858732729679,70.195));
#7882=CARTESIAN_POINT('',(-34.335,-105.858732729679,73.92));
#7883=CARTESIAN_POINT('',(-34.335,-105.858732729679,73.92));
#7884=CARTESIAN_POINT('',(-38.335,-105.858732729679,73.92));
#7885=CARTESIAN_POINT('',(-34.335,-105.858732729679,69.195));
#7886=CARTESIAN_POINT('',(-34.335,-105.858732729679,68.845));
#7887=CARTESIAN_POINT('',(-38.335,-105.858732729679,68.845));
#7888=CARTESIAN_POINT('',(-38.335,-105.858732729679,68.845));
#7889=CARTESIAN_POINT('',(-38.335,-105.858732729679,69.195));
#7890=CARTESIAN_POINT('',(-34.335,-105.858732729679,69.195));
#7891=CARTESIAN_POINT('',(-34.335,-104.358732729679,73.92));
#7892=CARTESIAN_POINT('',(-34.335,-104.358732729679,73.92));
#7893=CARTESIAN_POINT('',(-34.335,-104.358732729679,69.195));
#7894=CARTESIAN_POINT('',(-34.335,-104.358732729679,68.845));
#7895=CARTESIAN_POINT('',(-34.335,-105.858732729679,68.845));
#7896=CARTESIAN_POINT('',(-36.335,-104.358732729679,69.195));
#7897=CARTESIAN_POINT('',(-36.335,-104.358732729679,71.195));
#7898=CARTESIAN_POINT('',(-36.335,-104.358732729679,72.195));
#7899=CARTESIAN_POINT('',(-38.335,-104.358732729679,73.92));
#7900=CARTESIAN_POINT('',(-38.335,-104.358732729679,73.92));
#7901=CARTESIAN_POINT('',(-38.335,-104.358732729679,69.195));
#7902=CARTESIAN_POINT('',(-38.335,-104.358732729679,68.845));
#7903=CARTESIAN_POINT('',(-34.335,-104.358732729679,68.845));
#7904=CARTESIAN_POINT('',(-38.335,-104.358732729679,69.195));
#7905=CARTESIAN_POINT('',(-38.335,-105.858732729679,73.92));
#7906=CARTESIAN_POINT('',(-38.335,-104.358732729679,68.845));
#7907=CARTESIAN_POINT('',(-34.335,-130.901267270321,69.195));
#7908=CARTESIAN_POINT('',(-34.335,-129.401267270321,73.92));
#7909=CARTESIAN_POINT('',(-34.335,-129.401267270321,73.92));
#7910=CARTESIAN_POINT('',(-34.335,-130.901267270321,73.92));
#7911=CARTESIAN_POINT('',(-34.335,-129.401267270321,69.195));
#7912=CARTESIAN_POINT('',(-34.335,-129.401267270321,68.845));
#7913=CARTESIAN_POINT('',(-34.335,-130.901267270321,68.845));
#7914=CARTESIAN_POINT('',(-34.335,-130.901267270321,68.845));
#7915=CARTESIAN_POINT('',(-34.335,-130.901267270321,69.195));
#7916=CARTESIAN_POINT('',(-36.335,-129.401267270321,69.195));
#7917=CARTESIAN_POINT('',(-36.335,-129.401267270321,71.195));
#7918=CARTESIAN_POINT('',(-36.335,-129.401267270321,72.195));
#7919=CARTESIAN_POINT('',(-38.335,-129.401267270321,73.92));
#7920=CARTESIAN_POINT('',(-38.335,-129.401267270321,73.92));
#7921=CARTESIAN_POINT('',(-38.335,-129.401267270321,69.195));
#7922=CARTESIAN_POINT('',(-38.335,-129.401267270321,68.845));
#7923=CARTESIAN_POINT('',(-34.335,-129.401267270321,68.845));
#7924=CARTESIAN_POINT('',(-38.335,-129.401267270321,69.195));
#7925=CARTESIAN_POINT('',(-38.335,-130.901267270321,73.92));
#7926=CARTESIAN_POINT('',(-38.335,-130.901267270321,73.92));
#7927=CARTESIAN_POINT('',(-38.335,-130.901267270321,69.195));
#7928=CARTESIAN_POINT('',(-38.335,-130.901267270321,68.845));
#7929=CARTESIAN_POINT('',(-38.335,-129.401267270321,68.845));
#7930=CARTESIAN_POINT('',(-36.335,-130.901267270321,69.195));
#7931=CARTESIAN_POINT('',(-36.335,-130.901267270321,71.195));
#7932=CARTESIAN_POINT('',(-36.335,-130.901267270321,70.195));
#7933=CARTESIAN_POINT('',(-34.335,-130.901267270321,73.92));
#7934=CARTESIAN_POINT('',(-38.335,-130.901267270321,68.845));
#7935=CARTESIAN_POINT('',(-24.5,81.45,22.69));
#7936=CARTESIAN_POINT('',(-12.28,57.45,22.69));
#7937=CARTESIAN_POINT('',(-11.28,57.45,22.69));
#7938=CARTESIAN_POINT('',(22.72,57.45,22.69));
#7939=CARTESIAN_POINT('',(23.72,57.45,22.69));
#7940=CARTESIAN_POINT('',(-12.28,47.45,22.69));
#7941=CARTESIAN_POINT('',(-11.28,47.45,22.69));
#7942=CARTESIAN_POINT('',(22.72,47.45,22.69));
#7943=CARTESIAN_POINT('',(23.72,47.45,22.69));
#7944=CARTESIAN_POINT('',(34.22,57.45,22.69));
#7945=CARTESIAN_POINT('',(35.22,57.45,22.69));
#7946=CARTESIAN_POINT('',(-23.78,57.45,22.69));
#7947=CARTESIAN_POINT('',(-22.78,57.45,22.69));
#7948=CARTESIAN_POINT('',(34.22,8.45,22.69));
#7949=CARTESIAN_POINT('',(35.22,8.45,22.69));
#7950=CARTESIAN_POINT('',(-23.78,8.45,22.69));
#7951=CARTESIAN_POINT('',(-22.78,8.45,22.69));
#7952=CARTESIAN_POINT('',(37.72,-2.55000000000004,22.69));
#7953=CARTESIAN_POINT('',(37.72,59.45,22.69));
#7954=CARTESIAN_POINT('',(37.72,-0.270000000000034,22.69));
#7955=CARTESIAN_POINT('',(47.4699999999997,9.47999999999961,22.69));
#7956=CARTESIAN_POINT('',(35.44,-2.55000000000003,22.69));
#7957=CARTESIAN_POINT('',(37.72,-2.55000000000004,22.69));
#7958=CARTESIAN_POINT('',(37.72,-2.55000000000004,22.69));
#7959=CARTESIAN_POINT('',(-25.0501980778722,-2.54999999999993,22.69));
#7960=CARTESIAN_POINT('',(-66.7708164491368,40.1098474700893,22.69));
#7961=CARTESIAN_POINT('',(-27.28,-0.26999999999993,22.69));
#7962=CARTESIAN_POINT('',(-27.28,59.45,22.69));
#7963=CARTESIAN_POINT('',(-27.28,59.45,22.69));
#7964=CARTESIAN_POINT('',(-25.,61.73,22.69));
#7965=CARTESIAN_POINT('',(-25.,61.73,22.69));
#7966=CARTESIAN_POINT('',(-25.,81.45,22.69));
#7967=CARTESIAN_POINT('',(-25.,81.95,22.69));
#7968=CARTESIAN_POINT('',(34.94,81.95,22.69));
#7969=CARTESIAN_POINT('',(35.44,81.95,22.69));
#7970=CARTESIAN_POINT('',(35.44,61.73,22.69));
#7971=CARTESIAN_POINT('',(35.44,61.73,22.69));
#7972=CARTESIAN_POINT('',(37.72,59.45,22.69));
#7973=CARTESIAN_POINT('',(-5.78000000000001,73.2,22.69));
#7974=CARTESIAN_POINT('',(-6.77999999999998,73.2,22.69));
#7975=CARTESIAN_POINT('',(17.22,73.2,22.69));
#7976=CARTESIAN_POINT('',(-6.77999999999987,81.4499999999998,22.69));
#7977=CARTESIAN_POINT('',(-6.77999999999999,72.2,22.69));
#7978=CARTESIAN_POINT('',(-24.5,72.2,22.69));
#7979=CARTESIAN_POINT('',(17.22,72.2,22.69));
#7980=CARTESIAN_POINT('',(17.22,81.45,22.69));
#7981=CARTESIAN_POINT('',(3.43041280358617E-14,76.95,0.));
#7982=CARTESIAN_POINT('',(-20.83,76.95,42.89));
#7983=CARTESIAN_POINT('',(-19.83,76.95,42.89));
#7984=CARTESIAN_POINT('',(-18.23,76.95,40.29));
#7985=CARTESIAN_POINT('',(-18.23,76.95,40.29));
#7986=CARTESIAN_POINT('',(-18.23,76.95,44.7992541634481));
#7987=CARTESIAN_POINT('',(-17.5,76.95,44.7992541634481));
#7988=CARTESIAN_POINT('',(-23.43,76.95,44.7992541634481));
#7989=CARTESIAN_POINT('',(-23.43,76.95,45.49));
#7990=CARTESIAN_POINT('',(-23.43,76.95,40.29));
#7991=CARTESIAN_POINT('',(-23.43,76.95,40.29));
#7992=CARTESIAN_POINT('',(-18.23,76.95,45.49));
#7993=CARTESIAN_POINT('',(-17.5,76.2392743627861,45.49));
#7994=CARTESIAN_POINT('',(-18.23,76.2392743627861,45.49));
#7995=CARTESIAN_POINT('',(-23.43,76.2392743627861,45.49));
#7996=CARTESIAN_POINT('',(-18.23,76.95,45.49));
#7997=CARTESIAN_POINT('',(-18.23,72.45,45.49));
#7998=CARTESIAN_POINT('',(-18.23,72.45,45.49));
#7999=CARTESIAN_POINT('',(-23.43,72.45,45.49));
#8000=CARTESIAN_POINT('',(-23.43,76.95,45.49));
#8001=CARTESIAN_POINT('',(1.05955285264956E-15,76.95,0.));
#8002=CARTESIAN_POINT('',(31.27,76.95,42.89));
#8003=CARTESIAN_POINT('',(32.27,76.95,42.89));
#8004=CARTESIAN_POINT('',(33.87,76.95,40.29));
#8005=CARTESIAN_POINT('',(33.87,76.95,40.29));
#8006=CARTESIAN_POINT('',(33.87,76.95,44.7992541634481));
#8007=CARTESIAN_POINT('',(27.94,76.95,44.7992541634481));
#8008=CARTESIAN_POINT('',(28.67,76.95,44.7992541634481));
#8009=CARTESIAN_POINT('',(28.67,76.95,42.89));
#8010=CARTESIAN_POINT('',(28.67,76.95,40.29));
#8011=CARTESIAN_POINT('',(28.67,76.95,40.29));
#8012=CARTESIAN_POINT('',(33.87,76.95,45.49));
#8013=CARTESIAN_POINT('',(27.94,76.2392743627861,45.49));
#8014=CARTESIAN_POINT('',(33.87,76.2392743627861,45.49));
#8015=CARTESIAN_POINT('',(28.67,76.2392743627861,45.49));
#8016=CARTESIAN_POINT('',(33.87,76.95,45.49));
#8017=CARTESIAN_POINT('',(33.87,72.45,45.49));
#8018=CARTESIAN_POINT('',(33.87,72.45,45.49));
#8019=CARTESIAN_POINT('',(28.67,72.45,45.49));
#8020=CARTESIAN_POINT('',(28.67,76.95,45.49));
#8021=CARTESIAN_POINT('',(148.61,0.,0.));
#8022=CARTESIAN_POINT('',(148.61,-146.87,25.39));
#8023=CARTESIAN_POINT('',(148.61,-146.87,25.39));
#8024=CARTESIAN_POINT('',(148.61,-121.605,25.39));
#8025=CARTESIAN_POINT('',(148.61,-121.605,25.39));
#8026=CARTESIAN_POINT('',(148.61,-121.605,16.34));
#8027=CARTESIAN_POINT('',(148.61,-146.87,16.34));
#8028=CARTESIAN_POINT('',(148.61,-70.81,25.39));
#8029=CARTESIAN_POINT('',(148.61,-45.81,25.39));
#8030=CARTESIAN_POINT('',(148.61,-45.81,25.39));
#8031=CARTESIAN_POINT('',(148.61,-146.87,0.));
#8032=CARTESIAN_POINT('',(37.72,59.45,25.39));
#8033=CARTESIAN_POINT('',(37.72,14.66,29.04));
#8034=CARTESIAN_POINT('',(37.72,15.66,29.04));
#8035=CARTESIAN_POINT('',(37.72,44.52,29.04));
#8036=CARTESIAN_POINT('',(37.72,45.52,29.04));
#8037=CARTESIAN_POINT('',(37.72,-0.270000000000034,18.8582402191073));
#8038=CARTESIAN_POINT('',(37.72,59.45,25.39));
#8039=CARTESIAN_POINT('',(-27.28,-5.55000000000003,25.39));
#8040=CARTESIAN_POINT('',(-27.28,14.66,29.04));
#8041=CARTESIAN_POINT('',(-27.28,13.66,29.04));
#8042=CARTESIAN_POINT('',(-27.28,44.52,29.04));
#8043=CARTESIAN_POINT('',(-27.28,43.52,29.04));
#8044=CARTESIAN_POINT('',(-27.28,-0.26999999999993,13.048205069051));
#8045=CARTESIAN_POINT('',(-27.28,59.45,25.39));
#8046=CARTESIAN_POINT('',(-1.14753885406395E-14,0.,74.42));
#8047=CARTESIAN_POINT('',(-30.78,-132.63,74.42));
#8048=CARTESIAN_POINT('',(-30.78,-132.63,74.42));
#8049=CARTESIAN_POINT('',(-30.78,-127.672534540643,74.42));
#8050=CARTESIAN_POINT('',(8.3539020277594,-127.672534540643,74.42));
#8051=CARTESIAN_POINT('',(-30.78,-132.63,74.42));
#8052=CARTESIAN_POINT('',(-1.14753885406395E-14,0.,74.42));
#8053=CARTESIAN_POINT('',(-30.78,-108.978266069741,74.42));
#8054=CARTESIAN_POINT('',(-30.78,-102.63,74.42));
#8055=CARTESIAN_POINT('',(-30.78,-102.63,74.42));
#8056=CARTESIAN_POINT('',(5.21999999999999,-97.33,35.39));
#8057=CARTESIAN_POINT('',(2.4422222222222,-87.7235464078941,49.3));
#8058=CARTESIAN_POINT('',(2.4422222222222,-87.7235464078941,49.3));
#8059=CARTESIAN_POINT('',(5.21999999999998,-97.33,49.3));
#8060=CARTESIAN_POINT('',(13.8628926616375,-92.3000490619279,49.3));
#8061=CARTESIAN_POINT('',(14.019857953399,-92.5799999999999,49.3));
#8062=CARTESIAN_POINT('',(13.9675361894785,-92.4866830206426,49.3));
#8063=CARTESIAN_POINT('',(13.915214425558,-92.3933660412853,49.3));
#8064=CARTESIAN_POINT('',(13.8628926616375,-92.3000490619279,49.3));
#8065=CARTESIAN_POINT('',(14.019857953399,-92.58,49.3));
#8066=CARTESIAN_POINT('',(14.019857953399,-92.58,35.39));
#8067=CARTESIAN_POINT('',(-30.78,-137.93,105.39));
#8068=CARTESIAN_POINT('',(-30.78,-107.587465459357,68.47));
#8069=CARTESIAN_POINT('',(-30.78,-107.587465459357,68.47));
#8070=CARTESIAN_POINT('',(-30.78,-127.672534540643,68.47));
#8071=CARTESIAN_POINT('',(-30.78,-127.672534540643,68.47));
#8072=CARTESIAN_POINT('',(-30.78,-132.63,105.39));
#8073=CARTESIAN_POINT('',(-30.78,-132.63,67.97));
#8074=CARTESIAN_POINT('',(-30.78,-132.63,64.92));
#8075=CARTESIAN_POINT('',(-30.78,-134.13,67.5756543449779));
#8076=CARTESIAN_POINT('',(-30.78,-134.13,105.39));
#8077=CARTESIAN_POINT('',(-30.78,-134.13,74.42));
#8078=CARTESIAN_POINT('',(-30.78,-137.93,74.42));
#8079=CARTESIAN_POINT('',(-30.78,-137.93,74.42));
#8080=CARTESIAN_POINT('',(-30.78,-137.93,105.39));
#8081=CARTESIAN_POINT('',(-30.78,-137.93,49.3));
#8082=CARTESIAN_POINT('',(-30.78,0.,49.3));
#8083=CARTESIAN_POINT('',(-30.78,-101.13,74.42));
#8084=CARTESIAN_POINT('',(-30.78,-101.13,74.42));
#8085=CARTESIAN_POINT('',(-30.78,-101.13,105.39));
#8086=CARTESIAN_POINT('',(-30.78,-101.13,67.5756543449779));
#8087=CARTESIAN_POINT('',(-30.78,-102.63,64.92));
#8088=CARTESIAN_POINT('',(-30.78,-102.63,67.97));
#8089=CARTESIAN_POINT('',(-30.78,-102.63,105.39));
#8090=CARTESIAN_POINT('',(-30.78,-107.587465459357,68.47));
#8091=CARTESIAN_POINT('',(-41.89,-137.93,105.39));
#8092=CARTESIAN_POINT('',(-36.335,-137.93,71.195));
#8093=CARTESIAN_POINT('',(-34.335,-137.93,71.195));
#8094=CARTESIAN_POINT('',(-30.78,-137.93,49.3));
#8095=CARTESIAN_POINT('',(-41.89,-137.93,74.42));
#8096=CARTESIAN_POINT('',(-7.60194376583614E-15,0.,49.3));
#8097=CARTESIAN_POINT('',(-25.,-95.6586698466175,49.3));
#8098=CARTESIAN_POINT('',(-30.78,-137.93,49.3));
#8099=CARTESIAN_POINT('',(5.30323638488593,-137.779826791856,49.3));
#8100=CARTESIAN_POINT('',(5.21999999999999,-117.78,49.3));
#8101=CARTESIAN_POINT('',(22.6649970348545,-107.998789520007,49.3));
#8102=CARTESIAN_POINT('',(14.019857953399,-92.58,49.3));
#8103=CARTESIAN_POINT('',(11.47,-92.58,49.3));
#8104=CARTESIAN_POINT('',(11.72,-92.58,49.3));
#8105=CARTESIAN_POINT('',(-0.780000000000015,-92.58,49.3));
#8106=CARTESIAN_POINT('',(11.72,-102.08,49.3));
#8107=CARTESIAN_POINT('',(11.72,-102.08,49.3));
#8108=CARTESIAN_POINT('',(-1.03000000000002,-102.08,49.3));
#8109=CARTESIAN_POINT('',(-0.780000000000015,-102.08,49.3));
#8110=CARTESIAN_POINT('',(-0.780000000000015,-92.58,49.3));
#8111=CARTESIAN_POINT('',(-23.76,-123.785,49.3));
#8112=CARTESIAN_POINT('',(-23.76,-123.785,49.3));
#8113=CARTESIAN_POINT('',(-23.76,-111.285,49.3));
#8114=CARTESIAN_POINT('',(-16.64,-111.285,49.3));
#8115=CARTESIAN_POINT('',(-16.64,-111.285,49.3));
#8116=CARTESIAN_POINT('',(-16.64,-121.475,49.3));
#8117=CARTESIAN_POINT('',(-16.64,-123.785,49.3));
#8118=CARTESIAN_POINT('',(-26.14,-123.785,49.3));
#8119=CARTESIAN_POINT('',(-60.7701280605346,-60.7701280605346,49.3));
#8120=CARTESIAN_POINT('',(-10.9509351200106,-110.589321001059,49.3));
#8121=CARTESIAN_POINT('',(12.3862984720321,-133.926554593101,49.3));
#8122=CARTESIAN_POINT('',(49.8191929405241,-49.8191929405242,49.3));
#8123=CARTESIAN_POINT('',(-6.37100449826522,-106.009390379313,49.3));
#8124=CARTESIAN_POINT('',(-56.1901974387894,-56.1901974387875,49.3));
#8125=CARTESIAN_POINT('',(-0.0400488853255815,-112.340345992253,49.3));
#8126=CARTESIAN_POINT('',(2.75240125154359,-108.568967766437,49.3));
#8127=CARTESIAN_POINT('',(2.51158782029194,-113.255446229034,49.3));
#8128=CARTESIAN_POINT('',(2.20501514494222,-110.095281961986,49.3));
#8129=CARTESIAN_POINT('',(3.36462470457979,-113.050942745838,49.3));
#8130=CARTESIAN_POINT('',(5.21999999999999,-117.78,49.3));
#8131=CARTESIAN_POINT('',(9.94905725416231,-119.63537529542,49.3));
#8132=CARTESIAN_POINT('',(12.9047180380138,-120.794984855058,49.3));
#8133=CARTESIAN_POINT('',(9.75718496237053,-120.378258880666,49.3));
#8134=CARTESIAN_POINT('',(14.7895123675309,-120.155953024481,49.3));
#8135=CARTESIAN_POINT('',(10.6596540077464,-123.040048885325,49.3));
#8136=CARTESIAN_POINT('',(-56.1901974387889,-56.1901974387846,49.3));
#8137=CARTESIAN_POINT('',(16.9662290937772,-129.346623971356,49.3));
#8138=CARTESIAN_POINT('',(73.1564265325667,-73.1564265325671,49.3));
#8139=CARTESIAN_POINT('',(-7.17627711640931E-15,0.,39.3));
#8140=CARTESIAN_POINT('',(-21.39,-117.63,39.3));
#8141=CARTESIAN_POINT('',(-21.39,-119.13,39.3));
#8142=CARTESIAN_POINT('',(-16.64,-111.285,39.3));
#8143=CARTESIAN_POINT('',(-16.64,-111.285,39.3));
#8144=CARTESIAN_POINT('',(-23.76,-111.285,39.3));
#8145=CARTESIAN_POINT('',(-23.76,-111.285,39.3));
#8146=CARTESIAN_POINT('',(-23.76,-123.785,39.3));
#8147=CARTESIAN_POINT('',(-26.14,-123.785,39.3));
#8148=CARTESIAN_POINT('',(-16.64,-123.785,39.3));
#8149=CARTESIAN_POINT('',(-16.64,-123.785,39.3));
#8150=CARTESIAN_POINT('',(0.,-123.785,0.));
#8151=CARTESIAN_POINT('',(-23.76,-123.785,49.3));
#8152=CARTESIAN_POINT('',(-16.64,-123.785,49.3));
#8153=CARTESIAN_POINT('',(-16.64,-111.285,29.3));
#8154=CARTESIAN_POINT('',(-23.76,-111.285,39.3));
#8155=CARTESIAN_POINT('',(-16.64,-111.285,49.3));
#8156=CARTESIAN_POINT('',(-16.64,-127.725,49.3));
#8157=CARTESIAN_POINT('',(5.21999999999999,-117.78,33.750677341246));
#8158=CARTESIAN_POINT('',(5.30323638488593,-137.779826791856,49.3));
#8159=CARTESIAN_POINT('',(22.6649970348545,-107.998789520007,35.39));
#8160=CARTESIAN_POINT('',(-1.03000000000001,-102.08,39.3));
#8161=CARTESIAN_POINT('',(11.72,-102.08,39.3));
#8162=CARTESIAN_POINT('',(11.72,-102.08,39.3));
#8163=CARTESIAN_POINT('',(-1.03000000000001,-102.08,39.3));
#8164=CARTESIAN_POINT('',(-0.780000000000014,-102.08,39.3));
#8165=CARTESIAN_POINT('',(-0.780000000000014,-102.08,39.3));
#8166=CARTESIAN_POINT('',(11.47,-92.58,39.3));
#8167=CARTESIAN_POINT('',(-0.780000000000014,-92.58,39.3));
#8168=CARTESIAN_POINT('',(-0.780000000000014,-92.58,39.3));
#8169=CARTESIAN_POINT('',(11.47,-92.58,39.3));
#8170=CARTESIAN_POINT('',(11.72,-92.58,39.3));
#8171=CARTESIAN_POINT('',(11.72,-92.58,39.3));
#8172=CARTESIAN_POINT('',(35.44,0.,0.));
#8173=CARTESIAN_POINT('',(35.44,-45.81,25.39));
#8174=CARTESIAN_POINT('',(35.44,-45.81,16.34));
#8175=CARTESIAN_POINT('',(35.44,-45.81,25.39));
#8176=CARTESIAN_POINT('',(35.44,-45.81,16.34));
#8177=CARTESIAN_POINT('',(35.44,-2.55000000000002,16.34));
#8178=CARTESIAN_POINT('',(35.44,-2.55000000000003,0.));
#8179=CARTESIAN_POINT('',(35.44,-2.55000000000003,46.597824781022));
#8180=CARTESIAN_POINT('',(35.44,-45.81,25.39));
#8181=CARTESIAN_POINT('',(5.220421569681,-117.77981964277,42.01));
#8182=CARTESIAN_POINT('',(4.43374571452884,-115.94103175705,42.01));
#8183=CARTESIAN_POINT('',(4.43374362876549,-115.941026864634,42.01));
#8184=CARTESIAN_POINT('',(4.43374571452884,-115.94103175705,43.014874193664));
#8185=CARTESIAN_POINT('',(6.00709742173882,-119.618607529814,42.01));
#8186=CARTESIAN_POINT('',(5.52570387861823,-119.824558786279,42.01));
#8187=CARTESIAN_POINT('',(4.3965218592721,-119.836929311677,42.01));
#8188=CARTESIAN_POINT('',(3.18241376566644,-118.651726368402,42.01));
#8189=CARTESIAN_POINT('',(3.16362517388468,-116.955138183684,42.01));
#8190=CARTESIAN_POINT('',(3.9523521745026,-116.146983012191,42.01));
#8191=CARTESIAN_POINT('',(4.43374571762319,-115.941031755726,42.01));
#8192=CARTESIAN_POINT('',(6.00709742483316,-119.61860752849,42.01));
#8193=CARTESIAN_POINT('',(6.00709742483316,-119.61860752849,42.01));
#8194=CARTESIAN_POINT('',(6.00709742483317,-119.61860752849,43.014874193664));
#8195=CARTESIAN_POINT('',(5.220421569681,-117.77981964277,43.014874193664));
#8196=CARTESIAN_POINT('',(5.220421569681,-117.77981964277,29.39));
#8197=CARTESIAN_POINT('',(3.22042162224343,-117.77981964277,29.39));
#8198=CARTESIAN_POINT('',(129.69,-91.33,28.39));
#8199=CARTESIAN_POINT('',(129.69,-91.33,28.39));
#8200=CARTESIAN_POINT('',(131.19,-91.33,28.39));
#8201=CARTESIAN_POINT('',(129.69,-91.33,28.39));
#8202=CARTESIAN_POINT('',(132.19,-91.33,28.39));
#8203=CARTESIAN_POINT('',(129.69,-91.33,28.39));
#8204=CARTESIAN_POINT('',(129.69,-91.33,16.34));
#8205=CARTESIAN_POINT('',(132.19,-91.33,16.34));
#8206=CARTESIAN_POINT('',(75.72,-61.48,28.39));
#8207=CARTESIAN_POINT('',(75.72,-61.48,28.39));
#8208=CARTESIAN_POINT('',(77.22,-61.48,28.39));
#8209=CARTESIAN_POINT('',(75.72,-61.48,28.39));
#8210=CARTESIAN_POINT('',(78.22,-61.48,28.39));
#8211=CARTESIAN_POINT('',(75.72,-61.48,28.39));
#8212=CARTESIAN_POINT('',(75.72,-61.48,25.39));
#8213=CARTESIAN_POINT('',(78.22,-61.48,25.39));
#8214=CARTESIAN_POINT('',(75.72,-61.48,170.447013606179));
#8215=CARTESIAN_POINT('',(75.72,-61.48,30.39));
#8216=CARTESIAN_POINT('',(74.22,-61.48,30.39));
#8217=CARTESIAN_POINT('',(129.69,-91.33,170.447013606179));
#8218=CARTESIAN_POINT('',(129.69,-91.33,30.39));
#8219=CARTESIAN_POINT('',(128.19,-91.33,30.39));
#8220=CARTESIAN_POINT('',(-4.85854468612961E-15,1.07598005386293E-30,30.39));
#8221=CARTESIAN_POINT('',(142.19,-96.08,30.39));
#8222=CARTESIAN_POINT('',(142.19,-96.08,30.39));
#8223=CARTESIAN_POINT('',(117.19,-96.08,30.39));
#8224=CARTESIAN_POINT('',(142.19,-86.58,30.39));
#8225=CARTESIAN_POINT('',(142.19,-86.58,30.39));
#8226=CARTESIAN_POINT('',(117.19,-86.58,30.39));
#8227=CARTESIAN_POINT('',(117.19,-86.58,30.39));
#8228=CARTESIAN_POINT('',(117.19,-96.08,30.39));
#8229=CARTESIAN_POINT('',(142.19,-86.58,30.39));
#8230=CARTESIAN_POINT('',(142.19,-86.58,30.39));
#8231=CARTESIAN_POINT('',(142.19,-96.08,30.39));
#8232=CARTESIAN_POINT('',(117.19,-86.58,30.39));
#8233=CARTESIAN_POINT('',(117.19,-86.58,30.39));
#8234=CARTESIAN_POINT('',(117.19,-96.08,30.39));
#8235=CARTESIAN_POINT('',(117.19,-96.08,30.39));
#8236=CARTESIAN_POINT('',(142.19,-96.08,30.39));
#8237=CARTESIAN_POINT('',(-4.85854468612962E-15,1.07598005386293E-30,30.39));
#8238=CARTESIAN_POINT('',(88.22,-56.73,30.39));
#8239=CARTESIAN_POINT('',(88.22,-56.73,30.39));
#8240=CARTESIAN_POINT('',(88.22,-66.23,30.39));
#8241=CARTESIAN_POINT('',(88.22,-56.73,30.39));
#8242=CARTESIAN_POINT('',(63.22,-56.73,30.39));
#8243=CARTESIAN_POINT('',(63.22,-66.23,30.39));
#8244=CARTESIAN_POINT('',(63.22,-66.23,30.39));
#8245=CARTESIAN_POINT('',(88.22,-66.23,30.39));
#8246=CARTESIAN_POINT('',(88.22,-56.73,30.39));
#8247=CARTESIAN_POINT('',(63.22,-56.73,30.39));
#8248=CARTESIAN_POINT('',(88.22,-56.73,30.39));
#8249=CARTESIAN_POINT('',(63.22,-66.23,30.39));
#8250=CARTESIAN_POINT('',(63.22,-66.23,30.39));
#8251=CARTESIAN_POINT('',(88.22,-66.23,30.39));
#8252=CARTESIAN_POINT('',(88.22,-66.23,30.39));
#8253=CARTESIAN_POINT('',(88.22,-56.73,30.39));
#8254=CARTESIAN_POINT('',(148.61,-45.81,25.39));
#8255=CARTESIAN_POINT('',(148.61,-45.81,25.39));
#8256=CARTESIAN_POINT('',(0.,-146.87,0.));
#8257=CARTESIAN_POINT('',(-41.89,-146.87,16.34));
#8258=CARTESIAN_POINT('',(23.61,-146.87,16.34));
#8259=CARTESIAN_POINT('',(23.61,-146.87,25.39));
#8260=CARTESIAN_POINT('',(23.61,-146.87,25.39));
#8261=CARTESIAN_POINT('',(0.,-146.87,25.39));
#8262=CARTESIAN_POINT('',(73.61,-146.87,25.39));
#8263=CARTESIAN_POINT('',(73.61,-146.87,25.39));
#8264=CARTESIAN_POINT('',(73.61,-146.87,16.34));
#8265=CARTESIAN_POINT('',(-41.89,-146.87,16.34));
#8266=CARTESIAN_POINT('',(98.61,-146.87,16.34));
#8267=CARTESIAN_POINT('',(98.6099999999999,-146.87,25.39));
#8268=CARTESIAN_POINT('',(98.6099999999999,-146.87,25.39));
#8269=CARTESIAN_POINT('',(98.6099999999999,-146.87,25.39));
#8270=CARTESIAN_POINT('',(-41.89,-146.87,25.39));
#8271=CARTESIAN_POINT('',(0.,79.95,0.));
#8272=CARTESIAN_POINT('',(31.27,79.95,42.89));
#8273=CARTESIAN_POINT('',(30.27,79.95,42.89));
#8274=CARTESIAN_POINT('',(33.27,79.95,44.0447005383792));
#8275=CARTESIAN_POINT('',(33.27,79.95,44.0447005383792));
#8276=CARTESIAN_POINT('',(33.27,79.95,41.7352994616207));
#8277=CARTESIAN_POINT('',(33.27,79.95,41.7352994616207));
#8278=CARTESIAN_POINT('',(31.27,79.95,40.5805989232415));
#8279=CARTESIAN_POINT('',(31.27,79.95,40.5805989232415));
#8280=CARTESIAN_POINT('',(29.27,79.95,41.7352994616207));
#8281=CARTESIAN_POINT('',(29.27,79.95,41.7352994616207));
#8282=CARTESIAN_POINT('',(29.27,79.95,44.0447005383793));
#8283=CARTESIAN_POINT('',(29.27,79.95,44.0447005383793));
#8284=CARTESIAN_POINT('',(31.27,79.95,45.1994010767585));
#8285=CARTESIAN_POINT('',(31.27,79.95,45.1994010767585));
#8286=CARTESIAN_POINT('',(31.27,79.95,45.1994010767585));
#8287=CARTESIAN_POINT('',(31.27,81.95,45.1994010767585));
#8288=CARTESIAN_POINT('',(31.27,81.95,45.1994010767585));
#8289=CARTESIAN_POINT('',(33.27,81.95,44.0447005383792));
#8290=CARTESIAN_POINT('',(33.27,79.95,44.0447005383792));
#8291=CARTESIAN_POINT('',(31.27,79.95,45.1994010767585));
#8292=CARTESIAN_POINT('',(29.27,79.95,44.0447005383793));
#8293=CARTESIAN_POINT('',(29.27,81.95,44.0447005383793));
#8294=CARTESIAN_POINT('',(29.27,81.95,44.0447005383793));
#8295=CARTESIAN_POINT('',(29.27,79.95,44.0447005383793));
#8296=CARTESIAN_POINT('',(29.27,79.95,41.7352994616207));
#8297=CARTESIAN_POINT('',(29.27,81.95,41.7352994616207));
#8298=CARTESIAN_POINT('',(29.27,81.95,41.7352994616207));
#8299=CARTESIAN_POINT('',(29.27,79.95,41.7352994616207));
#8300=CARTESIAN_POINT('',(31.27,79.95,40.5805989232415));
#8301=CARTESIAN_POINT('',(31.27,81.95,40.5805989232415));
#8302=CARTESIAN_POINT('',(31.27,81.95,40.5805989232415));
#8303=CARTESIAN_POINT('',(31.27,79.95,40.5805989232415));
#8304=CARTESIAN_POINT('',(33.27,79.95,41.7352994616207));
#8305=CARTESIAN_POINT('',(33.27,81.95,41.7352994616207));
#8306=CARTESIAN_POINT('',(33.27,81.95,41.7352994616207));
#8307=CARTESIAN_POINT('',(33.27,79.95,41.7352994616207));
#8308=CARTESIAN_POINT('',(33.27,79.95,44.0447005383792));
#8309=CARTESIAN_POINT('',(33.27,81.95,44.0447005383792));
#8310=CARTESIAN_POINT('',(33.87,76.95,42.89));
#8311=CARTESIAN_POINT('',(33.87,77.2,45.7675));
#8312=CARTESIAN_POINT('',(33.87,76.95,40.29));
#8313=CARTESIAN_POINT('',(33.87,72.45,40.29));
#8314=CARTESIAN_POINT('',(33.87,72.45,42.89));
#8315=CARTESIAN_POINT('',(28.67,76.95,40.29));
#8316=CARTESIAN_POINT('',(28.67,72.45,40.29));
#8317=CARTESIAN_POINT('',(28.67,72.45,40.29));
#8318=CARTESIAN_POINT('',(28.67,76.95,40.29));
#8319=CARTESIAN_POINT('',(28.67,76.95,42.89));
#8320=CARTESIAN_POINT('',(28.67,77.2,45.7675));
#8321=CARTESIAN_POINT('',(28.67,72.45,42.89));
#8322=CARTESIAN_POINT('',(-15.1500000000002,3.89176768491046E-14,0.));
#8323=CARTESIAN_POINT('',(-15.15,73.95,35.39));
#8324=CARTESIAN_POINT('',(-15.15,73.95,50.39));
#8325=CARTESIAN_POINT('',(-15.15,73.95,50.39));
#8326=CARTESIAN_POINT('',(-15.15,72.45,50.39));
#8327=CARTESIAN_POINT('',(-15.15,72.45,50.39));
#8328=CARTESIAN_POINT('',(1.7659214210826E-16,73.2,0.));
#8329=CARTESIAN_POINT('',(-6.77999999999997,73.2,-22.2231551510052));
#8330=CARTESIAN_POINT('',(17.22,73.2,-22.2231551510052));
#8331=CARTESIAN_POINT('',(27.1,74.0178460257336,50.39));
#8332=CARTESIAN_POINT('',(27.1,73.95,0.));
#8333=CARTESIAN_POINT('',(27.1,73.95,50.39));
#8334=CARTESIAN_POINT('',(27.1,72.45,50.39));
#8335=CARTESIAN_POINT('',(27.1,72.45,50.39));
#8336=CARTESIAN_POINT('',(27.1,74.0178460257336,50.39));
#8337=CARTESIAN_POINT('',(-18.23,76.95,40.29));
#8338=CARTESIAN_POINT('',(-18.23,77.2,45.7675));
#8339=CARTESIAN_POINT('',(-18.23,76.95,40.29));
#8340=CARTESIAN_POINT('',(-18.23,72.45,40.29));
#8341=CARTESIAN_POINT('',(-18.23,72.45,40.29));
#8342=CARTESIAN_POINT('',(-23.43,76.95,40.29));
#8343=CARTESIAN_POINT('',(-23.43,72.45,40.29));
#8344=CARTESIAN_POINT('',(-23.43,72.45,40.29));
#8345=CARTESIAN_POINT('',(-23.43,76.95,40.29));
#8346=CARTESIAN_POINT('',(-23.43,76.95,45.49));
#8347=CARTESIAN_POINT('',(-23.43,77.2,45.7675));
#8348=CARTESIAN_POINT('',(-23.43,72.45,45.49));
#8349=CARTESIAN_POINT('',(0.,79.95,0.));
#8350=CARTESIAN_POINT('',(-21.9,79.95,112.205));
#8351=CARTESIAN_POINT('',(-22.9,79.95,112.205));
#8352=CARTESIAN_POINT('',(-19.9,79.95,113.359700538379));
#8353=CARTESIAN_POINT('',(-19.9,79.95,113.359700538379));
#8354=CARTESIAN_POINT('',(-19.9,79.95,111.050299461621));
#8355=CARTESIAN_POINT('',(-19.9,79.95,111.050299461621));
#8356=CARTESIAN_POINT('',(-21.9,79.95,109.895598923241));
#8357=CARTESIAN_POINT('',(-21.9,79.95,109.895598923241));
#8358=CARTESIAN_POINT('',(-23.9,79.95,111.050299461621));
#8359=CARTESIAN_POINT('',(-23.9,79.95,111.050299461621));
#8360=CARTESIAN_POINT('',(-23.9,79.95,113.359700538379));
#8361=CARTESIAN_POINT('',(-23.9,79.95,113.359700538379));
#8362=CARTESIAN_POINT('',(-21.9,79.95,114.514401076759));
#8363=CARTESIAN_POINT('',(-21.9,79.95,114.514401076759));
#8364=CARTESIAN_POINT('',(-21.9,79.95,114.514401076759));
#8365=CARTESIAN_POINT('',(-21.9,79.95,114.514401076759));
#8366=CARTESIAN_POINT('',(-21.9,81.9497925659593,114.514401076759));
#8367=CARTESIAN_POINT('',(-21.9,81.95,114.514401076759));
#8368=CARTESIAN_POINT('',(-19.9,81.95,113.359700538379));
#8369=CARTESIAN_POINT('',(-19.9,79.95,113.359700538379));
#8370=CARTESIAN_POINT('',(-23.9,79.95,113.359700538379));
#8371=CARTESIAN_POINT('',(-23.9,81.95,113.359700538379));
#8372=CARTESIAN_POINT('',(-23.9,81.95,113.359700538379));
#8373=CARTESIAN_POINT('',(-23.9,79.95,113.359700538379));
#8374=CARTESIAN_POINT('',(-23.9,79.95,111.050299461621));
#8375=CARTESIAN_POINT('',(-23.9,81.95,111.050299461621));
#8376=CARTESIAN_POINT('',(-23.9,81.95,111.050299461621));
#8377=CARTESIAN_POINT('',(-23.9,79.95,111.050299461621));
#8378=CARTESIAN_POINT('',(-21.9,79.95,109.895598923241));
#8379=CARTESIAN_POINT('',(-21.9,81.95,109.895598923241));
#8380=CARTESIAN_POINT('',(-21.9,81.95,109.895598923241));
#8381=CARTESIAN_POINT('',(-21.9,79.95,109.895598923241));
#8382=CARTESIAN_POINT('',(-19.9,79.95,111.050299461621));
#8383=CARTESIAN_POINT('',(-19.9,81.95,111.050299461621));
#8384=CARTESIAN_POINT('',(-19.9,81.95,111.050299461621));
#8385=CARTESIAN_POINT('',(-19.9,79.95,111.050299461621));
#8386=CARTESIAN_POINT('',(-19.9,79.95,113.359700538379));
#8387=CARTESIAN_POINT('',(-19.9,81.95,113.359700538379));
#8388=CARTESIAN_POINT('',(0.,79.95,0.));
#8389=CARTESIAN_POINT('',(5.22,79.95,112.205));
#8390=CARTESIAN_POINT('',(4.22,79.95,112.205));
#8391=CARTESIAN_POINT('',(7.22,79.95,111.050299461621));
#8392=CARTESIAN_POINT('',(7.22,79.95,111.050299461621));
#8393=CARTESIAN_POINT('',(5.21999999999999,79.95,109.895598923241));
#8394=CARTESIAN_POINT('',(5.21999999999999,79.95,109.895598923241));
#8395=CARTESIAN_POINT('',(3.22,79.95,111.050299461621));
#8396=CARTESIAN_POINT('',(3.22,79.95,111.050299461621));
#8397=CARTESIAN_POINT('',(3.22,79.95,113.359700538379));
#8398=CARTESIAN_POINT('',(3.22,79.95,113.359700538379));
#8399=CARTESIAN_POINT('',(5.22,79.95,114.514401076759));
#8400=CARTESIAN_POINT('',(5.22,79.95,114.514401076759));
#8401=CARTESIAN_POINT('',(7.22,79.95,113.359700538379));
#8402=CARTESIAN_POINT('',(7.22,79.95,113.359700538379));
#8403=CARTESIAN_POINT('',(7.22,79.95,113.359700538379));
#8404=CARTESIAN_POINT('',(7.22,81.95,113.359700538379));
#8405=CARTESIAN_POINT('',(7.22,81.95,113.359700538379));
#8406=CARTESIAN_POINT('',(7.22,81.95,111.050299461621));
#8407=CARTESIAN_POINT('',(7.22,79.95,111.050299461621));
#8408=CARTESIAN_POINT('',(7.22,79.95,113.359700538379));
#8409=CARTESIAN_POINT('',(5.22,79.95,114.514401076759));
#8410=CARTESIAN_POINT('',(5.22,79.95,114.514401076759));
#8411=CARTESIAN_POINT('',(5.22,81.9497925659593,114.514401076759));
#8412=CARTESIAN_POINT('',(5.22,81.95,114.514401076759));
#8413=CARTESIAN_POINT('',(3.22,79.95,113.359700538379));
#8414=CARTESIAN_POINT('',(3.22,81.95,113.359700538379));
#8415=CARTESIAN_POINT('',(3.22,81.95,113.359700538379));
#8416=CARTESIAN_POINT('',(3.22,79.95,113.359700538379));
#8417=CARTESIAN_POINT('',(3.22,79.95,111.050299461621));
#8418=CARTESIAN_POINT('',(3.22,81.95,111.050299461621));
#8419=CARTESIAN_POINT('',(3.22,81.95,111.050299461621));
#8420=CARTESIAN_POINT('',(3.22,79.95,111.050299461621));
#8421=CARTESIAN_POINT('',(5.21999999999999,79.95,109.895598923241));
#8422=CARTESIAN_POINT('',(5.21999999999999,81.95,109.895598923241));
#8423=CARTESIAN_POINT('',(5.21999999999999,81.95,109.895598923241));
#8424=CARTESIAN_POINT('',(5.21999999999999,79.95,109.895598923241));
#8425=CARTESIAN_POINT('',(7.22,79.95,111.050299461621));
#8426=CARTESIAN_POINT('',(7.22,81.95,111.050299461621));
#8427=CARTESIAN_POINT('',(0.,79.95,0.));
#8428=CARTESIAN_POINT('',(32.34,79.95,112.205));
#8429=CARTESIAN_POINT('',(31.34,79.95,112.205));
#8430=CARTESIAN_POINT('',(34.34,79.95,111.050299461621));
#8431=CARTESIAN_POINT('',(34.34,79.95,111.050299461621));
#8432=CARTESIAN_POINT('',(32.34,79.95,109.895598923241));
#8433=CARTESIAN_POINT('',(32.34,79.95,109.895598923241));
#8434=CARTESIAN_POINT('',(30.34,79.95,111.050299461621));
#8435=CARTESIAN_POINT('',(30.34,79.95,111.050299461621));
#8436=CARTESIAN_POINT('',(30.34,79.95,113.359700538379));
#8437=CARTESIAN_POINT('',(30.34,79.95,113.359700538379));
#8438=CARTESIAN_POINT('',(32.34,79.95,114.514401076758));
#8439=CARTESIAN_POINT('',(32.34,79.95,114.514401076758));
#8440=CARTESIAN_POINT('',(34.34,79.95,113.359700538379));
#8441=CARTESIAN_POINT('',(34.34,79.95,113.359700538379));
#8442=CARTESIAN_POINT('',(34.34,79.95,113.359700538379));
#8443=CARTESIAN_POINT('',(34.34,81.95,113.359700538379));
#8444=CARTESIAN_POINT('',(34.34,81.95,113.359700538379));
#8445=CARTESIAN_POINT('',(34.34,81.95,111.050299461621));
#8446=CARTESIAN_POINT('',(34.34,79.95,111.050299461621));
#8447=CARTESIAN_POINT('',(34.34,79.95,113.359700538379));
#8448=CARTESIAN_POINT('',(32.34,79.95,114.514401076758));
#8449=CARTESIAN_POINT('',(32.34,79.95,114.514401076758));
#8450=CARTESIAN_POINT('',(32.34,81.9497925659593,114.514401076758));
#8451=CARTESIAN_POINT('',(32.34,81.95,114.514401076758));
#8452=CARTESIAN_POINT('',(30.34,79.95,113.359700538379));
#8453=CARTESIAN_POINT('',(30.34,81.95,113.359700538379));
#8454=CARTESIAN_POINT('',(30.34,81.95,113.359700538379));
#8455=CARTESIAN_POINT('',(30.34,79.95,113.359700538379));
#8456=CARTESIAN_POINT('',(30.34,79.95,111.050299461621));
#8457=CARTESIAN_POINT('',(30.34,81.95,111.050299461621));
#8458=CARTESIAN_POINT('',(30.34,81.95,111.050299461621));
#8459=CARTESIAN_POINT('',(30.34,79.95,111.050299461621));
#8460=CARTESIAN_POINT('',(32.34,79.95,109.895598923241));
#8461=CARTESIAN_POINT('',(32.34,81.95,109.895598923241));
#8462=CARTESIAN_POINT('',(32.34,81.95,109.895598923241));
#8463=CARTESIAN_POINT('',(32.34,79.95,109.895598923241));
#8464=CARTESIAN_POINT('',(34.34,79.95,111.050299461621));
#8465=CARTESIAN_POINT('',(34.34,81.95,111.050299461621));
#8466=CARTESIAN_POINT('',(0.,79.95,0.));
#8467=CARTESIAN_POINT('',(-20.83,79.95,42.89));
#8468=CARTESIAN_POINT('',(-21.83,79.95,42.89));
#8469=CARTESIAN_POINT('',(-18.83,79.95,41.7352994616207));
#8470=CARTESIAN_POINT('',(-18.83,79.95,41.7352994616207));
#8471=CARTESIAN_POINT('',(-20.83,79.95,40.5805989232415));
#8472=CARTESIAN_POINT('',(-20.83,79.95,40.5805989232415));
#8473=CARTESIAN_POINT('',(-22.83,79.95,41.7352994616208));
#8474=CARTESIAN_POINT('',(-22.83,79.95,41.7352994616208));
#8475=CARTESIAN_POINT('',(-22.83,79.95,44.0447005383792));
#8476=CARTESIAN_POINT('',(-22.83,79.95,44.0447005383792));
#8477=CARTESIAN_POINT('',(-20.83,79.95,45.1994010767585));
#8478=CARTESIAN_POINT('',(-20.83,79.95,45.1994010767585));
#8479=CARTESIAN_POINT('',(-18.83,79.95,44.0447005383792));
#8480=CARTESIAN_POINT('',(-18.83,79.95,44.0447005383792));
#8481=CARTESIAN_POINT('',(-18.83,79.95,44.0447005383792));
#8482=CARTESIAN_POINT('',(-18.83,81.95,44.0447005383792));
#8483=CARTESIAN_POINT('',(-18.83,81.95,44.0447005383792));
#8484=CARTESIAN_POINT('',(-18.83,81.95,41.7352994616207));
#8485=CARTESIAN_POINT('',(-18.83,79.95,41.7352994616207));
#8486=CARTESIAN_POINT('',(-18.83,79.95,44.0447005383792));
#8487=CARTESIAN_POINT('',(-20.83,79.95,45.1994010767585));
#8488=CARTESIAN_POINT('',(-20.83,81.95,45.1994010767585));
#8489=CARTESIAN_POINT('',(-20.83,81.95,45.1994010767585));
#8490=CARTESIAN_POINT('',(-20.83,79.95,45.1994010767585));
#8491=CARTESIAN_POINT('',(-22.83,79.95,44.0447005383792));
#8492=CARTESIAN_POINT('',(-22.83,81.95,44.0447005383792));
#8493=CARTESIAN_POINT('',(-22.83,81.95,44.0447005383792));
#8494=CARTESIAN_POINT('',(-22.83,79.95,44.0447005383792));
#8495=CARTESIAN_POINT('',(-22.83,79.95,41.7352994616208));
#8496=CARTESIAN_POINT('',(-22.83,81.95,41.7352994616208));
#8497=CARTESIAN_POINT('',(-22.83,81.95,41.7352994616208));
#8498=CARTESIAN_POINT('',(-22.83,79.95,41.7352994616208));
#8499=CARTESIAN_POINT('',(-20.83,79.95,40.5805989232415));
#8500=CARTESIAN_POINT('',(-20.83,81.95,40.5805989232415));
#8501=CARTESIAN_POINT('',(-20.83,81.95,40.5805989232415));
#8502=CARTESIAN_POINT('',(-20.83,79.95,40.5805989232415));
#8503=CARTESIAN_POINT('',(-18.83,79.95,41.7352994616207));
#8504=CARTESIAN_POINT('',(-18.83,81.95,41.7352994616207));
#8505=CARTESIAN_POINT('',(5.21999999999999,76.95,109.41));
#8506=CARTESIAN_POINT('',(32.34,76.95,112.205));
#8507=CARTESIAN_POINT('',(32.34,76.95,113.205));
#8508=CARTESIAN_POINT('',(5.22,76.95,112.205));
#8509=CARTESIAN_POINT('',(5.22,76.95,113.205));
#8510=CARTESIAN_POINT('',(-21.9,76.95,112.205));
#8511=CARTESIAN_POINT('',(-21.9,76.95,113.205));
#8512=CARTESIAN_POINT('',(2.64054533073902E-14,76.95,115.));
#8513=CARTESIAN_POINT('',(-25.,76.95,115.));
#8514=CARTESIAN_POINT('',(35.44,76.95,115.));
#8515=CARTESIAN_POINT('',(-25.,76.95,109.41));
#8516=CARTESIAN_POINT('',(-25.,76.95,109.41));
#8517=CARTESIAN_POINT('',(32.34,76.95,109.41));
#8518=CARTESIAN_POINT('',(35.44,76.95,109.41));
#8519=CARTESIAN_POINT('',(35.44,76.95,0.));
#8520=CARTESIAN_POINT('',(2.64054533073902E-14,0.,115.));
#8521=CARTESIAN_POINT('',(35.44,0.,115.));
#8522=CARTESIAN_POINT('',(35.44,81.95,115.));
#8523=CARTESIAN_POINT('',(2.64054533073902E-14,81.95,115.));
#8524=CARTESIAN_POINT('',(-25.,81.95,115.));
#8525=CARTESIAN_POINT('',(-25.,73.95,115.));
#8526=CARTESIAN_POINT('',(32.34,122.119000162994,50.39));
#8527=CARTESIAN_POINT('',(32.34,72.45,50.39));
#8528=CARTESIAN_POINT('',(-21.9,72.45,50.39));
#8529=CARTESIAN_POINT('',(25.,73.95,50.39));
#8530=CARTESIAN_POINT('',(-21.9,73.95,50.39));
#8531=CARTESIAN_POINT('',(-21.9,122.119000162994,50.39));
#8532=CARTESIAN_POINT('',(32.34,122.119000162994,109.41));
#8533=CARTESIAN_POINT('',(32.34,72.45,109.41));
#8534=CARTESIAN_POINT('',(32.34,72.45,109.41));
#8535=CARTESIAN_POINT('',(32.34,72.45,50.39));
#8536=CARTESIAN_POINT('',(32.34,122.119000162994,109.41));
#8537=CARTESIAN_POINT('',(32.34,73.95,109.41));
#8538=CARTESIAN_POINT('',(32.34,73.95,10.));
#8539=CARTESIAN_POINT('',(32.34,73.95,50.39));
#8540=CARTESIAN_POINT('',(32.34,122.119000162994,50.39));
#8541=CARTESIAN_POINT('',(-21.9,122.119000162994,50.39));
#8542=CARTESIAN_POINT('',(-21.9,122.119000162994,109.41));
#8543=CARTESIAN_POINT('',(-21.9,73.95,109.41));
#8544=CARTESIAN_POINT('',(-21.9,72.45,109.41));
#8545=CARTESIAN_POINT('',(-21.9,72.45,50.39));
#8546=CARTESIAN_POINT('',(-21.9,73.95,9.99999999999999));
#8547=CARTESIAN_POINT('',(0.,0.,109.41));
#8548=CARTESIAN_POINT('',(-25.,72.45,109.41));
#8549=CARTESIAN_POINT('',(35.44,72.45,109.41));
#8550=CARTESIAN_POINT('',(35.44,0.,109.41));
#8551=CARTESIAN_POINT('',(-25.,73.95,109.41));
#8552=CARTESIAN_POINT('',(-25.,72.45,109.41));
#8553=CARTESIAN_POINT('',(1.66354355836558E-14,72.45,109.41));
#8554=CARTESIAN_POINT('',(32.34,73.95,109.41));
#8555=CARTESIAN_POINT('',(32.34,122.119000162994,50.39));
#8556=CARTESIAN_POINT('',(25.,73.95,50.39));
#8557=CARTESIAN_POINT('',(32.34,72.45,50.39));
#8558=CARTESIAN_POINT('',(32.34,16.9155832371474,112.205));
#8559=CARTESIAN_POINT('',(5.22,16.9155832371474,112.205));
#8560=CARTESIAN_POINT('',(-21.9,16.9155832371474,112.205));
#8561=CARTESIAN_POINT('',(-20.83,108.916789448343,42.89));
#8562=CARTESIAN_POINT('',(0.,73.95,0.));
#8563=CARTESIAN_POINT('',(31.27,124.935914466631,42.89));
#8564=CARTESIAN_POINT('',(0.,81.95,0.));
#8565=CARTESIAN_POINT('',(35.44,81.95,0.));
#8566=CARTESIAN_POINT('',(-25.,81.95,0.));
#8567=CARTESIAN_POINT('',(35.44,0.,0.));
#8568=CARTESIAN_POINT('',(35.44,77.2,45.7675));
#8569=CARTESIAN_POINT('',(35.44,78.2,45.7675));
#8570=CARTESIAN_POINT('',(35.44,77.2,91.9225));
#8571=CARTESIAN_POINT('',(35.44,78.2,91.9225));
#8572=CARTESIAN_POINT('',(35.44,72.45,0.));
#8573=CARTESIAN_POINT('',(35.44,61.73,25.39));
#8574=CARTESIAN_POINT('',(-25.,72.45,109.41));
#8575=CARTESIAN_POINT('',(-25.,72.45,109.41));
#8576=CARTESIAN_POINT('',(-25.,72.45,109.41));
#8577=CARTESIAN_POINT('',(-25.,73.95,10.));
#8578=CARTESIAN_POINT('',(-25.,77.2,45.7675));
#8579=CARTESIAN_POINT('',(-25.,76.2,45.7675));
#8580=CARTESIAN_POINT('',(-25.,77.2,91.9225));
#8581=CARTESIAN_POINT('',(-25.,76.2,91.9225));
#8582=CARTESIAN_POINT('',(-25.,61.73,25.39));
#8583=CARTESIAN_POINT('',(2.20501514494222,-110.095281961986,48.304874193664));
#8584=CARTESIAN_POINT('',(2.51158782029194,-113.255446229034,48.304874193664));
#8585=CARTESIAN_POINT('',(2.51158782029194,-113.255446229034,43.014874193664));
#8586=CARTESIAN_POINT('',(2.20501514494222,-110.095281961986,43.014874193664));
#8587=CARTESIAN_POINT('',(3.36462470457975,-113.050942745838,43.014874193664));
#8588=CARTESIAN_POINT('',(3.36462470457979,-113.050942745838,48.304874193664));
#8589=CARTESIAN_POINT('',(2.75240125154359,-108.568967766437,48.304874193664));
#8590=CARTESIAN_POINT('',(-0.0400488853255815,-112.340345992253,48.304874193664));
#8591=CARTESIAN_POINT('',(-0.0400488853255763,-112.340345992253,43.014874193664));
#8592=CARTESIAN_POINT('',(2.75240125154359,-108.568967766437,43.014874193664));
#8593=CARTESIAN_POINT('',(-0.0400488853255915,-112.340345992253,48.304874193664));
#8594=CARTESIAN_POINT('',(-6.37100449826522,-106.009390379313,48.304874193664));
#8595=CARTESIAN_POINT('',(-6.37100449826522,-106.009390379313,43.014874193664));
#8596=CARTESIAN_POINT('',(-0.0400488853255815,-112.340345992253,43.014874193664));
#8597=CARTESIAN_POINT('',(-6.37100449826522,-106.009390379313,48.304874193664));
#8598=CARTESIAN_POINT('',(-10.9509351200106,-110.589321001059,48.304874193664));
#8599=CARTESIAN_POINT('',(-10.9509351200106,-110.589321001059,43.014874193664));
#8600=CARTESIAN_POINT('',(-6.37100449826522,-106.009390379313,43.014874193664));
#8601=CARTESIAN_POINT('',(-10.9509351200106,-110.589321001059,48.304874193664));
#8602=CARTESIAN_POINT('',(12.3862984720321,-133.926554593101,48.304874193664));
#8603=CARTESIAN_POINT('',(12.3862984720321,-133.926554593101,43.014874193664));
#8604=CARTESIAN_POINT('',(-10.9509351200106,-110.589321001059,43.014874193664));
#8605=CARTESIAN_POINT('',(12.3862984720321,-133.926554593101,48.304874193664));
#8606=CARTESIAN_POINT('',(16.9662290937772,-129.346623971356,48.304874193664));
#8607=CARTESIAN_POINT('',(16.9662290937772,-129.346623971356,43.014874193664));
#8608=CARTESIAN_POINT('',(12.3862984720321,-133.926554593101,43.014874193664));
#8609=CARTESIAN_POINT('',(16.9662290937772,-129.346623971356,48.304874193664));
#8610=CARTESIAN_POINT('',(10.6596540077464,-123.040048885325,48.304874193664));
#8611=CARTESIAN_POINT('',(10.6596540077464,-123.040048885325,43.014874193664));
#8612=CARTESIAN_POINT('',(16.9662290937772,-129.346623971356,43.014874193664));
#8613=CARTESIAN_POINT('',(14.7895123675309,-120.155953024481,48.304874193664));
#8614=CARTESIAN_POINT('',(9.75718496237053,-120.378258880666,48.304874193664));
#8615=CARTESIAN_POINT('',(9.75718496237053,-120.378258880666,43.014874193664));
#8616=CARTESIAN_POINT('',(14.7895123675309,-120.155953024481,43.014874193664));
#8617=CARTESIAN_POINT('',(12.9047180380138,-120.794984855058,48.304874193664));
#8618=CARTESIAN_POINT('',(9.94905725416228,-119.63537529542,48.304874193664));
#8619=CARTESIAN_POINT('',(9.94905725416228,-119.63537529542,43.014874193664));
#8620=CARTESIAN_POINT('',(12.9047180380138,-120.794984855058,43.014874193664));
#8621=CARTESIAN_POINT('',(5.21999999999999,-117.78,48.304874193664));
#8622=CARTESIAN_POINT('',(5.21999999999999,-117.78,43.014874193664));
#8623=CARTESIAN_POINT('',(5.21999999999999,-117.78,43.014874193664));
#8624=CARTESIAN_POINT('',(5.21999999999999,-117.78,43.014874193664));
#8625=CARTESIAN_POINT('',(5.21999999999999,-117.78,42.01));
#8626=CARTESIAN_POINT('',(7.25804645023935,-121.31,28.39));
#8627=CARTESIAN_POINT('',(7.25804645023935,-121.31,28.39));
#8628=CARTESIAN_POINT('',(7.25804645023935,-121.31,29.39));
#8629=CARTESIAN_POINT('',(7.25804645023935,-121.31,16.34));
#8630=CARTESIAN_POINT('',(7.25804645023935,-121.31,16.34));
#8631=CARTESIAN_POINT('',(3.18195354976059,-121.31,16.34));
#8632=CARTESIAN_POINT('',(3.18195354976059,-121.31,28.39));
#8633=CARTESIAN_POINT('',(3.18195354976059,-121.31,29.39));
#8634=CARTESIAN_POINT('',(7.25804645023935,-121.31,29.39));
#8635=CARTESIAN_POINT('',(3.18195354976059,-121.31,28.39));
#8636=CARTESIAN_POINT('',(3.18195354976059,-121.31,16.34));
#8637=CARTESIAN_POINT('',(1.14390709952122,-117.78,16.34));
#8638=CARTESIAN_POINT('',(1.14390709952122,-117.78,28.39));
#8639=CARTESIAN_POINT('',(1.14390709952122,-117.78,29.39));
#8640=CARTESIAN_POINT('',(3.18195354976059,-121.31,29.39));
#8641=CARTESIAN_POINT('',(1.14390709952122,-117.78,28.39));
#8642=CARTESIAN_POINT('',(1.14390709952122,-117.78,16.34));
#8643=CARTESIAN_POINT('',(3.18195354976061,-114.25,16.34));
#8644=CARTESIAN_POINT('',(3.18195354976061,-114.25,28.39));
#8645=CARTESIAN_POINT('',(3.18195354976061,-114.25,29.39));
#8646=CARTESIAN_POINT('',(1.14390709952122,-117.78,29.39));
#8647=CARTESIAN_POINT('',(3.18195354976061,-114.25,28.39));
#8648=CARTESIAN_POINT('',(3.18195354976061,-114.25,16.34));
#8649=CARTESIAN_POINT('',(7.25804645023936,-114.25,16.34));
#8650=CARTESIAN_POINT('',(7.25804645023936,-114.25,28.39));
#8651=CARTESIAN_POINT('',(7.25804645023936,-114.25,29.39));
#8652=CARTESIAN_POINT('',(3.18195354976061,-114.25,29.39));
#8653=CARTESIAN_POINT('',(7.25804645023936,-114.25,28.39));
#8654=CARTESIAN_POINT('',(7.25804645023936,-114.25,16.34));
#8655=CARTESIAN_POINT('',(9.29609290047873,-117.78,16.34));
#8656=CARTESIAN_POINT('',(9.29609290047873,-117.78,28.39));
#8657=CARTESIAN_POINT('',(9.29609290047873,-117.78,29.39));
#8658=CARTESIAN_POINT('',(7.25804645023936,-114.25,29.39));
#8659=CARTESIAN_POINT('',(9.29609290047873,-117.78,28.39));
#8660=CARTESIAN_POINT('',(9.29609290047873,-117.78,16.34));
#8661=CARTESIAN_POINT('',(9.29609290047873,-117.78,29.39));
#8662=CARTESIAN_POINT('',(0.,0.,29.39));
#8663=CARTESIAN_POINT('',(-12.28,57.45,196.365520600334));
#8664=CARTESIAN_POINT('',(-12.28,57.45,33.39));
#8665=CARTESIAN_POINT('',(-13.28,57.45,33.39));
#8666=CARTESIAN_POINT('',(22.72,57.45,196.365520600334));
#8667=CARTESIAN_POINT('',(22.72,57.45,33.39));
#8668=CARTESIAN_POINT('',(21.72,57.45,33.39));
#8669=CARTESIAN_POINT('',(-12.28,57.45,33.39));
#8670=CARTESIAN_POINT('',(-12.28,57.45,33.39));
#8671=CARTESIAN_POINT('',(-12.28,59.45,33.39));
#8672=CARTESIAN_POINT('',(-12.28,57.45,33.39));
#8673=CARTESIAN_POINT('',(22.72,57.45,33.39));
#8674=CARTESIAN_POINT('',(22.72,57.45,33.39));
#8675=CARTESIAN_POINT('',(22.72,59.45,33.39));
#8676=CARTESIAN_POINT('',(22.72,57.45,33.39));
#8677=CARTESIAN_POINT('',(-12.28,47.45,-19.5873879717595));
#8678=CARTESIAN_POINT('',(-12.28,47.45,33.39));
#8679=CARTESIAN_POINT('',(-13.28,47.45,33.39));
#8680=CARTESIAN_POINT('',(22.72,47.45,-19.5873879717595));
#8681=CARTESIAN_POINT('',(22.72,47.45,33.39));
#8682=CARTESIAN_POINT('',(21.72,47.45,33.39));
#8683=CARTESIAN_POINT('',(22.72,47.45,33.39));
#8684=CARTESIAN_POINT('',(22.72,47.45,33.39));
#8685=CARTESIAN_POINT('',(22.72,49.45,33.39));
#8686=CARTESIAN_POINT('',(22.72,47.45,33.39));
#8687=CARTESIAN_POINT('',(-12.28,47.45,33.39));
#8688=CARTESIAN_POINT('',(-12.28,47.45,33.39));
#8689=CARTESIAN_POINT('',(-12.28,49.45,33.39));
#8690=CARTESIAN_POINT('',(-12.28,47.45,33.39));
#8691=CARTESIAN_POINT('',(34.22,57.45,-41.978377072846));
#8692=CARTESIAN_POINT('',(34.22,57.45,33.39));
#8693=CARTESIAN_POINT('',(33.22,57.45,33.39));
#8694=CARTESIAN_POINT('',(-23.78,57.45,-41.978377072846));
#8695=CARTESIAN_POINT('',(-23.78,57.45,33.39));
#8696=CARTESIAN_POINT('',(-24.78,57.45,33.39));
#8697=CARTESIAN_POINT('',(34.22,8.45000000000001,-41.978377072846));
#8698=CARTESIAN_POINT('',(34.22,8.45000000000001,33.39));
#8699=CARTESIAN_POINT('',(33.22,8.45000000000001,33.39));
#8700=CARTESIAN_POINT('',(-23.78,8.45,-41.978377072846));
#8701=CARTESIAN_POINT('',(-23.78,8.45,33.39));
#8702=CARTESIAN_POINT('',(-24.78,8.45,33.39));
#8703=CARTESIAN_POINT('',(-25.,61.73,25.39));
#8704=CARTESIAN_POINT('',(35.44,61.73,25.39));
#8705=CARTESIAN_POINT('',(-23.78,57.45,33.39));
#8706=CARTESIAN_POINT('',(-23.78,57.45,33.39));
#8707=CARTESIAN_POINT('',(-23.78,59.45,33.39));
#8708=CARTESIAN_POINT('',(-23.78,57.45,33.39));
#8709=CARTESIAN_POINT('',(-23.78,8.45,33.39));
#8710=CARTESIAN_POINT('',(-23.78,8.45,33.39));
#8711=CARTESIAN_POINT('',(-23.78,10.45,33.39));
#8712=CARTESIAN_POINT('',(-23.78,8.45,33.39));
#8713=CARTESIAN_POINT('',(34.22,8.45000000000001,33.39));
#8714=CARTESIAN_POINT('',(34.22,8.45000000000001,33.39));
#8715=CARTESIAN_POINT('',(34.22,10.45,33.39));
#8716=CARTESIAN_POINT('',(34.22,8.45000000000001,33.39));
#8717=CARTESIAN_POINT('',(34.22,57.45,33.39));
#8718=CARTESIAN_POINT('',(34.22,57.45,33.39));
#8719=CARTESIAN_POINT('',(34.22,59.45,33.39));
#8720=CARTESIAN_POINT('',(34.22,57.45,33.39));
#8721=CARTESIAN_POINT('',(-7.46032540487335E-15,0.,39.3));
#8722=CARTESIAN_POINT('',(-0.780000000000014,-92.58,39.3));
#8723=CARTESIAN_POINT('',(11.72,-102.08,39.3));
#8724=CARTESIAN_POINT('',(5.46999999999998,-97.33,39.3));
#8725=CARTESIAN_POINT('',(6.96999999999998,-97.33,39.3));
#8726=CARTESIAN_POINT('',(-0.780000000000008,0.,-1.2027416100106E-16));
#8727=CARTESIAN_POINT('',(11.72,0.,1.80719636786206E-15));
#8728=CARTESIAN_POINT('',(14.019857953399,-92.58,35.39));
#8729=CARTESIAN_POINT('',(5.46999999999998,-97.33,37.3));
#8730=CARTESIAN_POINT('',(5.46999999999998,-97.33,37.3));
#8731=CARTESIAN_POINT('',(5.46999999999998,-94.83,37.3));
#8732=CARTESIAN_POINT('',(5.46999999999998,-97.33,16.34));
#8733=CARTESIAN_POINT('',(7.96999999999998,-97.33,16.34));
#8734=CARTESIAN_POINT('',(5.46999999999998,-97.33,37.3));
#8735=CARTESIAN_POINT('',(5.46999999999998,-97.33,37.3));
#8736=CARTESIAN_POINT('',(6.96999999999998,-97.33,37.3));
#8737=CARTESIAN_POINT('',(5.46999999999998,-97.33,254.362705717894));
#8738=CARTESIAN_POINT('',(136.11,-133.31,-182.597360210554));
#8739=CARTESIAN_POINT('',(136.11,-133.31,29.29));
#8740=CARTESIAN_POINT('',(133.11,-133.31,29.29));
#8741=CARTESIAN_POINT('',(136.11,-133.31,25.39));
#8742=CARTESIAN_POINT('',(139.11,-133.31,25.39));
#8743=CARTESIAN_POINT('',(111.11,-133.31,-182.597360210554));
#8744=CARTESIAN_POINT('',(111.11,-133.31,29.29));
#8745=CARTESIAN_POINT('',(108.11,-133.31,29.29));
#8746=CARTESIAN_POINT('',(111.11,-133.31,25.39));
#8747=CARTESIAN_POINT('',(114.11,-133.31,25.39));
#8748=CARTESIAN_POINT('',(86.11,-108.31,-182.597360210554));
#8749=CARTESIAN_POINT('',(86.11,-108.31,29.29));
#8750=CARTESIAN_POINT('',(83.11,-108.31,29.29));
#8751=CARTESIAN_POINT('',(86.11,-108.31,16.34));
#8752=CARTESIAN_POINT('',(89.11,-108.31,16.34));
#8753=CARTESIAN_POINT('',(111.11,-108.31,-182.597360210554));
#8754=CARTESIAN_POINT('',(111.11,-108.31,29.29));
#8755=CARTESIAN_POINT('',(108.11,-108.31,29.29));
#8756=CARTESIAN_POINT('',(111.11,-108.31,16.34));
#8757=CARTESIAN_POINT('',(114.11,-108.31,16.34));
#8758=CARTESIAN_POINT('',(136.11,-108.31,-182.597360210554));
#8759=CARTESIAN_POINT('',(136.11,-108.31,29.29));
#8760=CARTESIAN_POINT('',(133.11,-108.31,29.29));
#8761=CARTESIAN_POINT('',(136.11,-108.31,16.34));
#8762=CARTESIAN_POINT('',(139.11,-108.31,16.34));
#8763=CARTESIAN_POINT('',(36.11,-108.31,-182.597360210554));
#8764=CARTESIAN_POINT('',(36.11,-108.31,29.29));
#8765=CARTESIAN_POINT('',(33.11,-108.31,29.29));
#8766=CARTESIAN_POINT('',(36.11,-108.31,16.34));
#8767=CARTESIAN_POINT('',(39.11,-108.31,16.34));
#8768=CARTESIAN_POINT('',(61.11,-108.31,-182.597360210554));
#8769=CARTESIAN_POINT('',(61.11,-108.31,29.29));
#8770=CARTESIAN_POINT('',(58.11,-108.31,29.29));
#8771=CARTESIAN_POINT('',(61.11,-108.31,16.34));
#8772=CARTESIAN_POINT('',(64.11,-108.31,16.34));
#8773=CARTESIAN_POINT('',(136.11,-58.31,-182.597360210554));
#8774=CARTESIAN_POINT('',(136.11,-58.31,29.29));
#8775=CARTESIAN_POINT('',(133.11,-58.31,29.29));
#8776=CARTESIAN_POINT('',(136.11,-58.31,25.39));
#8777=CARTESIAN_POINT('',(139.11,-58.31,25.39));
#8778=CARTESIAN_POINT('',(111.11,-58.31,-182.597360210554));
#8779=CARTESIAN_POINT('',(111.11,-58.31,29.29));
#8780=CARTESIAN_POINT('',(108.11,-58.31,29.29));
#8781=CARTESIAN_POINT('',(111.11,-58.31,25.39));
#8782=CARTESIAN_POINT('',(114.11,-58.31,25.39));
#8783=CARTESIAN_POINT('',(111.11,-83.31,-182.597360210554));
#8784=CARTESIAN_POINT('',(111.11,-83.31,29.29));
#8785=CARTESIAN_POINT('',(108.11,-83.31,29.29));
#8786=CARTESIAN_POINT('',(111.11,-83.31,16.34));
#8787=CARTESIAN_POINT('',(114.11,-83.31,16.34));
#8788=CARTESIAN_POINT('',(86.11,-83.31,-182.597360210554));
#8789=CARTESIAN_POINT('',(86.11,-83.31,29.29));
#8790=CARTESIAN_POINT('',(83.11,-83.31,29.29));
#8791=CARTESIAN_POINT('',(86.11,-83.31,16.34));
#8792=CARTESIAN_POINT('',(89.11,-83.31,16.34));
#8793=CARTESIAN_POINT('',(61.11,-83.31,-182.597360210554));
#8794=CARTESIAN_POINT('',(61.11,-83.31,29.29));
#8795=CARTESIAN_POINT('',(58.11,-83.31,29.29));
#8796=CARTESIAN_POINT('',(61.11,-83.31,16.34));
#8797=CARTESIAN_POINT('',(64.11,-83.31,16.34));
#8798=CARTESIAN_POINT('',(36.11,-83.31,-182.597360210554));
#8799=CARTESIAN_POINT('',(36.11,-83.31,29.29));
#8800=CARTESIAN_POINT('',(33.11,-83.31,29.29));
#8801=CARTESIAN_POINT('',(36.11,-83.31,16.34));
#8802=CARTESIAN_POINT('',(39.11,-83.31,16.34));
#8803=CARTESIAN_POINT('',(36.11,-58.31,-182.597360210554));
#8804=CARTESIAN_POINT('',(36.11,-58.31,29.29));
#8805=CARTESIAN_POINT('',(33.11,-58.31,29.29));
#8806=CARTESIAN_POINT('',(36.11,-58.31,25.39));
#8807=CARTESIAN_POINT('',(39.11,-58.31,25.39));
#8808=CARTESIAN_POINT('',(11.11,-58.31,-182.597360210554));
#8809=CARTESIAN_POINT('',(11.11,-58.31,29.29));
#8810=CARTESIAN_POINT('',(8.11,-58.31,29.29));
#8811=CARTESIAN_POINT('',(11.11,-58.31,16.34));
#8812=CARTESIAN_POINT('',(14.11,-58.31,16.34));
#8813=CARTESIAN_POINT('',(-13.89,-58.31,-182.597360210554));
#8814=CARTESIAN_POINT('',(-13.89,-58.31,29.29));
#8815=CARTESIAN_POINT('',(-16.89,-58.31,29.29));
#8816=CARTESIAN_POINT('',(-13.89,-58.31,16.34));
#8817=CARTESIAN_POINT('',(-10.89,-58.31,16.34));
#8818=CARTESIAN_POINT('',(-13.89,-33.31,-182.597360210554));
#8819=CARTESIAN_POINT('',(-13.89,-33.31,29.29));
#8820=CARTESIAN_POINT('',(-16.89,-33.31,29.29));
#8821=CARTESIAN_POINT('',(-13.89,-33.31,16.34));
#8822=CARTESIAN_POINT('',(-10.89,-33.31,16.34));
#8823=CARTESIAN_POINT('',(11.11,-33.31,-182.597360210554));
#8824=CARTESIAN_POINT('',(11.11,-33.31,29.29));
#8825=CARTESIAN_POINT('',(8.11,-33.31,29.29));
#8826=CARTESIAN_POINT('',(11.11,-33.31,16.34));
#8827=CARTESIAN_POINT('',(14.11,-33.31,16.34));
#8828=CARTESIAN_POINT('',(36.11,-133.31,32.39));
#8829=CARTESIAN_POINT('',(36.11,-133.31,29.29));
#8830=CARTESIAN_POINT('',(31.11,-133.31,29.29));
#8831=CARTESIAN_POINT('',(61.11,-133.31,32.39));
#8832=CARTESIAN_POINT('',(61.11,-133.31,29.29));
#8833=CARTESIAN_POINT('',(56.11,-133.31,29.29));
#8834=CARTESIAN_POINT('',(111.11,-108.31,32.39));
#8835=CARTESIAN_POINT('',(111.11,-108.31,29.29));
#8836=CARTESIAN_POINT('',(106.11,-108.31,29.29));
#8837=CARTESIAN_POINT('',(86.11,-108.31,32.39));
#8838=CARTESIAN_POINT('',(86.11,-108.31,29.29));
#8839=CARTESIAN_POINT('',(81.11,-108.31,29.29));
#8840=CARTESIAN_POINT('',(61.11,-108.31,32.39));
#8841=CARTESIAN_POINT('',(61.11,-108.31,29.29));
#8842=CARTESIAN_POINT('',(56.11,-108.31,29.29));
#8843=CARTESIAN_POINT('',(36.11,-108.31,32.39));
#8844=CARTESIAN_POINT('',(36.11,-108.31,29.29));
#8845=CARTESIAN_POINT('',(31.11,-108.31,29.29));
#8846=CARTESIAN_POINT('',(36.11,-83.31,32.39));
#8847=CARTESIAN_POINT('',(36.11,-83.31,29.29));
#8848=CARTESIAN_POINT('',(31.11,-83.31,29.29));
#8849=CARTESIAN_POINT('',(61.11,-83.31,32.39));
#8850=CARTESIAN_POINT('',(61.11,-83.31,29.29));
#8851=CARTESIAN_POINT('',(56.11,-83.31,29.29));
#8852=CARTESIAN_POINT('',(86.11,-83.31,32.39));
#8853=CARTESIAN_POINT('',(86.11,-83.31,29.29));
#8854=CARTESIAN_POINT('',(81.11,-83.31,29.29));
#8855=CARTESIAN_POINT('',(111.11,-83.31,32.39));
#8856=CARTESIAN_POINT('',(111.11,-83.31,29.29));
#8857=CARTESIAN_POINT('',(106.11,-83.31,29.29));
#8858=CARTESIAN_POINT('',(111.11,-58.31,32.39));
#8859=CARTESIAN_POINT('',(111.11,-58.31,29.29));
#8860=CARTESIAN_POINT('',(106.11,-58.31,29.29));
#8861=CARTESIAN_POINT('',(136.11,-58.31,32.39));
#8862=CARTESIAN_POINT('',(136.11,-58.31,29.29));
#8863=CARTESIAN_POINT('',(131.11,-58.31,29.29));
#8864=CARTESIAN_POINT('',(11.11,-58.31,32.39));
#8865=CARTESIAN_POINT('',(11.11,-58.31,29.29));
#8866=CARTESIAN_POINT('',(6.11,-58.31,29.29));
#8867=CARTESIAN_POINT('',(36.11,-58.31,32.39));
#8868=CARTESIAN_POINT('',(36.11,-58.31,29.29));
#8869=CARTESIAN_POINT('',(31.11,-58.31,29.29));
#8870=CARTESIAN_POINT('',(-13.89,-58.31,32.39));
#8871=CARTESIAN_POINT('',(-13.89,-58.31,29.29));
#8872=CARTESIAN_POINT('',(-18.89,-58.31,29.29));
#8873=CARTESIAN_POINT('',(-13.89,-33.31,32.39));
#8874=CARTESIAN_POINT('',(-13.89,-33.31,29.29));
#8875=CARTESIAN_POINT('',(-18.89,-33.31,29.29));
#8876=CARTESIAN_POINT('',(11.11,-33.31,32.39));
#8877=CARTESIAN_POINT('',(11.11,-33.31,29.29));
#8878=CARTESIAN_POINT('',(6.11,-33.31,29.29));
#8879=CARTESIAN_POINT('',(136.11,-108.31,32.39));
#8880=CARTESIAN_POINT('',(136.11,-108.31,29.29));
#8881=CARTESIAN_POINT('',(131.11,-108.31,29.29));
#8882=CARTESIAN_POINT('',(111.11,-133.31,32.39));
#8883=CARTESIAN_POINT('',(111.11,-133.31,29.29));
#8884=CARTESIAN_POINT('',(106.11,-133.31,29.29));
#8885=CARTESIAN_POINT('',(136.11,-133.31,32.39));
#8886=CARTESIAN_POINT('',(136.11,-133.31,29.29));
#8887=CARTESIAN_POINT('',(131.11,-133.31,29.29));
#8888=CARTESIAN_POINT('',(-21.39,-117.63,-0.761324739666273));
#8889=CARTESIAN_POINT('',(-21.39,-117.63,37.3));
#8890=CARTESIAN_POINT('',(-19.89,-117.63,37.3));
#8891=CARTESIAN_POINT('',(-21.39,-117.63,37.3));
#8892=CARTESIAN_POINT('',(-21.39,-117.63,37.3));
#8893=CARTESIAN_POINT('',(-21.39,-115.13,37.3));
#8894=CARTESIAN_POINT('',(-21.39,-117.63,16.34));
#8895=CARTESIAN_POINT('',(-18.89,-117.63,16.34));
#8896=CARTESIAN_POINT('',(-21.39,-117.63,37.3));
#8897=CARTESIAN_POINT('',(-23.76,0.,-4.33863471465357E-15));
#8898=CARTESIAN_POINT('',(44.9576883643685,-132.63,64.92));
#8899=CARTESIAN_POINT('',(44.9576883643685,-132.63,67.97));
#8900=CARTESIAN_POINT('',(44.9576883643685,-134.13,67.5756543449779));
#8901=CARTESIAN_POINT('',(44.9576883643685,-102.63,64.92));
#8902=CARTESIAN_POINT('',(44.9576883643685,-101.13,67.5756543449779));
#8903=CARTESIAN_POINT('',(44.9576883643685,-102.63,67.97));
#8904=CARTESIAN_POINT('',(-1.3483399137921,-137.807509689846,49.3));
#8905=CARTESIAN_POINT('',(-15.5663093054222,-134.13,72.42));
#8906=CARTESIAN_POINT('',(-36.335,-134.13,71.195));
#8907=CARTESIAN_POINT('',(-36.335,-134.13,72.195));
#8908=CARTESIAN_POINT('',(-30.78,-134.13,74.42));
#8909=CARTESIAN_POINT('',(-15.5663093054222,-132.63,67.97));
#8910=CARTESIAN_POINT('',(-36.335,-132.63,71.195));
#8911=CARTESIAN_POINT('',(-36.335,-132.63,70.195));
#8912=CARTESIAN_POINT('',(54.5654680605466,-102.63,72.42));
#8913=CARTESIAN_POINT('',(-36.335,-102.63,71.195));
#8914=CARTESIAN_POINT('',(-36.335,-102.63,70.195));
#8915=CARTESIAN_POINT('',(54.5654680605466,-101.13,72.42));
#8916=CARTESIAN_POINT('',(-36.335,-101.13,71.195));
#8917=CARTESIAN_POINT('',(-36.335,-101.13,72.195));
#8918=CARTESIAN_POINT('',(-30.78,-101.13,74.42));
#8919=CARTESIAN_POINT('',(-25.,-95.6586698466175,49.3));
#8920=CARTESIAN_POINT('',(-1.14753885406395E-14,0.,74.42));
#8921=CARTESIAN_POINT('',(-1.14753885406395E-14,0.,74.42));
#8922=CARTESIAN_POINT('',(-36.335,-133.534036125695,71.195));
#8923=CARTESIAN_POINT('',(-36.335,-135.93,71.195));
#8924=CARTESIAN_POINT('',(-36.335,-135.93,72.195));
#8925=CARTESIAN_POINT('',(-36.335,-101.732727272285,71.195));
#8926=CARTESIAN_POINT('',(-36.335,-99.33,71.195));
#8927=CARTESIAN_POINT('',(-36.335,-99.33,70.195));
#8928=CARTESIAN_POINT('',(-36.335,-106.43,71.195));
#8929=CARTESIAN_POINT('',(-36.335,-128.83,71.195));
#8930=CARTESIAN_POINT('',(-36.335,-135.93,71.195));
#8931=CARTESIAN_POINT('',(-36.335,-135.93,71.195));
#8932=CARTESIAN_POINT('',(-34.335,-135.93,71.195));
#8933=CARTESIAN_POINT('',(-36.335,-135.93,71.195));
#8934=CARTESIAN_POINT('',(-36.335,-99.33,71.195));
#8935=CARTESIAN_POINT('',(-36.335,-99.33,71.195));
#8936=CARTESIAN_POINT('',(-34.335,-99.33,71.195));
#8937=CARTESIAN_POINT('',(-36.335,-99.33,71.195));
#8938=CARTESIAN_POINT('',(-36.335,-106.43,71.195));
#8939=CARTESIAN_POINT('',(-36.335,-106.43,71.195));
#8940=CARTESIAN_POINT('',(-37.335,-106.43,71.195));
#8941=CARTESIAN_POINT('',(-36.335,-106.43,71.195));
#8942=CARTESIAN_POINT('',(-36.335,-128.83,71.195));
#8943=CARTESIAN_POINT('',(-36.335,-128.83,71.195));
#8944=CARTESIAN_POINT('',(-35.335,-128.83,71.195));
#8945=CARTESIAN_POINT('',(-36.335,-128.83,71.195));
#8946=CARTESIAN_POINT('',(104.718593962379,-127.058935251858,33.39));
#8947=CARTESIAN_POINT('',(99.6910647481423,-122.031406037621,33.39));
#8948=CARTESIAN_POINT('',(99.6910647481423,-122.031406037621,30.39));
#8949=CARTESIAN_POINT('',(104.718593962379,-127.058935251858,30.39));
#8950=CARTESIAN_POINT('',(104.718593962379,-127.058935251858,30.39));
#8951=CARTESIAN_POINT('',(104.718593962379,-127.058935251858,33.39));
#8952=CARTESIAN_POINT('',(99.6910647481423,-122.031406037621,33.39));
#8953=CARTESIAN_POINT('',(84.6014060376214,-137.121064748142,33.39));
#8954=CARTESIAN_POINT('',(84.6014060376214,-137.121064748142,30.39));
#8955=CARTESIAN_POINT('',(99.6910647481423,-122.031406037621,30.39));
#8956=CARTESIAN_POINT('',(84.6014060376214,-137.121064748142,33.39));
#8957=CARTESIAN_POINT('',(89.6289352518577,-142.148593962379,33.39));
#8958=CARTESIAN_POINT('',(89.6289352518577,-142.148593962379,30.39));
#8959=CARTESIAN_POINT('',(84.6014060376214,-137.121064748142,30.39));
#8960=CARTESIAN_POINT('',(89.6289352518577,-142.148593962379,33.39));
#8961=CARTESIAN_POINT('',(89.6289352518577,-142.148593962379,30.39));
#8962=CARTESIAN_POINT('',(-25.0501980778722,-2.54999999999993,46.597824781022));
#8963=CARTESIAN_POINT('',(-25.0501980778722,-2.54999999999993,13.048205069051));
#8964=CARTESIAN_POINT('',(34.9399999999999,-2.55000000000002,22.69));
#8965=CARTESIAN_POINT('',(35.44,-2.55000000000002,16.34));
#8966=CARTESIAN_POINT('',(0.,0.,16.34));
#8967=CARTESIAN_POINT('',(148.61,-121.605,16.34));
#8968=CARTESIAN_POINT('',(98.61,-121.605,16.34));
#8969=CARTESIAN_POINT('',(98.61,-121.605,16.34));
#8970=CARTESIAN_POINT('',(73.61,-133.31,16.34));
#8971=CARTESIAN_POINT('',(73.61,-121.87,16.34));
#8972=CARTESIAN_POINT('',(73.61,-121.87,16.34));
#8973=CARTESIAN_POINT('',(23.61,-121.87,16.34));
#8974=CARTESIAN_POINT('',(23.61,-133.31,16.34));
#8975=CARTESIAN_POINT('',(35.44,-45.81,16.34));
#8976=CARTESIAN_POINT('',(23.61,-45.8099999999999,16.34));
#8977=CARTESIAN_POINT('',(23.61,-58.31,16.34));
#8978=CARTESIAN_POINT('',(-13.89,-83.31,16.34));
#8979=CARTESIAN_POINT('',(-10.89,-83.31,16.34));
#8980=CARTESIAN_POINT('',(-9.89000000000001,-8.30999999999996,16.34));
#8981=CARTESIAN_POINT('',(-8.39000000000001,-8.30999999999996,16.34));
#8982=CARTESIAN_POINT('',(20.33,-8.30999999999996,16.34));
#8983=CARTESIAN_POINT('',(21.83,-8.30999999999996,16.34));
#8984=CARTESIAN_POINT('',(35.44,-45.81,22.69));
#8985=CARTESIAN_POINT('',(148.61,-45.81,25.39));
#8986=CARTESIAN_POINT('',(23.61,-45.8099999999999,25.39));
#8987=CARTESIAN_POINT('',(23.61,-45.8099999999999,22.69));
#8988=CARTESIAN_POINT('',(23.61,-58.31,22.69));
#8989=CARTESIAN_POINT('',(23.61,-45.8099999999999,25.39));
#8990=CARTESIAN_POINT('',(0.,0.,25.39));
#8991=CARTESIAN_POINT('',(-25.0501980778722,-2.54999999999993,13.048205069051));
#8992=CARTESIAN_POINT('',(35.44,-2.55000000000002,18.8582402191073));
#8993=CARTESIAN_POINT('',(148.61,-121.605,25.39));
#8994=CARTESIAN_POINT('',(148.61,-121.605,25.39));
#8995=CARTESIAN_POINT('',(98.61,-121.605,25.39));
#8996=CARTESIAN_POINT('',(98.61,-121.605,25.39));
#8997=CARTESIAN_POINT('',(98.61,-121.605,25.39));
#8998=CARTESIAN_POINT('',(98.61,-121.605,25.39));
#8999=CARTESIAN_POINT('',(0.,0.,25.39));
#9000=CARTESIAN_POINT('',(27.94,77.2,91.9225));
#9001=CARTESIAN_POINT('',(27.94,77.2,91.9225));
#9002=CARTESIAN_POINT('',(27.94,78.2,91.9225));
#9003=CARTESIAN_POINT('',(27.94,77.2,91.9225));
#9004=CARTESIAN_POINT('',(27.94,77.2,45.7675));
#9005=CARTESIAN_POINT('',(27.94,77.2,45.7675));
#9006=CARTESIAN_POINT('',(27.94,78.2,45.7675));
#9007=CARTESIAN_POINT('',(27.94,77.2,45.7675));
#9008=CARTESIAN_POINT('',(-17.5,77.2,91.9225));
#9009=CARTESIAN_POINT('',(-17.5,77.2,91.9225));
#9010=CARTESIAN_POINT('',(-17.5,76.2,91.9225));
#9011=CARTESIAN_POINT('',(-17.5,77.2,91.9225));
#9012=CARTESIAN_POINT('',(-17.5,77.2,45.7675));
#9013=CARTESIAN_POINT('',(-17.5,77.2,45.7675));
#9014=CARTESIAN_POINT('',(-17.5,76.2,45.7675));
#9015=CARTESIAN_POINT('',(-17.5,77.2,45.7675));
#9016=CARTESIAN_POINT('',(-6.77999999999999,72.2,-22.2231551510052));
#9017=CARTESIAN_POINT('',(-6.77999999999999,72.2,-22.2231551510052));
#9018=CARTESIAN_POINT('',(17.22,72.2,-22.2231551510052));
#9019=CARTESIAN_POINT('',(17.22,72.2,-22.2231551510052));
#9020=CARTESIAN_POINT('',(17.22,73.2,-22.2231551510052));
#9021=CARTESIAN_POINT('',(30.22,44.52,29.04));
#9022=CARTESIAN_POINT('',(30.22,44.52,29.04));
#9023=CARTESIAN_POINT('',(30.22,45.52,29.04));
#9024=CARTESIAN_POINT('',(30.22,44.52,29.04));
#9025=CARTESIAN_POINT('',(30.22,14.66,29.04));
#9026=CARTESIAN_POINT('',(30.22,14.66,29.04));
#9027=CARTESIAN_POINT('',(30.22,15.66,29.04));
#9028=CARTESIAN_POINT('',(30.22,14.66,29.04));
#9029=CARTESIAN_POINT('',(-19.78,44.52,29.04));
#9030=CARTESIAN_POINT('',(-19.78,44.52,29.04));
#9031=CARTESIAN_POINT('',(-19.78,43.52,29.04));
#9032=CARTESIAN_POINT('',(-19.78,44.52,29.04));
#9033=CARTESIAN_POINT('',(-19.78,14.66,29.04));
#9034=CARTESIAN_POINT('',(-19.78,14.66,29.04));
#9035=CARTESIAN_POINT('',(-19.78,13.66,29.04));
#9036=CARTESIAN_POINT('',(-19.78,14.66,29.04));
#9037=CARTESIAN_POINT('',(20.33,-8.30999999999996,-23.5236584158364));
#9038=CARTESIAN_POINT('',(-9.89,-8.30999999999996,-23.5236584158364));
#9039=CARTESIAN_POINT('',(0.,0.,25.39));
#9040=CARTESIAN_POINT('',(-33.445,-133.43,25.39));
#9041=CARTESIAN_POINT('',(-33.445,-129.33,25.39));
#9042=CARTESIAN_POINT('',(-33.445,-106.55,25.39));
#9043=CARTESIAN_POINT('',(-33.445,-102.45,25.39));
#9044=CARTESIAN_POINT('',(-33.445,-79.67,25.39));
#9045=CARTESIAN_POINT('',(-33.445,-75.57,25.39));
#9046=CARTESIAN_POINT('',(-41.89,-66.23,25.39));
#9047=CARTESIAN_POINT('',(-1.06157366847665E-14,0.,68.845));
#9048=CARTESIAN_POINT('',(-1.06157366847665E-14,0.,68.845));
#9049=CARTESIAN_POINT('',(-1.13982897194849E-14,0.,73.92));
#9050=CARTESIAN_POINT('',(-1.13982897194849E-14,0.,73.92));
#9051=CARTESIAN_POINT('',(-13.89,-83.31,-29.9589999194151));
#9052=CARTESIAN_POINT('',(-13.89,-83.31,29.29));
#9053=CARTESIAN_POINT('',(-16.89,-83.31,29.29));
#9054=CARTESIAN_POINT('',(-13.89,-83.31,32.39));
#9055=CARTESIAN_POINT('',(-13.89,-83.31,29.29));
#9056=CARTESIAN_POINT('',(-18.89,-83.31,29.29));
#9057=CARTESIAN_POINT('',(48.61,-146.87,25.39));
#9058=CARTESIAN_POINT('',(23.61,-133.31,25.39));
#9059=CARTESIAN_POINT('',(23.61,-121.87,25.39));
#9060=CARTESIAN_POINT('',(73.61,-121.87,25.39));
#9061=CARTESIAN_POINT('',(73.61,-121.87,25.39));
#9062=CARTESIAN_POINT('',(73.61,-133.31,25.39));
#9063=CARTESIAN_POINT('',(23.61,-133.31,25.39));
#9064=CARTESIAN_POINT('',(23.61,-121.87,25.39));
#9065=CARTESIAN_POINT('',(73.61,-121.87,25.39));
#9066=CARTESIAN_POINT('',(73.61,-121.87,25.39));
#9067=CARTESIAN_POINT('',(73.61,-133.31,25.39));
#9068=CARTESIAN_POINT('',(0.,-66.23,0.));
#9069=CARTESIAN_POINT('',(-33.445,-79.67,33.39));
#9070=CARTESIAN_POINT('',(-33.445,-79.67,33.39));
#9071=CARTESIAN_POINT('',(-33.445,-75.57,33.39));
#9072=CARTESIAN_POINT('',(-33.445,-79.67,33.39));
#9073=CARTESIAN_POINT('',(-33.445,-106.55,33.39));
#9074=CARTESIAN_POINT('',(-33.445,-106.55,33.39));
#9075=CARTESIAN_POINT('',(-33.445,-102.45,33.39));
#9076=CARTESIAN_POINT('',(-33.445,-106.55,33.39));
#9077=CARTESIAN_POINT('',(-33.445,-133.43,33.39));
#9078=CARTESIAN_POINT('',(-33.445,-133.43,33.39));
#9079=CARTESIAN_POINT('',(-33.445,-129.33,33.39));
#9080=CARTESIAN_POINT('',(-33.445,-133.43,33.39));
#9081=CARTESIAN_POINT('',(-1.05579125689006E-14,0.,68.47));
#9082=CARTESIAN_POINT('',(-41.89,-107.596050125912,68.47));
#9083=CARTESIAN_POINT('',(-30.78,-127.672534540643,68.47));
#9084=CARTESIAN_POINT('',(-30.78,-127.672534540643,68.47));
#9085=CARTESIAN_POINT('',(-41.89,-107.596050125912,68.47));
#9086=CARTESIAN_POINT('',(136.11,-108.31,29.29));
#9087=CARTESIAN_POINT('',(111.11,-108.31,29.29));
#9088=CARTESIAN_POINT('',(111.11,-133.31,29.29));
#9089=CARTESIAN_POINT('',(86.11,-108.31,29.29));
#9090=CARTESIAN_POINT('',(86.11,-83.31,29.29));
#9091=CARTESIAN_POINT('',(111.11,-83.31,29.29));
#9092=CARTESIAN_POINT('',(136.11,-58.31,29.29));
#9093=CARTESIAN_POINT('',(136.11,-133.31,29.29));
#9094=CARTESIAN_POINT('',(111.11,-58.31,29.29));
#9095=CARTESIAN_POINT('',(36.11,-58.31,29.29));
#9096=CARTESIAN_POINT('',(36.11,-83.31,29.29));
#9097=CARTESIAN_POINT('',(61.11,-83.31,29.29));
#9098=CARTESIAN_POINT('',(36.11,-108.31,29.29));
#9099=CARTESIAN_POINT('',(61.11,-108.31,29.29));
#9100=CARTESIAN_POINT('',(61.11,-133.31,29.29));
#9101=CARTESIAN_POINT('',(36.11,-133.31,29.29));
#9102=CARTESIAN_POINT('',(11.11,-58.31,29.29));
#9103=CARTESIAN_POINT('',(11.11,-33.31,29.29));
#9104=CARTESIAN_POINT('',(-13.89,-33.31,29.29));
#9105=CARTESIAN_POINT('',(-13.89,-58.31,29.29));
#9106=CARTESIAN_POINT('',(-13.89,-83.31,29.29));
#9107=CARTESIAN_POINT('',(142.61,-74.81,30.39));
#9108=CARTESIAN_POINT('',(142.61,-66.81,30.39));
#9109=CARTESIAN_POINT('',(142.61,-66.81,30.39));
#9110=CARTESIAN_POINT('',(142.61,-74.81,30.39));
#9111=CARTESIAN_POINT('',(142.61,-74.81,30.39));
#9112=CARTESIAN_POINT('',(142.61,-74.81,30.39));
#9113=CARTESIAN_POINT('',(142.61,-66.81,30.39));
#9114=CARTESIAN_POINT('',(104.61,-66.81,30.39));
#9115=CARTESIAN_POINT('',(104.61,-66.81,30.39));
#9116=CARTESIAN_POINT('',(142.61,-66.81,30.39));
#9117=CARTESIAN_POINT('',(104.61,-66.81,30.39));
#9118=CARTESIAN_POINT('',(104.61,-74.81,30.39));
#9119=CARTESIAN_POINT('',(104.61,-74.81,30.39));
#9120=CARTESIAN_POINT('',(104.61,-66.81,30.39));
#9121=CARTESIAN_POINT('',(104.61,-74.81,30.39));
#9122=CARTESIAN_POINT('',(104.61,-74.81,30.39));
#9123=CARTESIAN_POINT('',(-4.68606634977202E-15,0.,30.39));
#9124=CARTESIAN_POINT('',(-4.68606634977202E-15,0.,30.39));
#9125=MECHANICAL_DESIGN_GEOMETRIC_PRESENTATION_REPRESENTATION('',(#5502),
#9126);
#9126=(
GEOMETRIC_REPRESENTATION_CONTEXT(3)
GLOBAL_UNCERTAINTY_ASSIGNED_CONTEXT((#9127))
GLOBAL_UNIT_ASSIGNED_CONTEXT((#9130,#9129,#9128))
REPRESENTATION_CONTEXT('01_FDML_stimfix_mainboard',
'TOP_LEVEL_ASSEMBLY_PART')
);
#9127=UNCERTAINTY_MEASURE_WITH_UNIT(LENGTH_MEASURE(0.005),#9130,
'DISTANCE_ACCURACY_VALUE','Maximum Tolerance applied to model');
#9128=(
NAMED_UNIT(*)
SI_UNIT($,.STERADIAN.)
SOLID_ANGLE_UNIT()
);
#9129=(
NAMED_UNIT(*)
PLANE_ANGLE_UNIT()
SI_UNIT($,.RADIAN.)
);
#9130=(
LENGTH_UNIT()
NAMED_UNIT(*)
SI_UNIT(.MILLI.,.METRE.)
);
#9131=PRODUCT_DEFINITION_SHAPE('','',#9132);
#9132=PRODUCT_DEFINITION('','',#9134,#9133);
#9133=PRODUCT_DEFINITION_CONTEXT('',#9140,'design');
#9134=PRODUCT_DEFINITION_FORMATION_WITH_SPECIFIED_SOURCE('','',#9136,
 .NOT_KNOWN.);
#9135=PRODUCT_RELATED_PRODUCT_CATEGORY('','',(#9136));
#9136=PRODUCT('01_FDML_stimfix_mainboard','01_FDML_stimfix_mainboard',
'01_FDML_stimfix_mainboard',(#9138));
#9137=PRODUCT_CATEGORY('','');
#9138=PRODUCT_CONTEXT('',#9140,'mechanical');
#9139=APPLICATION_PROTOCOL_DEFINITION('international standard',
'automotive_design',2010,#9140);
#9140=APPLICATION_CONTEXT(
'core data for automotive mechanical design processes');
ENDSEC;
END-ISO-10303-21;
