ISO-10303-21;
HEADER;
/* Generated by software containing ST-Developer
 * from STEP Tools, Inc. (www.steptools.com) 
 */
/* OPTION: strings as raw bytes, not using required /X/ escapes */

FILE_DESCRIPTION(
/* description */ ('Unknown'),
/* implementation_level */ '2;1');

FILE_NAME(
/* name */ '28_FDML_stimfix_stimulus_cage_system_insert',
/* time_stamp */ '2026-09-07T15:12:45+02:00',
/* author */ ('Unknown'),
/* organization */ ('Unknown'),
/* preprocessor_version */ 'ST-DEVELOPER v16.7',
/* originating_system */ 'Solid Edge',
/* authorisation */ 'Unknown');

FILE_SCHEMA (('AUTOMOTIVE_DESIGN {1 0 10303 214 3 1 1}'));
ENDSEC;

DATA;
#10=PROPERTY_DEFINITION_REPRESENTATION(#14,#12);
#11=PROPERTY_DEFINITION_REPRESENTATION(#15,#13);
#12=REPRESENTATION('',(#16),#3873);
#13=REPRESENTATION('',(#17),#3873);
#14=PROPERTY_DEFINITION('pmi validation property','',#3878);
#15=PROPERTY_DEFINITION('pmi validation property','',#3878);
#16=VALUE_REPRESENTATION_ITEM('number of annotations',COUNT_MEASURE(0.));
#17=VALUE_REPRESENTATION_ITEM('number of views',COUNT_MEASURE(0.));
#18=SHAPE_REPRESENTATION_RELATIONSHIP('','',#1032,#19);
#19=ADVANCED_BREP_SHAPE_REPRESENTATION('',(#1030),#3873);
#20=(
BOUNDED_SURFACE()
B_SPLINE_SURFACE(1,2,((#2386,#2387,#2388,#2389,#2390,#2391,#2392,#2393,
#2394,#2395,#2396,#2397,#2398,#2399,#2400,#2401,#2402,#2403,#2404,#2405,
#2406,#2407,#2408,#2409,#2410,#2411,#2412,#2413,#2414,#2415,#2416,#2417,
#2418,#2419,#2420,#2421,#2422,#2423,#2424,#2425,#2426,#2427,#2428,#2429,
#2430,#2431,#2432,#2433,#2434,#2435,#2436,#2437,#2438,#2439,#2440,#2441,
#2442,#2443,#2444,#2445,#2446,#2447,#2448,#2449,#2450,#2451,#2452,#2453,
#2454,#2455,#2456,#2457,#2458,#2459,#2460,#2461,#2462,#2463,#2464,#2465,
#2466,#2467,#2468,#2469,#2470,#2471,#2472,#2473,#2474,#2475,#2476,#2477,
#2478,#2479,#2480,#2481,#2482,#2483,#2484,#2485,#2486,#2487,#2488,#2489,
#2490,#2491,#2492,#2493,#2494,#2495,#2496,#2497,#2498,#2499,#2500,#2501,
#2502,#2503,#2504,#2505,#2506,#2507,#2508,#2509,#2510,#2511,#2512,#2513,
#2514,#2515,#2516,#2517,#2518,#2519,#2520,#2521,#2522,#2523,#2524,#2525,
#2526,#2527,#2528,#2529,#2530,#2531,#2532,#2533,#2534,#2535,#2536,#2537,
#2538,#2539,#2540,#2541,#2542,#2543,#2544,#2545,#2546,#2547,#2548,#2549,
#2550,#2551,#2552,#2553,#2554,#2555,#2556,#2557,#2558,#2559,#2560,#2561,
#2562,#2563,#2564,#2565,#2566,#2567,#2568,#2569,#2570,#2571,#2572,#2573,
#2574,#2575,#2576),(#2577,#2578,#2579,#2580,#2581,#2582,#2583,#2584,#2585,
#2586,#2587,#2588,#2589,#2590,#2591,#2592,#2593,#2594,#2595,#2596,#2597,
#2598,#2599,#2600,#2601,#2602,#2603,#2604,#2605,#2606,#2607,#2608,#2609,
#2610,#2611,#2612,#2613,#2614,#2615,#2616,#2617,#2618,#2619,#2620,#2621,
#2622,#2623,#2624,#2625,#2626,#2627,#2628,#2629,#2630,#2631,#2632,#2633,
#2634,#2635,#2636,#2637,#2638,#2639,#2640,#2641,#2642,#2643,#2644,#2645,
#2646,#2647,#2648,#2649,#2650,#2651,#2652,#2653,#2654,#2655,#2656,#2657,
#2658,#2659,#2660,#2661,#2662,#2663,#2664,#2665,#2666,#2667,#2668,#2669,
#2670,#2671,#2672,#2673,#2674,#2675,#2676,#2677,#2678,#2679,#2680,#2681,
#2682,#2683,#2684,#2685,#2686,#2687,#2688,#2689,#2690,#2691,#2692,#2693,
#2694,#2695,#2696,#2697,#2698,#2699,#2700,#2701,#2702,#2703,#2704,#2705,
#2706,#2707,#2708,#2709,#2710,#2711,#2712,#2713,#2714,#2715,#2716,#2717,
#2718,#2719,#2720,#2721,#2722,#2723,#2724,#2725,#2726,#2727,#2728,#2729,
#2730,#2731,#2732,#2733,#2734,#2735,#2736,#2737,#2738,#2739,#2740,#2741,
#2742,#2743,#2744,#2745,#2746,#2747,#2748,#2749,#2750,#2751,#2752,#2753,
#2754,#2755,#2756,#2757,#2758,#2759,#2760,#2761,#2762,#2763,#2764,#2765,
#2766,#2767)),.UNSPECIFIED.,.F.,.F.,.F.)
B_SPLINE_SURFACE_WITH_KNOTS((2,2),(3,2,2,2,2,2,2,2,2,2,2,2,2,2,2,2,2,2,
2,2,2,2,2,2,2,2,2,2,2,2,2,2,2,2,2,2,2,2,2,2,2,2,2,2,2,2,2,2,2,2,2,2,2,2,
2,2,2,2,2,2,2,2,2,2,2,2,2,2,2,2,2,2,2,2,2,2,2,2,2,2,2,2,2,2,2,2,2,2,2,2,
2,2,2,2,2,3),(0.,1.),(0.0361800449182664,0.038961038961039,0.0454545454545455,
0.051948051948052,0.0584415584415584,0.0649350649350649,0.0714285714285714,
0.0779220779220779,0.0844155844155844,0.0909090909090909,0.0974025974025974,
0.103896103896104,0.11038961038961,0.116883116883117,0.123376623376623,
0.12987012987013,0.136363636363636,0.142857142857143,0.149350649350649,
0.155844155844156,0.162337662337662,0.168831168831169,0.175324675324675,
0.181818181818182,0.188311688311688,0.194805194805195,0.201298701298701,
0.207792207792208,0.214285714285714,0.220779220779221,0.227272727272727,
0.233766233766234,0.24025974025974,0.246753246753247,0.253246753246753,
0.25974025974026,0.266233766233766,0.272727272727273,0.279220779220779,
0.285714285714286,0.292207792207792,0.298701298701299,0.305194805194805,
0.311688311688312,0.318181818181818,0.324675324675325,0.331168831168831,
0.337662337662338,0.344155844155844,0.350649350649351,0.357142857142857,
0.363636363636364,0.37012987012987,0.376623376623377,0.383116883116883,
0.38961038961039,0.396103896103896,0.402597402597403,0.409090909090909,
0.415584415584416,0.422077922077922,0.428571428571429,0.435064935064935,
0.441558441558442,0.448051948051948,0.454545454545455,0.461038961038961,
0.467532467532468,0.474025974025974,0.480519480519481,0.487012987012987,
0.493506493506494,0.5,0.506493506493506,0.512987012987013,0.519480519480519,
0.525974025974026,0.532467532467532,0.538961038961039,0.545454545454545,
0.551948051948052,0.558441558441558,0.564935064935065,0.571428571428571,
0.577922077922078,0.584415584415584,0.590909090909091,0.597402597402597,
0.603896103896104,0.61038961038961,0.616883116883117,0.623376623376623,
0.62987012987013,0.636363636363636,0.642857142857143,0.644430504073302),
 .PIECEWISE_BEZIER_KNOTS.)
GEOMETRIC_REPRESENTATION_ITEM()
RATIONAL_B_SPLINE_SURFACE(((0.987721935372694,0.989262299663218,1.,0.974927912181824,
1.,0.974927912181824,1.,0.974927912181824,1.,0.974927912181824,1.,0.974927912181824,
1.,0.974927912181824,1.,0.974927912181824,1.,0.974927912181824,1.,0.974927912181824,
1.,0.974927912181824,1.,0.974927912181824,1.,0.974927912181824,1.,0.974927912181824,
1.,0.974927912181824,1.,0.974927912181824,1.,0.974927912181824,1.,0.974927912181824,
1.,0.974927912181824,1.,0.974927912181824,1.,0.974927912181824,1.,0.974927912181824,
1.,0.974927912181824,1.,0.974927912181824,1.,0.974927912181824,1.,0.974927912181824,
1.,0.974927912181824,1.,0.974927912181824,1.,0.974927912181824,1.,0.974927912181824,
1.,0.974927912181824,1.,0.974927912181824,1.,0.974927912181824,1.,0.974927912181824,
1.,0.974927912181824,1.,0.974927912181824,1.,0.974927912181824,1.,0.974927912181824,
1.,0.974927912181824,1.,0.974927912181824,1.,0.974927912181824,1.,0.974927912181824,
1.,0.974927912181824,1.,0.974927912181824,1.,0.974927912181824,1.,0.974927912181824,
1.,0.974927912181824,1.,0.974927912181824,1.,0.974927912181824,1.,0.974927912181824,
1.,0.974927912181824,1.,0.974927912181824,1.,0.974927912181824,1.,0.974927912181824,
1.,0.974927912181824,1.,0.974927912181824,1.,0.974927912181824,1.,0.974927912181824,
1.,0.974927912181824,1.,0.974927912181824,1.,0.974927912181824,1.,0.974927912181824,
1.,0.974927912181824,1.,0.974927912181824,1.,0.974927912181824,1.,0.974927912181824,
1.,0.974927912181824,1.,0.974927912181824,1.,0.974927912181824,1.,0.974927912181824,
1.,0.974927912181824,1.,0.974927912181824,1.,0.974927912181824,1.,0.974927912181824,
1.,0.974927912181824,1.,0.974927912181824,1.,0.974927912181824,1.,0.974927912181824,
1.,0.974927912181824,1.,0.974927912181824,1.,0.974927912181824,1.,0.974927912181824,
1.,0.974927912181824,1.,0.974927912181824,1.,0.974927912181824,1.,0.974927912181824,
1.,0.974927912181824,1.,0.974927912181824,1.,0.974927912181824,1.,0.974927912181824,
1.,0.974927912181824,1.,0.974927912181824,1.,0.974927912181824,1.,0.974927912181824,
1.,0.993925092610486,0.990794056513926),(0.987721935372694,0.989262299663218,
1.,0.974927912181824,1.,0.974927912181824,1.,0.974927912181824,1.,0.974927912181824,
1.,0.974927912181824,1.,0.974927912181824,1.,0.974927912181824,1.,0.974927912181824,
1.,0.974927912181824,1.,0.974927912181824,1.,0.974927912181824,1.,0.974927912181824,
1.,0.974927912181824,1.,0.974927912181824,1.,0.974927912181824,1.,0.974927912181824,
1.,0.974927912181824,1.,0.974927912181824,1.,0.974927912181824,1.,0.974927912181824,
1.,0.974927912181824,1.,0.974927912181824,1.,0.974927912181824,1.,0.974927912181824,
1.,0.974927912181824,1.,0.974927912181824,1.,0.974927912181824,1.,0.974927912181824,
1.,0.974927912181824,1.,0.974927912181824,1.,0.974927912181824,1.,0.974927912181824,
1.,0.974927912181824,1.,0.974927912181824,1.,0.974927912181824,1.,0.974927912181824,
1.,0.974927912181824,1.,0.974927912181824,1.,0.974927912181824,1.,0.974927912181824,
1.,0.974927912181824,1.,0.974927912181824,1.,0.974927912181824,1.,0.974927912181824,
1.,0.974927912181824,1.,0.974927912181824,1.,0.974927912181824,1.,0.974927912181824,
1.,0.974927912181824,1.,0.974927912181824,1.,0.974927912181824,1.,0.974927912181824,
1.,0.974927912181824,1.,0.974927912181824,1.,0.974927912181824,1.,0.974927912181824,
1.,0.974927912181824,1.,0.974927912181824,1.,0.974927912181824,1.,0.974927912181824,
1.,0.974927912181824,1.,0.974927912181824,1.,0.974927912181824,1.,0.974927912181824,
1.,0.974927912181824,1.,0.974927912181824,1.,0.974927912181824,1.,0.974927912181824,
1.,0.974927912181824,1.,0.974927912181824,1.,0.974927912181824,1.,0.974927912181824,
1.,0.974927912181824,1.,0.974927912181824,1.,0.974927912181824,1.,0.974927912181824,
1.,0.974927912181824,1.,0.974927912181824,1.,0.974927912181824,1.,0.974927912181824,
1.,0.974927912181824,1.,0.974927912181824,1.,0.974927912181824,1.,0.974927912181824,
1.,0.974927912181824,1.,0.974927912181824,1.,0.974927912181824,1.,0.974927912181824,
1.,0.974927912181824,1.,0.974927912181824,1.,0.974927912181824,1.,0.974927912181824,
1.,0.974927912181824,1.,0.993925092610486,0.990794056513926)))
REPRESENTATION_ITEM('')
SURFACE()
);
#21=(
BOUNDED_SURFACE()
B_SPLINE_SURFACE(1,2,((#3400,#3401,#3402,#3403,#3404,#3405,#3406,#3407,
#3408,#3409,#3410,#3411,#3412,#3413,#3414,#3415,#3416,#3417,#3418,#3419,
#3420,#3421,#3422,#3423,#3424,#3425,#3426,#3427,#3428,#3429,#3430,#3431,
#3432,#3433,#3434,#3435,#3436,#3437,#3438,#3439,#3440,#3441,#3442,#3443,
#3444,#3445,#3446,#3447,#3448,#3449,#3450,#3451,#3452,#3453,#3454,#3455,
#3456,#3457,#3458,#3459,#3460,#3461,#3462,#3463,#3464,#3465,#3466,#3467,
#3468,#3469,#3470,#3471,#3472,#3473,#3474,#3475,#3476,#3477,#3478,#3479,
#3480,#3481,#3482,#3483,#3484,#3485,#3486,#3487,#3488,#3489,#3490,#3491,
#3492,#3493,#3494,#3495,#3496,#3497,#3498,#3499,#3500,#3501,#3502,#3503,
#3504,#3505,#3506,#3507,#3508,#3509,#3510,#3511,#3512,#3513,#3514,#3515,
#3516,#3517,#3518,#3519,#3520,#3521,#3522,#3523,#3524,#3525,#3526,#3527,
#3528,#3529,#3530,#3531,#3532,#3533,#3534,#3535,#3536,#3537,#3538,#3539,
#3540,#3541,#3542,#3543,#3544,#3545,#3546,#3547,#3548,#3549,#3550,#3551,
#3552,#3553,#3554,#3555,#3556,#3557,#3558,#3559,#3560,#3561,#3562,#3563,
#3564,#3565,#3566,#3567,#3568,#3569,#3570,#3571,#3572,#3573,#3574,#3575,
#3576,#3577,#3578,#3579,#3580,#3581,#3582,#3583,#3584,#3585,#3586,#3587,
#3588),(#3589,#3590,#3591,#3592,#3593,#3594,#3595,#3596,#3597,#3598,#3599,
#3600,#3601,#3602,#3603,#3604,#3605,#3606,#3607,#3608,#3609,#3610,#3611,
#3612,#3613,#3614,#3615,#3616,#3617,#3618,#3619,#3620,#3621,#3622,#3623,
#3624,#3625,#3626,#3627,#3628,#3629,#3630,#3631,#3632,#3633,#3634,#3635,
#3636,#3637,#3638,#3639,#3640,#3641,#3642,#3643,#3644,#3645,#3646,#3647,
#3648,#3649,#3650,#3651,#3652,#3653,#3654,#3655,#3656,#3657,#3658,#3659,
#3660,#3661,#3662,#3663,#3664,#3665,#3666,#3667,#3668,#3669,#3670,#3671,
#3672,#3673,#3674,#3675,#3676,#3677,#3678,#3679,#3680,#3681,#3682,#3683,
#3684,#3685,#3686,#3687,#3688,#3689,#3690,#3691,#3692,#3693,#3694,#3695,
#3696,#3697,#3698,#3699,#3700,#3701,#3702,#3703,#3704,#3705,#3706,#3707,
#3708,#3709,#3710,#3711,#3712,#3713,#3714,#3715,#3716,#3717,#3718,#3719,
#3720,#3721,#3722,#3723,#3724,#3725,#3726,#3727,#3728,#3729,#3730,#3731,
#3732,#3733,#3734,#3735,#3736,#3737,#3738,#3739,#3740,#3741,#3742,#3743,
#3744,#3745,#3746,#3747,#3748,#3749,#3750,#3751,#3752,#3753,#3754,#3755,
#3756,#3757,#3758,#3759,#3760,#3761,#3762,#3763,#3764,#3765,#3766,#3767,
#3768,#3769,#3770,#3771,#3772,#3773,#3774,#3775,#3776,#3777)),
 .UNSPECIFIED.,.F.,.F.,.F.)
B_SPLINE_SURFACE_WITH_KNOTS((2,2),(3,2,2,2,2,2,2,2,2,2,2,2,2,2,2,2,2,2,
2,2,2,2,2,2,2,2,2,2,2,2,2,2,2,2,2,2,2,2,2,2,2,2,2,2,2,2,2,2,2,2,2,2,2,2,
2,2,2,2,2,2,2,2,2,2,2,2,2,2,2,2,2,2,2,2,2,2,2,2,2,2,2,2,2,2,2,2,2,2,2,2,
2,2,2,2,3),(0.,1.),(0.,0.00649350649350649,0.012987012987013,0.0194805194805195,
0.025974025974026,0.0324675324675325,0.038961038961039,0.0454545454545455,
0.051948051948052,0.0584415584415584,0.0649350649350649,0.0714285714285714,
0.0779220779220779,0.0844155844155844,0.0909090909090909,0.0974025974025974,
0.103896103896104,0.11038961038961,0.116883116883117,0.123376623376623,
0.12987012987013,0.136363636363636,0.142857142857143,0.149350649350649,
0.155844155844156,0.162337662337662,0.168831168831169,0.175324675324675,
0.181818181818182,0.188311688311688,0.194805194805195,0.201298701298701,
0.207792207792208,0.214285714285714,0.220779220779221,0.227272727272727,
0.233766233766234,0.24025974025974,0.246753246753247,0.253246753246753,
0.25974025974026,0.266233766233766,0.272727272727273,0.279220779220779,
0.285714285714286,0.292207792207792,0.298701298701299,0.305194805194805,
0.311688311688312,0.318181818181818,0.324675324675325,0.331168831168831,
0.337662337662338,0.344155844155844,0.350649350649351,0.357142857142857,
0.363636363636364,0.37012987012987,0.376623376623377,0.383116883116883,
0.38961038961039,0.396103896103896,0.402597402597403,0.409090909090909,
0.415584415584416,0.422077922077922,0.428571428571429,0.435064935064935,
0.441558441558442,0.448051948051948,0.454545454545455,0.461038961038961,
0.467532467532468,0.474025974025974,0.480519480519481,0.487012987012987,
0.493506493506494,0.5,0.506493506493506,0.512987012987013,0.519480519480519,
0.525974025974026,0.532467532467532,0.538961038961039,0.545454545454545,
0.551948051948052,0.558441558441558,0.564935064935065,0.571428571428571,
0.577922077922078,0.584415584415584,0.590909090909091,0.597402597402597,
0.603896103896104,0.604666014927383),.PIECEWISE_BEZIER_KNOTS.)
GEOMETRIC_REPRESENTATION_ITEM()
RATIONAL_B_SPLINE_SURFACE(((1.,0.974927912181824,1.,0.974927912181824,1.,
0.974927912181824,1.,0.974927912181824,1.,0.974927912181824,1.,0.974927912181824,
1.,0.974927912181824,1.,0.974927912181824,1.,0.974927912181824,1.,0.974927912181824,
1.,0.974927912181824,1.,0.974927912181824,1.,0.974927912181824,1.,0.974927912181824,
1.,0.974927912181824,1.,0.974927912181824,1.,0.974927912181824,1.,0.974927912181824,
1.,0.974927912181824,1.,0.974927912181824,1.,0.974927912181824,1.,0.974927912181824,
1.,0.974927912181824,1.,0.974927912181824,1.,0.974927912181824,1.,0.974927912181824,
1.,0.974927912181824,1.,0.974927912181824,1.,0.974927912181824,1.,0.974927912181824,
1.,0.974927912181824,1.,0.974927912181824,1.,0.974927912181824,1.,0.974927912181824,
1.,0.974927912181824,1.,0.974927912181824,1.,0.974927912181824,1.,0.974927912181824,
1.,0.974927912181824,1.,0.974927912181824,1.,0.974927912181824,1.,0.974927912181824,
1.,0.974927912181824,1.,0.974927912181824,1.,0.974927912181824,1.,0.974927912181824,
1.,0.974927912181824,1.,0.974927912181824,1.,0.974927912181824,1.,0.974927912181824,
1.,0.974927912181824,1.,0.974927912181824,1.,0.974927912181824,1.,0.974927912181824,
1.,0.974927912181824,1.,0.974927912181824,1.,0.974927912181824,1.,0.974927912181824,
1.,0.974927912181824,1.,0.974927912181824,1.,0.974927912181824,1.,0.974927912181824,
1.,0.974927912181824,1.,0.974927912181824,1.,0.974927912181824,1.,0.974927912181824,
1.,0.974927912181824,1.,0.974927912181824,1.,0.974927912181824,1.,0.974927912181824,
1.,0.974927912181824,1.,0.974927912181824,1.,0.974927912181824,1.,0.974927912181824,
1.,0.974927912181824,1.,0.974927912181824,1.,0.974927912181824,1.,0.974927912181824,
1.,0.974927912181824,1.,0.974927912181824,1.,0.974927912181824,1.,0.974927912181824,
1.,0.974927912181824,1.,0.974927912181824,1.,0.974927912181824,1.,0.974927912181824,
1.,0.974927912181824,1.,0.974927912181824,1.,0.974927912181824,1.,0.974927912181824,
1.,0.974927912181824,1.,0.974927912181824,1.,0.974927912181824,1.,0.997027295343786,
0.994759515864698),(1.,0.974927912181824,1.,0.974927912181824,1.,0.974927912181824,
1.,0.974927912181824,1.,0.974927912181824,1.,0.974927912181824,1.,0.974927912181824,
1.,0.974927912181824,1.,0.974927912181824,1.,0.974927912181824,1.,0.974927912181824,
1.,0.974927912181824,1.,0.974927912181824,1.,0.974927912181824,1.,0.974927912181824,
1.,0.974927912181824,1.,0.974927912181824,1.,0.974927912181824,1.,0.974927912181824,
1.,0.974927912181824,1.,0.974927912181824,1.,0.974927912181824,1.,0.974927912181824,
1.,0.974927912181824,1.,0.974927912181824,1.,0.974927912181824,1.,0.974927912181824,
1.,0.974927912181824,1.,0.974927912181824,1.,0.974927912181824,1.,0.974927912181824,
1.,0.974927912181824,1.,0.974927912181824,1.,0.974927912181824,1.,0.974927912181824,
1.,0.974927912181824,1.,0.974927912181824,1.,0.974927912181824,1.,0.974927912181824,
1.,0.974927912181824,1.,0.974927912181824,1.,0.974927912181824,1.,0.974927912181824,
1.,0.974927912181824,1.,0.974927912181824,1.,0.974927912181824,1.,0.974927912181824,
1.,0.974927912181824,1.,0.974927912181824,1.,0.974927912181824,1.,0.974927912181824,
1.,0.974927912181824,1.,0.974927912181824,1.,0.974927912181824,1.,0.974927912181824,
1.,0.974927912181824,1.,0.974927912181824,1.,0.974927912181824,1.,0.974927912181824,
1.,0.974927912181824,1.,0.974927912181824,1.,0.974927912181824,1.,0.974927912181824,
1.,0.974927912181824,1.,0.974927912181824,1.,0.974927912181824,1.,0.974927912181824,
1.,0.974927912181824,1.,0.974927912181824,1.,0.974927912181824,1.,0.974927912181824,
1.,0.974927912181824,1.,0.974927912181824,1.,0.974927912181824,1.,0.974927912181824,
1.,0.974927912181824,1.,0.974927912181824,1.,0.974927912181824,1.,0.974927912181824,
1.,0.974927912181824,1.,0.974927912181824,1.,0.974927912181824,1.,0.974927912181824,
1.,0.974927912181824,1.,0.974927912181824,1.,0.974927912181824,1.,0.974927912181824,
1.,0.974927912181824,1.,0.974927912181824,1.,0.974927912181824,1.,0.974927912181824,
1.,0.974927912181824,1.,0.974927912181824,1.,0.997027295343786,0.994759515864698)))
REPRESENTATION_ITEM('')
SURFACE()
);
#22=SPHERICAL_SURFACE('',#1079,46.7577801012837);
#23=LINE('',#2235,#71);
#24=LINE('',#2238,#72);
#25=LINE('',#2240,#73);
#26=LINE('',#2242,#74);
#27=LINE('',#2244,#75);
#28=LINE('',#2246,#76);
#29=LINE('',#2248,#77);
#30=LINE('',#2250,#78);
#31=LINE('',#2252,#79);
#32=LINE('',#2255,#80);
#33=LINE('',#2257,#81);
#34=LINE('',#2259,#82);
#35=LINE('',#2261,#83);
#36=LINE('',#2263,#84);
#37=LINE('',#2265,#85);
#38=LINE('',#2267,#86);
#39=LINE('',#2271,#87);
#40=LINE('',#2272,#88);
#41=LINE('',#2274,#89);
#42=LINE('',#2277,#90);
#43=LINE('',#2278,#91);
#44=LINE('',#2280,#92);
#45=LINE('',#2283,#93);
#46=LINE('',#2284,#94);
#47=LINE('',#2294,#95);
#48=LINE('',#2297,#96);
#49=LINE('',#2298,#97);
#50=LINE('',#2300,#98);
#51=LINE('',#2303,#99);
#52=LINE('',#2304,#100);
#53=LINE('',#2306,#101);
#54=LINE('',#2309,#102);
#55=LINE('',#2311,#103);
#56=LINE('',#2313,#104);
#57=LINE('',#2323,#105);
#58=LINE('',#2326,#106);
#59=LINE('',#2327,#107);
#60=LINE('',#2329,#108);
#61=LINE('',#2332,#109);
#62=LINE('',#2333,#110);
#63=LINE('',#2335,#111);
#64=LINE('',#2336,#112);
#65=LINE('',#2338,#113);
#66=LINE('',#2339,#114);
#67=LINE('',#2341,#115);
#68=LINE('',#2343,#116);
#69=LINE('',#2345,#117);
#70=LINE('',#2350,#118);
#71=VECTOR('',#1184,1000.);
#72=VECTOR('',#1185,1000.);
#73=VECTOR('',#1186,1000.);
#74=VECTOR('',#1187,1000.);
#75=VECTOR('',#1188,1000.);
#76=VECTOR('',#1189,1000.);
#77=VECTOR('',#1190,1000.);
#78=VECTOR('',#1191,1000.);
#79=VECTOR('',#1194,1000.);
#80=VECTOR('',#1195,1000.);
#81=VECTOR('',#1196,1000.);
#82=VECTOR('',#1197,1000.);
#83=VECTOR('',#1198,1000.);
#84=VECTOR('',#1199,1000.);
#85=VECTOR('',#1200,1000.);
#86=VECTOR('',#1201,1000.);
#87=VECTOR('',#1206,1000.);
#88=VECTOR('',#1207,1000.);
#89=VECTOR('',#1210,1000.);
#90=VECTOR('',#1211,1000.);
#91=VECTOR('',#1212,1000.);
#92=VECTOR('',#1215,1000.);
#93=VECTOR('',#1216,1000.);
#94=VECTOR('',#1217,1000.);
#95=VECTOR('',#1228,1000.);
#96=VECTOR('',#1229,1000.);
#97=VECTOR('',#1230,1000.);
#98=VECTOR('',#1233,1000.);
#99=VECTOR('',#1234,1000.);
#100=VECTOR('',#1235,1000.);
#101=VECTOR('',#1238,1000.);
#102=VECTOR('',#1239,1000.);
#103=VECTOR('',#1240,1000.);
#104=VECTOR('',#1241,1000.);
#105=VECTOR('',#1252,1000.);
#106=VECTOR('',#1253,1000.);
#107=VECTOR('',#1254,1000.);
#108=VECTOR('',#1257,1000.);
#109=VECTOR('',#1258,1000.);
#110=VECTOR('',#1259,1000.);
#111=VECTOR('',#1262,1000.);
#112=VECTOR('',#1263,1000.);
#113=VECTOR('',#1266,1000.);
#114=VECTOR('',#1267,1000.);
#115=VECTOR('',#1270,1000.);
#116=VECTOR('',#1273,1000.);
#117=VECTOR('',#1276,1000.);
#118=VECTOR('',#1283,1000.);
#119=PLANE('',#1050);
#120=PLANE('',#1051);
#121=PLANE('',#1052);
#122=PLANE('',#1054);
#123=PLANE('',#1055);
#124=PLANE('',#1056);
#125=PLANE('',#1061);
#126=PLANE('',#1062);
#127=PLANE('',#1063);
#128=PLANE('',#1068);
#129=PLANE('',#1069);
#130=PLANE('',#1070);
#131=PLANE('',#1071);
#132=PLANE('',#1072);
#133=PLANE('',#1073);
#134=PLANE('',#1074);
#135=PLANE('',#1076);
#136=PLANE('',#1077);
#137=PLANE('',#1084);
#138=PLANE('',#1088);
#139=PLANE('',#1092);
#140=PLANE('',#1095);
#141=PLANE('',#1099);
#142=PLANE('',#1102);
#143=PLANE('',#1106);
#144=PLANE('',#1110);
#145=PLANE('',#1113);
#146=PLANE('',#1116);
#147=PLANE('',#1120);
#148=PLANE('',#1124);
#149=PLANE('',#1128);
#150=PLANE('',#1132);
#151=PLANE('',#1135);
#152=PLANE('',#1138);
#153=PLANE('',#1141);
#154=PLANE('',#1144);
#155=PLANE('',#1147);
#156=(
BOUNDED_CURVE()
B_SPLINE_CURVE(2,(#1610,#1611,#1612,#1613,#1614,#1615,#1616,#1617,#1618,
#1619,#1620,#1621,#1622,#1623,#1624,#1625,#1626,#1627,#1628,#1629,#1630,
#1631,#1632,#1633,#1634,#1635,#1636,#1637,#1638,#1639,#1640,#1641,#1642,
#1643,#1644,#1645,#1646,#1647,#1648,#1649,#1650,#1651,#1652,#1653,#1654,
#1655,#1656,#1657,#1658,#1659,#1660,#1661,#1662,#1663,#1664,#1665,#1666,
#1667,#1668,#1669,#1670,#1671,#1672,#1673,#1674,#1675,#1676,#1677,#1678,
#1679,#1680,#1681,#1682,#1683,#1684,#1685,#1686,#1687,#1688,#1689,#1690,
#1691,#1692,#1693,#1694,#1695,#1696,#1697,#1698,#1699,#1700,#1701,#1702,
#1703,#1704,#1705,#1706,#1707,#1708,#1709,#1710,#1711,#1712,#1713,#1714,
#1715,#1716,#1717,#1718,#1719,#1720,#1721,#1722,#1723,#1724,#1725,#1726,
#1727,#1728,#1729,#1730,#1731,#1732,#1733,#1734,#1735,#1736,#1737,#1738,
#1739,#1740,#1741,#1742,#1743,#1744,#1745,#1746,#1747,#1748,#1749,#1750,
#1751,#1752,#1753,#1754,#1755,#1756,#1757,#1758,#1759,#1760,#1761,#1762,
#1763,#1764,#1765,#1766,#1767,#1768,#1769,#1770,#1771,#1772,#1773,#1774,
#1775,#1776,#1777,#1778,#1779,#1780,#1781,#1782,#1783,#1784,#1785,#1786,
#1787,#1788,#1789,#1790,#1791,#1792,#1793,#1794,#1795,#1796,#1797,#1798,
#1799,#1800,#1801,#1802,#1803,#1804,#1805,#1806,#1807,#1808,#1809,#1810,
#1811,#1812,#1813,#1814,#1815,#1816,#1817,#1818,#1819,#1820,#1821,#1822,
#1823,#1824,#1825,#1826,#1827,#1828,#1829,#1830,#1831,#1832,#1833,#1834,
#1835,#1836,#1837,#1838,#1839,#1840,#1841,#1842,#1843,#1844,#1845,#1846,
#1847,#1848,#1849,#1850,#1851,#1852,#1853,#1854,#1855,#1856,#1857,#1858,
#1859,#1860,#1861,#1862,#1863,#1864,#1865,#1866,#1867,#1868,#1869,#1870,
#1871,#1872,#1873,#1874,#1875,#1876,#1877,#1878,#1879,#1880,#1881,#1882,
#1883,#1884,#1885,#1886,#1887,#1888,#1889,#1890,#1891,#1892,#1893,#1894,
#1895,#1896,#1897,#1898,#1899,#1900,#1901,#1902,#1903,#1904,#1905,#1906,
#1907,#1908,#1909,#1910,#1911,#1912,#1913,#1914,#1915,#1916,#1917,#1918),
 .UNSPECIFIED.,.F.,.F.)
B_SPLINE_CURVE_WITH_KNOTS((3,2,2,2,2,2,2,2,2,2,2,2,2,2,2,2,2,2,2,2,2,2,
2,2,2,2,2,2,2,2,2,2,2,2,2,2,2,2,2,2,2,2,2,2,2,2,2,2,2,2,2,2,2,2,2,2,2,2,
2,2,2,2,2,2,2,2,2,2,2,2,2,2,2,2,2,2,2,2,2,2,2,2,2,2,2,2,2,2,2,2,2,2,2,2,
2,2,2,2,2,2,2,2,2,2,2,2,2,2,2,2,2,2,2,2,2,2,2,2,2,2,2,2,2,2,2,2,2,2,2,2,
2,2,2,2,2,2,2,2,2,2,2,2,2,2,2,2,2,2,2,2,2,2,2,2,3),(0.,0.00649350649350649,
0.012987012987013,0.0194805194805195,0.025974025974026,0.0324675324675325,
0.038961038961039,0.0454545454545455,0.051948051948052,0.0584415584415584,
0.0649350649350649,0.0714285714285714,0.0779220779220779,0.0844155844155844,
0.0909090909090909,0.0974025974025974,0.103896103896104,0.11038961038961,
0.116883116883117,0.123376623376623,0.12987012987013,0.136363636363636,
0.142857142857143,0.149350649350649,0.155844155844156,0.162337662337662,
0.168831168831169,0.175324675324675,0.181818181818182,0.188311688311688,
0.194805194805195,0.201298701298701,0.207792207792208,0.214285714285714,
0.220779220779221,0.227272727272727,0.233766233766234,0.24025974025974,
0.246753246753247,0.253246753246753,0.25974025974026,0.266233766233766,
0.272727272727273,0.279220779220779,0.285714285714286,0.292207792207792,
0.298701298701299,0.305194805194805,0.311688311688312,0.318181818181818,
0.324675324675325,0.331168831168831,0.337662337662338,0.344155844155844,
0.350649350649351,0.357142857142857,0.363636363636364,0.37012987012987,
0.376623376623377,0.383116883116883,0.38961038961039,0.396103896103896,
0.402597402597403,0.409090909090909,0.415584415584416,0.422077922077922,
0.428571428571429,0.435064935064935,0.441558441558442,0.448051948051948,
0.454545454545455,0.461038961038961,0.467532467532468,0.474025974025974,
0.480519480519481,0.487012987012987,0.493506493506494,0.5,0.506493506493506,
0.512987012987013,0.519480519480519,0.525974025974026,0.532467532467532,
0.538961038961039,0.545454545454545,0.551948051948052,0.558441558441558,
0.564935064935065,0.571428571428571,0.577922077922078,0.584415584415584,
0.590909090909091,0.597402597402597,0.603896103896104,0.61038961038961,
0.616883116883117,0.623376623376623,0.62987012987013,0.636363636363636,
0.642857142857143,0.649350649350649,0.655844155844156,0.662337662337662,
0.668831168831169,0.675324675324675,0.681818181818182,0.688311688311688,
0.694805194805195,0.701298701298701,0.707792207792208,0.714285714285714,
0.720779220779221,0.727272727272727,0.733766233766234,0.74025974025974,
0.746753246753247,0.753246753246753,0.75974025974026,0.766233766233766,
0.772727272727273,0.779220779220779,0.785714285714286,0.792207792207792,
0.798701298701299,0.805194805194805,0.811688311688312,0.818181818181818,
0.824675324675325,0.831168831168831,0.837662337662338,0.844155844155844,
0.850649350649351,0.857142857142857,0.863636363636364,0.87012987012987,
0.876623376623377,0.883116883116883,0.88961038961039,0.896103896103896,
0.902597402597403,0.909090909090909,0.915584415584416,0.922077922077922,
0.928571428571429,0.935064935064935,0.941558441558442,0.948051948051948,
0.954545454545455,0.961038961038961,0.967532467532468,0.974025974025974,
0.980519480519481,0.987012987012987,0.993506493506494,1.),.UNSPECIFIED.)
CURVE()
GEOMETRIC_REPRESENTATION_ITEM()
RATIONAL_B_SPLINE_CURVE((1.,0.974927912181824,1.,0.974927912181824,1.,0.974927912181824,
1.,0.974927912181824,1.,0.974927912181824,1.,0.974927912181824,1.,0.974927912181824,
1.,0.974927912181824,1.,0.974927912181824,1.,0.974927912181824,1.,0.974927912181824,
1.,0.974927912181824,1.,0.974927912181824,1.,0.974927912181824,1.,0.974927912181824,
1.,0.974927912181824,1.,0.974927912181824,1.,0.974927912181824,1.,0.974927912181824,
1.,0.974927912181824,1.,0.974927912181824,1.,0.974927912181824,1.,0.974927912181824,
1.,0.974927912181824,1.,0.974927912181824,1.,0.974927912181824,1.,0.974927912181824,
1.,0.974927912181824,1.,0.974927912181824,1.,0.974927912181824,1.,0.974927912181824,
1.,0.974927912181824,1.,0.974927912181824,1.,0.974927912181824,1.,0.974927912181824,
1.,0.974927912181824,1.,0.974927912181824,1.,0.974927912181824,1.,0.974927912181824,
1.,0.974927912181824,1.,0.974927912181824,1.,0.974927912181824,1.,0.974927912181824,
1.,0.974927912181824,1.,0.974927912181824,1.,0.974927912181824,1.,0.974927912181824,
1.,0.974927912181824,1.,0.974927912181824,1.,0.974927912181824,1.,0.974927912181824,
1.,0.974927912181824,1.,0.974927912181824,1.,0.974927912181824,1.,0.974927912181824,
1.,0.974927912181824,1.,0.974927912181824,1.,0.974927912181824,1.,0.974927912181824,
1.,0.974927912181824,1.,0.974927912181824,1.,0.974927912181824,1.,0.974927912181824,
1.,0.974927912181824,1.,0.974927912181824,1.,0.974927912181824,1.,0.974927912181824,
1.,0.974927912181824,1.,0.974927912181824,1.,0.974927912181824,1.,0.974927912181824,
1.,0.974927912181824,1.,0.974927912181824,1.,0.974927912181824,1.,0.974927912181824,
1.,0.974927912181824,1.,0.974927912181824,1.,0.974927912181824,1.,0.974927912181824,
1.,0.974927912181824,1.,0.974927912181824,1.,0.974927912181824,1.,0.974927912181824,
1.,0.974927912181824,1.,0.974927912181824,1.,0.974927912181824,1.,0.974927912181824,
1.,0.974927912181824,1.,0.974927912181824,1.,0.974927912181824,1.,0.974927912181824,
1.,0.974927912181824,1.,0.974927912181824,1.,0.974927912181824,1.,0.974927912181824,
1.,0.974927912181824,1.,0.974927912181824,1.,0.974927912181824,1.,0.974927912181824,
1.,0.974927912181824,1.,0.974927912181824,1.,0.974927912181824,1.,0.974927912181824,
1.,0.974927912181824,1.,0.974927912181824,1.,0.974927912181824,1.,0.974927912181824,
1.,0.974927912181824,1.,0.974927912181824,1.,0.974927912181824,1.,0.974927912181824,
1.,0.974927912181824,1.,0.974927912181824,1.,0.974927912181824,1.,0.974927912181824,
1.,0.974927912181824,1.,0.974927912181824,1.,0.974927912181824,1.,0.974927912181824,
1.,0.974927912181824,1.,0.974927912181824,1.,0.974927912181824,1.,0.974927912181824,
1.,0.974927912181824,1.,0.974927912181824,1.,0.974927912181824,1.,0.974927912181824,
1.,0.974927912181824,1.,0.974927912181824,1.,0.974927912181824,1.,0.974927912181824,
1.,0.974927912181824,1.,0.974927912181824,1.,0.974927912181824,1.,0.974927912181824,
1.,0.974927912181824,1.,0.974927912181824,1.,0.974927912181824,1.,0.974927912181824,
1.,0.974927912181824,1.,0.974927912181824,1.,0.974927912181824,1.,0.974927912181824,
1.,0.974927912181824,1.,0.974927912181824,1.,0.974927912181824,1.,0.974927912181824,
1.,0.974927912181824,1.,0.974927912181824,1.,0.974927912181824,1.,0.974927912181824,
1.,0.974927912181824,1.,0.974927912181824,1.,0.974927912181824,1.))
REPRESENTATION_ITEM('')
);
#157=(
BOUNDED_CURVE()
B_SPLINE_CURVE(2,(#1923,#1924,#1925,#1926,#1927,#1928,#1929,#1930,#1931,
#1932,#1933,#1934,#1935,#1936,#1937,#1938,#1939,#1940,#1941,#1942,#1943,
#1944,#1945,#1946,#1947,#1948,#1949,#1950,#1951,#1952,#1953,#1954,#1955,
#1956,#1957,#1958,#1959,#1960,#1961,#1962,#1963,#1964,#1965,#1966,#1967,
#1968,#1969,#1970,#1971,#1972,#1973,#1974,#1975,#1976,#1977,#1978,#1979,
#1980,#1981,#1982,#1983,#1984,#1985,#1986,#1987,#1988,#1989,#1990,#1991,
#1992,#1993,#1994,#1995,#1996,#1997,#1998,#1999,#2000,#2001,#2002,#2003,
#2004,#2005,#2006,#2007,#2008,#2009,#2010,#2011,#2012,#2013,#2014,#2015,
#2016,#2017,#2018,#2019,#2020,#2021,#2022,#2023,#2024,#2025,#2026,#2027,
#2028,#2029,#2030,#2031,#2032,#2033,#2034,#2035,#2036,#2037,#2038,#2039,
#2040,#2041,#2042,#2043,#2044,#2045,#2046,#2047,#2048,#2049,#2050,#2051,
#2052,#2053,#2054,#2055,#2056,#2057,#2058,#2059,#2060,#2061,#2062,#2063,
#2064,#2065,#2066,#2067,#2068,#2069,#2070,#2071,#2072,#2073,#2074,#2075,
#2076,#2077,#2078,#2079,#2080,#2081,#2082,#2083,#2084,#2085,#2086,#2087,
#2088,#2089,#2090,#2091,#2092,#2093,#2094,#2095,#2096,#2097,#2098,#2099,
#2100,#2101,#2102,#2103,#2104,#2105,#2106,#2107,#2108,#2109,#2110,#2111,
#2112,#2113,#2114,#2115,#2116,#2117,#2118,#2119,#2120,#2121,#2122,#2123,
#2124,#2125,#2126,#2127,#2128,#2129,#2130,#2131,#2132,#2133,#2134,#2135,
#2136,#2137,#2138,#2139,#2140,#2141,#2142,#2143,#2144,#2145,#2146,#2147,
#2148,#2149,#2150,#2151,#2152,#2153,#2154,#2155,#2156,#2157,#2158,#2159,
#2160,#2161,#2162,#2163,#2164,#2165,#2166,#2167,#2168,#2169,#2170,#2171,
#2172,#2173,#2174,#2175,#2176,#2177,#2178,#2179,#2180,#2181,#2182,#2183,
#2184,#2185,#2186,#2187,#2188,#2189,#2190,#2191,#2192,#2193,#2194,#2195,
#2196,#2197,#2198,#2199,#2200,#2201,#2202,#2203,#2204,#2205,#2206,#2207,
#2208,#2209,#2210,#2211,#2212,#2213,#2214,#2215,#2216,#2217,#2218,#2219,
#2220,#2221,#2222,#2223,#2224,#2225,#2226,#2227,#2228,#2229,#2230,#2231),
 .UNSPECIFIED.,.F.,.F.)
B_SPLINE_CURVE_WITH_KNOTS((3,2,2,2,2,2,2,2,2,2,2,2,2,2,2,2,2,2,2,2,2,2,
2,2,2,2,2,2,2,2,2,2,2,2,2,2,2,2,2,2,2,2,2,2,2,2,2,2,2,2,2,2,2,2,2,2,2,2,
2,2,2,2,2,2,2,2,2,2,2,2,2,2,2,2,2,2,2,2,2,2,2,2,2,2,2,2,2,2,2,2,2,2,2,2,
2,2,2,2,2,2,2,2,2,2,2,2,2,2,2,2,2,2,2,2,2,2,2,2,2,2,2,2,2,2,2,2,2,2,2,2,
2,2,2,2,2,2,2,2,2,2,2,2,2,2,2,2,2,2,2,2,2,2,2,2,3),(0.,0.00649350649350649,
0.012987012987013,0.0194805194805195,0.025974025974026,0.0324675324675325,
0.038961038961039,0.0454545454545455,0.051948051948052,0.0584415584415584,
0.0649350649350649,0.0714285714285714,0.0779220779220779,0.0844155844155844,
0.0909090909090909,0.0974025974025974,0.103896103896104,0.11038961038961,
0.116883116883117,0.123376623376623,0.12987012987013,0.136363636363636,
0.142857142857143,0.149350649350649,0.155844155844156,0.162337662337662,
0.168831168831169,0.175324675324675,0.181818181818182,0.188311688311688,
0.194805194805195,0.201298701298701,0.207792207792208,0.214285714285714,
0.220779220779221,0.227272727272727,0.233766233766234,0.24025974025974,
0.246753246753247,0.253246753246753,0.25974025974026,0.266233766233766,
0.272727272727273,0.279220779220779,0.285714285714286,0.292207792207792,
0.298701298701299,0.305194805194805,0.311688311688312,0.318181818181818,
0.324675324675325,0.331168831168831,0.337662337662338,0.344155844155844,
0.350649350649351,0.357142857142857,0.363636363636364,0.37012987012987,
0.376623376623377,0.383116883116883,0.38961038961039,0.396103896103896,
0.402597402597403,0.409090909090909,0.415584415584416,0.422077922077922,
0.428571428571429,0.435064935064935,0.441558441558442,0.448051948051948,
0.454545454545455,0.461038961038961,0.467532467532468,0.474025974025974,
0.480519480519481,0.487012987012987,0.493506493506494,0.5,0.506493506493506,
0.512987012987013,0.519480519480519,0.525974025974026,0.532467532467532,
0.538961038961039,0.545454545454545,0.551948051948052,0.558441558441558,
0.564935064935065,0.571428571428571,0.577922077922078,0.584415584415584,
0.590909090909091,0.597402597402597,0.603896103896104,0.61038961038961,
0.616883116883117,0.623376623376623,0.62987012987013,0.636363636363636,
0.642857142857143,0.649350649350649,0.655844155844156,0.662337662337662,
0.668831168831169,0.675324675324675,0.681818181818182,0.688311688311688,
0.694805194805195,0.701298701298701,0.707792207792208,0.714285714285714,
0.720779220779221,0.727272727272727,0.733766233766234,0.74025974025974,
0.746753246753247,0.753246753246753,0.75974025974026,0.766233766233766,
0.772727272727273,0.779220779220779,0.785714285714286,0.792207792207792,
0.798701298701299,0.805194805194805,0.811688311688312,0.818181818181818,
0.824675324675325,0.831168831168831,0.837662337662338,0.844155844155844,
0.850649350649351,0.857142857142857,0.863636363636364,0.87012987012987,
0.876623376623377,0.883116883116883,0.88961038961039,0.896103896103896,
0.902597402597403,0.909090909090909,0.915584415584416,0.922077922077922,
0.928571428571429,0.935064935064935,0.941558441558442,0.948051948051948,
0.954545454545455,0.961038961038961,0.967532467532468,0.974025974025974,
0.980519480519481,0.987012987012987,0.993506493506494,1.),.UNSPECIFIED.)
CURVE()
GEOMETRIC_REPRESENTATION_ITEM()
RATIONAL_B_SPLINE_CURVE((1.,0.974927912181824,1.,0.974927912181824,1.,0.974927912181824,
1.,0.974927912181824,1.,0.974927912181824,1.,0.974927912181824,1.,0.974927912181824,
1.,0.974927912181824,1.,0.974927912181824,1.,0.974927912181824,1.,0.974927912181824,
1.,0.974927912181824,1.,0.974927912181824,1.,0.974927912181824,1.,0.974927912181824,
1.,0.974927912181824,1.,0.974927912181824,1.,0.974927912181824,1.,0.974927912181824,
1.,0.974927912181824,1.,0.974927912181824,1.,0.974927912181824,1.,0.974927912181824,
1.,0.974927912181824,1.,0.974927912181824,1.,0.974927912181824,1.,0.974927912181824,
1.,0.974927912181824,1.,0.974927912181824,1.,0.974927912181824,1.,0.974927912181824,
1.,0.974927912181824,1.,0.974927912181824,1.,0.974927912181824,1.,0.974927912181824,
1.,0.974927912181824,1.,0.974927912181824,1.,0.974927912181824,1.,0.974927912181824,
1.,0.974927912181824,1.,0.974927912181824,1.,0.974927912181824,1.,0.974927912181824,
1.,0.974927912181824,1.,0.974927912181824,1.,0.974927912181824,1.,0.974927912181824,
1.,0.974927912181824,1.,0.974927912181824,1.,0.974927912181824,1.,0.974927912181824,
1.,0.974927912181824,1.,0.974927912181824,1.,0.974927912181824,1.,0.974927912181824,
1.,0.974927912181824,1.,0.974927912181824,1.,0.974927912181824,1.,0.974927912181824,
1.,0.974927912181824,1.,0.974927912181824,1.,0.974927912181824,1.,0.974927912181824,
1.,0.974927912181824,1.,0.974927912181824,1.,0.974927912181824,1.,0.974927912181824,
1.,0.974927912181824,1.,0.974927912181824,1.,0.974927912181824,1.,0.974927912181824,
1.,0.974927912181824,1.,0.974927912181824,1.,0.974927912181824,1.,0.974927912181824,
1.,0.974927912181824,1.,0.974927912181824,1.,0.974927912181824,1.,0.974927912181824,
1.,0.974927912181824,1.,0.974927912181824,1.,0.974927912181824,1.,0.974927912181824,
1.,0.974927912181824,1.,0.974927912181824,1.,0.974927912181824,1.,0.974927912181824,
1.,0.974927912181824,1.,0.974927912181824,1.,0.974927912181824,1.,0.974927912181824,
1.,0.974927912181824,1.,0.974927912181824,1.,0.974927912181824,1.,0.974927912181824,
1.,0.974927912181824,1.,0.974927912181824,1.,0.974927912181824,1.,0.974927912181824,
1.,0.974927912181824,1.,0.974927912181824,1.,0.974927912181824,1.,0.974927912181824,
1.,0.974927912181824,1.,0.974927912181824,1.,0.974927912181824,1.,0.974927912181824,
1.,0.974927912181824,1.,0.974927912181824,1.,0.974927912181824,1.,0.974927912181824,
1.,0.974927912181824,1.,0.974927912181824,1.,0.974927912181824,1.,0.974927912181824,
1.,0.974927912181824,1.,0.974927912181824,1.,0.974927912181824,1.,0.974927912181824,
1.,0.974927912181824,1.,0.974927912181824,1.,0.974927912181824,1.,0.974927912181824,
1.,0.974927912181824,1.,0.974927912181824,1.,0.974927912181824,1.,0.974927912181824,
1.,0.974927912181824,1.,0.974927912181824,1.,0.974927912181824,1.,0.974927912181824,
1.,0.974927912181824,1.,0.974927912181824,1.,0.974927912181824,1.,0.974927912181824,
1.,0.974927912181824,1.,0.974927912181824,1.,0.974927912181824,1.,0.974927912181824,
1.,0.974927912181824,1.,0.974927912181824,1.,0.974927912181824,1.,0.974927912181824,
1.,0.974927912181824,1.,0.974927912181824,1.,0.974927912181824,1.,0.974927912181824,
1.,0.974927912181824,1.,0.974927912181824,1.,0.974927912181824,1.,0.974927912181824,
1.,0.974927912181824,1.,0.974927912181824,1.,0.974927912181824,1.))
REPRESENTATION_ITEM('')
);
#158=(
BOUNDED_CURVE()
B_SPLINE_CURVE(2,(#2779,#2780,#2781,#2782,#2783,#2784,#2785,#2786,#2787,
#2788,#2789,#2790,#2791,#2792,#2793,#2794,#2795,#2796,#2797,#2798,#2799,
#2800,#2801,#2802,#2803,#2804,#2805,#2806,#2807,#2808,#2809,#2810,#2811,
#2812,#2813,#2814,#2815,#2816,#2817,#2818,#2819,#2820,#2821,#2822,#2823,
#2824,#2825,#2826,#2827,#2828,#2829,#2830,#2831,#2832,#2833,#2834,#2835,
#2836,#2837,#2838,#2839,#2840,#2841,#2842,#2843,#2844,#2845,#2846,#2847,
#2848,#2849,#2850,#2851,#2852,#2853,#2854,#2855,#2856,#2857,#2858,#2859,
#2860,#2861,#2862,#2863,#2864,#2865,#2866,#2867,#2868,#2869,#2870,#2871,
#2872,#2873,#2874,#2875,#2876,#2877,#2878,#2879,#2880,#2881,#2882,#2883,
#2884,#2885,#2886,#2887,#2888,#2889,#2890,#2891,#2892,#2893,#2894,#2895,
#2896,#2897,#2898,#2899,#2900,#2901,#2902,#2903,#2904,#2905,#2906,#2907,
#2908,#2909,#2910,#2911,#2912,#2913,#2914,#2915,#2916,#2917,#2918,#2919,
#2920,#2921,#2922,#2923,#2924,#2925,#2926,#2927,#2928,#2929,#2930,#2931,
#2932,#2933,#2934,#2935,#2936,#2937,#2938,#2939,#2940,#2941,#2942,#2943,
#2944,#2945,#2946,#2947,#2948,#2949,#2950,#2951,#2952,#2953,#2954,#2955,
#2956,#2957,#2958,#2959,#2960,#2961,#2962,#2963,#2964,#2965,#2966,#2967,
#2968,#2969,#2970,#2971,#2972,#2973,#2974,#2975,#2976,#2977,#2978,#2979,
#2980,#2981,#2982,#2983,#2984,#2985,#2986,#2987,#2988,#2989,#2990,#2991,
#2992,#2993,#2994,#2995,#2996,#2997,#2998,#2999,#3000,#3001,#3002,#3003,
#3004,#3005,#3006,#3007,#3008,#3009,#3010,#3011,#3012,#3013,#3014,#3015,
#3016,#3017,#3018,#3019,#3020,#3021,#3022,#3023,#3024,#3025,#3026,#3027,
#3028,#3029,#3030,#3031,#3032,#3033,#3034,#3035,#3036,#3037,#3038,#3039,
#3040,#3041,#3042,#3043,#3044,#3045,#3046,#3047,#3048,#3049,#3050,#3051,
#3052,#3053,#3054,#3055,#3056,#3057,#3058,#3059,#3060,#3061,#3062,#3063,
#3064,#3065,#3066,#3067,#3068,#3069,#3070,#3071,#3072,#3073,#3074,#3075,
#3076,#3077,#3078,#3079,#3080,#3081,#3082,#3083,#3084,#3085,#3086,#3087),
 .UNSPECIFIED.,.F.,.F.)
B_SPLINE_CURVE_WITH_KNOTS((3,2,2,2,2,2,2,2,2,2,2,2,2,2,2,2,2,2,2,2,2,2,
2,2,2,2,2,2,2,2,2,2,2,2,2,2,2,2,2,2,2,2,2,2,2,2,2,2,2,2,2,2,2,2,2,2,2,2,
2,2,2,2,2,2,2,2,2,2,2,2,2,2,2,2,2,2,2,2,2,2,2,2,2,2,2,2,2,2,2,2,2,2,2,2,
2,2,2,2,2,2,2,2,2,2,2,2,2,2,2,2,2,2,2,2,2,2,2,2,2,2,2,2,2,2,2,2,2,2,2,2,
2,2,2,2,2,2,2,2,2,2,2,2,2,2,2,2,2,2,2,2,2,2,2,2,3),(0.,0.00649350649350649,
0.012987012987013,0.0194805194805195,0.025974025974026,0.0324675324675325,
0.038961038961039,0.0454545454545455,0.051948051948052,0.0584415584415584,
0.0649350649350649,0.0714285714285714,0.0779220779220779,0.0844155844155844,
0.0909090909090909,0.0974025974025974,0.103896103896104,0.11038961038961,
0.116883116883117,0.123376623376623,0.12987012987013,0.136363636363636,
0.142857142857143,0.149350649350649,0.155844155844156,0.162337662337662,
0.168831168831169,0.175324675324675,0.181818181818182,0.188311688311688,
0.194805194805195,0.201298701298701,0.207792207792208,0.214285714285714,
0.220779220779221,0.227272727272727,0.233766233766234,0.24025974025974,
0.246753246753247,0.253246753246753,0.25974025974026,0.266233766233766,
0.272727272727273,0.279220779220779,0.285714285714286,0.292207792207792,
0.298701298701299,0.305194805194805,0.311688311688312,0.318181818181818,
0.324675324675325,0.331168831168831,0.337662337662338,0.344155844155844,
0.350649350649351,0.357142857142857,0.363636363636364,0.37012987012987,
0.376623376623377,0.383116883116883,0.38961038961039,0.396103896103896,
0.402597402597403,0.409090909090909,0.415584415584416,0.422077922077922,
0.428571428571429,0.435064935064935,0.441558441558442,0.448051948051948,
0.454545454545455,0.461038961038961,0.467532467532468,0.474025974025974,
0.480519480519481,0.487012987012987,0.493506493506494,0.5,0.506493506493506,
0.512987012987013,0.519480519480519,0.525974025974026,0.532467532467532,
0.538961038961039,0.545454545454545,0.551948051948052,0.558441558441558,
0.564935064935065,0.571428571428571,0.577922077922078,0.584415584415584,
0.590909090909091,0.597402597402597,0.603896103896104,0.61038961038961,
0.616883116883117,0.623376623376623,0.62987012987013,0.636363636363636,
0.642857142857143,0.649350649350649,0.655844155844156,0.662337662337662,
0.668831168831169,0.675324675324675,0.681818181818182,0.688311688311688,
0.694805194805195,0.701298701298701,0.707792207792208,0.714285714285714,
0.720779220779221,0.727272727272727,0.733766233766234,0.74025974025974,
0.746753246753247,0.753246753246753,0.75974025974026,0.766233766233766,
0.772727272727273,0.779220779220779,0.785714285714286,0.792207792207792,
0.798701298701299,0.805194805194805,0.811688311688312,0.818181818181818,
0.824675324675325,0.831168831168831,0.837662337662338,0.844155844155844,
0.850649350649351,0.857142857142857,0.863636363636364,0.87012987012987,
0.876623376623377,0.883116883116883,0.88961038961039,0.896103896103896,
0.902597402597403,0.909090909090909,0.915584415584416,0.922077922077922,
0.928571428571429,0.935064935064935,0.941558441558442,0.948051948051948,
0.954545454545455,0.961038961038961,0.967532467532468,0.974025974025974,
0.980519480519481,0.987012987012987,0.993506493506494,1.),.UNSPECIFIED.)
CURVE()
GEOMETRIC_REPRESENTATION_ITEM()
RATIONAL_B_SPLINE_CURVE((1.,0.974927912181824,1.,0.974927912181824,1.,0.974927912181824,
1.,0.974927912181824,1.,0.974927912181824,1.,0.974927912181824,1.,0.974927912181824,
1.,0.974927912181824,1.,0.974927912181824,1.,0.974927912181824,1.,0.974927912181824,
1.,0.974927912181824,1.,0.974927912181824,1.,0.974927912181824,1.,0.974927912181824,
1.,0.974927912181824,1.,0.974927912181824,1.,0.974927912181824,1.,0.974927912181824,
1.,0.974927912181824,1.,0.974927912181824,1.,0.974927912181824,1.,0.974927912181824,
1.,0.974927912181824,1.,0.974927912181824,1.,0.974927912181824,1.,0.974927912181824,
1.,0.974927912181824,1.,0.974927912181824,1.,0.974927912181824,1.,0.974927912181824,
1.,0.974927912181824,1.,0.974927912181824,1.,0.974927912181824,1.,0.974927912181824,
1.,0.974927912181824,1.,0.974927912181824,1.,0.974927912181824,1.,0.974927912181824,
1.,0.974927912181824,1.,0.974927912181824,1.,0.974927912181824,1.,0.974927912181824,
1.,0.974927912181824,1.,0.974927912181824,1.,0.974927912181824,1.,0.974927912181824,
1.,0.974927912181824,1.,0.974927912181824,1.,0.974927912181824,1.,0.974927912181824,
1.,0.974927912181824,1.,0.974927912181824,1.,0.974927912181824,1.,0.974927912181824,
1.,0.974927912181824,1.,0.974927912181824,1.,0.974927912181824,1.,0.974927912181824,
1.,0.974927912181824,1.,0.974927912181824,1.,0.974927912181824,1.,0.974927912181824,
1.,0.974927912181824,1.,0.974927912181824,1.,0.974927912181824,1.,0.974927912181824,
1.,0.974927912181824,1.,0.974927912181824,1.,0.974927912181824,1.,0.974927912181824,
1.,0.974927912181824,1.,0.974927912181824,1.,0.974927912181824,1.,0.974927912181824,
1.,0.974927912181824,1.,0.974927912181824,1.,0.974927912181824,1.,0.974927912181824,
1.,0.974927912181824,1.,0.974927912181824,1.,0.974927912181824,1.,0.974927912181824,
1.,0.974927912181824,1.,0.974927912181824,1.,0.974927912181824,1.,0.974927912181824,
1.,0.974927912181824,1.,0.974927912181824,1.,0.974927912181824,1.,0.974927912181824,
1.,0.974927912181824,1.,0.974927912181824,1.,0.974927912181824,1.,0.974927912181824,
1.,0.974927912181824,1.,0.974927912181824,1.,0.974927912181824,1.,0.974927912181824,
1.,0.974927912181824,1.,0.974927912181824,1.,0.974927912181824,1.,0.974927912181824,
1.,0.974927912181824,1.,0.974927912181824,1.,0.974927912181824,1.,0.974927912181824,
1.,0.974927912181824,1.,0.974927912181824,1.,0.974927912181824,1.,0.974927912181824,
1.,0.974927912181824,1.,0.974927912181824,1.,0.974927912181824,1.,0.974927912181824,
1.,0.974927912181824,1.,0.974927912181824,1.,0.974927912181824,1.,0.974927912181824,
1.,0.974927912181824,1.,0.974927912181824,1.,0.974927912181824,1.,0.974927912181824,
1.,0.974927912181824,1.,0.974927912181824,1.,0.974927912181824,1.,0.974927912181824,
1.,0.974927912181824,1.,0.974927912181824,1.,0.974927912181824,1.,0.974927912181824,
1.,0.974927912181824,1.,0.974927912181824,1.,0.974927912181824,1.,0.974927912181824,
1.,0.974927912181824,1.,0.974927912181824,1.,0.974927912181824,1.,0.974927912181824,
1.,0.974927912181824,1.,0.974927912181824,1.,0.974927912181824,1.,0.974927912181824,
1.,0.974927912181824,1.,0.974927912181824,1.,0.974927912181824,1.,0.974927912181824,
1.,0.974927912181824,1.,0.974927912181824,1.,0.974927912181824,1.,0.974927912181824,
1.,0.974927912181824,1.,0.974927912181824,1.,0.974927912181824,1.))
REPRESENTATION_ITEM('')
);
#159=(
BOUNDED_CURVE()
B_SPLINE_CURVE(2,(#3091,#3092,#3093,#3094,#3095,#3096,#3097,#3098,#3099,
#3100,#3101,#3102,#3103,#3104,#3105,#3106,#3107,#3108,#3109,#3110,#3111,
#3112,#3113,#3114,#3115,#3116,#3117,#3118,#3119,#3120,#3121,#3122,#3123,
#3124,#3125,#3126,#3127,#3128,#3129,#3130,#3131,#3132,#3133,#3134,#3135,
#3136,#3137,#3138,#3139,#3140,#3141,#3142,#3143,#3144,#3145,#3146,#3147,
#3148,#3149,#3150,#3151,#3152,#3153,#3154,#3155,#3156,#3157,#3158,#3159,
#3160,#3161,#3162,#3163,#3164,#3165,#3166,#3167,#3168,#3169,#3170,#3171,
#3172,#3173,#3174,#3175,#3176,#3177,#3178,#3179,#3180,#3181,#3182,#3183,
#3184,#3185,#3186,#3187,#3188,#3189,#3190,#3191,#3192,#3193,#3194,#3195,
#3196,#3197,#3198,#3199,#3200,#3201,#3202,#3203,#3204,#3205,#3206,#3207,
#3208,#3209,#3210,#3211,#3212,#3213,#3214,#3215,#3216,#3217,#3218,#3219,
#3220,#3221,#3222,#3223,#3224,#3225,#3226,#3227,#3228,#3229,#3230,#3231,
#3232,#3233,#3234,#3235,#3236,#3237,#3238,#3239,#3240,#3241,#3242,#3243,
#3244,#3245,#3246,#3247,#3248,#3249,#3250,#3251,#3252,#3253,#3254,#3255,
#3256,#3257,#3258,#3259,#3260,#3261,#3262,#3263,#3264,#3265,#3266,#3267,
#3268,#3269,#3270,#3271,#3272,#3273,#3274,#3275,#3276,#3277,#3278,#3279,
#3280,#3281,#3282,#3283,#3284,#3285,#3286,#3287,#3288,#3289,#3290,#3291,
#3292,#3293,#3294,#3295,#3296,#3297,#3298,#3299,#3300,#3301,#3302,#3303,
#3304,#3305,#3306,#3307,#3308,#3309,#3310,#3311,#3312,#3313,#3314,#3315,
#3316,#3317,#3318,#3319,#3320,#3321,#3322,#3323,#3324,#3325,#3326,#3327,
#3328,#3329,#3330,#3331,#3332,#3333,#3334,#3335,#3336,#3337,#3338,#3339,
#3340,#3341,#3342,#3343,#3344,#3345,#3346,#3347,#3348,#3349,#3350,#3351,
#3352,#3353,#3354,#3355,#3356,#3357,#3358,#3359,#3360,#3361,#3362,#3363,
#3364,#3365,#3366,#3367,#3368,#3369,#3370,#3371,#3372,#3373,#3374,#3375,
#3376,#3377,#3378,#3379,#3380,#3381,#3382,#3383,#3384,#3385,#3386,#3387,
#3388,#3389,#3390,#3391,#3392,#3393,#3394,#3395,#3396,#3397,#3398,#3399),
 .UNSPECIFIED.,.F.,.F.)
B_SPLINE_CURVE_WITH_KNOTS((3,2,2,2,2,2,2,2,2,2,2,2,2,2,2,2,2,2,2,2,2,2,
2,2,2,2,2,2,2,2,2,2,2,2,2,2,2,2,2,2,2,2,2,2,2,2,2,2,2,2,2,2,2,2,2,2,2,2,
2,2,2,2,2,2,2,2,2,2,2,2,2,2,2,2,2,2,2,2,2,2,2,2,2,2,2,2,2,2,2,2,2,2,2,2,
2,2,2,2,2,2,2,2,2,2,2,2,2,2,2,2,2,2,2,2,2,2,2,2,2,2,2,2,2,2,2,2,2,2,2,2,
2,2,2,2,2,2,2,2,2,2,2,2,2,2,2,2,2,2,2,2,2,2,2,2,3),(0.,0.00649350649350649,
0.012987012987013,0.0194805194805195,0.025974025974026,0.0324675324675325,
0.038961038961039,0.0454545454545455,0.051948051948052,0.0584415584415584,
0.0649350649350649,0.0714285714285714,0.0779220779220779,0.0844155844155844,
0.0909090909090909,0.0974025974025974,0.103896103896104,0.11038961038961,
0.116883116883117,0.123376623376623,0.12987012987013,0.136363636363636,
0.142857142857143,0.149350649350649,0.155844155844156,0.162337662337662,
0.168831168831169,0.175324675324675,0.181818181818182,0.188311688311688,
0.194805194805195,0.201298701298701,0.207792207792208,0.214285714285714,
0.220779220779221,0.227272727272727,0.233766233766234,0.24025974025974,
0.246753246753247,0.253246753246753,0.25974025974026,0.266233766233766,
0.272727272727273,0.279220779220779,0.285714285714286,0.292207792207792,
0.298701298701299,0.305194805194805,0.311688311688312,0.318181818181818,
0.324675324675325,0.331168831168831,0.337662337662338,0.344155844155844,
0.350649350649351,0.357142857142857,0.363636363636364,0.37012987012987,
0.376623376623377,0.383116883116883,0.38961038961039,0.396103896103896,
0.402597402597403,0.409090909090909,0.415584415584416,0.422077922077922,
0.428571428571429,0.435064935064935,0.441558441558442,0.448051948051948,
0.454545454545455,0.461038961038961,0.467532467532468,0.474025974025974,
0.480519480519481,0.487012987012987,0.493506493506494,0.5,0.506493506493506,
0.512987012987013,0.519480519480519,0.525974025974026,0.532467532467532,
0.538961038961039,0.545454545454545,0.551948051948052,0.558441558441558,
0.564935064935065,0.571428571428571,0.577922077922078,0.584415584415584,
0.590909090909091,0.597402597402597,0.603896103896104,0.61038961038961,
0.616883116883117,0.623376623376623,0.62987012987013,0.636363636363636,
0.642857142857143,0.649350649350649,0.655844155844156,0.662337662337662,
0.668831168831169,0.675324675324675,0.681818181818182,0.688311688311688,
0.694805194805195,0.701298701298701,0.707792207792208,0.714285714285714,
0.720779220779221,0.727272727272727,0.733766233766234,0.74025974025974,
0.746753246753247,0.753246753246753,0.75974025974026,0.766233766233766,
0.772727272727273,0.779220779220779,0.785714285714286,0.792207792207792,
0.798701298701299,0.805194805194805,0.811688311688312,0.818181818181818,
0.824675324675325,0.831168831168831,0.837662337662338,0.844155844155844,
0.850649350649351,0.857142857142857,0.863636363636364,0.87012987012987,
0.876623376623377,0.883116883116883,0.88961038961039,0.896103896103896,
0.902597402597403,0.909090909090909,0.915584415584416,0.922077922077922,
0.928571428571429,0.935064935064935,0.941558441558442,0.948051948051948,
0.954545454545455,0.961038961038961,0.967532467532468,0.974025974025974,
0.980519480519481,0.987012987012987,0.993506493506494,1.),.UNSPECIFIED.)
CURVE()
GEOMETRIC_REPRESENTATION_ITEM()
RATIONAL_B_SPLINE_CURVE((1.,0.974927912181824,1.,0.974927912181824,1.,0.974927912181824,
1.,0.974927912181824,1.,0.974927912181824,1.,0.974927912181824,1.,0.974927912181824,
1.,0.974927912181824,1.,0.974927912181824,1.,0.974927912181824,1.,0.974927912181824,
1.,0.974927912181824,1.,0.974927912181824,1.,0.974927912181824,1.,0.974927912181824,
1.,0.974927912181824,1.,0.974927912181824,1.,0.974927912181824,1.,0.974927912181824,
1.,0.974927912181824,1.,0.974927912181824,1.,0.974927912181824,1.,0.974927912181824,
1.,0.974927912181824,1.,0.974927912181824,1.,0.974927912181824,1.,0.974927912181824,
1.,0.974927912181824,1.,0.974927912181824,1.,0.974927912181824,1.,0.974927912181824,
1.,0.974927912181824,1.,0.974927912181824,1.,0.974927912181824,1.,0.974927912181824,
1.,0.974927912181824,1.,0.974927912181824,1.,0.974927912181824,1.,0.974927912181824,
1.,0.974927912181824,1.,0.974927912181824,1.,0.974927912181824,1.,0.974927912181824,
1.,0.974927912181824,1.,0.974927912181824,1.,0.974927912181824,1.,0.974927912181824,
1.,0.974927912181824,1.,0.974927912181824,1.,0.974927912181824,1.,0.974927912181824,
1.,0.974927912181824,1.,0.974927912181824,1.,0.974927912181824,1.,0.974927912181824,
1.,0.974927912181824,1.,0.974927912181824,1.,0.974927912181824,1.,0.974927912181824,
1.,0.974927912181824,1.,0.974927912181824,1.,0.974927912181824,1.,0.974927912181824,
1.,0.974927912181824,1.,0.974927912181824,1.,0.974927912181824,1.,0.974927912181824,
1.,0.974927912181824,1.,0.974927912181824,1.,0.974927912181824,1.,0.974927912181824,
1.,0.974927912181824,1.,0.974927912181824,1.,0.974927912181824,1.,0.974927912181824,
1.,0.974927912181824,1.,0.974927912181824,1.,0.974927912181824,1.,0.974927912181824,
1.,0.974927912181824,1.,0.974927912181824,1.,0.974927912181824,1.,0.974927912181824,
1.,0.974927912181824,1.,0.974927912181824,1.,0.974927912181824,1.,0.974927912181824,
1.,0.974927912181824,1.,0.974927912181824,1.,0.974927912181824,1.,0.974927912181824,
1.,0.974927912181824,1.,0.974927912181824,1.,0.974927912181824,1.,0.974927912181824,
1.,0.974927912181824,1.,0.974927912181824,1.,0.974927912181824,1.,0.974927912181824,
1.,0.974927912181824,1.,0.974927912181824,1.,0.974927912181824,1.,0.974927912181824,
1.,0.974927912181824,1.,0.974927912181824,1.,0.974927912181824,1.,0.974927912181824,
1.,0.974927912181824,1.,0.974927912181824,1.,0.974927912181824,1.,0.974927912181824,
1.,0.974927912181824,1.,0.974927912181824,1.,0.974927912181824,1.,0.974927912181824,
1.,0.974927912181824,1.,0.974927912181824,1.,0.974927912181824,1.,0.974927912181824,
1.,0.974927912181824,1.,0.974927912181824,1.,0.974927912181824,1.,0.974927912181824,
1.,0.974927912181824,1.,0.974927912181824,1.,0.974927912181824,1.,0.974927912181824,
1.,0.974927912181824,1.,0.974927912181824,1.,0.974927912181824,1.,0.974927912181824,
1.,0.974927912181824,1.,0.974927912181824,1.,0.974927912181824,1.,0.974927912181824,
1.,0.974927912181824,1.,0.974927912181824,1.,0.974927912181824,1.,0.974927912181824,
1.,0.974927912181824,1.,0.974927912181824,1.,0.974927912181824,1.,0.974927912181824,
1.,0.974927912181824,1.,0.974927912181824,1.,0.974927912181824,1.,0.974927912181824,
1.,0.974927912181824,1.,0.974927912181824,1.,0.974927912181824,1.,0.974927912181824,
1.,0.974927912181824,1.,0.974927912181824,1.,0.974927912181824,1.))
REPRESENTATION_ITEM('')
);
#160=CIRCLE('',#1035,3.075);
#161=CIRCLE('',#1036,3.075);
#162=CIRCLE('',#1038,3.075);
#163=CIRCLE('',#1039,3.075);
#164=CIRCLE('',#1041,3.075);
#165=CIRCLE('',#1042,3.075);
#166=CIRCLE('',#1044,3.075);
#167=CIRCLE('',#1045,3.075);
#168=CIRCLE('',#1047,12.8397);
#169=CIRCLE('',#1048,12.8397);
#170=CIRCLE('',#1049,12.8397);
#171=CIRCLE('',#1053,1.95);
#172=CIRCLE('',#1057,1.4);
#173=CIRCLE('',#1058,1.4);
#174=CIRCLE('',#1059,1.4);
#175=CIRCLE('',#1060,1.4);
#176=CIRCLE('',#1064,1.4);
#177=CIRCLE('',#1065,1.4);
#178=CIRCLE('',#1066,1.4);
#179=CIRCLE('',#1067,1.4);
#180=CIRCLE('',#1075,15.42);
#181=CIRCLE('',#1078,11.7);
#182=CIRCLE('',#1080,11.7);
#183=CIRCLE('',#1083,15.42);
#184=CIRCLE('',#1085,13.1834038321269);
#185=CIRCLE('',#1087,13.1834038321269);
#186=CIRCLE('',#1090,1.);
#187=CIRCLE('',#1091,1.);
#188=CIRCLE('',#1094,1.4);
#189=CIRCLE('',#1097,1.);
#190=CIRCLE('',#1098,1.);
#191=CIRCLE('',#1101,1.4);
#192=CIRCLE('',#1104,1.);
#193=CIRCLE('',#1105,1.);
#194=CIRCLE('',#1108,1.);
#195=CIRCLE('',#1109,1.);
#196=CIRCLE('',#1112,1.4);
#197=CIRCLE('',#1115,1.4);
#198=CIRCLE('',#1118,1.);
#199=CIRCLE('',#1119,1.);
#200=CIRCLE('',#1122,1.);
#201=CIRCLE('',#1123,1.);
#202=CIRCLE('',#1126,1.);
#203=CIRCLE('',#1127,1.);
#204=CIRCLE('',#1130,1.);
#205=CIRCLE('',#1131,1.);
#206=CIRCLE('',#1134,1.4);
#207=CIRCLE('',#1137,1.4);
#208=CIRCLE('',#1140,1.4);
#209=CIRCLE('',#1143,1.4);
#210=CIRCLE('',#1146,1.95);
#211=ORIENTED_EDGE('',*,*,#441,.T.);
#212=ORIENTED_EDGE('',*,*,#442,.T.);
#213=ORIENTED_EDGE('',*,*,#443,.T.);
#214=ORIENTED_EDGE('',*,*,#444,.T.);
#215=ORIENTED_EDGE('',*,*,#445,.T.);
#216=ORIENTED_EDGE('',*,*,#446,.T.);
#217=ORIENTED_EDGE('',*,*,#447,.T.);
#218=ORIENTED_EDGE('',*,*,#448,.T.);
#219=ORIENTED_EDGE('',*,*,#449,.T.);
#220=ORIENTED_EDGE('',*,*,#450,.T.);
#221=ORIENTED_EDGE('',*,*,#451,.T.);
#222=ORIENTED_EDGE('',*,*,#452,.T.);
#223=ORIENTED_EDGE('',*,*,#453,.T.);
#224=ORIENTED_EDGE('',*,*,#454,.T.);
#225=ORIENTED_EDGE('',*,*,#455,.F.);
#226=ORIENTED_EDGE('',*,*,#456,.T.);
#227=ORIENTED_EDGE('',*,*,#457,.T.);
#228=ORIENTED_EDGE('',*,*,#458,.T.);
#229=ORIENTED_EDGE('',*,*,#459,.T.);
#230=ORIENTED_EDGE('',*,*,#460,.F.);
#231=ORIENTED_EDGE('',*,*,#461,.F.);
#232=ORIENTED_EDGE('',*,*,#462,.T.);
#233=ORIENTED_EDGE('',*,*,#463,.F.);
#234=ORIENTED_EDGE('',*,*,#464,.T.);
#235=ORIENTED_EDGE('',*,*,#465,.T.);
#236=ORIENTED_EDGE('',*,*,#466,.T.);
#237=ORIENTED_EDGE('',*,*,#467,.T.);
#238=ORIENTED_EDGE('',*,*,#468,.F.);
#239=ORIENTED_EDGE('',*,*,#469,.F.);
#240=ORIENTED_EDGE('',*,*,#470,.F.);
#241=ORIENTED_EDGE('',*,*,#471,.T.);
#242=ORIENTED_EDGE('',*,*,#472,.T.);
#243=ORIENTED_EDGE('',*,*,#473,.T.);
#244=ORIENTED_EDGE('',*,*,#474,.T.);
#245=ORIENTED_EDGE('',*,*,#475,.F.);
#246=ORIENTED_EDGE('',*,*,#476,.F.);
#247=ORIENTED_EDGE('',*,*,#477,.T.);
#248=ORIENTED_EDGE('',*,*,#478,.T.);
#249=ORIENTED_EDGE('',*,*,#467,.F.);
#250=ORIENTED_EDGE('',*,*,#479,.T.);
#251=ORIENTED_EDGE('',*,*,#474,.F.);
#252=ORIENTED_EDGE('',*,*,#480,.T.);
#253=ORIENTED_EDGE('',*,*,#481,.F.);
#254=ORIENTED_EDGE('',*,*,#482,.T.);
#255=ORIENTED_EDGE('',*,*,#463,.T.);
#256=ORIENTED_EDGE('',*,*,#483,.T.);
#257=ORIENTED_EDGE('',*,*,#484,.F.);
#258=ORIENTED_EDGE('',*,*,#485,.T.);
#259=ORIENTED_EDGE('',*,*,#481,.T.);
#260=ORIENTED_EDGE('',*,*,#486,.T.);
#261=ORIENTED_EDGE('',*,*,#487,.T.);
#262=ORIENTED_EDGE('',*,*,#488,.T.);
#263=ORIENTED_EDGE('',*,*,#489,.T.);
#264=ORIENTED_EDGE('',*,*,#490,.T.);
#265=ORIENTED_EDGE('',*,*,#491,.F.);
#266=ORIENTED_EDGE('',*,*,#492,.T.);
#267=ORIENTED_EDGE('',*,*,#484,.T.);
#268=ORIENTED_EDGE('',*,*,#493,.T.);
#269=ORIENTED_EDGE('',*,*,#494,.F.);
#270=ORIENTED_EDGE('',*,*,#495,.T.);
#271=ORIENTED_EDGE('',*,*,#491,.T.);
#272=ORIENTED_EDGE('',*,*,#496,.T.);
#273=ORIENTED_EDGE('',*,*,#497,.F.);
#274=ORIENTED_EDGE('',*,*,#498,.T.);
#275=ORIENTED_EDGE('',*,*,#499,.T.);
#276=ORIENTED_EDGE('',*,*,#500,.T.);
#277=ORIENTED_EDGE('',*,*,#501,.T.);
#278=ORIENTED_EDGE('',*,*,#502,.T.);
#279=ORIENTED_EDGE('',*,*,#503,.T.);
#280=ORIENTED_EDGE('',*,*,#504,.T.);
#281=ORIENTED_EDGE('',*,*,#505,.F.);
#282=ORIENTED_EDGE('',*,*,#506,.T.);
#283=ORIENTED_EDGE('',*,*,#497,.T.);
#284=ORIENTED_EDGE('',*,*,#507,.T.);
#285=ORIENTED_EDGE('',*,*,#508,.F.);
#286=ORIENTED_EDGE('',*,*,#509,.T.);
#287=ORIENTED_EDGE('',*,*,#505,.T.);
#288=ORIENTED_EDGE('',*,*,#510,.T.);
#289=ORIENTED_EDGE('',*,*,#508,.T.);
#290=ORIENTED_EDGE('',*,*,#511,.T.);
#291=ORIENTED_EDGE('',*,*,#470,.T.);
#292=ORIENTED_EDGE('',*,*,#512,.T.);
#293=ORIENTED_EDGE('',*,*,#499,.F.);
#294=ORIENTED_EDGE('',*,*,#513,.T.);
#295=ORIENTED_EDGE('',*,*,#494,.T.);
#296=ORIENTED_EDGE('',*,*,#514,.T.);
#297=ORIENTED_EDGE('',*,*,#479,.F.);
#298=ORIENTED_EDGE('',*,*,#466,.F.);
#299=ORIENTED_EDGE('',*,*,#515,.T.);
#300=ORIENTED_EDGE('',*,*,#475,.T.);
#301=ORIENTED_EDGE('',*,*,#480,.F.);
#302=ORIENTED_EDGE('',*,*,#473,.F.);
#303=ORIENTED_EDGE('',*,*,#516,.T.);
#304=ORIENTED_EDGE('',*,*,#468,.T.);
#305=ORIENTED_EDGE('',*,*,#515,.F.);
#306=ORIENTED_EDGE('',*,*,#465,.F.);
#307=ORIENTED_EDGE('',*,*,#517,.T.);
#308=ORIENTED_EDGE('',*,*,#476,.T.);
#309=ORIENTED_EDGE('',*,*,#455,.T.);
#310=ORIENTED_EDGE('',*,*,#518,.T.);
#311=ORIENTED_EDGE('',*,*,#464,.F.);
#312=ORIENTED_EDGE('',*,*,#482,.F.);
#313=ORIENTED_EDGE('',*,*,#485,.F.);
#314=ORIENTED_EDGE('',*,*,#492,.F.);
#315=ORIENTED_EDGE('',*,*,#495,.F.);
#316=ORIENTED_EDGE('',*,*,#513,.F.);
#317=ORIENTED_EDGE('',*,*,#498,.F.);
#318=ORIENTED_EDGE('',*,*,#506,.F.);
#319=ORIENTED_EDGE('',*,*,#509,.F.);
#320=ORIENTED_EDGE('',*,*,#512,.F.);
#321=ORIENTED_EDGE('',*,*,#477,.F.);
#322=ORIENTED_EDGE('',*,*,#517,.F.);
#323=ORIENTED_EDGE('',*,*,#450,.F.);
#324=ORIENTED_EDGE('',*,*,#442,.F.);
#325=ORIENTED_EDGE('',*,*,#446,.F.);
#326=ORIENTED_EDGE('',*,*,#516,.F.);
#327=ORIENTED_EDGE('',*,*,#472,.F.);
#328=ORIENTED_EDGE('',*,*,#519,.T.);
#329=ORIENTED_EDGE('',*,*,#469,.T.);
#330=ORIENTED_EDGE('',*,*,#454,.F.);
#331=ORIENTED_EDGE('',*,*,#520,.F.);
#332=ORIENTED_EDGE('',*,*,#471,.F.);
#333=ORIENTED_EDGE('',*,*,#511,.F.);
#334=ORIENTED_EDGE('',*,*,#510,.F.);
#335=ORIENTED_EDGE('',*,*,#507,.F.);
#336=ORIENTED_EDGE('',*,*,#500,.F.);
#337=ORIENTED_EDGE('',*,*,#514,.F.);
#338=ORIENTED_EDGE('',*,*,#496,.F.);
#339=ORIENTED_EDGE('',*,*,#493,.F.);
#340=ORIENTED_EDGE('',*,*,#486,.F.);
#341=ORIENTED_EDGE('',*,*,#483,.F.);
#342=ORIENTED_EDGE('',*,*,#462,.F.);
#343=ORIENTED_EDGE('',*,*,#519,.F.);
#344=ORIENTED_EDGE('',*,*,#447,.F.);
#345=ORIENTED_EDGE('',*,*,#451,.F.);
#346=ORIENTED_EDGE('',*,*,#443,.F.);
#347=ORIENTED_EDGE('',*,*,#521,.T.);
#348=ORIENTED_EDGE('',*,*,#457,.F.);
#349=ORIENTED_EDGE('',*,*,#521,.F.);
#350=ORIENTED_EDGE('',*,*,#520,.T.);
#351=ORIENTED_EDGE('',*,*,#518,.F.);
#352=ORIENTED_EDGE('',*,*,#522,.T.);
#353=ORIENTED_EDGE('',*,*,#523,.T.);
#354=ORIENTED_EDGE('',*,*,#524,.T.);
#355=ORIENTED_EDGE('',*,*,#461,.T.);
#356=ORIENTED_EDGE('',*,*,#525,.T.);
#357=ORIENTED_EDGE('',*,*,#522,.F.);
#358=ORIENTED_EDGE('',*,*,#526,.T.);
#359=ORIENTED_EDGE('',*,*,#458,.F.);
#360=ORIENTED_EDGE('',*,*,#524,.F.);
#361=ORIENTED_EDGE('',*,*,#527,.T.);
#362=ORIENTED_EDGE('',*,*,#528,.T.);
#363=ORIENTED_EDGE('',*,*,#527,.F.);
#364=ORIENTED_EDGE('',*,*,#523,.F.);
#365=ORIENTED_EDGE('',*,*,#529,.T.);
#366=ORIENTED_EDGE('',*,*,#530,.T.);
#367=ORIENTED_EDGE('',*,*,#529,.F.);
#368=ORIENTED_EDGE('',*,*,#525,.F.);
#369=ORIENTED_EDGE('',*,*,#460,.T.);
#370=ORIENTED_EDGE('',*,*,#528,.F.);
#371=ORIENTED_EDGE('',*,*,#530,.F.);
#372=ORIENTED_EDGE('',*,*,#459,.F.);
#373=ORIENTED_EDGE('',*,*,#526,.F.);
#374=ORIENTED_EDGE('',*,*,#531,.F.);
#375=ORIENTED_EDGE('',*,*,#453,.F.);
#376=ORIENTED_EDGE('',*,*,#532,.T.);
#377=ORIENTED_EDGE('',*,*,#532,.F.);
#378=ORIENTED_EDGE('',*,*,#533,.T.);
#379=ORIENTED_EDGE('',*,*,#490,.F.);
#380=ORIENTED_EDGE('',*,*,#531,.T.);
#381=ORIENTED_EDGE('',*,*,#533,.F.);
#382=ORIENTED_EDGE('',*,*,#534,.F.);
#383=ORIENTED_EDGE('',*,*,#456,.F.);
#384=ORIENTED_EDGE('',*,*,#535,.T.);
#385=ORIENTED_EDGE('',*,*,#535,.F.);
#386=ORIENTED_EDGE('',*,*,#536,.T.);
#387=ORIENTED_EDGE('',*,*,#489,.F.);
#388=ORIENTED_EDGE('',*,*,#534,.T.);
#389=ORIENTED_EDGE('',*,*,#536,.F.);
#390=ORIENTED_EDGE('',*,*,#537,.F.);
#391=ORIENTED_EDGE('',*,*,#452,.F.);
#392=ORIENTED_EDGE('',*,*,#538,.T.);
#393=ORIENTED_EDGE('',*,*,#538,.F.);
#394=ORIENTED_EDGE('',*,*,#539,.F.);
#395=ORIENTED_EDGE('',*,*,#449,.F.);
#396=ORIENTED_EDGE('',*,*,#540,.T.);
#397=ORIENTED_EDGE('',*,*,#540,.F.);
#398=ORIENTED_EDGE('',*,*,#541,.T.);
#399=ORIENTED_EDGE('',*,*,#488,.F.);
#400=ORIENTED_EDGE('',*,*,#539,.T.);
#401=ORIENTED_EDGE('',*,*,#541,.F.);
#402=ORIENTED_EDGE('',*,*,#542,.T.);
#403=ORIENTED_EDGE('',*,*,#487,.F.);
#404=ORIENTED_EDGE('',*,*,#537,.T.);
#405=ORIENTED_EDGE('',*,*,#542,.F.);
#406=ORIENTED_EDGE('',*,*,#543,.F.);
#407=ORIENTED_EDGE('',*,*,#448,.F.);
#408=ORIENTED_EDGE('',*,*,#544,.T.);
#409=ORIENTED_EDGE('',*,*,#544,.F.);
#410=ORIENTED_EDGE('',*,*,#545,.F.);
#411=ORIENTED_EDGE('',*,*,#445,.F.);
#412=ORIENTED_EDGE('',*,*,#546,.T.);
#413=ORIENTED_EDGE('',*,*,#546,.F.);
#414=ORIENTED_EDGE('',*,*,#547,.F.);
#415=ORIENTED_EDGE('',*,*,#444,.F.);
#416=ORIENTED_EDGE('',*,*,#548,.T.);
#417=ORIENTED_EDGE('',*,*,#548,.F.);
#418=ORIENTED_EDGE('',*,*,#549,.F.);
#419=ORIENTED_EDGE('',*,*,#441,.F.);
#420=ORIENTED_EDGE('',*,*,#550,.T.);
#421=ORIENTED_EDGE('',*,*,#550,.F.);
#422=ORIENTED_EDGE('',*,*,#551,.T.);
#423=ORIENTED_EDGE('',*,*,#504,.F.);
#424=ORIENTED_EDGE('',*,*,#549,.T.);
#425=ORIENTED_EDGE('',*,*,#551,.F.);
#426=ORIENTED_EDGE('',*,*,#552,.T.);
#427=ORIENTED_EDGE('',*,*,#503,.F.);
#428=ORIENTED_EDGE('',*,*,#547,.T.);
#429=ORIENTED_EDGE('',*,*,#552,.F.);
#430=ORIENTED_EDGE('',*,*,#553,.T.);
#431=ORIENTED_EDGE('',*,*,#502,.F.);
#432=ORIENTED_EDGE('',*,*,#543,.T.);
#433=ORIENTED_EDGE('',*,*,#553,.F.);
#434=ORIENTED_EDGE('',*,*,#554,.T.);
#435=ORIENTED_EDGE('',*,*,#501,.F.);
#436=ORIENTED_EDGE('',*,*,#545,.T.);
#437=ORIENTED_EDGE('',*,*,#554,.F.);
#438=ORIENTED_EDGE('',*,*,#555,.T.);
#439=ORIENTED_EDGE('',*,*,#478,.F.);
#440=ORIENTED_EDGE('',*,*,#555,.F.);
#441=EDGE_CURVE('',#556,#556,#651,.T.);
#442=EDGE_CURVE('',#557,#557,#160,.T.);
#443=EDGE_CURVE('',#558,#558,#161,.T.);
#444=EDGE_CURVE('',#559,#559,#652,.T.);
#445=EDGE_CURVE('',#560,#560,#653,.T.);
#446=EDGE_CURVE('',#561,#561,#162,.T.);
#447=EDGE_CURVE('',#562,#562,#163,.T.);
#448=EDGE_CURVE('',#563,#563,#654,.T.);
#449=EDGE_CURVE('',#564,#564,#655,.T.);
#450=EDGE_CURVE('',#565,#565,#164,.T.);
#451=EDGE_CURVE('',#566,#566,#165,.T.);
#452=EDGE_CURVE('',#567,#567,#656,.T.);
#453=EDGE_CURVE('',#568,#568,#657,.T.);
#454=EDGE_CURVE('',#569,#569,#166,.F.);
#455=EDGE_CURVE('',#570,#570,#167,.T.);
#456=EDGE_CURVE('',#571,#571,#658,.T.);
#457=EDGE_CURVE('',#572,#572,#168,.F.);
#458=EDGE_CURVE('',#573,#574,#156,.T.);
#459=EDGE_CURVE('',#574,#575,#169,.F.);
#460=EDGE_CURVE('',#576,#575,#157,.T.);
#461=EDGE_CURVE('',#573,#576,#170,.T.);
#462=EDGE_CURVE('',#577,#578,#23,.T.);
#463=EDGE_CURVE('',#579,#578,#24,.T.);
#464=EDGE_CURVE('',#579,#580,#25,.T.);
#465=EDGE_CURVE('',#580,#581,#26,.T.);
#466=EDGE_CURVE('',#581,#582,#27,.T.);
#467=EDGE_CURVE('',#582,#583,#28,.T.);
#468=EDGE_CURVE('',#584,#583,#29,.T.);
#469=EDGE_CURVE('',#577,#584,#30,.T.);
#470=EDGE_CURVE('',#585,#586,#31,.T.);
#471=EDGE_CURVE('',#585,#587,#32,.T.);
#472=EDGE_CURVE('',#587,#588,#33,.T.);
#473=EDGE_CURVE('',#588,#589,#34,.T.);
#474=EDGE_CURVE('',#589,#590,#35,.T.);
#475=EDGE_CURVE('',#591,#590,#36,.T.);
#476=EDGE_CURVE('',#592,#591,#37,.T.);
#477=EDGE_CURVE('',#592,#586,#38,.T.);
#478=EDGE_CURVE('',#593,#593,#171,.T.);
#479=EDGE_CURVE('',#582,#590,#39,.T.);
#480=EDGE_CURVE('',#589,#583,#40,.T.);
#481=EDGE_CURVE('',#594,#595,#41,.T.);
#482=EDGE_CURVE('',#594,#579,#42,.T.);
#483=EDGE_CURVE('',#578,#595,#43,.T.);
#484=EDGE_CURVE('',#596,#597,#44,.T.);
#485=EDGE_CURVE('',#596,#594,#45,.T.);
#486=EDGE_CURVE('',#595,#597,#46,.T.);
#487=EDGE_CURVE('',#598,#598,#172,.T.);
#488=EDGE_CURVE('',#599,#599,#173,.T.);
#489=EDGE_CURVE('',#600,#600,#174,.T.);
#490=EDGE_CURVE('',#601,#601,#175,.T.);
#491=EDGE_CURVE('',#602,#603,#47,.T.);
#492=EDGE_CURVE('',#602,#596,#48,.T.);
#493=EDGE_CURVE('',#597,#603,#49,.T.);
#494=EDGE_CURVE('',#604,#605,#50,.T.);
#495=EDGE_CURVE('',#604,#602,#51,.T.);
#496=EDGE_CURVE('',#603,#605,#52,.T.);
#497=EDGE_CURVE('',#606,#607,#53,.T.);
#498=EDGE_CURVE('',#606,#608,#54,.T.);
#499=EDGE_CURVE('',#608,#609,#55,.T.);
#500=EDGE_CURVE('',#609,#607,#56,.T.);
#501=EDGE_CURVE('',#610,#610,#176,.T.);
#502=EDGE_CURVE('',#611,#611,#177,.T.);
#503=EDGE_CURVE('',#612,#612,#178,.T.);
#504=EDGE_CURVE('',#613,#613,#179,.T.);
#505=EDGE_CURVE('',#614,#615,#57,.T.);
#506=EDGE_CURVE('',#614,#606,#58,.T.);
#507=EDGE_CURVE('',#607,#615,#59,.T.);
#508=EDGE_CURVE('',#616,#617,#60,.T.);
#509=EDGE_CURVE('',#616,#614,#61,.T.);
#510=EDGE_CURVE('',#615,#617,#62,.T.);
#511=EDGE_CURVE('',#617,#585,#63,.T.);
#512=EDGE_CURVE('',#586,#616,#64,.T.);
#513=EDGE_CURVE('',#608,#604,#65,.T.);
#514=EDGE_CURVE('',#605,#609,#66,.T.);
#515=EDGE_CURVE('',#581,#591,#67,.T.);
#516=EDGE_CURVE('',#588,#584,#68,.T.);
#517=EDGE_CURVE('',#580,#592,#69,.T.);
#518=EDGE_CURVE('',#618,#618,#180,.T.);
#519=EDGE_CURVE('',#587,#577,#70,.T.);
#520=EDGE_CURVE('',#619,#619,#181,.F.);
#521=EDGE_CURVE('',#620,#620,#182,.F.);
#522=EDGE_CURVE('',#621,#621,#183,.T.);
#523=EDGE_CURVE('',#622,#623,#184,.T.);
#524=EDGE_CURVE('',#623,#573,#659,.T.);
#525=EDGE_CURVE('',#576,#622,#660,.T.);
#526=EDGE_CURVE('',#624,#574,#661,.T.);
#527=EDGE_CURVE('',#623,#624,#158,.T.);
#528=EDGE_CURVE('',#625,#624,#185,.T.);
#529=EDGE_CURVE('',#622,#625,#159,.T.);
#530=EDGE_CURVE('',#575,#625,#662,.T.);
#531=EDGE_CURVE('',#626,#626,#186,.T.);
#532=EDGE_CURVE('',#627,#627,#187,.T.);
#533=EDGE_CURVE('',#628,#628,#188,.T.);
#534=EDGE_CURVE('',#629,#629,#189,.T.);
#535=EDGE_CURVE('',#630,#630,#190,.T.);
#536=EDGE_CURVE('',#631,#631,#191,.T.);
#537=EDGE_CURVE('',#632,#632,#192,.T.);
#538=EDGE_CURVE('',#633,#633,#193,.T.);
#539=EDGE_CURVE('',#634,#634,#194,.T.);
#540=EDGE_CURVE('',#635,#635,#195,.T.);
#541=EDGE_CURVE('',#636,#636,#196,.T.);
#542=EDGE_CURVE('',#637,#637,#197,.T.);
#543=EDGE_CURVE('',#638,#638,#198,.T.);
#544=EDGE_CURVE('',#639,#639,#199,.T.);
#545=EDGE_CURVE('',#640,#640,#200,.T.);
#546=EDGE_CURVE('',#641,#641,#201,.T.);
#547=EDGE_CURVE('',#642,#642,#202,.T.);
#548=EDGE_CURVE('',#643,#643,#203,.T.);
#549=EDGE_CURVE('',#644,#644,#204,.T.);
#550=EDGE_CURVE('',#645,#645,#205,.T.);
#551=EDGE_CURVE('',#646,#646,#206,.T.);
#552=EDGE_CURVE('',#647,#647,#207,.T.);
#553=EDGE_CURVE('',#648,#648,#208,.T.);
#554=EDGE_CURVE('',#649,#649,#209,.T.);
#555=EDGE_CURVE('',#650,#650,#210,.T.);
#556=VERTEX_POINT('',#1447);
#557=VERTEX_POINT('',#1449);
#558=VERTEX_POINT('',#1451);
#559=VERTEX_POINT('',#1471);
#560=VERTEX_POINT('',#1492);
#561=VERTEX_POINT('',#1494);
#562=VERTEX_POINT('',#1496);
#563=VERTEX_POINT('',#1516);
#564=VERTEX_POINT('',#1537);
#565=VERTEX_POINT('',#1539);
#566=VERTEX_POINT('',#1541);
#567=VERTEX_POINT('',#1561);
#568=VERTEX_POINT('',#1582);
#569=VERTEX_POINT('',#1584);
#570=VERTEX_POINT('',#1586);
#571=VERTEX_POINT('',#1606);
#572=VERTEX_POINT('',#1609);
#573=VERTEX_POINT('',#1919);
#574=VERTEX_POINT('',#1920);
#575=VERTEX_POINT('',#1922);
#576=VERTEX_POINT('',#2232);
#577=VERTEX_POINT('',#2236);
#578=VERTEX_POINT('',#2237);
#579=VERTEX_POINT('',#2239);
#580=VERTEX_POINT('',#2241);
#581=VERTEX_POINT('',#2243);
#582=VERTEX_POINT('',#2245);
#583=VERTEX_POINT('',#2247);
#584=VERTEX_POINT('',#2249);
#585=VERTEX_POINT('',#2253);
#586=VERTEX_POINT('',#2254);
#587=VERTEX_POINT('',#2256);
#588=VERTEX_POINT('',#2258);
#589=VERTEX_POINT('',#2260);
#590=VERTEX_POINT('',#2262);
#591=VERTEX_POINT('',#2264);
#592=VERTEX_POINT('',#2266);
#593=VERTEX_POINT('',#2270);
#594=VERTEX_POINT('',#2275);
#595=VERTEX_POINT('',#2276);
#596=VERTEX_POINT('',#2281);
#597=VERTEX_POINT('',#2282);
#598=VERTEX_POINT('',#2287);
#599=VERTEX_POINT('',#2289);
#600=VERTEX_POINT('',#2291);
#601=VERTEX_POINT('',#2293);
#602=VERTEX_POINT('',#2295);
#603=VERTEX_POINT('',#2296);
#604=VERTEX_POINT('',#2301);
#605=VERTEX_POINT('',#2302);
#606=VERTEX_POINT('',#2307);
#607=VERTEX_POINT('',#2308);
#608=VERTEX_POINT('',#2310);
#609=VERTEX_POINT('',#2312);
#610=VERTEX_POINT('',#2316);
#611=VERTEX_POINT('',#2318);
#612=VERTEX_POINT('',#2320);
#613=VERTEX_POINT('',#2322);
#614=VERTEX_POINT('',#2324);
#615=VERTEX_POINT('',#2325);
#616=VERTEX_POINT('',#2330);
#617=VERTEX_POINT('',#2331);
#618=VERTEX_POINT('',#2348);
#619=VERTEX_POINT('',#2353);
#620=VERTEX_POINT('',#2356);
#621=VERTEX_POINT('',#2360);
#622=VERTEX_POINT('',#2363);
#623=VERTEX_POINT('',#2364);
#624=VERTEX_POINT('',#2778);
#625=VERTEX_POINT('',#3090);
#626=VERTEX_POINT('',#3790);
#627=VERTEX_POINT('',#3792);
#628=VERTEX_POINT('',#3796);
#629=VERTEX_POINT('',#3800);
#630=VERTEX_POINT('',#3802);
#631=VERTEX_POINT('',#3806);
#632=VERTEX_POINT('',#3810);
#633=VERTEX_POINT('',#3812);
#634=VERTEX_POINT('',#3816);
#635=VERTEX_POINT('',#3818);
#636=VERTEX_POINT('',#3822);
#637=VERTEX_POINT('',#3826);
#638=VERTEX_POINT('',#3830);
#639=VERTEX_POINT('',#3832);
#640=VERTEX_POINT('',#3836);
#641=VERTEX_POINT('',#3838);
#642=VERTEX_POINT('',#3842);
#643=VERTEX_POINT('',#3844);
#644=VERTEX_POINT('',#3848);
#645=VERTEX_POINT('',#3850);
#646=VERTEX_POINT('',#3854);
#647=VERTEX_POINT('',#3858);
#648=VERTEX_POINT('',#3862);
#649=VERTEX_POINT('',#3866);
#650=VERTEX_POINT('',#3870);
#651=B_SPLINE_CURVE_WITH_KNOTS('',3,(#1428,#1429,#1430,#1431,#1432,#1433,
#1434,#1435,#1436,#1437,#1438,#1439,#1440,#1441,#1442,#1443,#1444,#1445,
#1446),.UNSPECIFIED.,.T.,.F.,(1,1,1,1,1,1,1,1,1,1,1,1,1,1,1,1,1,1,1,1,1,
1,1),(-0.00169398060650919,-0.00112932040433946,-0.00056466020216973,0.,
0.000564660202169731,0.00112932040433946,0.00169398060650919,0.00225864080867892,
0.00282330101084866,0.00338796121301839,0.00395262141518812,0.00451728161735785,
0.00508194181952758,0.00564660202169731,0.00621126222386704,0.00677592242603677,
0.0073405826282065,0.00790524283037623,0.00846990303254597,0.0090345632347157,
0.00959922343688543,0.0101638836390552,0.0107285438412249),
 .UNSPECIFIED.);
#652=B_SPLINE_CURVE_WITH_KNOTS('',3,(#1452,#1453,#1454,#1455,#1456,#1457,
#1458,#1459,#1460,#1461,#1462,#1463,#1464,#1465,#1466,#1467,#1468,#1469,
#1470),.UNSPECIFIED.,.T.,.F.,(1,1,1,1,1,1,1,1,1,1,1,1,1,1,1,1,1,1,1,1,1,
1,1),(-0.00169398060650741,-0.00112932040433828,-0.000564660202169137,1.73472347597681E-18,
0.000564660202169141,0.00112932040433828,0.00169398060650742,0.00225864080867656,
0.0028233010108457,0.00338796121301484,0.00395262141518398,0.00451728161735311,
0.00508194181952225,0.00564660202169139,0.00621126222386053,0.00677592242602967,
0.00734058262819881,0.00790524283036795,0.00846990303253709,0.00903456323470623,
0.00959922343687537,0.0101638836390445,0.0107285438412136),
 .UNSPECIFIED.);
#653=B_SPLINE_CURVE_WITH_KNOTS('',3,(#1473,#1474,#1475,#1476,#1477,#1478,
#1479,#1480,#1481,#1482,#1483,#1484,#1485,#1486,#1487,#1488,#1489,#1490,
#1491),.UNSPECIFIED.,.T.,.F.,(1,1,1,1,1,1,1,1,1,1,1,1,1,1,1,1,1,1,1,1,1,
1,1),(-0.00169398060650918,-0.00112932040433945,-0.000564660202169727,0.,
0.000564660202169726,0.00112932040433945,0.00169398060650918,0.0022586408086789,
0.00282330101084863,0.00338796121301836,0.00395262141518808,0.00451728161735781,
0.00508194181952753,0.00564660202169726,0.00621126222386699,0.00677592242603671,
0.00734058262820644,0.00790524283037617,0.00846990303254589,0.00903456323471562,
0.00959922343688534,0.0101638836390551,0.0107285438412248),
 .UNSPECIFIED.);
#654=B_SPLINE_CURVE_WITH_KNOTS('',3,(#1497,#1498,#1499,#1500,#1501,#1502,
#1503,#1504,#1505,#1506,#1507,#1508,#1509,#1510,#1511,#1512,#1513,#1514,
#1515),.UNSPECIFIED.,.T.,.F.,(1,1,1,1,1,1,1,1,1,1,1,1,1,1,1,1,1,1,1,1,1,
1,1),(-0.00169398060650918,-0.00112932040433945,-0.000564660202169727,0.,
0.000564660202169727,0.00112932040433945,0.00169398060650918,0.00225864080867891,
0.00282330101084863,0.00338796121301836,0.00395262141518809,0.00451728161735781,
0.00508194181952754,0.00564660202169727,0.00621126222386699,0.00677592242603672,
0.00734058262820645,0.00790524283037618,0.0084699030325459,0.00903456323471563,
0.00959922343688536,0.0101638836390551,0.0107285438412248),
 .UNSPECIFIED.);
#655=B_SPLINE_CURVE_WITH_KNOTS('',3,(#1518,#1519,#1520,#1521,#1522,#1523,
#1524,#1525,#1526,#1527,#1528,#1529,#1530,#1531,#1532,#1533,#1534,#1535,
#1536),.UNSPECIFIED.,.T.,.F.,(1,1,1,1,1,1,1,1,1,1,1,1,1,1,1,1,1,1,1,1,1,
1,1),(-0.00169398060650919,-0.00112932040433946,-0.000564660202169729,0.,
0.000564660202169728,0.00112932040433946,0.00169398060650919,0.00225864080867891,
0.00282330101084864,0.00338796121301837,0.0039526214151881,0.00451728161735783,
0.00508194181952756,0.00564660202169729,0.00621126222386701,0.00677592242603674,
0.00734058262820647,0.0079052428303762,0.00846990303254593,0.00903456323471566,
0.00959922343688538,0.0101638836390551,0.0107285438412248),
 .UNSPECIFIED.);
#656=B_SPLINE_CURVE_WITH_KNOTS('',3,(#1542,#1543,#1544,#1545,#1546,#1547,
#1548,#1549,#1550,#1551,#1552,#1553,#1554,#1555,#1556,#1557,#1558,#1559,
#1560),.UNSPECIFIED.,.T.,.F.,(1,1,1,1,1,1,1,1,1,1,1,1,1,1,1,1,1,1,1,1,1,
1,1),(-0.00169398060650741,-0.00112932040433827,-0.000564660202169135,0.,
0.000564660202169136,0.00112932040433827,0.00169398060650741,0.00225864080867654,
0.00282330101084568,0.00338796121301482,0.00395262141518395,0.00451728161735309,
0.00508194181952222,0.00564660202169136,0.0062112622238605,0.00677592242602963,
0.00734058262819877,0.0079052428303679,0.00846990303253704,0.00903456323470618,
0.00959922343687531,0.0101638836390444,0.0107285438412136),
 .UNSPECIFIED.);
#657=B_SPLINE_CURVE_WITH_KNOTS('',3,(#1563,#1564,#1565,#1566,#1567,#1568,
#1569,#1570,#1571,#1572,#1573,#1574,#1575,#1576,#1577,#1578,#1579,#1580,
#1581),.UNSPECIFIED.,.T.,.F.,(1,1,1,1,1,1,1,1,1,1,1,1,1,1,1,1,1,1,1,1,1,
1,1),(-0.00169398060650917,-0.00112932040433945,-0.000564660202169723,0.,
0.000564660202169724,0.00112932040433945,0.00169398060650917,0.0022586408086789,
0.00282330101084862,0.00338796121301835,0.00395262141518807,0.00451728161735779,
0.00508194181952752,0.00564660202169724,0.00621126222386697,0.00677592242603669,
0.00734058262820642,0.00790524283037614,0.00846990303254587,0.00903456323471559,
0.00959922343688531,0.010163883639055,0.0107285438412248),.UNSPECIFIED.);
#658=B_SPLINE_CURVE_WITH_KNOTS('',3,(#1587,#1588,#1589,#1590,#1591,#1592,
#1593,#1594,#1595,#1596,#1597,#1598,#1599,#1600,#1601,#1602,#1603,#1604,
#1605),.UNSPECIFIED.,.T.,.F.,(1,1,1,1,1,1,1,1,1,1,1,1,1,1,1,1,1,1,1,1,1,
1,1),(-0.00169398060650917,-0.00112932040433945,-0.000564660202169723,0.,
0.000564660202169724,0.00112932040433945,0.00169398060650917,0.0022586408086789,
0.00282330101084862,0.00338796121301835,0.00395262141518807,0.00451728161735779,
0.00508194181952752,0.00564660202169724,0.00621126222386697,0.00677592242603669,
0.00734058262820642,0.00790524283037614,0.00846990303254587,0.00903456323471559,
0.00959922343688531,0.010163883639055,0.0107285438412248),.UNSPECIFIED.);
#659=B_SPLINE_CURVE_WITH_KNOTS('',3,(#2365,#2366,#2367,#2368,#2369,#2370,
#2371,#2372,#2373,#2374,#2375),.UNSPECIFIED.,.F.,.F.,(4,1,1,1,1,1,1,1,4),
(1.75035232006152E-16,0.00321039294382057,0.00642078588764097,0.00963117883146136,
0.0128415717752818,0.0160519647191022,0.0192623576629226,0.022472750606743,
0.0256831435505633),.UNSPECIFIED.);
#660=B_SPLINE_CURVE_WITH_KNOTS('',3,(#2376,#2377,#2378,#2379,#2380,#2381,
#2382,#2383,#2384,#2385),.UNSPECIFIED.,.F.,.F.,(4,1,1,1,1,1,1,4),(3.1274521626056E-20,
0.00642510023545591,0.00963765035318387,0.0128502004709118,0.0160627505886398,
0.0192753007063677,0.0224878508240957,0.0257004009418237),.UNSPECIFIED.);
#661=B_SPLINE_CURVE_WITH_KNOTS('',3,(#2768,#2769,#2770,#2771,#2772,#2773,
#2774,#2775,#2776,#2777),.UNSPECIFIED.,.F.,.F.,(4,1,1,1,1,1,1,4),(1.94980585577289E-15,
0.00320877973740887,0.0064175594748158,0.00962633921222272,0.0128351189496296,
0.0160438986870366,0.0192526784244435,0.0256702378992573),.UNSPECIFIED.);
#662=B_SPLINE_CURVE_WITH_KNOTS('',3,(#3778,#3779,#3780,#3781,#3782,#3783,
#3784,#3785,#3786),.UNSPECIFIED.,.F.,.F.,(4,1,1,1,1,1,4),(2.67710044741526E-16,
0.00641401145913412,0.00962101718870104,0.012828022918268,0.0160350286478349,
0.0192420343774018,0.0256560458365357),.UNSPECIFIED.);
#663=EDGE_LOOP('',(#211));
#664=EDGE_LOOP('',(#212));
#665=EDGE_LOOP('',(#213));
#666=EDGE_LOOP('',(#214));
#667=EDGE_LOOP('',(#215));
#668=EDGE_LOOP('',(#216));
#669=EDGE_LOOP('',(#217));
#670=EDGE_LOOP('',(#218));
#671=EDGE_LOOP('',(#219));
#672=EDGE_LOOP('',(#220));
#673=EDGE_LOOP('',(#221));
#674=EDGE_LOOP('',(#222));
#675=EDGE_LOOP('',(#223));
#676=EDGE_LOOP('',(#224));
#677=EDGE_LOOP('',(#225));
#678=EDGE_LOOP('',(#226));
#679=EDGE_LOOP('',(#227));
#680=EDGE_LOOP('',(#228,#229,#230,#231));
#681=EDGE_LOOP('',(#232,#233,#234,#235,#236,#237,#238,#239));
#682=EDGE_LOOP('',(#240,#241,#242,#243,#244,#245,#246,#247));
#683=EDGE_LOOP('',(#248));
#684=EDGE_LOOP('',(#249,#250,#251,#252));
#685=EDGE_LOOP('',(#253,#254,#255,#256));
#686=EDGE_LOOP('',(#257,#258,#259,#260));
#687=EDGE_LOOP('',(#261));
#688=EDGE_LOOP('',(#262));
#689=EDGE_LOOP('',(#263));
#690=EDGE_LOOP('',(#264));
#691=EDGE_LOOP('',(#265,#266,#267,#268));
#692=EDGE_LOOP('',(#269,#270,#271,#272));
#693=EDGE_LOOP('',(#273,#274,#275,#276));
#694=EDGE_LOOP('',(#277));
#695=EDGE_LOOP('',(#278));
#696=EDGE_LOOP('',(#279));
#697=EDGE_LOOP('',(#280));
#698=EDGE_LOOP('',(#281,#282,#283,#284));
#699=EDGE_LOOP('',(#285,#286,#287,#288));
#700=EDGE_LOOP('',(#289,#290,#291,#292));
#701=EDGE_LOOP('',(#293,#294,#295,#296));
#702=EDGE_LOOP('',(#297,#298,#299,#300));
#703=EDGE_LOOP('',(#301,#302,#303,#304));
#704=EDGE_LOOP('',(#305,#306,#307,#308));
#705=EDGE_LOOP('',(#309));
#706=EDGE_LOOP('',(#310));
#707=EDGE_LOOP('',(#311,#312,#313,#314,#315,#316,#317,#318,#319,#320,#321,
#322));
#708=EDGE_LOOP('',(#323));
#709=EDGE_LOOP('',(#324));
#710=EDGE_LOOP('',(#325));
#711=EDGE_LOOP('',(#326,#327,#328,#329));
#712=EDGE_LOOP('',(#330));
#713=EDGE_LOOP('',(#331));
#714=EDGE_LOOP('',(#332,#333,#334,#335,#336,#337,#338,#339,#340,#341,#342,
#343));
#715=EDGE_LOOP('',(#344));
#716=EDGE_LOOP('',(#345));
#717=EDGE_LOOP('',(#346));
#718=EDGE_LOOP('',(#347));
#719=EDGE_LOOP('',(#348));
#720=EDGE_LOOP('',(#349));
#721=EDGE_LOOP('',(#350));
#722=EDGE_LOOP('',(#351));
#723=EDGE_LOOP('',(#352));
#724=EDGE_LOOP('',(#353,#354,#355,#356));
#725=EDGE_LOOP('',(#357));
#726=EDGE_LOOP('',(#358,#359,#360,#361));
#727=EDGE_LOOP('',(#362,#363,#364,#365));
#728=EDGE_LOOP('',(#366,#367,#368,#369));
#729=EDGE_LOOP('',(#370,#371,#372,#373));
#730=EDGE_LOOP('',(#374));
#731=EDGE_LOOP('',(#375));
#732=EDGE_LOOP('',(#376));
#733=EDGE_LOOP('',(#377));
#734=EDGE_LOOP('',(#378));
#735=EDGE_LOOP('',(#379));
#736=EDGE_LOOP('',(#380));
#737=EDGE_LOOP('',(#381));
#738=EDGE_LOOP('',(#382));
#739=EDGE_LOOP('',(#383));
#740=EDGE_LOOP('',(#384));
#741=EDGE_LOOP('',(#385));
#742=EDGE_LOOP('',(#386));
#743=EDGE_LOOP('',(#387));
#744=EDGE_LOOP('',(#388));
#745=EDGE_LOOP('',(#389));
#746=EDGE_LOOP('',(#390));
#747=EDGE_LOOP('',(#391));
#748=EDGE_LOOP('',(#392));
#749=EDGE_LOOP('',(#393));
#750=EDGE_LOOP('',(#394));
#751=EDGE_LOOP('',(#395));
#752=EDGE_LOOP('',(#396));
#753=EDGE_LOOP('',(#397));
#754=EDGE_LOOP('',(#398));
#755=EDGE_LOOP('',(#399));
#756=EDGE_LOOP('',(#400));
#757=EDGE_LOOP('',(#401));
#758=EDGE_LOOP('',(#402));
#759=EDGE_LOOP('',(#403));
#760=EDGE_LOOP('',(#404));
#761=EDGE_LOOP('',(#405));
#762=EDGE_LOOP('',(#406));
#763=EDGE_LOOP('',(#407));
#764=EDGE_LOOP('',(#408));
#765=EDGE_LOOP('',(#409));
#766=EDGE_LOOP('',(#410));
#767=EDGE_LOOP('',(#411));
#768=EDGE_LOOP('',(#412));
#769=EDGE_LOOP('',(#413));
#770=EDGE_LOOP('',(#414));
#771=EDGE_LOOP('',(#415));
#772=EDGE_LOOP('',(#416));
#773=EDGE_LOOP('',(#417));
#774=EDGE_LOOP('',(#418));
#775=EDGE_LOOP('',(#419));
#776=EDGE_LOOP('',(#420));
#777=EDGE_LOOP('',(#421));
#778=EDGE_LOOP('',(#422));
#779=EDGE_LOOP('',(#423));
#780=EDGE_LOOP('',(#424));
#781=EDGE_LOOP('',(#425));
#782=EDGE_LOOP('',(#426));
#783=EDGE_LOOP('',(#427));
#784=EDGE_LOOP('',(#428));
#785=EDGE_LOOP('',(#429));
#786=EDGE_LOOP('',(#430));
#787=EDGE_LOOP('',(#431));
#788=EDGE_LOOP('',(#432));
#789=EDGE_LOOP('',(#433));
#790=EDGE_LOOP('',(#434));
#791=EDGE_LOOP('',(#435));
#792=EDGE_LOOP('',(#436));
#793=EDGE_LOOP('',(#437));
#794=EDGE_LOOP('',(#438));
#795=EDGE_LOOP('',(#439));
#796=EDGE_LOOP('',(#440));
#797=FACE_BOUND('',#663,.T.);
#798=FACE_BOUND('',#664,.T.);
#799=FACE_BOUND('',#665,.T.);
#800=FACE_BOUND('',#666,.T.);
#801=FACE_BOUND('',#667,.T.);
#802=FACE_BOUND('',#668,.T.);
#803=FACE_BOUND('',#669,.T.);
#804=FACE_BOUND('',#670,.T.);
#805=FACE_BOUND('',#671,.T.);
#806=FACE_BOUND('',#672,.T.);
#807=FACE_BOUND('',#673,.T.);
#808=FACE_BOUND('',#674,.T.);
#809=FACE_BOUND('',#675,.T.);
#810=FACE_BOUND('',#676,.T.);
#811=FACE_BOUND('',#677,.T.);
#812=FACE_BOUND('',#678,.T.);
#813=FACE_BOUND('',#679,.T.);
#814=FACE_BOUND('',#680,.T.);
#815=FACE_BOUND('',#681,.T.);
#816=FACE_BOUND('',#682,.T.);
#817=FACE_BOUND('',#683,.T.);
#818=FACE_BOUND('',#684,.T.);
#819=FACE_BOUND('',#685,.T.);
#820=FACE_BOUND('',#686,.T.);
#821=FACE_BOUND('',#687,.T.);
#822=FACE_BOUND('',#688,.T.);
#823=FACE_BOUND('',#689,.T.);
#824=FACE_BOUND('',#690,.T.);
#825=FACE_BOUND('',#691,.T.);
#826=FACE_BOUND('',#692,.T.);
#827=FACE_BOUND('',#693,.T.);
#828=FACE_BOUND('',#694,.T.);
#829=FACE_BOUND('',#695,.T.);
#830=FACE_BOUND('',#696,.T.);
#831=FACE_BOUND('',#697,.T.);
#832=FACE_BOUND('',#698,.T.);
#833=FACE_BOUND('',#699,.T.);
#834=FACE_BOUND('',#700,.T.);
#835=FACE_BOUND('',#701,.T.);
#836=FACE_BOUND('',#702,.T.);
#837=FACE_BOUND('',#703,.T.);
#838=FACE_BOUND('',#704,.T.);
#839=FACE_BOUND('',#705,.T.);
#840=FACE_BOUND('',#706,.T.);
#841=FACE_BOUND('',#707,.T.);
#842=FACE_BOUND('',#708,.T.);
#843=FACE_BOUND('',#709,.T.);
#844=FACE_BOUND('',#710,.T.);
#845=FACE_BOUND('',#711,.T.);
#846=FACE_BOUND('',#712,.T.);
#847=FACE_BOUND('',#713,.T.);
#848=FACE_BOUND('',#714,.T.);
#849=FACE_BOUND('',#715,.T.);
#850=FACE_BOUND('',#716,.T.);
#851=FACE_BOUND('',#717,.T.);
#852=FACE_BOUND('',#718,.T.);
#853=FACE_BOUND('',#719,.T.);
#854=FACE_BOUND('',#720,.T.);
#855=FACE_BOUND('',#721,.T.);
#856=FACE_BOUND('',#722,.T.);
#857=FACE_BOUND('',#723,.T.);
#858=FACE_BOUND('',#724,.T.);
#859=FACE_BOUND('',#725,.T.);
#860=FACE_BOUND('',#726,.T.);
#861=FACE_BOUND('',#727,.T.);
#862=FACE_BOUND('',#728,.T.);
#863=FACE_BOUND('',#729,.T.);
#864=FACE_BOUND('',#730,.T.);
#865=FACE_BOUND('',#731,.T.);
#866=FACE_BOUND('',#732,.T.);
#867=FACE_BOUND('',#733,.T.);
#868=FACE_BOUND('',#734,.T.);
#869=FACE_BOUND('',#735,.T.);
#870=FACE_BOUND('',#736,.T.);
#871=FACE_BOUND('',#737,.T.);
#872=FACE_BOUND('',#738,.T.);
#873=FACE_BOUND('',#739,.T.);
#874=FACE_BOUND('',#740,.T.);
#875=FACE_BOUND('',#741,.T.);
#876=FACE_BOUND('',#742,.T.);
#877=FACE_BOUND('',#743,.T.);
#878=FACE_BOUND('',#744,.T.);
#879=FACE_BOUND('',#745,.T.);
#880=FACE_BOUND('',#746,.T.);
#881=FACE_BOUND('',#747,.T.);
#882=FACE_BOUND('',#748,.T.);
#883=FACE_BOUND('',#749,.T.);
#884=FACE_BOUND('',#750,.T.);
#885=FACE_BOUND('',#751,.T.);
#886=FACE_BOUND('',#752,.T.);
#887=FACE_BOUND('',#753,.T.);
#888=FACE_BOUND('',#754,.T.);
#889=FACE_BOUND('',#755,.T.);
#890=FACE_BOUND('',#756,.T.);
#891=FACE_BOUND('',#757,.T.);
#892=FACE_BOUND('',#758,.T.);
#893=FACE_BOUND('',#759,.T.);
#894=FACE_BOUND('',#760,.T.);
#895=FACE_BOUND('',#761,.T.);
#896=FACE_BOUND('',#762,.T.);
#897=FACE_BOUND('',#763,.T.);
#898=FACE_BOUND('',#764,.T.);
#899=FACE_BOUND('',#765,.T.);
#900=FACE_BOUND('',#766,.T.);
#901=FACE_BOUND('',#767,.T.);
#902=FACE_BOUND('',#768,.T.);
#903=FACE_BOUND('',#769,.T.);
#904=FACE_BOUND('',#770,.T.);
#905=FACE_BOUND('',#771,.T.);
#906=FACE_BOUND('',#772,.T.);
#907=FACE_BOUND('',#773,.T.);
#908=FACE_BOUND('',#774,.T.);
#909=FACE_BOUND('',#775,.T.);
#910=FACE_BOUND('',#776,.T.);
#911=FACE_BOUND('',#777,.T.);
#912=FACE_BOUND('',#778,.T.);
#913=FACE_BOUND('',#779,.T.);
#914=FACE_BOUND('',#780,.T.);
#915=FACE_BOUND('',#781,.T.);
#916=FACE_BOUND('',#782,.T.);
#917=FACE_BOUND('',#783,.T.);
#918=FACE_BOUND('',#784,.T.);
#919=FACE_BOUND('',#785,.T.);
#920=FACE_BOUND('',#786,.T.);
#921=FACE_BOUND('',#787,.T.);
#922=FACE_BOUND('',#788,.T.);
#923=FACE_BOUND('',#789,.T.);
#924=FACE_BOUND('',#790,.T.);
#925=FACE_BOUND('',#791,.T.);
#926=FACE_BOUND('',#792,.T.);
#927=FACE_BOUND('',#793,.T.);
#928=FACE_BOUND('',#794,.T.);
#929=FACE_BOUND('',#795,.T.);
#930=FACE_BOUND('',#796,.T.);
#931=CYLINDRICAL_SURFACE('',#1034,3.075);
#932=CYLINDRICAL_SURFACE('',#1037,3.075);
#933=CYLINDRICAL_SURFACE('',#1040,3.075);
#934=CYLINDRICAL_SURFACE('',#1043,3.075);
#935=CYLINDRICAL_SURFACE('',#1046,12.8397);
#936=CYLINDRICAL_SURFACE('',#1081,11.7);
#937=CYLINDRICAL_SURFACE('',#1082,15.42);
#938=CYLINDRICAL_SURFACE('',#1086,13.1834038321269);
#939=CYLINDRICAL_SURFACE('',#1089,1.);
#940=CYLINDRICAL_SURFACE('',#1093,1.4);
#941=CYLINDRICAL_SURFACE('',#1096,1.);
#942=CYLINDRICAL_SURFACE('',#1100,1.4);
#943=CYLINDRICAL_SURFACE('',#1103,1.);
#944=CYLINDRICAL_SURFACE('',#1107,1.);
#945=CYLINDRICAL_SURFACE('',#1111,1.4);
#946=CYLINDRICAL_SURFACE('',#1114,1.4);
#947=CYLINDRICAL_SURFACE('',#1117,1.);
#948=CYLINDRICAL_SURFACE('',#1121,1.);
#949=CYLINDRICAL_SURFACE('',#1125,1.);
#950=CYLINDRICAL_SURFACE('',#1129,1.);
#951=CYLINDRICAL_SURFACE('',#1133,1.4);
#952=CYLINDRICAL_SURFACE('',#1136,1.4);
#953=CYLINDRICAL_SURFACE('',#1139,1.4);
#954=CYLINDRICAL_SURFACE('',#1142,1.4);
#955=CYLINDRICAL_SURFACE('',#1145,1.95);
#956=ADVANCED_FACE('',(#797,#798,#799,#800),#931,.F.);
#957=ADVANCED_FACE('',(#801,#802,#803,#804),#932,.F.);
#958=ADVANCED_FACE('',(#805,#806,#807,#808),#933,.F.);
#959=ADVANCED_FACE('',(#809,#810,#811,#812),#934,.F.);
#960=ADVANCED_FACE('',(#813,#814),#935,.F.);
#961=ADVANCED_FACE('',(#815),#119,.F.);
#962=ADVANCED_FACE('',(#816),#120,.F.);
#963=ADVANCED_FACE('',(#817,#818),#121,.T.);
#964=ADVANCED_FACE('',(#819),#122,.T.);
#965=ADVANCED_FACE('',(#820),#123,.F.);
#966=ADVANCED_FACE('',(#821,#822,#823,#824,#825),#124,.F.);
#967=ADVANCED_FACE('',(#826),#125,.F.);
#968=ADVANCED_FACE('',(#827),#126,.F.);
#969=ADVANCED_FACE('',(#828,#829,#830,#831,#832),#127,.F.);
#970=ADVANCED_FACE('',(#833),#128,.F.);
#971=ADVANCED_FACE('',(#834),#129,.T.);
#972=ADVANCED_FACE('',(#835),#130,.F.);
#973=ADVANCED_FACE('',(#836),#131,.T.);
#974=ADVANCED_FACE('',(#837),#132,.T.);
#975=ADVANCED_FACE('',(#838),#133,.T.);
#976=ADVANCED_FACE('',(#839,#840,#841,#842,#843,#844),#134,.F.);
#977=ADVANCED_FACE('',(#845),#135,.T.);
#978=ADVANCED_FACE('',(#846,#847,#848,#849,#850,#851),#136,.F.);
#979=ADVANCED_FACE('',(#852,#853),#22,.F.);
#980=ADVANCED_FACE('',(#854,#855),#936,.F.);
#981=ADVANCED_FACE('',(#856,#857),#937,.T.);
#982=ADVANCED_FACE('',(#858,#859),#137,.F.);
#983=ADVANCED_FACE('',(#860),#20,.T.);
#984=ADVANCED_FACE('',(#861),#938,.F.);
#985=ADVANCED_FACE('',(#862),#21,.T.);
#986=ADVANCED_FACE('',(#863),#138,.F.);
#987=ADVANCED_FACE('',(#864,#865,#866),#939,.F.);
#988=ADVANCED_FACE('',(#867),#139,.F.);
#989=ADVANCED_FACE('',(#868,#869),#940,.F.);
#990=ADVANCED_FACE('',(#870,#871),#140,.F.);
#991=ADVANCED_FACE('',(#872,#873,#874),#941,.F.);
#992=ADVANCED_FACE('',(#875),#141,.F.);
#993=ADVANCED_FACE('',(#876,#877),#942,.F.);
#994=ADVANCED_FACE('',(#878,#879),#142,.F.);
#995=ADVANCED_FACE('',(#880,#881,#882),#943,.F.);
#996=ADVANCED_FACE('',(#883),#143,.F.);
#997=ADVANCED_FACE('',(#884,#885,#886),#944,.F.);
#998=ADVANCED_FACE('',(#887),#144,.F.);
#999=ADVANCED_FACE('',(#888,#889),#945,.F.);
#1000=ADVANCED_FACE('',(#890,#891),#145,.F.);
#1001=ADVANCED_FACE('',(#892,#893),#946,.F.);
#1002=ADVANCED_FACE('',(#894,#895),#146,.F.);
#1003=ADVANCED_FACE('',(#896,#897,#898),#947,.F.);
#1004=ADVANCED_FACE('',(#899),#147,.F.);
#1005=ADVANCED_FACE('',(#900,#901,#902),#948,.F.);
#1006=ADVANCED_FACE('',(#903),#148,.F.);
#1007=ADVANCED_FACE('',(#904,#905,#906),#949,.F.);
#1008=ADVANCED_FACE('',(#907),#149,.F.);
#1009=ADVANCED_FACE('',(#908,#909,#910),#950,.F.);
#1010=ADVANCED_FACE('',(#911),#150,.F.);
#1011=ADVANCED_FACE('',(#912,#913),#951,.F.);
#1012=ADVANCED_FACE('',(#914,#915),#151,.F.);
#1013=ADVANCED_FACE('',(#916,#917),#952,.F.);
#1014=ADVANCED_FACE('',(#918,#919),#152,.F.);
#1015=ADVANCED_FACE('',(#920,#921),#953,.F.);
#1016=ADVANCED_FACE('',(#922,#923),#153,.F.);
#1017=ADVANCED_FACE('',(#924,#925),#954,.F.);
#1018=ADVANCED_FACE('',(#926,#927),#154,.F.);
#1019=ADVANCED_FACE('',(#928,#929),#955,.F.);
#1020=ADVANCED_FACE('',(#930),#155,.F.);
#1021=CLOSED_SHELL('',(#956,#957,#958,#959,#960,#961,#962,#963,#964,#965,
#966,#967,#968,#969,#970,#971,#972,#973,#974,#975,#976,#977,#978,#979,#980,
#981,#982,#983,#984,#985,#986,#987,#988,#989,#990,#991,#992,#993,#994,#995,
#996,#997,#998,#999,#1000,#1001,#1002,#1003,#1004,#1005,#1006,#1007,#1008,
#1009,#1010,#1011,#1012,#1013,#1014,#1015,#1016,#1017,#1018,#1019,#1020));
#1022=STYLED_ITEM('',(#1023),#1030);
#1023=PRESENTATION_STYLE_ASSIGNMENT((#1024));
#1024=SURFACE_STYLE_USAGE(.BOTH.,#1025);
#1025=SURFACE_SIDE_STYLE('',(#1026));
#1026=SURFACE_STYLE_FILL_AREA(#1027);
#1027=FILL_AREA_STYLE('',(#1028));
#1028=FILL_AREA_STYLE_COLOUR('',#1029);
#1029=COLOUR_RGB('',0.506983280181885,0.531564235687256,0.550000011920929);
#1030=MANIFOLD_SOLID_BREP('',#1021);
#1031=SHAPE_DEFINITION_REPRESENTATION(#3878,#1032);
#1032=SHAPE_REPRESENTATION(
'28_FDML_stimfix_stimulus_cage_system_insert',(#1033),#3873);
#1033=AXIS2_PLACEMENT_3D('',#1426,#1148,#1149);
#1034=AXIS2_PLACEMENT_3D('',#1427,#1150,#1151);
#1035=AXIS2_PLACEMENT_3D('',#1448,#1152,#1153);
#1036=AXIS2_PLACEMENT_3D('',#1450,#1154,#1155);
#1037=AXIS2_PLACEMENT_3D('',#1472,#1156,#1157);
#1038=AXIS2_PLACEMENT_3D('',#1493,#1158,#1159);
#1039=AXIS2_PLACEMENT_3D('',#1495,#1160,#1161);
#1040=AXIS2_PLACEMENT_3D('',#1517,#1162,#1163);
#1041=AXIS2_PLACEMENT_3D('',#1538,#1164,#1165);
#1042=AXIS2_PLACEMENT_3D('',#1540,#1166,#1167);
#1043=AXIS2_PLACEMENT_3D('',#1562,#1168,#1169);
#1044=AXIS2_PLACEMENT_3D('',#1583,#1170,#1171);
#1045=AXIS2_PLACEMENT_3D('',#1585,#1172,#1173);
#1046=AXIS2_PLACEMENT_3D('',#1607,#1174,#1175);
#1047=AXIS2_PLACEMENT_3D('',#1608,#1176,#1177);
#1048=AXIS2_PLACEMENT_3D('',#1921,#1178,#1179);
#1049=AXIS2_PLACEMENT_3D('',#2233,#1180,#1181);
#1050=AXIS2_PLACEMENT_3D('',#2234,#1182,#1183);
#1051=AXIS2_PLACEMENT_3D('',#2251,#1192,#1193);
#1052=AXIS2_PLACEMENT_3D('',#2268,#1202,#1203);
#1053=AXIS2_PLACEMENT_3D('',#2269,#1204,#1205);
#1054=AXIS2_PLACEMENT_3D('',#2273,#1208,#1209);
#1055=AXIS2_PLACEMENT_3D('',#2279,#1213,#1214);
#1056=AXIS2_PLACEMENT_3D('',#2285,#1218,#1219);
#1057=AXIS2_PLACEMENT_3D('',#2286,#1220,#1221);
#1058=AXIS2_PLACEMENT_3D('',#2288,#1222,#1223);
#1059=AXIS2_PLACEMENT_3D('',#2290,#1224,#1225);
#1060=AXIS2_PLACEMENT_3D('',#2292,#1226,#1227);
#1061=AXIS2_PLACEMENT_3D('',#2299,#1231,#1232);
#1062=AXIS2_PLACEMENT_3D('',#2305,#1236,#1237);
#1063=AXIS2_PLACEMENT_3D('',#2314,#1242,#1243);
#1064=AXIS2_PLACEMENT_3D('',#2315,#1244,#1245);
#1065=AXIS2_PLACEMENT_3D('',#2317,#1246,#1247);
#1066=AXIS2_PLACEMENT_3D('',#2319,#1248,#1249);
#1067=AXIS2_PLACEMENT_3D('',#2321,#1250,#1251);
#1068=AXIS2_PLACEMENT_3D('',#2328,#1255,#1256);
#1069=AXIS2_PLACEMENT_3D('',#2334,#1260,#1261);
#1070=AXIS2_PLACEMENT_3D('',#2337,#1264,#1265);
#1071=AXIS2_PLACEMENT_3D('',#2340,#1268,#1269);
#1072=AXIS2_PLACEMENT_3D('',#2342,#1271,#1272);
#1073=AXIS2_PLACEMENT_3D('',#2344,#1274,#1275);
#1074=AXIS2_PLACEMENT_3D('',#2346,#1277,#1278);
#1075=AXIS2_PLACEMENT_3D('',#2347,#1279,#1280);
#1076=AXIS2_PLACEMENT_3D('',#2349,#1281,#1282);
#1077=AXIS2_PLACEMENT_3D('',#2351,#1284,#1285);
#1078=AXIS2_PLACEMENT_3D('',#2352,#1286,#1287);
#1079=AXIS2_PLACEMENT_3D('',#2354,#1288,#1289);
#1080=AXIS2_PLACEMENT_3D('',#2355,#1290,#1291);
#1081=AXIS2_PLACEMENT_3D('',#2357,#1292,#1293);
#1082=AXIS2_PLACEMENT_3D('',#2358,#1294,#1295);
#1083=AXIS2_PLACEMENT_3D('',#2359,#1296,#1297);
#1084=AXIS2_PLACEMENT_3D('',#2361,#1298,#1299);
#1085=AXIS2_PLACEMENT_3D('',#2362,#1300,#1301);
#1086=AXIS2_PLACEMENT_3D('',#3088,#1302,#1303);
#1087=AXIS2_PLACEMENT_3D('',#3089,#1304,#1305);
#1088=AXIS2_PLACEMENT_3D('',#3787,#1306,#1307);
#1089=AXIS2_PLACEMENT_3D('',#3788,#1308,#1309);
#1090=AXIS2_PLACEMENT_3D('',#3789,#1310,#1311);
#1091=AXIS2_PLACEMENT_3D('',#3791,#1312,#1313);
#1092=AXIS2_PLACEMENT_3D('',#3793,#1314,#1315);
#1093=AXIS2_PLACEMENT_3D('',#3794,#1316,#1317);
#1094=AXIS2_PLACEMENT_3D('',#3795,#1318,#1319);
#1095=AXIS2_PLACEMENT_3D('',#3797,#1320,#1321);
#1096=AXIS2_PLACEMENT_3D('',#3798,#1322,#1323);
#1097=AXIS2_PLACEMENT_3D('',#3799,#1324,#1325);
#1098=AXIS2_PLACEMENT_3D('',#3801,#1326,#1327);
#1099=AXIS2_PLACEMENT_3D('',#3803,#1328,#1329);
#1100=AXIS2_PLACEMENT_3D('',#3804,#1330,#1331);
#1101=AXIS2_PLACEMENT_3D('',#3805,#1332,#1333);
#1102=AXIS2_PLACEMENT_3D('',#3807,#1334,#1335);
#1103=AXIS2_PLACEMENT_3D('',#3808,#1336,#1337);
#1104=AXIS2_PLACEMENT_3D('',#3809,#1338,#1339);
#1105=AXIS2_PLACEMENT_3D('',#3811,#1340,#1341);
#1106=AXIS2_PLACEMENT_3D('',#3813,#1342,#1343);
#1107=AXIS2_PLACEMENT_3D('',#3814,#1344,#1345);
#1108=AXIS2_PLACEMENT_3D('',#3815,#1346,#1347);
#1109=AXIS2_PLACEMENT_3D('',#3817,#1348,#1349);
#1110=AXIS2_PLACEMENT_3D('',#3819,#1350,#1351);
#1111=AXIS2_PLACEMENT_3D('',#3820,#1352,#1353);
#1112=AXIS2_PLACEMENT_3D('',#3821,#1354,#1355);
#1113=AXIS2_PLACEMENT_3D('',#3823,#1356,#1357);
#1114=AXIS2_PLACEMENT_3D('',#3824,#1358,#1359);
#1115=AXIS2_PLACEMENT_3D('',#3825,#1360,#1361);
#1116=AXIS2_PLACEMENT_3D('',#3827,#1362,#1363);
#1117=AXIS2_PLACEMENT_3D('',#3828,#1364,#1365);
#1118=AXIS2_PLACEMENT_3D('',#3829,#1366,#1367);
#1119=AXIS2_PLACEMENT_3D('',#3831,#1368,#1369);
#1120=AXIS2_PLACEMENT_3D('',#3833,#1370,#1371);
#1121=AXIS2_PLACEMENT_3D('',#3834,#1372,#1373);
#1122=AXIS2_PLACEMENT_3D('',#3835,#1374,#1375);
#1123=AXIS2_PLACEMENT_3D('',#3837,#1376,#1377);
#1124=AXIS2_PLACEMENT_3D('',#3839,#1378,#1379);
#1125=AXIS2_PLACEMENT_3D('',#3840,#1380,#1381);
#1126=AXIS2_PLACEMENT_3D('',#3841,#1382,#1383);
#1127=AXIS2_PLACEMENT_3D('',#3843,#1384,#1385);
#1128=AXIS2_PLACEMENT_3D('',#3845,#1386,#1387);
#1129=AXIS2_PLACEMENT_3D('',#3846,#1388,#1389);
#1130=AXIS2_PLACEMENT_3D('',#3847,#1390,#1391);
#1131=AXIS2_PLACEMENT_3D('',#3849,#1392,#1393);
#1132=AXIS2_PLACEMENT_3D('',#3851,#1394,#1395);
#1133=AXIS2_PLACEMENT_3D('',#3852,#1396,#1397);
#1134=AXIS2_PLACEMENT_3D('',#3853,#1398,#1399);
#1135=AXIS2_PLACEMENT_3D('',#3855,#1400,#1401);
#1136=AXIS2_PLACEMENT_3D('',#3856,#1402,#1403);
#1137=AXIS2_PLACEMENT_3D('',#3857,#1404,#1405);
#1138=AXIS2_PLACEMENT_3D('',#3859,#1406,#1407);
#1139=AXIS2_PLACEMENT_3D('',#3860,#1408,#1409);
#1140=AXIS2_PLACEMENT_3D('',#3861,#1410,#1411);
#1141=AXIS2_PLACEMENT_3D('',#3863,#1412,#1413);
#1142=AXIS2_PLACEMENT_3D('',#3864,#1414,#1415);
#1143=AXIS2_PLACEMENT_3D('',#3865,#1416,#1417);
#1144=AXIS2_PLACEMENT_3D('',#3867,#1418,#1419);
#1145=AXIS2_PLACEMENT_3D('',#3868,#1420,#1421);
#1146=AXIS2_PLACEMENT_3D('',#3869,#1422,#1423);
#1147=AXIS2_PLACEMENT_3D('',#3871,#1424,#1425);
#1148=DIRECTION('',(0.,0.,1.));
#1149=DIRECTION('',(1.,0.,0.));
#1150=DIRECTION('',(0.,0.,1.));
#1151=DIRECTION('',(1.,0.,0.));
#1152=DIRECTION('',(0.,0.,1.));
#1153=DIRECTION('',(-1.,0.,0.));
#1154=DIRECTION('',(0.,0.,-1.));
#1155=DIRECTION('',(1.,0.,0.));
#1156=DIRECTION('',(0.,0.,1.));
#1157=DIRECTION('',(1.,0.,0.));
#1158=DIRECTION('',(0.,0.,1.));
#1159=DIRECTION('',(-1.,0.,0.));
#1160=DIRECTION('',(0.,0.,-1.));
#1161=DIRECTION('',(1.,0.,0.));
#1162=DIRECTION('',(0.,0.,1.));
#1163=DIRECTION('',(1.,0.,0.));
#1164=DIRECTION('',(0.,0.,1.));
#1165=DIRECTION('',(-1.,0.,0.));
#1166=DIRECTION('',(0.,0.,-1.));
#1167=DIRECTION('',(1.,0.,0.));
#1168=DIRECTION('',(0.,0.,1.));
#1169=DIRECTION('',(1.,0.,0.));
#1170=DIRECTION('',(0.,0.,1.));
#1171=DIRECTION('',(1.,0.,0.));
#1172=DIRECTION('',(0.,0.,-1.));
#1173=DIRECTION('',(1.,0.,0.));
#1174=DIRECTION('',(0.,0.,-1.));
#1175=DIRECTION('',(-1.,0.,0.));
#1176=DIRECTION('',(0.,0.,1.));
#1177=DIRECTION('',(1.,0.,0.));
#1178=DIRECTION('',(0.,0.,-1.));
#1179=DIRECTION('',(-1.,0.,0.));
#1180=DIRECTION('',(0.,0.,-1.));
#1181=DIRECTION('',(-1.,0.,0.));
#1182=DIRECTION('',(-1.,0.,-4.15300682189637E-17));
#1183=DIRECTION('',(-4.15300682189637E-17,0.,1.));
#1184=DIRECTION('',(9.05696189027131E-18,1.,0.));
#1185=DIRECTION('',(4.15300682189637E-17,0.,-1.));
#1186=DIRECTION('',(0.,-1.,0.));
#1187=DIRECTION('',(0.,0.,-1.));
#1188=DIRECTION('',(0.,-1.,0.));
#1189=DIRECTION('',(4.15300682189637E-17,0.,-1.));
#1190=DIRECTION('',(0.,-1.,0.));
#1191=DIRECTION('',(0.,0.,1.));
#1192=DIRECTION('',(1.,0.,4.15300682189637E-17));
#1193=DIRECTION('',(4.15300682189637E-17,0.,-1.));
#1194=DIRECTION('',(-4.15300682189637E-17,0.,1.));
#1195=DIRECTION('',(-9.05696189027126E-18,-1.,0.));
#1196=DIRECTION('',(0.,0.,1.));
#1197=DIRECTION('',(0.,-1.,0.));
#1198=DIRECTION('',(-4.15300682189637E-17,0.,1.));
#1199=DIRECTION('',(0.,-1.,0.));
#1200=DIRECTION('',(0.,0.,-1.));
#1201=DIRECTION('',(0.,1.,0.));
#1202=DIRECTION('',(0.,-1.,0.));
#1203=DIRECTION('',(0.,0.,-1.));
#1204=DIRECTION('',(0.,1.,0.));
#1205=DIRECTION('',(-1.,0.,-6.93889390390723E-17));
#1206=DIRECTION('',(-1.,0.,-6.93889390390723E-17));
#1207=DIRECTION('',(1.,0.,3.46944695195361E-17));
#1208=DIRECTION('',(0.,-1.,0.));
#1209=DIRECTION('',(0.,0.,-1.));
#1210=DIRECTION('',(0.,0.,-1.));
#1211=DIRECTION('',(-1.,0.,0.));
#1212=DIRECTION('',(1.,2.69471607918728E-15,0.));
#1213=DIRECTION('',(-0.707106781186547,0.707106781186548,0.));
#1214=DIRECTION('',(-0.707106781186548,-0.707106781186547,0.));
#1215=DIRECTION('',(0.,0.,-1.));
#1216=DIRECTION('',(-0.707106781186548,-0.707106781186547,0.));
#1217=DIRECTION('',(0.707106781186548,0.707106781186547,0.));
#1218=DIRECTION('',(-1.,0.,0.));
#1219=DIRECTION('',(0.,0.,1.));
#1220=DIRECTION('',(-1.,0.,0.));
#1221=DIRECTION('',(0.,0.,-1.));
#1222=DIRECTION('',(-1.,0.,0.));
#1223=DIRECTION('',(0.,0.,-1.));
#1224=DIRECTION('',(-1.,0.,0.));
#1225=DIRECTION('',(0.,0.,-1.));
#1226=DIRECTION('',(-1.,0.,0.));
#1227=DIRECTION('',(0.,0.,-1.));
#1228=DIRECTION('',(0.,0.,-1.));
#1229=DIRECTION('',(0.,-1.,0.));
#1230=DIRECTION('',(0.,1.,0.));
#1231=DIRECTION('',(-0.707106781186547,-0.707106781186547,0.));
#1232=DIRECTION('',(0.707106781186548,-0.707106781186548,0.));
#1233=DIRECTION('',(0.,0.,-1.));
#1234=DIRECTION('',(0.707106781186548,-0.707106781186547,0.));
#1235=DIRECTION('',(-0.707106781186548,0.707106781186548,0.));
#1236=DIRECTION('',(0.707106781186547,-0.707106781186548,0.));
#1237=DIRECTION('',(0.707106781186548,0.707106781186547,0.));
#1238=DIRECTION('',(0.,0.,-1.));
#1239=DIRECTION('',(0.707106781186548,0.707106781186547,0.));
#1240=DIRECTION('',(0.,0.,-1.));
#1241=DIRECTION('',(-0.707106781186548,-0.707106781186547,0.));
#1242=DIRECTION('',(1.,0.,0.));
#1243=DIRECTION('',(0.,0.,-1.));
#1244=DIRECTION('',(1.,0.,0.));
#1245=DIRECTION('',(0.,0.,1.));
#1246=DIRECTION('',(1.,0.,0.));
#1247=DIRECTION('',(0.,0.,1.));
#1248=DIRECTION('',(1.,0.,0.));
#1249=DIRECTION('',(0.,0.,1.));
#1250=DIRECTION('',(1.,0.,0.));
#1251=DIRECTION('',(0.,0.,1.));
#1252=DIRECTION('',(0.,0.,-1.));
#1253=DIRECTION('',(0.,1.,0.));
#1254=DIRECTION('',(0.,-1.,0.));
#1255=DIRECTION('',(0.707106781186547,0.707106781186547,0.));
#1256=DIRECTION('',(-0.707106781186548,0.707106781186548,0.));
#1257=DIRECTION('',(0.,0.,-1.));
#1258=DIRECTION('',(-0.707106781186547,0.707106781186548,0.));
#1259=DIRECTION('',(0.707106781186547,-0.707106781186548,0.));
#1260=DIRECTION('',(0.,-1.,0.));
#1261=DIRECTION('',(0.,0.,-1.));
#1262=DIRECTION('',(1.,2.69471607918728E-15,0.));
#1263=DIRECTION('',(-1.,0.,0.));
#1264=DIRECTION('',(0.,-1.,0.));
#1265=DIRECTION('',(0.,0.,-1.));
#1266=DIRECTION('',(1.,9.8284616202652E-17,0.));
#1267=DIRECTION('',(-1.,0.,0.));
#1268=DIRECTION('',(-6.93889390390723E-17,0.,1.));
#1269=DIRECTION('',(1.,0.,6.93889390390723E-17));
#1270=DIRECTION('',(-1.,0.,-6.93889390390723E-17));
#1271=DIRECTION('',(3.46944695195361E-17,0.,-1.));
#1272=DIRECTION('',(-1.,0.,-3.46944695195361E-17));
#1273=DIRECTION('',(1.,0.,3.46944695195361E-17));
#1274=DIRECTION('',(0.,-1.,0.));
#1275=DIRECTION('',(0.,0.,-1.));
#1276=DIRECTION('',(-1.,0.,0.));
#1277=DIRECTION('',(0.,0.,-1.));
#1278=DIRECTION('',(-1.,0.,0.));
#1279=DIRECTION('',(0.,0.,-1.));
#1280=DIRECTION('',(1.,0.,0.));
#1281=DIRECTION('',(0.,-1.,0.));
#1282=DIRECTION('',(0.,0.,-1.));
#1283=DIRECTION('',(1.,0.,0.));
#1284=DIRECTION('',(0.,0.,1.));
#1285=DIRECTION('',(1.,0.,0.));
#1286=DIRECTION('',(0.,0.,1.));
#1287=DIRECTION('',(1.,0.,0.));
#1288=DIRECTION('',(0.,0.,-1.));
#1289=DIRECTION('',(-1.23786862212912E-16,1.,0.));
#1290=DIRECTION('',(0.,0.,1.));
#1291=DIRECTION('',(1.,0.,0.));
#1292=DIRECTION('',(0.,0.,-1.));
#1293=DIRECTION('',(-1.,0.,0.));
#1294=DIRECTION('',(0.,0.,-1.));
#1295=DIRECTION('',(-1.,0.,0.));
#1296=DIRECTION('',(0.,0.,-1.));
#1297=DIRECTION('',(-1.,0.,0.));
#1298=DIRECTION('',(0.,0.,-1.));
#1299=DIRECTION('',(-1.,0.,0.));
#1300=DIRECTION('',(0.,0.,-1.));
#1301=DIRECTION('',(-1.,0.,0.));
#1302=DIRECTION('',(0.,0.,-1.));
#1303=DIRECTION('',(-1.,0.,0.));
#1304=DIRECTION('',(0.,0.,-1.));
#1305=DIRECTION('',(-1.,0.,0.));
#1306=DIRECTION('',(0.,0.,-1.));
#1307=DIRECTION('',(-1.,0.,0.));
#1308=DIRECTION('',(1.,0.,0.));
#1309=DIRECTION('',(0.,0.,-1.));
#1310=DIRECTION('',(-1.,0.,0.));
#1311=DIRECTION('',(0.,0.,1.));
#1312=DIRECTION('',(-1.,0.,0.));
#1313=DIRECTION('',(0.,0.,-1.));
#1314=DIRECTION('',(-1.,0.,0.));
#1315=DIRECTION('',(0.,0.,1.));
#1316=DIRECTION('',(1.,0.,0.));
#1317=DIRECTION('',(0.,0.,-1.));
#1318=DIRECTION('',(-1.,0.,0.));
#1319=DIRECTION('',(0.,0.,-1.));
#1320=DIRECTION('',(-1.,0.,0.));
#1321=DIRECTION('',(0.,0.,1.));
#1322=DIRECTION('',(1.,0.,0.));
#1323=DIRECTION('',(0.,0.,-1.));
#1324=DIRECTION('',(-1.,0.,0.));
#1325=DIRECTION('',(0.,0.,1.));
#1326=DIRECTION('',(-1.,0.,0.));
#1327=DIRECTION('',(0.,0.,-1.));
#1328=DIRECTION('',(-1.,0.,0.));
#1329=DIRECTION('',(0.,0.,1.));
#1330=DIRECTION('',(1.,0.,0.));
#1331=DIRECTION('',(0.,0.,-1.));
#1332=DIRECTION('',(-1.,0.,0.));
#1333=DIRECTION('',(0.,0.,-1.));
#1334=DIRECTION('',(-1.,0.,0.));
#1335=DIRECTION('',(0.,0.,1.));
#1336=DIRECTION('',(1.,0.,0.));
#1337=DIRECTION('',(0.,0.,-1.));
#1338=DIRECTION('',(-1.,0.,0.));
#1339=DIRECTION('',(0.,0.,1.));
#1340=DIRECTION('',(-1.,0.,0.));
#1341=DIRECTION('',(0.,0.,-1.));
#1342=DIRECTION('',(-1.,0.,0.));
#1343=DIRECTION('',(0.,0.,1.));
#1344=DIRECTION('',(1.,0.,0.));
#1345=DIRECTION('',(0.,0.,-1.));
#1346=DIRECTION('',(-1.,0.,0.));
#1347=DIRECTION('',(0.,0.,1.));
#1348=DIRECTION('',(-1.,0.,0.));
#1349=DIRECTION('',(0.,0.,-1.));
#1350=DIRECTION('',(-1.,0.,0.));
#1351=DIRECTION('',(0.,0.,1.));
#1352=DIRECTION('',(1.,0.,0.));
#1353=DIRECTION('',(0.,0.,-1.));
#1354=DIRECTION('',(-1.,0.,0.));
#1355=DIRECTION('',(0.,0.,-1.));
#1356=DIRECTION('',(-1.,0.,0.));
#1357=DIRECTION('',(0.,0.,1.));
#1358=DIRECTION('',(1.,0.,0.));
#1359=DIRECTION('',(0.,0.,-1.));
#1360=DIRECTION('',(-1.,0.,0.));
#1361=DIRECTION('',(0.,0.,-1.));
#1362=DIRECTION('',(-1.,0.,0.));
#1363=DIRECTION('',(0.,0.,1.));
#1364=DIRECTION('',(-1.,0.,0.));
#1365=DIRECTION('',(0.,0.,1.));
#1366=DIRECTION('',(1.,0.,0.));
#1367=DIRECTION('',(0.,0.,-1.));
#1368=DIRECTION('',(1.,0.,0.));
#1369=DIRECTION('',(0.,0.,1.));
#1370=DIRECTION('',(1.,0.,0.));
#1371=DIRECTION('',(0.,0.,-1.));
#1372=DIRECTION('',(-1.,0.,0.));
#1373=DIRECTION('',(0.,0.,1.));
#1374=DIRECTION('',(1.,0.,0.));
#1375=DIRECTION('',(0.,0.,-1.));
#1376=DIRECTION('',(1.,0.,0.));
#1377=DIRECTION('',(0.,0.,1.));
#1378=DIRECTION('',(1.,0.,0.));
#1379=DIRECTION('',(0.,0.,-1.));
#1380=DIRECTION('',(-1.,0.,0.));
#1381=DIRECTION('',(0.,0.,1.));
#1382=DIRECTION('',(1.,0.,0.));
#1383=DIRECTION('',(0.,0.,-1.));
#1384=DIRECTION('',(1.,0.,0.));
#1385=DIRECTION('',(0.,0.,1.));
#1386=DIRECTION('',(1.,0.,0.));
#1387=DIRECTION('',(0.,0.,-1.));
#1388=DIRECTION('',(-1.,0.,0.));
#1389=DIRECTION('',(0.,0.,1.));
#1390=DIRECTION('',(1.,0.,0.));
#1391=DIRECTION('',(0.,0.,-1.));
#1392=DIRECTION('',(1.,0.,0.));
#1393=DIRECTION('',(0.,0.,1.));
#1394=DIRECTION('',(1.,0.,0.));
#1395=DIRECTION('',(0.,0.,-1.));
#1396=DIRECTION('',(-1.,0.,0.));
#1397=DIRECTION('',(0.,0.,1.));
#1398=DIRECTION('',(1.,0.,0.));
#1399=DIRECTION('',(0.,0.,1.));
#1400=DIRECTION('',(1.,0.,0.));
#1401=DIRECTION('',(0.,0.,-1.));
#1402=DIRECTION('',(-1.,0.,0.));
#1403=DIRECTION('',(0.,0.,1.));
#1404=DIRECTION('',(1.,0.,0.));
#1405=DIRECTION('',(0.,0.,1.));
#1406=DIRECTION('',(1.,0.,0.));
#1407=DIRECTION('',(0.,0.,-1.));
#1408=DIRECTION('',(-1.,0.,0.));
#1409=DIRECTION('',(0.,0.,1.));
#1410=DIRECTION('',(1.,0.,0.));
#1411=DIRECTION('',(0.,0.,1.));
#1412=DIRECTION('',(1.,0.,0.));
#1413=DIRECTION('',(0.,0.,-1.));
#1414=DIRECTION('',(-1.,0.,0.));
#1415=DIRECTION('',(0.,0.,1.));
#1416=DIRECTION('',(1.,0.,0.));
#1417=DIRECTION('',(0.,0.,1.));
#1418=DIRECTION('',(1.,0.,0.));
#1419=DIRECTION('',(0.,0.,-1.));
#1420=DIRECTION('',(0.,-1.,0.));
#1421=DIRECTION('',(0.,0.,-1.));
#1422=DIRECTION('',(0.,1.,0.));
#1423=DIRECTION('',(-1.,0.,-6.93889390390723E-17));
#1424=DIRECTION('',(0.,1.,0.));
#1425=DIRECTION('',(0.,0.,1.));
#1426=CARTESIAN_POINT('',(0.,0.,0.));
#1427=CARTESIAN_POINT('',(-15.,-15.,-51.4487583904587));
#1428=CARTESIAN_POINT('',(-14.4277598745828,-11.9609966147184,-3.57951660265487));
#1429=CARTESIAN_POINT('',(-15.0015102482667,-11.907208358721,-3.60344243922276));
#1430=CARTESIAN_POINT('',(-15.5661991323503,-11.9601699503976,-3.57989705440901));
#1431=CARTESIAN_POINT('',(-16.1108772890428,-12.1138338679639,-3.48363178141185));
#1432=CARTESIAN_POINT('',(-16.5910055225039,-12.3556502408525,-3.25273112773444));
#1433=CARTESIAN_POINT('',(-16.8476576859315,-12.5421195756526,-2.70127949707373));
#1434=CARTESIAN_POINT('',(-16.5913499488118,-12.3558693898526,-2.14713086461959));
#1435=CARTESIAN_POINT('',(-16.112170626641,-12.1145215608213,-1.91707734274641));
#1436=CARTESIAN_POINT('',(-15.5692684033145,-11.9604923536664,-1.82021152197536));
#1437=CARTESIAN_POINT('',(-14.9992020308116,-11.9073315918095,-1.79661761870306));
#1438=CARTESIAN_POINT('',(-14.4332526351619,-11.9601812912915,-1.82013459531771));
#1439=CARTESIAN_POINT('',(-13.8885673894561,-12.1140444692567,-1.9163987370367));
#1440=CARTESIAN_POINT('',(-13.4081163928692,-12.3561944071137,-2.14830652080495));
#1441=CARTESIAN_POINT('',(-13.1527510981431,-12.5418752723597,-2.6982610667904));
#1442=CARTESIAN_POINT('',(-13.4078948842602,-12.3563011188158,-3.25227617772305));
#1443=CARTESIAN_POINT('',(-13.8874531458334,-12.1147896406528,-3.48271028611903));
#1444=CARTESIAN_POINT('',(-14.4277598745828,-11.9609966147184,-3.57951660265487));
#1445=CARTESIAN_POINT('',(-15.0015102482667,-11.907208358721,-3.60344243922276));
#1446=CARTESIAN_POINT('',(-15.5661991323503,-11.9601699503976,-3.57989705440901));
#1447=CARTESIAN_POINT('',(-15.,-11.925,-3.59553056899249));
#1448=CARTESIAN_POINT('',(-15.,-15.,14.88));
#1449=CARTESIAN_POINT('',(-18.075,-15.,14.88));
#1450=CARTESIAN_POINT('',(-15.,-15.,-8.56));
#1451=CARTESIAN_POINT('',(-11.925,-15.,-8.56));
#1452=CARTESIAN_POINT('',(-14.4277598745834,-11.9609966147183,8.14048339734575));
#1453=CARTESIAN_POINT('',(-15.0015102482667,-11.907208358721,8.11655756077781));
#1454=CARTESIAN_POINT('',(-15.5661991323497,-11.9601699503975,8.14010294559161));
#1455=CARTESIAN_POINT('',(-16.1108772890416,-12.1138338679635,8.23636821858883));
#1456=CARTESIAN_POINT('',(-16.5910055225023,-12.3556502408516,8.46726887226613));
#1457=CARTESIAN_POINT('',(-16.8476576859298,-12.5421195756513,9.01872050292628));
#1458=CARTESIAN_POINT('',(-16.5913499488102,-12.3558693898517,9.57286913537983));
#1459=CARTESIAN_POINT('',(-16.1121706266398,-12.1145215608209,9.80292265725292));
#1460=CARTESIAN_POINT('',(-15.5692684033139,-11.9604923536663,9.89978847802402));
#1461=CARTESIAN_POINT('',(-14.9992020308116,-11.9073315918095,9.92338238129635));
#1462=CARTESIAN_POINT('',(-14.4332526351625,-11.9601812912914,9.89986540468167));
#1463=CARTESIAN_POINT('',(-13.8885673894573,-12.1140444692563,9.80360126296262));
#1464=CARTESIAN_POINT('',(-13.4081163928708,-12.3561944071128,9.57169347919447));
#1465=CARTESIAN_POINT('',(-13.1527510981448,-12.5418752723584,9.02173893320958));
#1466=CARTESIAN_POINT('',(-13.4078948842618,-12.3563011188149,8.46772382227752));
#1467=CARTESIAN_POINT('',(-13.8874531458345,-12.1147896406524,8.23728971388164));
#1468=CARTESIAN_POINT('',(-14.4277598745834,-11.9609966147183,8.14048339734575));
#1469=CARTESIAN_POINT('',(-15.0015102482667,-11.907208358721,8.11655756077781));
#1470=CARTESIAN_POINT('',(-15.5661991323497,-11.9601699503975,8.14010294559161));
#1471=CARTESIAN_POINT('',(-15.,-11.925,8.1244694310081));
#1472=CARTESIAN_POINT('',(-15.,15.,-51.4487583904587));
#1473=CARTESIAN_POINT('',(-15.5722401254172,11.9609966147184,8.14048339734514));
#1474=CARTESIAN_POINT('',(-14.9984897517333,11.907208358721,8.11655756077724));
#1475=CARTESIAN_POINT('',(-14.4338008676497,11.9601699503976,8.140102945591));
#1476=CARTESIAN_POINT('',(-13.8891227109572,12.1138338679638,8.23636821858816));
#1477=CARTESIAN_POINT('',(-13.4089944774961,12.3556502408525,8.46726887226556));
#1478=CARTESIAN_POINT('',(-13.1523423140685,12.5421195756526,9.01872050292627));
#1479=CARTESIAN_POINT('',(-13.4086500511882,12.3558693898526,9.57286913538041));
#1480=CARTESIAN_POINT('',(-13.887829373359,12.1145215608213,9.80292265725359));
#1481=CARTESIAN_POINT('',(-14.4307315966855,11.9604923536664,9.89978847802463));
#1482=CARTESIAN_POINT('',(-15.0007979691883,11.9073315918095,9.92338238129693));
#1483=CARTESIAN_POINT('',(-15.5667473648381,11.9601812912915,9.89986540468228));
#1484=CARTESIAN_POINT('',(-16.1114326105438,12.1140444692567,9.80360126296329));
#1485=CARTESIAN_POINT('',(-16.5918836071308,12.3561944071137,9.57169347919505));
#1486=CARTESIAN_POINT('',(-16.8472489018569,12.5418752723597,9.02173893320959));
#1487=CARTESIAN_POINT('',(-16.5921051157397,12.3563011188158,8.46772382227696));
#1488=CARTESIAN_POINT('',(-16.1125468541666,12.1147896406528,8.23728971388098));
#1489=CARTESIAN_POINT('',(-15.5722401254172,11.9609966147184,8.14048339734514));
#1490=CARTESIAN_POINT('',(-14.9984897517333,11.907208358721,8.11655756077724));
#1491=CARTESIAN_POINT('',(-14.4338008676497,11.9601699503976,8.140102945591));
#1492=CARTESIAN_POINT('',(-15.,11.925,8.12446943100752));
#1493=CARTESIAN_POINT('',(-15.,15.,14.88));
#1494=CARTESIAN_POINT('',(-18.075,15.,14.88));
#1495=CARTESIAN_POINT('',(-15.,15.,-8.56));
#1496=CARTESIAN_POINT('',(-11.925,15.,-8.56));
#1497=CARTESIAN_POINT('',(-15.5722401254172,11.9609966147184,-3.57951660265486));
#1498=CARTESIAN_POINT('',(-14.9984897517333,11.907208358721,-3.60344243922276));
#1499=CARTESIAN_POINT('',(-14.4338008676497,11.9601699503976,-3.579897054409));
#1500=CARTESIAN_POINT('',(-13.8891227109572,12.1138338679638,-3.48363178141184));
#1501=CARTESIAN_POINT('',(-13.4089944774961,12.3556502408525,-3.25273112773444));
#1502=CARTESIAN_POINT('',(-13.1523423140685,12.5421195756526,-2.70127949707373));
#1503=CARTESIAN_POINT('',(-13.4086500511882,12.3558693898526,-2.14713086461959));
#1504=CARTESIAN_POINT('',(-13.887829373359,12.1145215608213,-1.91707734274641));
#1505=CARTESIAN_POINT('',(-14.4307315966855,11.9604923536664,-1.82021152197536));
#1506=CARTESIAN_POINT('',(-15.0007979691884,11.9073315918095,-1.79661761870307));
#1507=CARTESIAN_POINT('',(-15.5667473648381,11.9601812912915,-1.82013459531771));
#1508=CARTESIAN_POINT('',(-16.1114326105438,12.1140444692567,-1.91639873703671));
#1509=CARTESIAN_POINT('',(-16.5918836071308,12.3561944071137,-2.14830652080495));
#1510=CARTESIAN_POINT('',(-16.8472489018569,12.5418752723597,-2.69826106679041));
#1511=CARTESIAN_POINT('',(-16.5921051157398,12.3563011188158,-3.25227617772304));
#1512=CARTESIAN_POINT('',(-16.1125468541666,12.1147896406528,-3.48271028611902));
#1513=CARTESIAN_POINT('',(-15.5722401254172,11.9609966147184,-3.57951660265486));
#1514=CARTESIAN_POINT('',(-14.9984897517333,11.907208358721,-3.60344243922276));
#1515=CARTESIAN_POINT('',(-14.4338008676497,11.9601699503976,-3.579897054409));
#1516=CARTESIAN_POINT('',(-15.,11.925,-3.59553056899248));
#1517=CARTESIAN_POINT('',(15.,-15.,-51.4487583904587));
#1518=CARTESIAN_POINT('',(15.5722401254172,-11.9609966147184,-3.57951660265487));
#1519=CARTESIAN_POINT('',(14.9984897517333,-11.907208358721,-3.60344243922276));
#1520=CARTESIAN_POINT('',(14.4338008676497,-11.9601699503976,-3.57989705440901));
#1521=CARTESIAN_POINT('',(13.8891227109572,-12.1138338679639,-3.48363178141184));
#1522=CARTESIAN_POINT('',(13.4089944774961,-12.3556502408525,-3.25273112773444));
#1523=CARTESIAN_POINT('',(13.1523423140685,-12.5421195756526,-2.70127949707373));
#1524=CARTESIAN_POINT('',(13.4086500511882,-12.3558693898526,-2.14713086461959));
#1525=CARTESIAN_POINT('',(13.887829373359,-12.1145215608213,-1.91707734274641));
#1526=CARTESIAN_POINT('',(14.4307315966855,-11.9604923536664,-1.82021152197536));
#1527=CARTESIAN_POINT('',(15.0007979691884,-11.9073315918095,-1.79661761870307));
#1528=CARTESIAN_POINT('',(15.5667473648381,-11.9601812912915,-1.82013459531771));
#1529=CARTESIAN_POINT('',(16.1114326105438,-12.1140444692567,-1.91639873703671));
#1530=CARTESIAN_POINT('',(16.5918836071308,-12.3561944071137,-2.14830652080495));
#1531=CARTESIAN_POINT('',(16.8472489018569,-12.5418752723597,-2.69826106679041));
#1532=CARTESIAN_POINT('',(16.5921051157398,-12.3563011188158,-3.25227617772304));
#1533=CARTESIAN_POINT('',(16.1125468541666,-12.1147896406528,-3.48271028611902));
#1534=CARTESIAN_POINT('',(15.5722401254172,-11.9609966147184,-3.57951660265487));
#1535=CARTESIAN_POINT('',(14.9984897517333,-11.907208358721,-3.60344243922276));
#1536=CARTESIAN_POINT('',(14.4338008676497,-11.9601699503976,-3.57989705440901));
#1537=CARTESIAN_POINT('',(15.,-11.925,-3.59553056899249));
#1538=CARTESIAN_POINT('',(15.,-15.,14.88));
#1539=CARTESIAN_POINT('',(11.925,-15.,14.88));
#1540=CARTESIAN_POINT('',(15.,-15.,-8.56));
#1541=CARTESIAN_POINT('',(18.075,-15.,-8.56));
#1542=CARTESIAN_POINT('',(15.5722401254166,-11.9609966147183,8.14048339734575));
#1543=CARTESIAN_POINT('',(14.9984897517333,-11.907208358721,8.11655756077783));
#1544=CARTESIAN_POINT('',(14.4338008676503,-11.9601699503975,8.14010294559161));
#1545=CARTESIAN_POINT('',(13.8891227109584,-12.1138338679635,8.23636821858884));
#1546=CARTESIAN_POINT('',(13.4089944774977,-12.3556502408516,8.46726887226614));
#1547=CARTESIAN_POINT('',(13.1523423140703,-12.5421195756513,9.01872050292627));
#1548=CARTESIAN_POINT('',(13.4086500511898,-12.3558693898517,9.57286913537983));
#1549=CARTESIAN_POINT('',(13.8878293733602,-12.1145215608209,9.80292265725292));
#1550=CARTESIAN_POINT('',(14.4307315966861,-11.9604923536663,9.89978847802402));
#1551=CARTESIAN_POINT('',(15.0007979691884,-11.9073315918095,9.92338238129635));
#1552=CARTESIAN_POINT('',(15.5667473648375,-11.9601812912914,9.89986540468167));
#1553=CARTESIAN_POINT('',(16.1114326105427,-12.1140444692563,9.80360126296261));
#1554=CARTESIAN_POINT('',(16.5918836071292,-12.3561944071128,9.57169347919447));
#1555=CARTESIAN_POINT('',(16.8472489018552,-12.5418752723584,9.02173893320958));
#1556=CARTESIAN_POINT('',(16.5921051157381,-12.3563011188149,8.46772382227752));
#1557=CARTESIAN_POINT('',(16.1125468541655,-12.1147896406524,8.23728971388165));
#1558=CARTESIAN_POINT('',(15.5722401254166,-11.9609966147183,8.14048339734575));
#1559=CARTESIAN_POINT('',(14.9984897517333,-11.907208358721,8.11655756077783));
#1560=CARTESIAN_POINT('',(14.4338008676503,-11.9601699503975,8.14010294559161));
#1561=CARTESIAN_POINT('',(15.,-11.925,8.12446943100811));
#1562=CARTESIAN_POINT('',(15.,15.,-17.9893185746609));
#1563=CARTESIAN_POINT('',(14.4277598745828,11.9609966147184,8.14048339734514));
#1564=CARTESIAN_POINT('',(15.0015102482667,11.907208358721,8.11655756077724));
#1565=CARTESIAN_POINT('',(15.5661991323503,11.9601699503976,8.140102945591));
#1566=CARTESIAN_POINT('',(16.1108772890428,12.1138338679638,8.23636821858816));
#1567=CARTESIAN_POINT('',(16.5910055225039,12.3556502408525,8.46726887226556));
#1568=CARTESIAN_POINT('',(16.8476576859315,12.5421195756526,9.01872050292627));
#1569=CARTESIAN_POINT('',(16.5913499488118,12.3558693898526,9.5728691353804));
#1570=CARTESIAN_POINT('',(16.112170626641,12.1145215608213,9.80292265725359));
#1571=CARTESIAN_POINT('',(15.5692684033145,11.9604923536664,9.89978847802463));
#1572=CARTESIAN_POINT('',(14.9992020308116,11.9073315918095,9.92338238129693));
#1573=CARTESIAN_POINT('',(14.4332526351619,11.9601812912915,9.89986540468228));
#1574=CARTESIAN_POINT('',(13.8885673894562,12.1140444692567,9.80360126296329));
#1575=CARTESIAN_POINT('',(13.4081163928692,12.3561944071137,9.57169347919504));
#1576=CARTESIAN_POINT('',(13.1527510981431,12.5418752723597,9.0217389332096));
#1577=CARTESIAN_POINT('',(13.4078948842603,12.3563011188158,8.46772382227696));
#1578=CARTESIAN_POINT('',(13.8874531458334,12.1147896406528,8.23728971388098));
#1579=CARTESIAN_POINT('',(14.4277598745828,11.9609966147184,8.14048339734514));
#1580=CARTESIAN_POINT('',(15.0015102482667,11.907208358721,8.11655756077724));
#1581=CARTESIAN_POINT('',(15.5661991323503,11.9601699503976,8.140102945591));
#1582=CARTESIAN_POINT('',(15.,11.925,8.12446943100752));
#1583=CARTESIAN_POINT('',(15.,15.,-8.56));
#1584=CARTESIAN_POINT('',(18.075,15.,-8.56));
#1585=CARTESIAN_POINT('',(15.,15.,14.88));
#1586=CARTESIAN_POINT('',(18.075,15.,14.88));
#1587=CARTESIAN_POINT('',(14.4277598745828,11.9609966147184,-3.57951660265486));
#1588=CARTESIAN_POINT('',(15.0015102482667,11.907208358721,-3.60344243922276));
#1589=CARTESIAN_POINT('',(15.5661991323503,11.9601699503976,-3.579897054409));
#1590=CARTESIAN_POINT('',(16.1108772890428,12.1138338679638,-3.48363178141184));
#1591=CARTESIAN_POINT('',(16.5910055225039,12.3556502408525,-3.25273112773443));
#1592=CARTESIAN_POINT('',(16.8476576859315,12.5421195756526,-2.70127949707373));
#1593=CARTESIAN_POINT('',(16.5913499488118,12.3558693898526,-2.1471308646196));
#1594=CARTESIAN_POINT('',(16.112170626641,12.1145215608213,-1.91707734274641));
#1595=CARTESIAN_POINT('',(15.5692684033145,11.9604923536664,-1.82021152197536));
#1596=CARTESIAN_POINT('',(14.9992020308116,11.9073315918095,-1.79661761870307));
#1597=CARTESIAN_POINT('',(14.4332526351619,11.9601812912915,-1.82013459531772));
#1598=CARTESIAN_POINT('',(13.8885673894562,12.1140444692567,-1.91639873703671));
#1599=CARTESIAN_POINT('',(13.4081163928692,12.3561944071137,-2.14830652080496));
#1600=CARTESIAN_POINT('',(13.1527510981431,12.5418752723597,-2.6982610667904));
#1601=CARTESIAN_POINT('',(13.4078948842603,12.3563011188158,-3.25227617772304));
#1602=CARTESIAN_POINT('',(13.8874531458334,12.1147896406528,-3.48271028611902));
#1603=CARTESIAN_POINT('',(14.4277598745828,11.9609966147184,-3.57951660265486));
#1604=CARTESIAN_POINT('',(15.0015102482667,11.907208358721,-3.60344243922276));
#1605=CARTESIAN_POINT('',(15.5661991323503,11.9601699503976,-3.579897054409));
#1606=CARTESIAN_POINT('',(15.,11.925,-3.59553056899248));
#1607=CARTESIAN_POINT('',(0.,0.,40.88));
#1608=CARTESIAN_POINT('',(0.,0.,33.2396607674052));
#1609=CARTESIAN_POINT('',(12.8397,0.,33.2396607674052));
#1610=CARTESIAN_POINT('',(12.8397,0.,43.35625));
#1611=CARTESIAN_POINT('',(12.8397,-2.93057773812721,43.3335714285714));
#1612=CARTESIAN_POINT('',(11.5681699732067,-5.57093704514771,43.3108928571429));
#1613=CARTESIAN_POINT('',(10.2966399464134,-8.21129635216821,43.2882142857143));
#1614=CARTESIAN_POINT('',(8.00542200892558,-10.0384816854448,43.2655357142857));
#1615=CARTESIAN_POINT('',(5.71420407143778,-11.8656670187213,43.2428571428571));
#1616=CARTESIAN_POINT('',(2.85710203571889,-12.517781914041,43.2201785714286));
#1617=CARTESIAN_POINT('',(8.06423598634221E-16,-13.1698968093606,43.1975));
#1618=CARTESIAN_POINT('',(-2.85710203571889,-12.517781914041,43.1748214285714));
#1619=CARTESIAN_POINT('',(-5.71420407143778,-11.8656670187213,43.1521428571429));
#1620=CARTESIAN_POINT('',(-8.00542200892558,-10.0384816854448,43.1294642857143));
#1621=CARTESIAN_POINT('',(-10.2966399464134,-8.21129635216821,43.1067857142857));
#1622=CARTESIAN_POINT('',(-11.5681699732067,-5.57093704514771,43.0841071428571));
#1623=CARTESIAN_POINT('',(-12.8397,-2.93057773812721,43.0614285714286));
#1624=CARTESIAN_POINT('',(-12.8397,-1.57240975070123E-15,43.03875));
#1625=CARTESIAN_POINT('',(-12.8397,2.93057773812721,43.0160714285714));
#1626=CARTESIAN_POINT('',(-11.5681699732067,5.57093704514771,42.9933928571429));
#1627=CARTESIAN_POINT('',(-10.2966399464134,8.21129635216821,42.9707142857143));
#1628=CARTESIAN_POINT('',(-8.00542200892558,10.0384816854448,42.9480357142857));
#1629=CARTESIAN_POINT('',(-5.71420407143778,11.8656670187213,42.9253571428571));
#1630=CARTESIAN_POINT('',(-2.85710203571889,12.517781914041,42.9026785714286));
#1631=CARTESIAN_POINT('',(-2.41927079590266E-15,13.1698968093606,42.88));
#1632=CARTESIAN_POINT('',(2.85710203571889,12.517781914041,42.8573214285714));
#1633=CARTESIAN_POINT('',(5.71420407143778,11.8656670187213,42.8346428571429));
#1634=CARTESIAN_POINT('',(8.00542200892558,10.0384816854448,42.8119642857143));
#1635=CARTESIAN_POINT('',(10.2966399464134,8.21129635216822,42.7892857142857));
#1636=CARTESIAN_POINT('',(11.5681699732067,5.57093704514771,42.7666071428571));
#1637=CARTESIAN_POINT('',(12.8397,2.93057773812721,42.7439285714286));
#1638=CARTESIAN_POINT('',(12.8397,3.14481950140245E-15,42.72125));
#1639=CARTESIAN_POINT('',(12.8397,-2.9305777381272,42.6985714285714));
#1640=CARTESIAN_POINT('',(11.5681699732067,-5.57093704514771,42.6758928571429));
#1641=CARTESIAN_POINT('',(10.2966399464134,-8.21129635216821,42.6532142857143));
#1642=CARTESIAN_POINT('',(8.00542200892558,-10.0384816854448,42.6305357142857));
#1643=CARTESIAN_POINT('',(5.71420407143778,-11.8656670187213,42.6078571428571));
#1644=CARTESIAN_POINT('',(2.85710203571889,-12.517781914041,42.5851785714286));
#1645=CARTESIAN_POINT('',(4.0321179931711E-15,-13.1698968093606,42.5625));
#1646=CARTESIAN_POINT('',(-2.85710203571889,-12.517781914041,42.5398214285714));
#1647=CARTESIAN_POINT('',(-5.71420407143778,-11.8656670187213,42.5171428571429));
#1648=CARTESIAN_POINT('',(-8.00542200892558,-10.0384816854448,42.4944642857143));
#1649=CARTESIAN_POINT('',(-10.2966399464134,-8.21129635216822,42.4717857142857));
#1650=CARTESIAN_POINT('',(-11.5681699732067,-5.57093704514772,42.4491071428571));
#1651=CARTESIAN_POINT('',(-12.8397,-2.93057773812721,42.4264285714286));
#1652=CARTESIAN_POINT('',(-12.8397,-4.71722925210368E-15,42.40375));
#1653=CARTESIAN_POINT('',(-12.8397,2.9305777381272,42.3810714285714));
#1654=CARTESIAN_POINT('',(-11.5681699732067,5.57093704514771,42.3583928571429));
#1655=CARTESIAN_POINT('',(-10.2966399464134,8.21129635216821,42.3357142857143));
#1656=CARTESIAN_POINT('',(-8.00542200892558,10.0384816854448,42.3130357142857));
#1657=CARTESIAN_POINT('',(-5.71420407143778,11.8656670187213,42.2903571428571));
#1658=CARTESIAN_POINT('',(-2.8571020357189,12.517781914041,42.2676785714286));
#1659=CARTESIAN_POINT('',(-5.64496519043954E-15,13.1698968093606,42.245));
#1660=CARTESIAN_POINT('',(2.85710203571888,12.517781914041,42.2223214285714));
#1661=CARTESIAN_POINT('',(5.71420407143777,11.8656670187213,42.1996428571429));
#1662=CARTESIAN_POINT('',(8.00542200892558,10.0384816854448,42.1769642857143));
#1663=CARTESIAN_POINT('',(10.2966399464134,8.21129635216822,42.1542857142857));
#1664=CARTESIAN_POINT('',(11.5681699732067,5.57093704514772,42.1316071428571));
#1665=CARTESIAN_POINT('',(12.8397,2.93057773812721,42.1089285714286));
#1666=CARTESIAN_POINT('',(12.8397,6.28963900280491E-15,42.08625));
#1667=CARTESIAN_POINT('',(12.8397,-2.9305777381272,42.0635714285714));
#1668=CARTESIAN_POINT('',(11.5681699732067,-5.5709370451477,42.0408928571429));
#1669=CARTESIAN_POINT('',(10.2966399464134,-8.21129635216821,42.0182142857143));
#1670=CARTESIAN_POINT('',(8.00542200892558,-10.0384816854448,41.9955357142857));
#1671=CARTESIAN_POINT('',(5.71420407143779,-11.8656670187213,41.9728571428571));
#1672=CARTESIAN_POINT('',(2.8571020357189,-12.517781914041,41.9501785714286));
#1673=CARTESIAN_POINT('',(7.25781238770799E-15,-13.1698968093606,41.9275));
#1674=CARTESIAN_POINT('',(-2.85710203571888,-12.517781914041,41.9048214285714));
#1675=CARTESIAN_POINT('',(-5.71420407143777,-11.8656670187213,41.8821428571429));
#1676=CARTESIAN_POINT('',(-8.00542200892557,-10.0384816854448,41.8594642857143));
#1677=CARTESIAN_POINT('',(-10.2966399464134,-8.21129635216822,41.8367857142857));
#1678=CARTESIAN_POINT('',(-11.5681699732067,-5.57093704514772,41.8141071428571));
#1679=CARTESIAN_POINT('',(-12.8397,-2.93057773812722,41.7914285714286));
#1680=CARTESIAN_POINT('',(-12.8397,-7.86204875350613E-15,41.76875));
#1681=CARTESIAN_POINT('',(-12.8397,2.9305777381272,41.7460714285714));
#1682=CARTESIAN_POINT('',(-11.5681699732067,5.5709370451477,41.7233928571429));
#1683=CARTESIAN_POINT('',(-10.2966399464134,8.21129635216819,41.7007142857143));
#1684=CARTESIAN_POINT('',(-8.00542200892559,10.0384816854448,41.6780357142857));
#1685=CARTESIAN_POINT('',(-5.71420407143777,11.8656670187213,41.6553571428571));
#1686=CARTESIAN_POINT('',(-2.8571020357189,12.517781914041,41.6326785714286));
#1687=CARTESIAN_POINT('',(-3.22650958564797E-14,13.1698968093606,41.61));
#1688=CARTESIAN_POINT('',(2.85710203571888,12.517781914041,41.5873214285714));
#1689=CARTESIAN_POINT('',(5.71420407143779,11.8656670187213,41.5646428571429));
#1690=CARTESIAN_POINT('',(8.00542200892557,10.0384816854448,41.5419642857143));
#1691=CARTESIAN_POINT('',(10.2966399464134,8.21129635216824,41.5192857142857));
#1692=CARTESIAN_POINT('',(11.5681699732067,5.57093704514772,41.4966071428571));
#1693=CARTESIAN_POINT('',(12.8397,2.93057773812719,41.4739285714286));
#1694=CARTESIAN_POINT('',(12.8397,9.43445850420736E-15,41.45125));
#1695=CARTESIAN_POINT('',(12.8397,-2.93057773812718,41.4285714285714));
#1696=CARTESIAN_POINT('',(11.5681699732067,-5.5709370451477,41.4058928571429));
#1697=CARTESIAN_POINT('',(10.2966399464134,-8.21129635216822,41.3832142857143));
#1698=CARTESIAN_POINT('',(8.00542200892559,-10.0384816854448,41.3605357142857));
#1699=CARTESIAN_POINT('',(5.71420407143781,-11.8656670187213,41.3378571428571));
#1700=CARTESIAN_POINT('',(2.8571020357189,-12.517781914041,41.3151785714286));
#1701=CARTESIAN_POINT('',(-1.29109294892584E-14,-13.1698968093606,41.2925));
#1702=CARTESIAN_POINT('',(-2.85710203571888,-12.517781914041,41.2698214285714));
#1703=CARTESIAN_POINT('',(-5.71420407143775,-11.8656670187213,41.2471428571429));
#1704=CARTESIAN_POINT('',(-8.00542200892557,-10.0384816854448,41.2244642857143));
#1705=CARTESIAN_POINT('',(-10.2966399464134,-8.2112963521682,41.2017857142857));
#1706=CARTESIAN_POINT('',(-11.5681699732067,-5.57093704514772,41.1791071428571));
#1707=CARTESIAN_POINT('',(-12.8397,-2.93057773812724,41.1564285714286));
#1708=CARTESIAN_POINT('',(-12.8397,-1.10068682549086E-14,41.13375));
#1709=CARTESIAN_POINT('',(-12.8397,2.93057773812722,41.1110714285714));
#1710=CARTESIAN_POINT('',(-11.5681699732067,5.5709370451477,41.0883928571429));
#1711=CARTESIAN_POINT('',(-10.2966399464134,8.21129635216819,41.0657142857143));
#1712=CARTESIAN_POINT('',(-8.00542200892559,10.0384816854448,41.0430357142857));
#1713=CARTESIAN_POINT('',(-5.71420407143777,11.8656670187213,41.0203571428571));
#1714=CARTESIAN_POINT('',(-2.8571020357189,12.517781914041,40.9976785714286));
#1715=CARTESIAN_POINT('',(-3.54907902510166E-14,13.1698968093606,40.975));
#1716=CARTESIAN_POINT('',(2.85710203571888,12.517781914041,40.9523214285714));
#1717=CARTESIAN_POINT('',(5.71420407143779,11.8656670187213,40.9296428571429));
#1718=CARTESIAN_POINT('',(8.00542200892557,10.0384816854448,40.9069642857143));
#1719=CARTESIAN_POINT('',(10.2966399464134,8.21129635216824,40.8842857142857));
#1720=CARTESIAN_POINT('',(11.5681699732067,5.57093704514772,40.8616071428571));
#1721=CARTESIAN_POINT('',(12.8397,2.9305777381272,40.8389285714286));
#1722=CARTESIAN_POINT('',(12.8397,1.25792780056098E-14,40.81625));
#1723=CARTESIAN_POINT('',(12.8397,-2.93057773812717,40.7935714285714));
#1724=CARTESIAN_POINT('',(11.5681699732067,-5.5709370451477,40.7708928571429));
#1725=CARTESIAN_POINT('',(10.2966399464134,-8.21129635216822,40.7482142857143));
#1726=CARTESIAN_POINT('',(8.00542200892559,-10.0384816854448,40.7255357142857));
#1727=CARTESIAN_POINT('',(5.71420407143781,-11.8656670187213,40.7028571428571));
#1728=CARTESIAN_POINT('',(2.8571020357189,-12.517781914041,40.6801785714286));
#1729=CARTESIAN_POINT('',(-9.6852350947215E-15,-13.1698968093606,40.6575));
#1730=CARTESIAN_POINT('',(-2.85710203571888,-12.517781914041,40.6348214285714));
#1731=CARTESIAN_POINT('',(-5.71420407143775,-11.8656670187213,40.6121428571429));
#1732=CARTESIAN_POINT('',(-8.00542200892557,-10.0384816854448,40.5894642857143));
#1733=CARTESIAN_POINT('',(-10.2966399464134,-8.2112963521682,40.5667857142857));
#1734=CARTESIAN_POINT('',(-11.5681699732067,-5.57093704514772,40.5441071428571));
#1735=CARTESIAN_POINT('',(-12.8397,-2.93057773812724,40.5214285714286));
#1736=CARTESIAN_POINT('',(-12.8397,-1.4151687756311E-14,40.49875));
#1737=CARTESIAN_POINT('',(-12.8397,2.93057773812722,40.4760714285714));
#1738=CARTESIAN_POINT('',(-11.5681699732067,5.5709370451477,40.4533928571429));
#1739=CARTESIAN_POINT('',(-10.2966399464134,8.21129635216818,40.4307142857143));
#1740=CARTESIAN_POINT('',(-8.00542200892559,10.0384816854448,40.4080357142857));
#1741=CARTESIAN_POINT('',(-5.71420407143777,11.8656670187213,40.3853571428571));
#1742=CARTESIAN_POINT('',(-2.8571020357189,12.517781914041,40.3626785714286));
#1743=CARTESIAN_POINT('',(-3.87164846455534E-14,13.1698968093606,40.34));
#1744=CARTESIAN_POINT('',(2.85710203571888,12.517781914041,40.3173214285714));
#1745=CARTESIAN_POINT('',(5.71420407143779,11.8656670187213,40.2946428571429));
#1746=CARTESIAN_POINT('',(8.00542200892557,10.0384816854448,40.2719642857143));
#1747=CARTESIAN_POINT('',(10.2966399464134,8.21129635216824,40.2492857142857));
#1748=CARTESIAN_POINT('',(11.5681699732067,5.57093704514772,40.2266071428571));
#1749=CARTESIAN_POINT('',(12.8397,2.9305777381272,40.2039285714286));
#1750=CARTESIAN_POINT('',(12.8397,1.57240975070123E-14,40.18125));
#1751=CARTESIAN_POINT('',(12.8397,-2.93057773812717,40.1585714285714));
#1752=CARTESIAN_POINT('',(11.5681699732067,-5.5709370451477,40.1358928571429));
#1753=CARTESIAN_POINT('',(10.2966399464134,-8.21129635216822,40.1132142857143));
#1754=CARTESIAN_POINT('',(8.00542200892559,-10.0384816854448,40.0905357142857));
#1755=CARTESIAN_POINT('',(5.71420407143782,-11.8656670187213,40.0678571428571));
#1756=CARTESIAN_POINT('',(2.85710203571895,-12.5177819140409,40.0451785714286));
#1757=CARTESIAN_POINT('',(-6.45954070018463E-15,-13.1698968093606,40.0225));
#1758=CARTESIAN_POINT('',(-2.85710203571887,-12.517781914041,39.9998214285714));
#1759=CARTESIAN_POINT('',(-5.71420407143774,-11.8656670187213,39.9771428571429));
#1760=CARTESIAN_POINT('',(-8.0054220089256,-10.0384816854447,39.9544642857143));
#1761=CARTESIAN_POINT('',(-10.2966399464134,-8.21129635216821,39.9317857142857));
#1762=CARTESIAN_POINT('',(-11.5681699732067,-5.57093704514773,39.9091071428571));
#1763=CARTESIAN_POINT('',(-12.8397,-2.93057773812725,39.8864285714286));
#1764=CARTESIAN_POINT('',(-12.8397,-6.29122850794083E-14,39.86375));
#1765=CARTESIAN_POINT('',(-12.8397,2.93057773812721,39.8410714285714));
#1766=CARTESIAN_POINT('',(-11.5681699732067,5.5709370451477,39.8183928571429));
#1767=CARTESIAN_POINT('',(-10.2966399464134,8.21129635216818,39.7957142857143));
#1768=CARTESIAN_POINT('',(-8.00542200892556,10.0384816854448,39.7730357142857));
#1769=CARTESIAN_POINT('',(-5.71420407143778,11.8656670187213,39.7503571428571));
#1770=CARTESIAN_POINT('',(-2.85710203571891,12.517781914041,39.7276785714286));
#1771=CARTESIAN_POINT('',(-4.19421790400903E-14,13.1698968093606,39.705));
#1772=CARTESIAN_POINT('',(2.85710203571883,12.517781914041,39.6823214285714));
#1773=CARTESIAN_POINT('',(5.71420407143778,11.8656670187213,39.6596428571428));
#1774=CARTESIAN_POINT('',(8.00542200892557,10.0384816854448,39.6369642857143));
#1775=CARTESIAN_POINT('',(10.2966399464134,8.21129635216825,39.6142857142857));
#1776=CARTESIAN_POINT('',(11.5681699732067,5.57093704514769,39.5916071428571));
#1777=CARTESIAN_POINT('',(12.8397,2.9305777381272,39.5689285714286));
#1778=CARTESIAN_POINT('',(12.8397,1.88689170084147E-14,39.54625));
#1779=CARTESIAN_POINT('',(12.8397,-2.93057773812717,39.5235714285714));
#1780=CARTESIAN_POINT('',(11.5681699732067,-5.57093704514765,39.5008928571429));
#1781=CARTESIAN_POINT('',(10.2966399464134,-8.21129635216822,39.4782142857143));
#1782=CARTESIAN_POINT('',(8.00542200892559,-10.0384816854447,39.4555357142857));
#1783=CARTESIAN_POINT('',(5.71420407143782,-11.8656670187213,39.4328571428571));
#1784=CARTESIAN_POINT('',(2.85710203571886,-12.517781914041,39.4101785714286));
#1785=CARTESIAN_POINT('',(-3.23384630564774E-15,-13.1698968093606,39.3875));
#1786=CARTESIAN_POINT('',(-2.85710203571887,-12.517781914041,39.3648214285714));
#1787=CARTESIAN_POINT('',(-5.71420407143774,-11.8656670187213,39.3421428571429));
#1788=CARTESIAN_POINT('',(-8.00542200892553,-10.0384816854448,39.3194642857143));
#1789=CARTESIAN_POINT('',(-10.2966399464134,-8.21129635216821,39.2967857142857));
#1790=CARTESIAN_POINT('',(-11.5681699732067,-5.57093704514773,39.2741071428571));
#1791=CARTESIAN_POINT('',(-12.8397,-2.93057773812725,39.2514285714286));
#1792=CARTESIAN_POINT('',(-12.8397,2.51744510625788E-14,39.22875));
#1793=CARTESIAN_POINT('',(-12.8397,2.93057773812721,39.2060714285714));
#1794=CARTESIAN_POINT('',(-11.5681699732067,5.57093704514769,39.1833928571429));
#1795=CARTESIAN_POINT('',(-10.2966399464134,8.21129635216818,39.1607142857143));
#1796=CARTESIAN_POINT('',(-8.00542200892563,10.0384816854447,39.1380357142857));
#1797=CARTESIAN_POINT('',(-5.71420407143778,11.8656670187213,39.1153571428571));
#1798=CARTESIAN_POINT('',(-2.85710203571891,12.517781914041,39.0926785714286));
#1799=CARTESIAN_POINT('',(-4.51678734346272E-14,13.1698968093606,39.07));
#1800=CARTESIAN_POINT('',(2.85710203571891,12.517781914041,39.0473214285714));
#1801=CARTESIAN_POINT('',(5.71420407143778,11.8656670187213,39.0246428571429));
#1802=CARTESIAN_POINT('',(8.00542200892556,10.0384816854448,39.0019642857143));
#1803=CARTESIAN_POINT('',(10.2966399464134,8.21129635216825,38.9792857142857));
#1804=CARTESIAN_POINT('',(11.5681699732067,5.57093704514777,38.9566071428571));
#1805=CARTESIAN_POINT('',(12.8397,2.93057773812721,38.9339285714286));
#1806=CARTESIAN_POINT('',(12.8397,2.20137365098172E-14,38.91125));
#1807=CARTESIAN_POINT('',(12.8397,-2.93057773812716,38.8885714285714));
#1808=CARTESIAN_POINT('',(11.5681699732067,-5.57093704514773,38.8658928571429));
#1809=CARTESIAN_POINT('',(10.2966399464134,-8.21129635216821,38.8432142857143));
#1810=CARTESIAN_POINT('',(8.0054220089256,-10.0384816854447,38.8205357142857));
#1811=CARTESIAN_POINT('',(5.71420407143782,-11.8656670187213,38.7978571428571));
#1812=CARTESIAN_POINT('',(2.85710203571896,-12.5177819140409,38.7751785714286));
#1813=CARTESIAN_POINT('',(-8.15191111086101E-18,-13.1698968093606,38.7525));
#1814=CARTESIAN_POINT('',(-2.85710203571887,-12.517781914041,38.7298214285714));
#1815=CARTESIAN_POINT('',(-5.71420407143774,-11.8656670187213,38.7071428571429));
#1816=CARTESIAN_POINT('',(-8.0054220089256,-10.0384816854447,38.6844642857143));
#1817=CARTESIAN_POINT('',(-10.2966399464134,-8.21129635216821,38.6617857142857));
#1818=CARTESIAN_POINT('',(-11.5681699732067,-5.57093704514773,38.6391071428571));
#1819=CARTESIAN_POINT('',(-12.8397,-2.93057773812725,38.6164285714286));
#1820=CARTESIAN_POINT('',(-12.8397,-6.92019240822132E-14,38.59375));
#1821=CARTESIAN_POINT('',(-12.8397,2.93057773812721,38.5710714285714));
#1822=CARTESIAN_POINT('',(-11.5681699732067,5.57093704514769,38.5483928571429));
#1823=CARTESIAN_POINT('',(-10.2966399464134,8.21129635216818,38.5257142857143));
#1824=CARTESIAN_POINT('',(-8.00542200892556,10.0384816854448,38.5030357142857));
#1825=CARTESIAN_POINT('',(-5.71420407143778,11.8656670187213,38.4803571428571));
#1826=CARTESIAN_POINT('',(-2.85710203571891,12.517781914041,38.4576785714286));
#1827=CARTESIAN_POINT('',(-4.83935678291641E-14,13.1698968093606,38.435));
#1828=CARTESIAN_POINT('',(2.85710203571882,12.517781914041,38.4123214285714));
#1829=CARTESIAN_POINT('',(5.71420407143778,11.8656670187213,38.3896428571429));
#1830=CARTESIAN_POINT('',(8.00542200892556,10.0384816854448,38.3669642857143));
#1831=CARTESIAN_POINT('',(10.2966399464134,8.21129635216825,38.3442857142857));
#1832=CARTESIAN_POINT('',(11.5681699732067,5.57093704514769,38.3216071428571));
#1833=CARTESIAN_POINT('',(12.8397,2.93057773812721,38.2989285714286));
#1834=CARTESIAN_POINT('',(12.8397,2.51585560112196E-14,38.27625));
#1835=CARTESIAN_POINT('',(12.8397,-2.93057773812716,38.2535714285714));
#1836=CARTESIAN_POINT('',(11.5681699732067,-5.57093704514765,38.2308928571429));
#1837=CARTESIAN_POINT('',(10.2966399464134,-8.21129635216821,38.2082142857143));
#1838=CARTESIAN_POINT('',(8.0054220089256,-10.0384816854447,38.1855357142857));
#1839=CARTESIAN_POINT('',(5.71420407143782,-11.8656670187213,38.1628571428571));
#1840=CARTESIAN_POINT('',(2.85710203571887,-12.517781914041,38.1401785714286));
#1841=CARTESIAN_POINT('',(3.21754248342602E-15,-13.1698968093606,38.1175));
#1842=CARTESIAN_POINT('',(-2.85710203571886,-12.517781914041,38.0948214285714));
#1843=CARTESIAN_POINT('',(-5.71420407143773,-11.8656670187213,38.0721428571429));
#1844=CARTESIAN_POINT('',(-8.00542200892552,-10.0384816854448,38.0494642857143));
#1845=CARTESIAN_POINT('',(-10.2966399464134,-8.21129635216822,38.0267857142857));
#1846=CARTESIAN_POINT('',(-11.5681699732067,-5.57093704514773,38.0041071428571));
#1847=CARTESIAN_POINT('',(-12.8397,-2.93057773812726,37.9814285714286));
#1848=CARTESIAN_POINT('',(-12.8397,1.88848120597739E-14,37.95875));
#1849=CARTESIAN_POINT('',(-12.8397,2.9305777381272,37.9360714285714));
#1850=CARTESIAN_POINT('',(-11.5681699732067,5.57093704514769,37.9133928571429));
#1851=CARTESIAN_POINT('',(-10.2966399464134,8.21129635216817,37.8907142857143));
#1852=CARTESIAN_POINT('',(-8.00542200892564,10.0384816854447,37.8680357142857));
#1853=CARTESIAN_POINT('',(-5.71420407143778,11.8656670187213,37.8453571428571));
#1854=CARTESIAN_POINT('',(-2.85710203571892,12.517781914041,37.8226785714286));
#1855=CARTESIAN_POINT('',(-5.1619262223701E-14,13.1698968093606,37.8));
#1856=CARTESIAN_POINT('',(2.85710203571891,12.517781914041,37.7773214285714));
#1857=CARTESIAN_POINT('',(5.71420407143778,11.8656670187213,37.7546428571429));
#1858=CARTESIAN_POINT('',(8.00542200892556,10.0384816854448,37.7319642857143));
#1859=CARTESIAN_POINT('',(10.2966399464133,8.21129635216825,37.7092857142857));
#1860=CARTESIAN_POINT('',(11.5681699732067,5.57093704514778,37.6866071428571));
#1861=CARTESIAN_POINT('',(12.8397,2.93057773812721,37.6639285714286));
#1862=CARTESIAN_POINT('',(12.8397,2.83033755126221E-14,37.64125));
#1863=CARTESIAN_POINT('',(12.8397,-2.93057773812716,37.6185714285714));
#1864=CARTESIAN_POINT('',(11.5681699732067,-5.57093704514773,37.5958928571429));
#1865=CARTESIAN_POINT('',(10.2966399464134,-8.21129635216821,37.5732142857143));
#1866=CARTESIAN_POINT('',(8.0054220089256,-10.0384816854447,37.5505357142857));
#1867=CARTESIAN_POINT('',(5.71420407143783,-11.8656670187213,37.5278571428571));
#1868=CARTESIAN_POINT('',(2.85710203571896,-12.5177819140409,37.5051785714286));
#1869=CARTESIAN_POINT('',(6.4432368779629E-15,-13.1698968093606,37.4825));
#1870=CARTESIAN_POINT('',(-2.85710203571886,-12.517781914041,37.4598214285714));
#1871=CARTESIAN_POINT('',(-5.71420407143773,-11.8656670187213,37.4371428571429));
#1872=CARTESIAN_POINT('',(-8.00542200892559,-10.0384816854448,37.4144642857143));
#1873=CARTESIAN_POINT('',(-10.2966399464134,-8.21129635216822,37.3917857142857));
#1874=CARTESIAN_POINT('',(-11.5681699732067,-5.57093704514774,37.3691071428571));
#1875=CARTESIAN_POINT('',(-12.8397,-2.93057773812726,37.3464285714286));
#1876=CARTESIAN_POINT('',(-12.8397,-7.54915630850181E-14,37.32375));
#1877=CARTESIAN_POINT('',(-12.8397,2.9305777381272,37.3010714285714));
#1878=CARTESIAN_POINT('',(-11.5681699732067,5.57093704514768,37.2783928571428));
#1879=CARTESIAN_POINT('',(-10.2966399464134,8.21129635216817,37.2557142857143));
#1880=CARTESIAN_POINT('',(-8.00542200892557,10.0384816854448,37.2330357142857));
#1881=CARTESIAN_POINT('',(-5.71420407143779,11.8656670187213,37.2103571428571));
#1882=CARTESIAN_POINT('',(-2.85710203571892,12.517781914041,37.1876785714286));
#1883=CARTESIAN_POINT('',(-5.48449566182379E-14,13.1698968093606,37.165));
#1884=CARTESIAN_POINT('',(2.85710203571882,12.517781914041,37.1423214285714));
#1885=CARTESIAN_POINT('',(5.71420407143777,11.8656670187213,37.1196428571428));
#1886=CARTESIAN_POINT('',(8.00542200892555,10.0384816854448,37.0969642857143));
#1887=CARTESIAN_POINT('',(10.2966399464133,8.21129635216826,37.0742857142857));
#1888=CARTESIAN_POINT('',(11.5681699732067,5.5709370451477,37.0516071428571));
#1889=CARTESIAN_POINT('',(12.8397,2.93057773812722,37.0289285714286));
#1890=CARTESIAN_POINT('',(12.8397,3.14481950140245E-14,37.00625));
#1891=CARTESIAN_POINT('',(12.8397,-2.93057773812715,36.9835714285714));
#1892=CARTESIAN_POINT('',(11.5681699732067,-5.57093704514764,36.9608928571429));
#1893=CARTESIAN_POINT('',(10.2966399464134,-8.2112963521682,36.9382142857143));
#1894=CARTESIAN_POINT('',(8.0054220089256,-10.0384816854447,36.9155357142857));
#1895=CARTESIAN_POINT('',(5.71420407143783,-11.8656670187213,36.8928571428571));
#1896=CARTESIAN_POINT('',(2.85710203571888,-12.517781914041,36.8701785714286));
#1897=CARTESIAN_POINT('',(1.03246676358513E-13,-13.1698968093606,36.8475));
#1898=CARTESIAN_POINT('',(-2.85710203571886,-12.517781914041,36.8248214285714));
#1899=CARTESIAN_POINT('',(-5.71420407143781,-11.8656670187213,36.8021428571429));
#1900=CARTESIAN_POINT('',(-8.00542200892552,-10.0384816854448,36.7794642857143));
#1901=CARTESIAN_POINT('',(-10.2966399464134,-8.21129635216822,36.7567857142857));
#1902=CARTESIAN_POINT('',(-11.5681699732066,-5.57093704514782,36.7341071428571));
#1903=CARTESIAN_POINT('',(-12.8397,-2.93057773812726,36.7114285714286));
#1904=CARTESIAN_POINT('',(-12.8397,1.2595173056969E-14,36.68875));
#1905=CARTESIAN_POINT('',(-12.8397,2.93057773812711,36.6660714285714));
#1906=CARTESIAN_POINT('',(-11.5681699732067,5.57093704514768,36.6433928571429));
#1907=CARTESIAN_POINT('',(-10.2966399464134,8.21129635216824,36.6207142857143));
#1908=CARTESIAN_POINT('',(-8.00542200892564,10.0384816854447,36.5980357142857));
#1909=CARTESIAN_POINT('',(-5.71420407143779,11.8656670187213,36.5753571428571));
#1910=CARTESIAN_POINT('',(-2.85710203571883,12.517781914041,36.5526785714286));
#1911=CARTESIAN_POINT('',(-5.80706510127747E-14,13.1698968093606,36.53));
#1912=CARTESIAN_POINT('',(2.8571020357189,12.517781914041,36.5073214285714));
#1913=CARTESIAN_POINT('',(5.71420407143768,11.8656670187214,36.4846428571429));
#1914=CARTESIAN_POINT('',(8.00542200892555,10.0384816854448,36.4619642857143));
#1915=CARTESIAN_POINT('',(10.2966399464134,8.21129635216819,36.4392857142857));
#1916=CARTESIAN_POINT('',(11.5681699732067,5.57093704514778,36.4166071428571));
#1917=CARTESIAN_POINT('',(12.8397,2.93057773812722,36.3939285714286));
#1918=CARTESIAN_POINT('',(12.8397,1.25824570158817E-13,36.37125));
#1919=CARTESIAN_POINT('',(-3.3619728919452E-13,12.8397,42.88));
#1920=CARTESIAN_POINT('',(12.2331437399781,-3.89975516244728,38.88));
#1921=CARTESIAN_POINT('',(0.,0.,38.88));
#1922=CARTESIAN_POINT('',(-3.91606109424219,-12.2279336601146,38.88));
#1923=CARTESIAN_POINT('',(12.8397,0.,42.88));
#1924=CARTESIAN_POINT('',(12.8397,-2.93057773812721,42.8573214285714));
#1925=CARTESIAN_POINT('',(11.5681699732067,-5.57093704514771,42.8346428571429));
#1926=CARTESIAN_POINT('',(10.2966399464134,-8.21129635216821,42.8119642857143));
#1927=CARTESIAN_POINT('',(8.00542200892558,-10.0384816854448,42.7892857142857));
#1928=CARTESIAN_POINT('',(5.71420407143778,-11.8656670187213,42.7666071428571));
#1929=CARTESIAN_POINT('',(2.85710203571889,-12.517781914041,42.7439285714286));
#1930=CARTESIAN_POINT('',(8.06423598634221E-16,-13.1698968093606,42.72125));
#1931=CARTESIAN_POINT('',(-2.85710203571889,-12.517781914041,42.6985714285714));
#1932=CARTESIAN_POINT('',(-5.71420407143778,-11.8656670187213,42.6758928571429));
#1933=CARTESIAN_POINT('',(-8.00542200892558,-10.0384816854448,42.6532142857143));
#1934=CARTESIAN_POINT('',(-10.2966399464134,-8.21129635216821,42.6305357142857));
#1935=CARTESIAN_POINT('',(-11.5681699732067,-5.57093704514771,42.6078571428571));
#1936=CARTESIAN_POINT('',(-12.8397,-2.93057773812721,42.5851785714286));
#1937=CARTESIAN_POINT('',(-12.8397,-1.57240975070123E-15,42.5625));
#1938=CARTESIAN_POINT('',(-12.8397,2.93057773812721,42.5398214285714));
#1939=CARTESIAN_POINT('',(-11.5681699732067,5.57093704514771,42.5171428571429));
#1940=CARTESIAN_POINT('',(-10.2966399464134,8.21129635216821,42.4944642857143));
#1941=CARTESIAN_POINT('',(-8.00542200892558,10.0384816854448,42.4717857142857));
#1942=CARTESIAN_POINT('',(-5.71420407143778,11.8656670187213,42.4491071428571));
#1943=CARTESIAN_POINT('',(-2.85710203571889,12.517781914041,42.4264285714286));
#1944=CARTESIAN_POINT('',(-2.41927079590266E-15,13.1698968093606,42.40375));
#1945=CARTESIAN_POINT('',(2.85710203571889,12.517781914041,42.3810714285714));
#1946=CARTESIAN_POINT('',(5.71420407143778,11.8656670187213,42.3583928571429));
#1947=CARTESIAN_POINT('',(8.00542200892558,10.0384816854448,42.3357142857143));
#1948=CARTESIAN_POINT('',(10.2966399464134,8.21129635216822,42.3130357142857));
#1949=CARTESIAN_POINT('',(11.5681699732067,5.57093704514771,42.2903571428571));
#1950=CARTESIAN_POINT('',(12.8397,2.93057773812721,42.2676785714286));
#1951=CARTESIAN_POINT('',(12.8397,3.14481950140245E-15,42.245));
#1952=CARTESIAN_POINT('',(12.8397,-2.9305777381272,42.2223214285714));
#1953=CARTESIAN_POINT('',(11.5681699732067,-5.57093704514771,42.1996428571429));
#1954=CARTESIAN_POINT('',(10.2966399464134,-8.21129635216821,42.1769642857143));
#1955=CARTESIAN_POINT('',(8.00542200892558,-10.0384816854448,42.1542857142857));
#1956=CARTESIAN_POINT('',(5.71420407143778,-11.8656670187213,42.1316071428571));
#1957=CARTESIAN_POINT('',(2.85710203571889,-12.517781914041,42.1089285714286));
#1958=CARTESIAN_POINT('',(4.0321179931711E-15,-13.1698968093606,42.08625));
#1959=CARTESIAN_POINT('',(-2.85710203571889,-12.517781914041,42.0635714285714));
#1960=CARTESIAN_POINT('',(-5.71420407143778,-11.8656670187213,42.0408928571429));
#1961=CARTESIAN_POINT('',(-8.00542200892558,-10.0384816854448,42.0182142857143));
#1962=CARTESIAN_POINT('',(-10.2966399464134,-8.21129635216822,41.9955357142857));
#1963=CARTESIAN_POINT('',(-11.5681699732067,-5.57093704514772,41.9728571428571));
#1964=CARTESIAN_POINT('',(-12.8397,-2.93057773812721,41.9501785714286));
#1965=CARTESIAN_POINT('',(-12.8397,-4.71722925210368E-15,41.9275));
#1966=CARTESIAN_POINT('',(-12.8397,2.9305777381272,41.9048214285714));
#1967=CARTESIAN_POINT('',(-11.5681699732067,5.57093704514771,41.8821428571429));
#1968=CARTESIAN_POINT('',(-10.2966399464134,8.21129635216821,41.8594642857143));
#1969=CARTESIAN_POINT('',(-8.00542200892558,10.0384816854448,41.8367857142857));
#1970=CARTESIAN_POINT('',(-5.71420407143778,11.8656670187213,41.8141071428571));
#1971=CARTESIAN_POINT('',(-2.8571020357189,12.517781914041,41.7914285714286));
#1972=CARTESIAN_POINT('',(-5.64496519043954E-15,13.1698968093606,41.76875));
#1973=CARTESIAN_POINT('',(2.85710203571888,12.517781914041,41.7460714285714));
#1974=CARTESIAN_POINT('',(5.71420407143777,11.8656670187213,41.7233928571429));
#1975=CARTESIAN_POINT('',(8.00542200892558,10.0384816854448,41.7007142857143));
#1976=CARTESIAN_POINT('',(10.2966399464134,8.21129635216822,41.6780357142857));
#1977=CARTESIAN_POINT('',(11.5681699732067,5.57093704514772,41.6553571428571));
#1978=CARTESIAN_POINT('',(12.8397,2.93057773812721,41.6326785714286));
#1979=CARTESIAN_POINT('',(12.8397,6.28963900280491E-15,41.61));
#1980=CARTESIAN_POINT('',(12.8397,-2.9305777381272,41.5873214285714));
#1981=CARTESIAN_POINT('',(11.5681699732067,-5.5709370451477,41.5646428571429));
#1982=CARTESIAN_POINT('',(10.2966399464134,-8.21129635216821,41.5419642857143));
#1983=CARTESIAN_POINT('',(8.00542200892558,-10.0384816854448,41.5192857142857));
#1984=CARTESIAN_POINT('',(5.71420407143779,-11.8656670187213,41.4966071428571));
#1985=CARTESIAN_POINT('',(2.8571020357189,-12.517781914041,41.4739285714286));
#1986=CARTESIAN_POINT('',(7.25781238770799E-15,-13.1698968093606,41.45125));
#1987=CARTESIAN_POINT('',(-2.85710203571888,-12.517781914041,41.4285714285714));
#1988=CARTESIAN_POINT('',(-5.71420407143777,-11.8656670187213,41.4058928571429));
#1989=CARTESIAN_POINT('',(-8.00542200892557,-10.0384816854448,41.3832142857143));
#1990=CARTESIAN_POINT('',(-10.2966399464134,-8.21129635216822,41.3605357142857));
#1991=CARTESIAN_POINT('',(-11.5681699732067,-5.57093704514772,41.3378571428571));
#1992=CARTESIAN_POINT('',(-12.8397,-2.93057773812722,41.3151785714286));
#1993=CARTESIAN_POINT('',(-12.8397,-7.86204875350613E-15,41.2925));
#1994=CARTESIAN_POINT('',(-12.8397,2.9305777381272,41.2698214285714));
#1995=CARTESIAN_POINT('',(-11.5681699732067,5.5709370451477,41.2471428571429));
#1996=CARTESIAN_POINT('',(-10.2966399464134,8.21129635216819,41.2244642857143));
#1997=CARTESIAN_POINT('',(-8.00542200892559,10.0384816854448,41.2017857142857));
#1998=CARTESIAN_POINT('',(-5.71420407143777,11.8656670187213,41.1791071428571));
#1999=CARTESIAN_POINT('',(-2.8571020357189,12.517781914041,41.1564285714286));
#2000=CARTESIAN_POINT('',(-3.22650958564797E-14,13.1698968093606,41.13375));
#2001=CARTESIAN_POINT('',(2.85710203571888,12.517781914041,41.1110714285714));
#2002=CARTESIAN_POINT('',(5.71420407143779,11.8656670187213,41.0883928571429));
#2003=CARTESIAN_POINT('',(8.00542200892557,10.0384816854448,41.0657142857143));
#2004=CARTESIAN_POINT('',(10.2966399464134,8.21129635216824,41.0430357142857));
#2005=CARTESIAN_POINT('',(11.5681699732067,5.57093704514772,41.0203571428571));
#2006=CARTESIAN_POINT('',(12.8397,2.93057773812719,40.9976785714286));
#2007=CARTESIAN_POINT('',(12.8397,9.43445850420736E-15,40.975));
#2008=CARTESIAN_POINT('',(12.8397,-2.93057773812718,40.9523214285714));
#2009=CARTESIAN_POINT('',(11.5681699732067,-5.5709370451477,40.9296428571429));
#2010=CARTESIAN_POINT('',(10.2966399464134,-8.21129635216822,40.9069642857143));
#2011=CARTESIAN_POINT('',(8.00542200892559,-10.0384816854448,40.8842857142857));
#2012=CARTESIAN_POINT('',(5.71420407143781,-11.8656670187213,40.8616071428572));
#2013=CARTESIAN_POINT('',(2.8571020357189,-12.517781914041,40.8389285714286));
#2014=CARTESIAN_POINT('',(-1.29109294892584E-14,-13.1698968093606,40.81625));
#2015=CARTESIAN_POINT('',(-2.85710203571888,-12.517781914041,40.7935714285714));
#2016=CARTESIAN_POINT('',(-5.71420407143775,-11.8656670187213,40.7708928571429));
#2017=CARTESIAN_POINT('',(-8.00542200892557,-10.0384816854448,40.7482142857143));
#2018=CARTESIAN_POINT('',(-10.2966399464134,-8.2112963521682,40.7255357142857));
#2019=CARTESIAN_POINT('',(-11.5681699732067,-5.57093704514772,40.7028571428571));
#2020=CARTESIAN_POINT('',(-12.8397,-2.93057773812724,40.6801785714286));
#2021=CARTESIAN_POINT('',(-12.8397,-1.10068682549086E-14,40.6575));
#2022=CARTESIAN_POINT('',(-12.8397,2.93057773812722,40.6348214285714));
#2023=CARTESIAN_POINT('',(-11.5681699732067,5.5709370451477,40.6121428571429));
#2024=CARTESIAN_POINT('',(-10.2966399464134,8.21129635216819,40.5894642857143));
#2025=CARTESIAN_POINT('',(-8.00542200892559,10.0384816854448,40.5667857142857));
#2026=CARTESIAN_POINT('',(-5.71420407143777,11.8656670187213,40.5441071428571));
#2027=CARTESIAN_POINT('',(-2.8571020357189,12.517781914041,40.5214285714286));
#2028=CARTESIAN_POINT('',(-3.54907902510166E-14,13.1698968093606,40.49875));
#2029=CARTESIAN_POINT('',(2.85710203571888,12.517781914041,40.4760714285714));
#2030=CARTESIAN_POINT('',(5.71420407143779,11.8656670187213,40.4533928571429));
#2031=CARTESIAN_POINT('',(8.00542200892557,10.0384816854448,40.4307142857143));
#2032=CARTESIAN_POINT('',(10.2966399464134,8.21129635216824,40.4080357142857));
#2033=CARTESIAN_POINT('',(11.5681699732067,5.57093704514772,40.3853571428571));
#2034=CARTESIAN_POINT('',(12.8397,2.9305777381272,40.3626785714286));
#2035=CARTESIAN_POINT('',(12.8397,1.25792780056098E-14,40.34));
#2036=CARTESIAN_POINT('',(12.8397,-2.93057773812717,40.3173214285714));
#2037=CARTESIAN_POINT('',(11.5681699732067,-5.5709370451477,40.2946428571429));
#2038=CARTESIAN_POINT('',(10.2966399464134,-8.21129635216822,40.2719642857143));
#2039=CARTESIAN_POINT('',(8.00542200892559,-10.0384816854448,40.2492857142857));
#2040=CARTESIAN_POINT('',(5.71420407143781,-11.8656670187213,40.2266071428571));
#2041=CARTESIAN_POINT('',(2.8571020357189,-12.517781914041,40.2039285714286));
#2042=CARTESIAN_POINT('',(-9.6852350947215E-15,-13.1698968093606,40.18125));
#2043=CARTESIAN_POINT('',(-2.85710203571888,-12.517781914041,40.1585714285714));
#2044=CARTESIAN_POINT('',(-5.71420407143775,-11.8656670187213,40.1358928571429));
#2045=CARTESIAN_POINT('',(-8.00542200892557,-10.0384816854448,40.1132142857143));
#2046=CARTESIAN_POINT('',(-10.2966399464134,-8.2112963521682,40.0905357142857));
#2047=CARTESIAN_POINT('',(-11.5681699732067,-5.57093704514772,40.0678571428571));
#2048=CARTESIAN_POINT('',(-12.8397,-2.93057773812724,40.0451785714286));
#2049=CARTESIAN_POINT('',(-12.8397,-1.4151687756311E-14,40.0225));
#2050=CARTESIAN_POINT('',(-12.8397,2.93057773812722,39.9998214285714));
#2051=CARTESIAN_POINT('',(-11.5681699732067,5.5709370451477,39.9771428571429));
#2052=CARTESIAN_POINT('',(-10.2966399464134,8.21129635216818,39.9544642857143));
#2053=CARTESIAN_POINT('',(-8.00542200892559,10.0384816854448,39.9317857142857));
#2054=CARTESIAN_POINT('',(-5.71420407143777,11.8656670187213,39.9091071428571));
#2055=CARTESIAN_POINT('',(-2.8571020357189,12.517781914041,39.8864285714286));
#2056=CARTESIAN_POINT('',(-3.87164846455534E-14,13.1698968093606,39.86375));
#2057=CARTESIAN_POINT('',(2.85710203571888,12.517781914041,39.8410714285714));
#2058=CARTESIAN_POINT('',(5.71420407143779,11.8656670187213,39.8183928571429));
#2059=CARTESIAN_POINT('',(8.00542200892557,10.0384816854448,39.7957142857143));
#2060=CARTESIAN_POINT('',(10.2966399464134,8.21129635216824,39.7730357142857));
#2061=CARTESIAN_POINT('',(11.5681699732067,5.57093704514772,39.7503571428571));
#2062=CARTESIAN_POINT('',(12.8397,2.9305777381272,39.7276785714286));
#2063=CARTESIAN_POINT('',(12.8397,1.57240975070123E-14,39.705));
#2064=CARTESIAN_POINT('',(12.8397,-2.93057773812717,39.6823214285714));
#2065=CARTESIAN_POINT('',(11.5681699732067,-5.5709370451477,39.6596428571429));
#2066=CARTESIAN_POINT('',(10.2966399464134,-8.21129635216822,39.6369642857143));
#2067=CARTESIAN_POINT('',(8.00542200892559,-10.0384816854448,39.6142857142857));
#2068=CARTESIAN_POINT('',(5.71420407143782,-11.8656670187213,39.5916071428571));
#2069=CARTESIAN_POINT('',(2.85710203571895,-12.5177819140409,39.5689285714286));
#2070=CARTESIAN_POINT('',(-6.45954070018463E-15,-13.1698968093606,39.54625));
#2071=CARTESIAN_POINT('',(-2.85710203571887,-12.517781914041,39.5235714285714));
#2072=CARTESIAN_POINT('',(-5.71420407143774,-11.8656670187213,39.5008928571429));
#2073=CARTESIAN_POINT('',(-8.0054220089256,-10.0384816854447,39.4782142857143));
#2074=CARTESIAN_POINT('',(-10.2966399464134,-8.21129635216821,39.4555357142857));
#2075=CARTESIAN_POINT('',(-11.5681699732067,-5.57093704514773,39.4328571428571));
#2076=CARTESIAN_POINT('',(-12.8397,-2.93057773812725,39.4101785714286));
#2077=CARTESIAN_POINT('',(-12.8397,-6.29122850794083E-14,39.3875));
#2078=CARTESIAN_POINT('',(-12.8397,2.93057773812721,39.3648214285714));
#2079=CARTESIAN_POINT('',(-11.5681699732067,5.5709370451477,39.3421428571429));
#2080=CARTESIAN_POINT('',(-10.2966399464134,8.21129635216818,39.3194642857143));
#2081=CARTESIAN_POINT('',(-8.00542200892556,10.0384816854448,39.2967857142857));
#2082=CARTESIAN_POINT('',(-5.71420407143778,11.8656670187213,39.2741071428571));
#2083=CARTESIAN_POINT('',(-2.85710203571891,12.517781914041,39.2514285714286));
#2084=CARTESIAN_POINT('',(-4.19421790400903E-14,13.1698968093606,39.22875));
#2085=CARTESIAN_POINT('',(2.85710203571883,12.517781914041,39.2060714285714));
#2086=CARTESIAN_POINT('',(5.71420407143778,11.8656670187213,39.1833928571429));
#2087=CARTESIAN_POINT('',(8.00542200892557,10.0384816854448,39.1607142857143));
#2088=CARTESIAN_POINT('',(10.2966399464134,8.21129635216825,39.1380357142857));
#2089=CARTESIAN_POINT('',(11.5681699732067,5.57093704514769,39.1153571428571));
#2090=CARTESIAN_POINT('',(12.8397,2.9305777381272,39.0926785714286));
#2091=CARTESIAN_POINT('',(12.8397,1.88689170084147E-14,39.07));
#2092=CARTESIAN_POINT('',(12.8397,-2.93057773812717,39.0473214285714));
#2093=CARTESIAN_POINT('',(11.5681699732067,-5.57093704514765,39.0246428571429));
#2094=CARTESIAN_POINT('',(10.2966399464134,-8.21129635216822,39.0019642857143));
#2095=CARTESIAN_POINT('',(8.00542200892559,-10.0384816854447,38.9792857142857));
#2096=CARTESIAN_POINT('',(5.71420407143782,-11.8656670187213,38.9566071428571));
#2097=CARTESIAN_POINT('',(2.85710203571886,-12.517781914041,38.9339285714286));
#2098=CARTESIAN_POINT('',(-3.23384630564774E-15,-13.1698968093606,38.91125));
#2099=CARTESIAN_POINT('',(-2.85710203571887,-12.517781914041,38.8885714285714));
#2100=CARTESIAN_POINT('',(-5.71420407143774,-11.8656670187213,38.8658928571429));
#2101=CARTESIAN_POINT('',(-8.00542200892553,-10.0384816854448,38.8432142857143));
#2102=CARTESIAN_POINT('',(-10.2966399464134,-8.21129635216821,38.8205357142857));
#2103=CARTESIAN_POINT('',(-11.5681699732067,-5.57093704514773,38.7978571428571));
#2104=CARTESIAN_POINT('',(-12.8397,-2.93057773812725,38.7751785714286));
#2105=CARTESIAN_POINT('',(-12.8397,2.51744510625788E-14,38.7525));
#2106=CARTESIAN_POINT('',(-12.8397,2.93057773812721,38.7298214285714));
#2107=CARTESIAN_POINT('',(-11.5681699732067,5.57093704514769,38.7071428571429));
#2108=CARTESIAN_POINT('',(-10.2966399464134,8.21129635216818,38.6844642857143));
#2109=CARTESIAN_POINT('',(-8.00542200892563,10.0384816854447,38.6617857142857));
#2110=CARTESIAN_POINT('',(-5.71420407143778,11.8656670187213,38.6391071428571));
#2111=CARTESIAN_POINT('',(-2.85710203571891,12.517781914041,38.6164285714286));
#2112=CARTESIAN_POINT('',(-4.51678734346272E-14,13.1698968093606,38.59375));
#2113=CARTESIAN_POINT('',(2.85710203571891,12.517781914041,38.5710714285714));
#2114=CARTESIAN_POINT('',(5.71420407143778,11.8656670187213,38.5483928571429));
#2115=CARTESIAN_POINT('',(8.00542200892556,10.0384816854448,38.5257142857143));
#2116=CARTESIAN_POINT('',(10.2966399464134,8.21129635216825,38.5030357142857));
#2117=CARTESIAN_POINT('',(11.5681699732067,5.57093704514777,38.4803571428571));
#2118=CARTESIAN_POINT('',(12.8397,2.93057773812721,38.4576785714286));
#2119=CARTESIAN_POINT('',(12.8397,2.20137365098172E-14,38.435));
#2120=CARTESIAN_POINT('',(12.8397,-2.93057773812716,38.4123214285714));
#2121=CARTESIAN_POINT('',(11.5681699732067,-5.57093704514773,38.3896428571429));
#2122=CARTESIAN_POINT('',(10.2966399464134,-8.21129635216821,38.3669642857143));
#2123=CARTESIAN_POINT('',(8.0054220089256,-10.0384816854447,38.3442857142857));
#2124=CARTESIAN_POINT('',(5.71420407143782,-11.8656670187213,38.3216071428571));
#2125=CARTESIAN_POINT('',(2.85710203571896,-12.5177819140409,38.2989285714286));
#2126=CARTESIAN_POINT('',(-8.15191111086101E-18,-13.1698968093606,38.27625));
#2127=CARTESIAN_POINT('',(-2.85710203571887,-12.517781914041,38.2535714285714));
#2128=CARTESIAN_POINT('',(-5.71420407143774,-11.8656670187213,38.2308928571429));
#2129=CARTESIAN_POINT('',(-8.0054220089256,-10.0384816854447,38.2082142857143));
#2130=CARTESIAN_POINT('',(-10.2966399464134,-8.21129635216821,38.1855357142857));
#2131=CARTESIAN_POINT('',(-11.5681699732067,-5.57093704514773,38.1628571428571));
#2132=CARTESIAN_POINT('',(-12.8397,-2.93057773812725,38.1401785714286));
#2133=CARTESIAN_POINT('',(-12.8397,-6.92019240822132E-14,38.1175));
#2134=CARTESIAN_POINT('',(-12.8397,2.93057773812721,38.0948214285714));
#2135=CARTESIAN_POINT('',(-11.5681699732067,5.57093704514769,38.0721428571429));
#2136=CARTESIAN_POINT('',(-10.2966399464134,8.21129635216818,38.0494642857143));
#2137=CARTESIAN_POINT('',(-8.00542200892556,10.0384816854448,38.0267857142857));
#2138=CARTESIAN_POINT('',(-5.71420407143778,11.8656670187213,38.0041071428571));
#2139=CARTESIAN_POINT('',(-2.85710203571891,12.517781914041,37.9814285714286));
#2140=CARTESIAN_POINT('',(-4.83935678291641E-14,13.1698968093606,37.95875));
#2141=CARTESIAN_POINT('',(2.85710203571882,12.517781914041,37.9360714285714));
#2142=CARTESIAN_POINT('',(5.71420407143778,11.8656670187213,37.9133928571429));
#2143=CARTESIAN_POINT('',(8.00542200892556,10.0384816854448,37.8907142857143));
#2144=CARTESIAN_POINT('',(10.2966399464134,8.21129635216825,37.8680357142857));
#2145=CARTESIAN_POINT('',(11.5681699732067,5.57093704514769,37.8453571428571));
#2146=CARTESIAN_POINT('',(12.8397,2.93057773812721,37.8226785714286));
#2147=CARTESIAN_POINT('',(12.8397,2.51585560112196E-14,37.8));
#2148=CARTESIAN_POINT('',(12.8397,-2.93057773812716,37.7773214285714));
#2149=CARTESIAN_POINT('',(11.5681699732067,-5.57093704514765,37.7546428571429));
#2150=CARTESIAN_POINT('',(10.2966399464134,-8.21129635216821,37.7319642857143));
#2151=CARTESIAN_POINT('',(8.0054220089256,-10.0384816854447,37.7092857142857));
#2152=CARTESIAN_POINT('',(5.71420407143782,-11.8656670187213,37.6866071428571));
#2153=CARTESIAN_POINT('',(2.85710203571887,-12.517781914041,37.6639285714286));
#2154=CARTESIAN_POINT('',(3.21754248342602E-15,-13.1698968093606,37.64125));
#2155=CARTESIAN_POINT('',(-2.85710203571886,-12.517781914041,37.6185714285714));
#2156=CARTESIAN_POINT('',(-5.71420407143773,-11.8656670187213,37.5958928571429));
#2157=CARTESIAN_POINT('',(-8.00542200892552,-10.0384816854448,37.5732142857143));
#2158=CARTESIAN_POINT('',(-10.2966399464134,-8.21129635216822,37.5505357142857));
#2159=CARTESIAN_POINT('',(-11.5681699732067,-5.57093704514773,37.5278571428571));
#2160=CARTESIAN_POINT('',(-12.8397,-2.93057773812726,37.5051785714286));
#2161=CARTESIAN_POINT('',(-12.8397,1.88848120597739E-14,37.4825));
#2162=CARTESIAN_POINT('',(-12.8397,2.9305777381272,37.4598214285714));
#2163=CARTESIAN_POINT('',(-11.5681699732067,5.57093704514769,37.4371428571429));
#2164=CARTESIAN_POINT('',(-10.2966399464134,8.21129635216817,37.4144642857143));
#2165=CARTESIAN_POINT('',(-8.00542200892564,10.0384816854447,37.3917857142857));
#2166=CARTESIAN_POINT('',(-5.71420407143778,11.8656670187213,37.3691071428571));
#2167=CARTESIAN_POINT('',(-2.85710203571892,12.517781914041,37.3464285714286));
#2168=CARTESIAN_POINT('',(-5.1619262223701E-14,13.1698968093606,37.32375));
#2169=CARTESIAN_POINT('',(2.85710203571891,12.517781914041,37.3010714285714));
#2170=CARTESIAN_POINT('',(5.71420407143778,11.8656670187213,37.2783928571429));
#2171=CARTESIAN_POINT('',(8.00542200892556,10.0384816854448,37.2557142857143));
#2172=CARTESIAN_POINT('',(10.2966399464133,8.21129635216825,37.2330357142857));
#2173=CARTESIAN_POINT('',(11.5681699732067,5.57093704514778,37.2103571428571));
#2174=CARTESIAN_POINT('',(12.8397,2.93057773812721,37.1876785714286));
#2175=CARTESIAN_POINT('',(12.8397,2.83033755126221E-14,37.165));
#2176=CARTESIAN_POINT('',(12.8397,-2.93057773812716,37.1423214285714));
#2177=CARTESIAN_POINT('',(11.5681699732067,-5.57093704514773,37.1196428571429));
#2178=CARTESIAN_POINT('',(10.2966399464134,-8.21129635216821,37.0969642857143));
#2179=CARTESIAN_POINT('',(8.0054220089256,-10.0384816854447,37.0742857142857));
#2180=CARTESIAN_POINT('',(5.71420407143783,-11.8656670187213,37.0516071428571));
#2181=CARTESIAN_POINT('',(2.85710203571896,-12.5177819140409,37.0289285714286));
#2182=CARTESIAN_POINT('',(6.4432368779629E-15,-13.1698968093606,37.00625));
#2183=CARTESIAN_POINT('',(-2.85710203571886,-12.517781914041,36.9835714285714));
#2184=CARTESIAN_POINT('',(-5.71420407143773,-11.8656670187213,36.9608928571429));
#2185=CARTESIAN_POINT('',(-8.00542200892559,-10.0384816854448,36.9382142857143));
#2186=CARTESIAN_POINT('',(-10.2966399464134,-8.21129635216822,36.9155357142857));
#2187=CARTESIAN_POINT('',(-11.5681699732067,-5.57093704514774,36.8928571428571));
#2188=CARTESIAN_POINT('',(-12.8397,-2.93057773812726,36.8701785714286));
#2189=CARTESIAN_POINT('',(-12.8397,-7.54915630850181E-14,36.8475));
#2190=CARTESIAN_POINT('',(-12.8397,2.9305777381272,36.8248214285714));
#2191=CARTESIAN_POINT('',(-11.5681699732067,5.57093704514768,36.8021428571429));
#2192=CARTESIAN_POINT('',(-10.2966399464134,8.21129635216817,36.7794642857143));
#2193=CARTESIAN_POINT('',(-8.00542200892557,10.0384816854448,36.7567857142857));
#2194=CARTESIAN_POINT('',(-5.71420407143779,11.8656670187213,36.7341071428571));
#2195=CARTESIAN_POINT('',(-2.85710203571892,12.517781914041,36.7114285714286));
#2196=CARTESIAN_POINT('',(-5.48449566182379E-14,13.1698968093606,36.68875));
#2197=CARTESIAN_POINT('',(2.85710203571882,12.517781914041,36.6660714285714));
#2198=CARTESIAN_POINT('',(5.71420407143777,11.8656670187213,36.6433928571429));
#2199=CARTESIAN_POINT('',(8.00542200892555,10.0384816854448,36.6207142857143));
#2200=CARTESIAN_POINT('',(10.2966399464133,8.21129635216826,36.5980357142857));
#2201=CARTESIAN_POINT('',(11.5681699732067,5.5709370451477,36.5753571428571));
#2202=CARTESIAN_POINT('',(12.8397,2.93057773812722,36.5526785714286));
#2203=CARTESIAN_POINT('',(12.8397,3.14481950140245E-14,36.53));
#2204=CARTESIAN_POINT('',(12.8397,-2.93057773812715,36.5073214285714));
#2205=CARTESIAN_POINT('',(11.5681699732067,-5.57093704514764,36.4846428571429));
#2206=CARTESIAN_POINT('',(10.2966399464134,-8.2112963521682,36.4619642857143));
#2207=CARTESIAN_POINT('',(8.0054220089256,-10.0384816854447,36.4392857142857));
#2208=CARTESIAN_POINT('',(5.71420407143783,-11.8656670187213,36.4166071428571));
#2209=CARTESIAN_POINT('',(2.85710203571888,-12.517781914041,36.3939285714286));
#2210=CARTESIAN_POINT('',(1.03246676358513E-13,-13.1698968093606,36.37125));
#2211=CARTESIAN_POINT('',(-2.85710203571886,-12.517781914041,36.3485714285714));
#2212=CARTESIAN_POINT('',(-5.71420407143781,-11.8656670187213,36.3258928571429));
#2213=CARTESIAN_POINT('',(-8.00542200892552,-10.0384816854448,36.3032142857143));
#2214=CARTESIAN_POINT('',(-10.2966399464134,-8.21129635216822,36.2805357142857));
#2215=CARTESIAN_POINT('',(-11.5681699732066,-5.57093704514782,36.2578571428571));
#2216=CARTESIAN_POINT('',(-12.8397,-2.93057773812726,36.2351785714286));
#2217=CARTESIAN_POINT('',(-12.8397,1.2595173056969E-14,36.2125));
#2218=CARTESIAN_POINT('',(-12.8397,2.93057773812711,36.1898214285714));
#2219=CARTESIAN_POINT('',(-11.5681699732067,5.57093704514768,36.1671428571429));
#2220=CARTESIAN_POINT('',(-10.2966399464134,8.21129635216824,36.1444642857143));
#2221=CARTESIAN_POINT('',(-8.00542200892564,10.0384816854447,36.1217857142857));
#2222=CARTESIAN_POINT('',(-5.71420407143779,11.8656670187213,36.0991071428571));
#2223=CARTESIAN_POINT('',(-2.85710203571883,12.517781914041,36.0764285714286));
#2224=CARTESIAN_POINT('',(-5.80706510127747E-14,13.1698968093606,36.05375));
#2225=CARTESIAN_POINT('',(2.8571020357189,12.517781914041,36.0310714285714));
#2226=CARTESIAN_POINT('',(5.71420407143768,11.8656670187214,36.0083928571429));
#2227=CARTESIAN_POINT('',(8.00542200892555,10.0384816854448,35.9857142857143));
#2228=CARTESIAN_POINT('',(10.2966399464134,8.21129635216819,35.9630357142857));
#2229=CARTESIAN_POINT('',(11.5681699732067,5.57093704514778,35.9403571428571));
#2230=CARTESIAN_POINT('',(12.8397,2.93057773812722,35.9176785714286));
#2231=CARTESIAN_POINT('',(12.8397,1.25824570158817E-13,35.895));
#2232=CARTESIAN_POINT('',(12.8397,0.,42.88));
#2233=CARTESIAN_POINT('',(0.,0.,42.88));
#2234=CARTESIAN_POINT('',(12.5,-20.3,0.0931372549019616));
#2235=CARTESIAN_POINT('',(12.5,-44.51,-8.56));
#2236=CARTESIAN_POINT('',(12.5,-44.51,-8.56));
#2237=CARTESIAN_POINT('',(12.5,-20.3,-8.56));
#2238=CARTESIAN_POINT('',(12.5,-20.3,0.0931372549019616));
#2239=CARTESIAN_POINT('',(12.5,-20.3,14.88));
#2240=CARTESIAN_POINT('',(12.5,-44.51,14.88));
#2241=CARTESIAN_POINT('',(12.5,-44.51,14.88));
#2242=CARTESIAN_POINT('',(12.5,-44.51,14.88));
#2243=CARTESIAN_POINT('',(12.5,-44.51,8.69));
#2244=CARTESIAN_POINT('',(12.5,-44.51,8.69));
#2245=CARTESIAN_POINT('',(12.5,-49.51,8.69));
#2246=CARTESIAN_POINT('',(12.5,-49.51,0.0931372549019616));
#2247=CARTESIAN_POINT('',(12.5,-49.51,-0.810000000000001));
#2248=CARTESIAN_POINT('',(12.5,-44.51,-0.810000000000001));
#2249=CARTESIAN_POINT('',(12.5,-44.51,-0.810000000000001));
#2250=CARTESIAN_POINT('',(12.5,-44.51,-8.56));
#2251=CARTESIAN_POINT('',(-12.5,-20.3,9.40686274509804));
#2252=CARTESIAN_POINT('',(-12.5,-20.3,9.40686274509804));
#2253=CARTESIAN_POINT('',(-12.5,-20.3,-8.56));
#2254=CARTESIAN_POINT('',(-12.5,-20.3,14.88));
#2255=CARTESIAN_POINT('',(-12.5,-44.51,-8.56));
#2256=CARTESIAN_POINT('',(-12.5,-44.51,-8.56));
#2257=CARTESIAN_POINT('',(-12.5,-44.51,-8.56));
#2258=CARTESIAN_POINT('',(-12.5,-44.51,-0.810000000000002));
#2259=CARTESIAN_POINT('',(-12.5,-44.51,-0.810000000000002));
#2260=CARTESIAN_POINT('',(-12.5,-49.51,-0.810000000000002));
#2261=CARTESIAN_POINT('',(-12.5,-49.51,9.40686274509804));
#2262=CARTESIAN_POINT('',(-12.5,-49.51,8.69));
#2263=CARTESIAN_POINT('',(-12.5,-44.51,8.69));
#2264=CARTESIAN_POINT('',(-12.5,-44.51,8.69));
#2265=CARTESIAN_POINT('',(-12.5,-44.51,14.88));
#2266=CARTESIAN_POINT('',(-12.5,-44.51,14.88));
#2267=CARTESIAN_POINT('',(-12.5,-44.51,14.88));
#2268=CARTESIAN_POINT('',(0.,-49.51,0.));
#2269=CARTESIAN_POINT('',(1.73472347597681E-15,-49.51,3.94));
#2270=CARTESIAN_POINT('',(-1.95,-49.51,3.94));
#2271=CARTESIAN_POINT('',(12.5,-49.51,8.69));
#2272=CARTESIAN_POINT('',(-12.5,-49.51,-0.810000000000002));
#2273=CARTESIAN_POINT('',(-17.65,-20.3,-42.878204063276));
#2274=CARTESIAN_POINT('',(17.65,-20.3,14.));
#2275=CARTESIAN_POINT('',(17.65,-20.3,14.88));
#2276=CARTESIAN_POINT('',(17.65,-20.3,-8.56));
#2277=CARTESIAN_POINT('',(-12.5,-20.3,14.88));
#2278=CARTESIAN_POINT('',(12.5,-20.3,-8.56));
#2279=CARTESIAN_POINT('',(18.975,-18.975,14.));
#2280=CARTESIAN_POINT('',(20.3,-17.65,14.));
#2281=CARTESIAN_POINT('',(20.3,-17.65,14.88));
#2282=CARTESIAN_POINT('',(20.3,-17.65,-8.56));
#2283=CARTESIAN_POINT('',(17.65,-20.3,14.88));
#2284=CARTESIAN_POINT('',(17.65,-20.3,-8.56));
#2285=CARTESIAN_POINT('',(20.3,-17.65,14.));
#2286=CARTESIAN_POINT('',(20.3,-11.4799999999988,9.02));
#2287=CARTESIAN_POINT('',(20.3,-11.4799999999988,7.62));
#2288=CARTESIAN_POINT('',(20.3,-11.48,-2.7));
#2289=CARTESIAN_POINT('',(20.3,-11.48,-4.1));
#2290=CARTESIAN_POINT('',(20.3,11.48,-2.7));
#2291=CARTESIAN_POINT('',(20.3,11.48,-4.1));
#2292=CARTESIAN_POINT('',(20.3,11.48,9.02));
#2293=CARTESIAN_POINT('',(20.3,11.48,7.62));
#2294=CARTESIAN_POINT('',(20.3,17.65,14.));
#2295=CARTESIAN_POINT('',(20.3,17.65,14.88));
#2296=CARTESIAN_POINT('',(20.3,17.65,-8.56));
#2297=CARTESIAN_POINT('',(20.3,-17.65,14.88));
#2298=CARTESIAN_POINT('',(20.3,-17.65,-8.56));
#2299=CARTESIAN_POINT('',(18.975,18.975,14.));
#2300=CARTESIAN_POINT('',(17.65,20.3,14.));
#2301=CARTESIAN_POINT('',(17.65,20.3,14.88));
#2302=CARTESIAN_POINT('',(17.65,20.3,-8.56));
#2303=CARTESIAN_POINT('',(20.3,17.65,14.88));
#2304=CARTESIAN_POINT('',(20.3,17.65,-8.56));
#2305=CARTESIAN_POINT('',(-18.975,18.975,14.));
#2306=CARTESIAN_POINT('',(-20.3,17.65,14.));
#2307=CARTESIAN_POINT('',(-20.3,17.65,14.88));
#2308=CARTESIAN_POINT('',(-20.3,17.65,-8.56));
#2309=CARTESIAN_POINT('',(-17.65,20.3,14.88));
#2310=CARTESIAN_POINT('',(-17.65,20.3,14.88));
#2311=CARTESIAN_POINT('',(-17.65,20.3,14.));
#2312=CARTESIAN_POINT('',(-17.65,20.3,-8.56));
#2313=CARTESIAN_POINT('',(-17.65,20.3,-8.56));
#2314=CARTESIAN_POINT('',(-20.3,17.65,14.));
#2315=CARTESIAN_POINT('',(-20.3,11.48,9.02));
#2316=CARTESIAN_POINT('',(-20.3,11.48,10.42));
#2317=CARTESIAN_POINT('',(-20.3,11.48,-2.7));
#2318=CARTESIAN_POINT('',(-20.3,11.48,-1.3));
#2319=CARTESIAN_POINT('',(-20.3,-11.4799999999988,9.01999999999999));
#2320=CARTESIAN_POINT('',(-20.3,-11.4799999999988,10.42));
#2321=CARTESIAN_POINT('',(-20.3,-11.48,-2.7));
#2322=CARTESIAN_POINT('',(-20.3,-11.48,-1.3));
#2323=CARTESIAN_POINT('',(-20.3,-17.65,14.));
#2324=CARTESIAN_POINT('',(-20.3,-17.65,14.88));
#2325=CARTESIAN_POINT('',(-20.3,-17.65,-8.56));
#2326=CARTESIAN_POINT('',(-20.3,17.65,14.88));
#2327=CARTESIAN_POINT('',(-20.3,17.65,-8.56));
#2328=CARTESIAN_POINT('',(-20.3,-17.65,14.));
#2329=CARTESIAN_POINT('',(-17.65,-20.3,14.));
#2330=CARTESIAN_POINT('',(-17.65,-20.3,14.88));
#2331=CARTESIAN_POINT('',(-17.65,-20.3,-8.56));
#2332=CARTESIAN_POINT('',(-20.3,-17.65,14.88));
#2333=CARTESIAN_POINT('',(-20.3,-17.65,-8.56));
#2334=CARTESIAN_POINT('',(-17.65,-20.3,-42.878204063276));
#2335=CARTESIAN_POINT('',(12.5,-20.3,-8.56));
#2336=CARTESIAN_POINT('',(-12.5,-20.3,14.88));
#2337=CARTESIAN_POINT('',(17.65,20.3,14.));
#2338=CARTESIAN_POINT('',(17.65,20.3,14.88));
#2339=CARTESIAN_POINT('',(17.65,20.3,-8.56));
#2340=CARTESIAN_POINT('',(12.5,-44.51,8.69));
#2341=CARTESIAN_POINT('',(12.5,-44.51,8.69));
#2342=CARTESIAN_POINT('',(-12.5,-44.51,-0.810000000000002));
#2343=CARTESIAN_POINT('',(-12.5,-44.51,-0.810000000000002));
#2344=CARTESIAN_POINT('',(12.5,-44.51,14.88));
#2345=CARTESIAN_POINT('',(12.5,-44.51,14.88));
#2346=CARTESIAN_POINT('',(0.,0.,14.88));
#2347=CARTESIAN_POINT('',(0.,0.,14.88));
#2348=CARTESIAN_POINT('',(15.42,0.,14.88));
#2349=CARTESIAN_POINT('',(-12.5,-44.51,-8.56));
#2350=CARTESIAN_POINT('',(-12.5,-44.51,-8.56));
#2351=CARTESIAN_POINT('',(0.,0.,-8.56));
#2352=CARTESIAN_POINT('',(0.,0.,-8.56));
#2353=CARTESIAN_POINT('',(11.7,0.,-8.56));
#2354=CARTESIAN_POINT('',(-1.03327299086086E-15,-5.20417042793042E-15,78.2));
#2355=CARTESIAN_POINT('',(0.,0.,32.9297006857697));
#2356=CARTESIAN_POINT('',(11.7,0.,32.9297006857697));
#2357=CARTESIAN_POINT('',(0.,0.,47.4839720797682));
#2358=CARTESIAN_POINT('',(0.,0.,40.88));
#2359=CARTESIAN_POINT('',(0.,0.,42.88));
#2360=CARTESIAN_POINT('',(-15.42,0.,42.88));
#2361=CARTESIAN_POINT('',(0.,0.,42.88));
#2362=CARTESIAN_POINT('',(0.,0.,42.88));
#2363=CARTESIAN_POINT('',(-5.05043986948809,-12.17765140434,42.88));
#2364=CARTESIAN_POINT('',(-12.1830242889001,-5.03746521347881,42.88));
#2365=CARTESIAN_POINT('',(-12.1830242889002,-5.03746521347865,42.88));
#2366=CARTESIAN_POINT('',(-12.5790254646389,-4.04275478526017,42.88));
#2367=CARTESIAN_POINT('',(-13.1236450761971,-1.9768647788087,42.88));
#2368=CARTESIAN_POINT('',(-13.1674434619878,1.26749071585708,42.88));
#2369=CARTESIAN_POINT('',(-12.4408974878607,4.36424196242626,42.88));
#2370=CARTESIAN_POINT('',(-10.9716871971399,7.2436452119656,42.88));
#2371=CARTESIAN_POINT('',(-8.83277859346706,9.67236475859334,42.88));
#2372=CARTESIAN_POINT('',(-6.22104455919037,11.4822719859367,42.88));
#2373=CARTESIAN_POINT('',(-3.17375668340381,12.6225011310996,42.88));
#2374=CARTESIAN_POINT('',(-1.07072751111305,12.8544207362718,42.88));
#2375=CARTESIAN_POINT('',(-3.36307085827177E-13,12.8397,42.88));
#2376=CARTESIAN_POINT('',(12.8397,0.,42.88));
#2377=CARTESIAN_POINT('',(12.8684182078464,-2.14256624849489,42.88));
#2378=CARTESIAN_POINT('',(12.0958643368049,-5.32885842408326,42.88));
#2379=CARTESIAN_POINT('',(9.66117816311667,-8.85163943440692,42.88));
#2380=CARTESIAN_POINT('',(7.21484800155661,-10.9866090178504,42.88));
#2381=CARTESIAN_POINT('',(4.37852125646028,-12.4366542354835,42.88));
#2382=CARTESIAN_POINT('',(1.23100133797216,-13.1740765464361,42.88));
#2383=CARTESIAN_POINT('',(-2.00815118867328,-13.1174627023197,42.88));
#2384=CARTESIAN_POINT('',(-4.05558489870452,-12.574745683156,42.88));
#2385=CARTESIAN_POINT('',(-5.05043986948808,-12.17765140434,42.88));
#2386=CARTESIAN_POINT('',(-10.2919593894831,-7.67681366292226,43.1034919451354));
#2387=CARTESIAN_POINT('',(-11.0314985808363,-6.685346674333,43.0936790288914));
#2388=CARTESIAN_POINT('',(-11.5681699732067,-5.57093704514771,43.0841071428571));
#2389=CARTESIAN_POINT('',(-12.8397,-2.93057773812721,43.0614285714286));
#2390=CARTESIAN_POINT('',(-12.8397,-1.57240975070123E-15,43.03875));
#2391=CARTESIAN_POINT('',(-12.8397,2.93057773812721,43.0160714285714));
#2392=CARTESIAN_POINT('',(-11.5681699732067,5.57093704514771,42.9933928571429));
#2393=CARTESIAN_POINT('',(-10.2966399464134,8.21129635216821,42.9707142857143));
#2394=CARTESIAN_POINT('',(-8.00542200892558,10.0384816854448,42.9480357142857));
#2395=CARTESIAN_POINT('',(-5.71420407143778,11.8656670187213,42.9253571428571));
#2396=CARTESIAN_POINT('',(-2.85710203571889,12.517781914041,42.9026785714286));
#2397=CARTESIAN_POINT('',(-2.41927079590266E-15,13.1698968093606,42.88));
#2398=CARTESIAN_POINT('',(2.85710203571889,12.517781914041,42.8573214285714));
#2399=CARTESIAN_POINT('',(5.71420407143778,11.8656670187213,42.8346428571429));
#2400=CARTESIAN_POINT('',(8.00542200892558,10.0384816854448,42.8119642857143));
#2401=CARTESIAN_POINT('',(10.2966399464134,8.21129635216822,42.7892857142857));
#2402=CARTESIAN_POINT('',(11.5681699732067,5.57093704514771,42.7666071428571));
#2403=CARTESIAN_POINT('',(12.8397,2.93057773812721,42.7439285714286));
#2404=CARTESIAN_POINT('',(12.8397,0.,42.72125));
#2405=CARTESIAN_POINT('',(12.8397,-2.93057773812721,42.6985714285714));
#2406=CARTESIAN_POINT('',(11.5681699732067,-5.57093704514771,42.6758928571429));
#2407=CARTESIAN_POINT('',(10.2966399464134,-8.21129635216821,42.6532142857143));
#2408=CARTESIAN_POINT('',(8.00542200892558,-10.0384816854448,42.6305357142857));
#2409=CARTESIAN_POINT('',(5.71420407143778,-11.8656670187213,42.6078571428571));
#2410=CARTESIAN_POINT('',(2.85710203571889,-12.517781914041,42.5851785714286));
#2411=CARTESIAN_POINT('',(8.06423598634221E-16,-13.1698968093606,42.5625));
#2412=CARTESIAN_POINT('',(-2.85710203571889,-12.517781914041,42.5398214285714));
#2413=CARTESIAN_POINT('',(-5.71420407143778,-11.8656670187213,42.5171428571429));
#2414=CARTESIAN_POINT('',(-8.00542200892558,-10.0384816854448,42.4944642857143));
#2415=CARTESIAN_POINT('',(-10.2966399464134,-8.21129635216821,42.4717857142857));
#2416=CARTESIAN_POINT('',(-11.5681699732067,-5.57093704514771,42.4491071428571));
#2417=CARTESIAN_POINT('',(-12.8397,-2.93057773812721,42.4264285714286));
#2418=CARTESIAN_POINT('',(-12.8397,-1.57240975070123E-15,42.40375));
#2419=CARTESIAN_POINT('',(-12.8397,2.93057773812721,42.3810714285714));
#2420=CARTESIAN_POINT('',(-11.5681699732067,5.57093704514771,42.3583928571429));
#2421=CARTESIAN_POINT('',(-10.2966399464134,8.21129635216821,42.3357142857143));
#2422=CARTESIAN_POINT('',(-8.00542200892558,10.0384816854448,42.3130357142857));
#2423=CARTESIAN_POINT('',(-5.71420407143778,11.8656670187213,42.2903571428571));
#2424=CARTESIAN_POINT('',(-2.85710203571889,12.517781914041,42.2676785714286));
#2425=CARTESIAN_POINT('',(-2.41927079590266E-15,13.1698968093606,42.245));
#2426=CARTESIAN_POINT('',(2.85710203571889,12.517781914041,42.2223214285714));
#2427=CARTESIAN_POINT('',(5.71420407143778,11.8656670187213,42.1996428571429));
#2428=CARTESIAN_POINT('',(8.00542200892558,10.0384816854448,42.1769642857143));
#2429=CARTESIAN_POINT('',(10.2966399464134,8.21129635216822,42.1542857142857));
#2430=CARTESIAN_POINT('',(11.5681699732067,5.57093704514771,42.1316071428571));
#2431=CARTESIAN_POINT('',(12.8397,2.93057773812721,42.1089285714286));
#2432=CARTESIAN_POINT('',(12.8397,0.,42.08625));
#2433=CARTESIAN_POINT('',(12.8397,-2.93057773812721,42.0635714285714));
#2434=CARTESIAN_POINT('',(11.5681699732067,-5.57093704514771,42.0408928571429));
#2435=CARTESIAN_POINT('',(10.2966399464134,-8.21129635216821,42.0182142857143));
#2436=CARTESIAN_POINT('',(8.00542200892558,-10.0384816854448,41.9955357142857));
#2437=CARTESIAN_POINT('',(5.71420407143778,-11.8656670187213,41.9728571428571));
#2438=CARTESIAN_POINT('',(2.85710203571889,-12.517781914041,41.9501785714286));
#2439=CARTESIAN_POINT('',(8.06423598634221E-16,-13.1698968093606,41.9275));
#2440=CARTESIAN_POINT('',(-2.85710203571889,-12.517781914041,41.9048214285714));
#2441=CARTESIAN_POINT('',(-5.71420407143778,-11.8656670187213,41.8821428571429));
#2442=CARTESIAN_POINT('',(-8.00542200892558,-10.0384816854448,41.8594642857143));
#2443=CARTESIAN_POINT('',(-10.2966399464134,-8.21129635216821,41.8367857142857));
#2444=CARTESIAN_POINT('',(-11.5681699732067,-5.57093704514771,41.8141071428571));
#2445=CARTESIAN_POINT('',(-12.8397,-2.93057773812721,41.7914285714286));
#2446=CARTESIAN_POINT('',(-12.8397,-1.57240975070123E-15,41.76875));
#2447=CARTESIAN_POINT('',(-12.8397,2.93057773812721,41.7460714285714));
#2448=CARTESIAN_POINT('',(-11.5681699732067,5.57093704514771,41.7233928571429));
#2449=CARTESIAN_POINT('',(-10.2966399464134,8.21129635216821,41.7007142857143));
#2450=CARTESIAN_POINT('',(-8.00542200892558,10.0384816854448,41.6780357142857));
#2451=CARTESIAN_POINT('',(-5.71420407143778,11.8656670187213,41.6553571428571));
#2452=CARTESIAN_POINT('',(-2.85710203571889,12.517781914041,41.6326785714286));
#2453=CARTESIAN_POINT('',(-2.41927079590266E-15,13.1698968093606,41.61));
#2454=CARTESIAN_POINT('',(2.85710203571889,12.517781914041,41.5873214285714));
#2455=CARTESIAN_POINT('',(5.71420407143778,11.8656670187213,41.5646428571429));
#2456=CARTESIAN_POINT('',(8.00542200892558,10.0384816854448,41.5419642857143));
#2457=CARTESIAN_POINT('',(10.2966399464134,8.21129635216822,41.5192857142857));
#2458=CARTESIAN_POINT('',(11.5681699732067,5.57093704514771,41.4966071428571));
#2459=CARTESIAN_POINT('',(12.8397,2.93057773812721,41.4739285714286));
#2460=CARTESIAN_POINT('',(12.8397,0.,41.45125));
#2461=CARTESIAN_POINT('',(12.8397,-2.93057773812721,41.4285714285714));
#2462=CARTESIAN_POINT('',(11.5681699732067,-5.57093704514771,41.4058928571429));
#2463=CARTESIAN_POINT('',(10.2966399464134,-8.21129635216821,41.3832142857143));
#2464=CARTESIAN_POINT('',(8.00542200892558,-10.0384816854448,41.3605357142857));
#2465=CARTESIAN_POINT('',(5.71420407143778,-11.8656670187213,41.3378571428571));
#2466=CARTESIAN_POINT('',(2.85710203571889,-12.517781914041,41.3151785714286));
#2467=CARTESIAN_POINT('',(8.06423598634221E-16,-13.1698968093606,41.2925));
#2468=CARTESIAN_POINT('',(-2.85710203571889,-12.517781914041,41.2698214285714));
#2469=CARTESIAN_POINT('',(-5.71420407143778,-11.8656670187213,41.2471428571429));
#2470=CARTESIAN_POINT('',(-8.00542200892558,-10.0384816854448,41.2244642857143));
#2471=CARTESIAN_POINT('',(-10.2966399464134,-8.21129635216821,41.2017857142857));
#2472=CARTESIAN_POINT('',(-11.5681699732067,-5.57093704514771,41.1791071428571));
#2473=CARTESIAN_POINT('',(-12.8397,-2.93057773812721,41.1564285714286));
#2474=CARTESIAN_POINT('',(-12.8397,-1.57240975070123E-15,41.13375));
#2475=CARTESIAN_POINT('',(-12.8397,2.93057773812721,41.1110714285714));
#2476=CARTESIAN_POINT('',(-11.5681699732067,5.57093704514771,41.0883928571429));
#2477=CARTESIAN_POINT('',(-10.2966399464134,8.21129635216821,41.0657142857143));
#2478=CARTESIAN_POINT('',(-8.00542200892558,10.0384816854448,41.0430357142857));
#2479=CARTESIAN_POINT('',(-5.71420407143778,11.8656670187213,41.0203571428571));
#2480=CARTESIAN_POINT('',(-2.85710203571889,12.517781914041,40.9976785714286));
#2481=CARTESIAN_POINT('',(-2.41927079590266E-15,13.1698968093606,40.975));
#2482=CARTESIAN_POINT('',(2.85710203571889,12.517781914041,40.9523214285714));
#2483=CARTESIAN_POINT('',(5.71420407143778,11.8656670187213,40.9296428571429));
#2484=CARTESIAN_POINT('',(8.00542200892558,10.0384816854448,40.9069642857143));
#2485=CARTESIAN_POINT('',(10.2966399464134,8.21129635216822,40.8842857142857));
#2486=CARTESIAN_POINT('',(11.5681699732067,5.57093704514771,40.8616071428571));
#2487=CARTESIAN_POINT('',(12.8397,2.93057773812721,40.8389285714286));
#2488=CARTESIAN_POINT('',(12.8397,0.,40.81625));
#2489=CARTESIAN_POINT('',(12.8397,-2.93057773812721,40.7935714285714));
#2490=CARTESIAN_POINT('',(11.5681699732067,-5.57093704514771,40.7708928571429));
#2491=CARTESIAN_POINT('',(10.2966399464134,-8.21129635216821,40.7482142857143));
#2492=CARTESIAN_POINT('',(8.00542200892558,-10.0384816854448,40.7255357142857));
#2493=CARTESIAN_POINT('',(5.71420407143778,-11.8656670187213,40.7028571428571));
#2494=CARTESIAN_POINT('',(2.85710203571889,-12.517781914041,40.6801785714286));
#2495=CARTESIAN_POINT('',(8.06423598634221E-16,-13.1698968093606,40.6575));
#2496=CARTESIAN_POINT('',(-2.85710203571889,-12.517781914041,40.6348214285714));
#2497=CARTESIAN_POINT('',(-5.71420407143778,-11.8656670187213,40.6121428571429));
#2498=CARTESIAN_POINT('',(-8.00542200892558,-10.0384816854448,40.5894642857143));
#2499=CARTESIAN_POINT('',(-10.2966399464134,-8.21129635216821,40.5667857142857));
#2500=CARTESIAN_POINT('',(-11.5681699732067,-5.57093704514771,40.5441071428571));
#2501=CARTESIAN_POINT('',(-12.8397,-2.93057773812721,40.5214285714286));
#2502=CARTESIAN_POINT('',(-12.8397,-1.57240975070123E-15,40.49875));
#2503=CARTESIAN_POINT('',(-12.8397,2.93057773812721,40.4760714285714));
#2504=CARTESIAN_POINT('',(-11.5681699732067,5.57093704514771,40.4533928571429));
#2505=CARTESIAN_POINT('',(-10.2966399464134,8.21129635216821,40.4307142857143));
#2506=CARTESIAN_POINT('',(-8.00542200892558,10.0384816854448,40.4080357142857));
#2507=CARTESIAN_POINT('',(-5.71420407143778,11.8656670187213,40.3853571428571));
#2508=CARTESIAN_POINT('',(-2.85710203571889,12.517781914041,40.3626785714286));
#2509=CARTESIAN_POINT('',(-2.41927079590266E-15,13.1698968093606,40.34));
#2510=CARTESIAN_POINT('',(2.85710203571889,12.517781914041,40.3173214285714));
#2511=CARTESIAN_POINT('',(5.71420407143778,11.8656670187213,40.2946428571429));
#2512=CARTESIAN_POINT('',(8.00542200892558,10.0384816854448,40.2719642857143));
#2513=CARTESIAN_POINT('',(10.2966399464134,8.21129635216822,40.2492857142857));
#2514=CARTESIAN_POINT('',(11.5681699732067,5.57093704514771,40.2266071428571));
#2515=CARTESIAN_POINT('',(12.8397,2.93057773812721,40.2039285714286));
#2516=CARTESIAN_POINT('',(12.8397,0.,40.18125));
#2517=CARTESIAN_POINT('',(12.8397,-2.93057773812721,40.1585714285714));
#2518=CARTESIAN_POINT('',(11.5681699732067,-5.57093704514771,40.1358928571429));
#2519=CARTESIAN_POINT('',(10.2966399464134,-8.21129635216821,40.1132142857143));
#2520=CARTESIAN_POINT('',(8.00542200892558,-10.0384816854448,40.0905357142857));
#2521=CARTESIAN_POINT('',(5.71420407143778,-11.8656670187213,40.0678571428571));
#2522=CARTESIAN_POINT('',(2.85710203571889,-12.517781914041,40.0451785714286));
#2523=CARTESIAN_POINT('',(8.06423598634221E-16,-13.1698968093606,40.0225));
#2524=CARTESIAN_POINT('',(-2.85710203571889,-12.517781914041,39.9998214285714));
#2525=CARTESIAN_POINT('',(-5.71420407143778,-11.8656670187213,39.9771428571429));
#2526=CARTESIAN_POINT('',(-8.00542200892558,-10.0384816854448,39.9544642857143));
#2527=CARTESIAN_POINT('',(-10.2966399464134,-8.21129635216821,39.9317857142857));
#2528=CARTESIAN_POINT('',(-11.5681699732067,-5.57093704514771,39.9091071428571));
#2529=CARTESIAN_POINT('',(-12.8397,-2.93057773812721,39.8864285714286));
#2530=CARTESIAN_POINT('',(-12.8397,-1.57240975070123E-15,39.86375));
#2531=CARTESIAN_POINT('',(-12.8397,2.93057773812721,39.8410714285714));
#2532=CARTESIAN_POINT('',(-11.5681699732067,5.57093704514771,39.8183928571429));
#2533=CARTESIAN_POINT('',(-10.2966399464134,8.21129635216821,39.7957142857143));
#2534=CARTESIAN_POINT('',(-8.00542200892558,10.0384816854448,39.7730357142857));
#2535=CARTESIAN_POINT('',(-5.71420407143778,11.8656670187213,39.7503571428571));
#2536=CARTESIAN_POINT('',(-2.85710203571889,12.517781914041,39.7276785714286));
#2537=CARTESIAN_POINT('',(-2.41927079590266E-15,13.1698968093606,39.705));
#2538=CARTESIAN_POINT('',(2.85710203571889,12.517781914041,39.6823214285714));
#2539=CARTESIAN_POINT('',(5.71420407143778,11.8656670187213,39.6596428571428));
#2540=CARTESIAN_POINT('',(8.00542200892558,10.0384816854448,39.6369642857143));
#2541=CARTESIAN_POINT('',(10.2966399464134,8.21129635216822,39.6142857142857));
#2542=CARTESIAN_POINT('',(11.5681699732067,5.57093704514771,39.5916071428571));
#2543=CARTESIAN_POINT('',(12.8397,2.93057773812721,39.5689285714286));
#2544=CARTESIAN_POINT('',(12.8397,0.,39.54625));
#2545=CARTESIAN_POINT('',(12.8397,-2.93057773812721,39.5235714285714));
#2546=CARTESIAN_POINT('',(11.5681699732067,-5.57093704514771,39.5008928571429));
#2547=CARTESIAN_POINT('',(10.2966399464134,-8.21129635216821,39.4782142857143));
#2548=CARTESIAN_POINT('',(8.00542200892558,-10.0384816854448,39.4555357142857));
#2549=CARTESIAN_POINT('',(5.71420407143778,-11.8656670187213,39.4328571428571));
#2550=CARTESIAN_POINT('',(2.85710203571889,-12.517781914041,39.4101785714286));
#2551=CARTESIAN_POINT('',(8.06423598634221E-16,-13.1698968093606,39.3875));
#2552=CARTESIAN_POINT('',(-2.85710203571889,-12.517781914041,39.3648214285714));
#2553=CARTESIAN_POINT('',(-5.71420407143778,-11.8656670187213,39.3421428571429));
#2554=CARTESIAN_POINT('',(-8.00542200892558,-10.0384816854448,39.3194642857143));
#2555=CARTESIAN_POINT('',(-10.2966399464134,-8.21129635216821,39.2967857142857));
#2556=CARTESIAN_POINT('',(-11.5681699732067,-5.57093704514771,39.2741071428571));
#2557=CARTESIAN_POINT('',(-12.8397,-2.93057773812721,39.2514285714286));
#2558=CARTESIAN_POINT('',(-12.8397,-1.57240975070123E-15,39.22875));
#2559=CARTESIAN_POINT('',(-12.8397,2.93057773812721,39.2060714285714));
#2560=CARTESIAN_POINT('',(-11.5681699732067,5.57093704514771,39.1833928571429));
#2561=CARTESIAN_POINT('',(-10.2966399464134,8.21129635216821,39.1607142857143));
#2562=CARTESIAN_POINT('',(-8.00542200892558,10.0384816854448,39.1380357142857));
#2563=CARTESIAN_POINT('',(-5.71420407143778,11.8656670187213,39.1153571428571));
#2564=CARTESIAN_POINT('',(-2.85710203571889,12.517781914041,39.0926785714286));
#2565=CARTESIAN_POINT('',(-2.41927079590266E-15,13.1698968093606,39.07));
#2566=CARTESIAN_POINT('',(2.85710203571889,12.517781914041,39.0473214285714));
#2567=CARTESIAN_POINT('',(5.71420407143778,11.8656670187213,39.0246428571429));
#2568=CARTESIAN_POINT('',(8.00542200892558,10.0384816854448,39.0019642857143));
#2569=CARTESIAN_POINT('',(10.2966399464134,8.21129635216822,38.9792857142857));
#2570=CARTESIAN_POINT('',(11.5681699732067,5.57093704514771,38.9566071428571));
#2571=CARTESIAN_POINT('',(12.8397,2.93057773812721,38.9339285714286));
#2572=CARTESIAN_POINT('',(12.8397,0.,38.91125));
#2573=CARTESIAN_POINT('',(12.8397,-2.93057773812721,38.8885714285714));
#2574=CARTESIAN_POINT('',(11.5681699732067,-5.57093704514771,38.8658928571429));
#2575=CARTESIAN_POINT('',(11.2659698541077,-6.19846205850351,38.8605029199473));
#2576=CARTESIAN_POINT('',(10.8976615462416,-6.78961478388627,38.8550115338476));
#2577=CARTESIAN_POINT('',(-10.5674631693425,-7.88231303397228,42.9050544451354));
#2578=CARTESIAN_POINT('',(-11.3267989645164,-6.86430562750678,42.8952415288914));
#2579=CARTESIAN_POINT('',(-11.8778364257318,-5.72006454897999,42.8856696428571));
#2580=CARTESIAN_POINT('',(-13.183403832127,-3.00902589493307,42.8629910714286));
#2581=CARTESIAN_POINT('',(-13.183403832127,-1.61450133048812E-15,42.8403125));
#2582=CARTESIAN_POINT('',(-13.183403832127,3.00902589493307,42.8176339285714));
#2583=CARTESIAN_POINT('',(-11.8778364257318,5.72006454897998,42.7949553571429));
#2584=CARTESIAN_POINT('',(-10.5722690193367,8.4311032030269,42.7722767857143));
#2585=CARTESIAN_POINT('',(-8.2197178431165,10.3072001620465,42.7495982142857));
#2586=CARTESIAN_POINT('',(-5.86716666689629,12.1832971210661,42.7269196428571));
#2587=CARTESIAN_POINT('',(-2.93358333344815,12.8528683735054,42.7042410714286));
#2588=CARTESIAN_POINT('',(-2.48403186068646E-15,13.5224396259446,42.6815625));
#2589=CARTESIAN_POINT('',(2.93358333344814,12.8528683735054,42.6588839285714));
#2590=CARTESIAN_POINT('',(5.86716666689628,12.1832971210661,42.6362053571429));
#2591=CARTESIAN_POINT('',(8.2197178431165,10.3072001620465,42.6135267857143));
#2592=CARTESIAN_POINT('',(10.5722690193367,8.4311032030269,42.5908482142857));
#2593=CARTESIAN_POINT('',(11.8778364257318,5.72006454897999,42.5681696428571));
#2594=CARTESIAN_POINT('',(13.1834038321269,3.00902589493308,42.5454910714286));
#2595=CARTESIAN_POINT('',(13.183403832127,0.,42.5228125));
#2596=CARTESIAN_POINT('',(13.183403832127,-3.00902589493307,42.5001339285714));
#2597=CARTESIAN_POINT('',(11.8778364257318,-5.72006454897999,42.4774553571429));
#2598=CARTESIAN_POINT('',(10.5722690193367,-8.4311032030269,42.4547767857143));
#2599=CARTESIAN_POINT('',(8.2197178431165,-10.3072001620465,42.4320982142857));
#2600=CARTESIAN_POINT('',(5.86716666689629,-12.1832971210661,42.4094196428571));
#2601=CARTESIAN_POINT('',(2.93358333344814,-12.8528683735054,42.3867410714286));
#2602=CARTESIAN_POINT('',(8.28010620228821E-16,-13.5224396259446,42.3640625));
#2603=CARTESIAN_POINT('',(-2.93358333344814,-12.8528683735054,42.3413839285714));
#2604=CARTESIAN_POINT('',(-5.86716666689629,-12.1832971210661,42.3187053571429));
#2605=CARTESIAN_POINT('',(-8.2197178431165,-10.3072001620465,42.2960267857143));
#2606=CARTESIAN_POINT('',(-10.5722690193367,-8.4311032030269,42.2733482142857));
#2607=CARTESIAN_POINT('',(-11.8778364257318,-5.72006454897999,42.2506696428571));
#2608=CARTESIAN_POINT('',(-13.183403832127,-3.00902589493307,42.2279910714286));
#2609=CARTESIAN_POINT('',(-13.183403832127,-1.61450133048812E-15,42.2053125));
#2610=CARTESIAN_POINT('',(-13.183403832127,3.00902589493307,42.1826339285714));
#2611=CARTESIAN_POINT('',(-11.8778364257318,5.72006454897998,42.1599553571429));
#2612=CARTESIAN_POINT('',(-10.5722690193367,8.4311032030269,42.1372767857143));
#2613=CARTESIAN_POINT('',(-8.2197178431165,10.3072001620465,42.1145982142857));
#2614=CARTESIAN_POINT('',(-5.86716666689629,12.1832971210661,42.0919196428571));
#2615=CARTESIAN_POINT('',(-2.93358333344815,12.8528683735054,42.0692410714286));
#2616=CARTESIAN_POINT('',(-2.48403186068646E-15,13.5224396259446,42.0465625));
#2617=CARTESIAN_POINT('',(2.93358333344814,12.8528683735054,42.0238839285714));
#2618=CARTESIAN_POINT('',(5.86716666689628,12.1832971210661,42.0012053571429));
#2619=CARTESIAN_POINT('',(8.2197178431165,10.3072001620465,41.9785267857143));
#2620=CARTESIAN_POINT('',(10.5722690193367,8.4311032030269,41.9558482142857));
#2621=CARTESIAN_POINT('',(11.8778364257318,5.72006454897999,41.9331696428571));
#2622=CARTESIAN_POINT('',(13.1834038321269,3.00902589493308,41.9104910714286));
#2623=CARTESIAN_POINT('',(13.183403832127,0.,41.8878125));
#2624=CARTESIAN_POINT('',(13.183403832127,-3.00902589493307,41.8651339285714));
#2625=CARTESIAN_POINT('',(11.8778364257318,-5.72006454897999,41.8424553571429));
#2626=CARTESIAN_POINT('',(10.5722690193367,-8.4311032030269,41.8197767857143));
#2627=CARTESIAN_POINT('',(8.2197178431165,-10.3072001620465,41.7970982142857));
#2628=CARTESIAN_POINT('',(5.86716666689629,-12.1832971210661,41.7744196428571));
#2629=CARTESIAN_POINT('',(2.93358333344814,-12.8528683735054,41.7517410714286));
#2630=CARTESIAN_POINT('',(8.28010620228821E-16,-13.5224396259446,41.7290625));
#2631=CARTESIAN_POINT('',(-2.93358333344814,-12.8528683735054,41.7063839285714));
#2632=CARTESIAN_POINT('',(-5.86716666689629,-12.1832971210661,41.6837053571428));
#2633=CARTESIAN_POINT('',(-8.2197178431165,-10.3072001620465,41.6610267857143));
#2634=CARTESIAN_POINT('',(-10.5722690193367,-8.4311032030269,41.6383482142857));
#2635=CARTESIAN_POINT('',(-11.8778364257318,-5.72006454897999,41.6156696428571));
#2636=CARTESIAN_POINT('',(-13.183403832127,-3.00902589493307,41.5929910714286));
#2637=CARTESIAN_POINT('',(-13.183403832127,-1.61450133048812E-15,41.5703125));
#2638=CARTESIAN_POINT('',(-13.183403832127,3.00902589493307,41.5476339285714));
#2639=CARTESIAN_POINT('',(-11.8778364257318,5.72006454897998,41.5249553571429));
#2640=CARTESIAN_POINT('',(-10.5722690193367,8.4311032030269,41.5022767857143));
#2641=CARTESIAN_POINT('',(-8.2197178431165,10.3072001620465,41.4795982142857));
#2642=CARTESIAN_POINT('',(-5.86716666689629,12.1832971210661,41.4569196428571));
#2643=CARTESIAN_POINT('',(-2.93358333344815,12.8528683735054,41.4342410714286));
#2644=CARTESIAN_POINT('',(-2.48403186068646E-15,13.5224396259446,41.4115625));
#2645=CARTESIAN_POINT('',(2.93358333344814,12.8528683735054,41.3888839285714));
#2646=CARTESIAN_POINT('',(5.86716666689628,12.1832971210661,41.3662053571429));
#2647=CARTESIAN_POINT('',(8.2197178431165,10.3072001620465,41.3435267857143));
#2648=CARTESIAN_POINT('',(10.5722690193367,8.4311032030269,41.3208482142857));
#2649=CARTESIAN_POINT('',(11.8778364257318,5.72006454897999,41.2981696428571));
#2650=CARTESIAN_POINT('',(13.1834038321269,3.00902589493308,41.2754910714286));
#2651=CARTESIAN_POINT('',(13.183403832127,0.,41.2528125));
#2652=CARTESIAN_POINT('',(13.183403832127,-3.00902589493307,41.2301339285714));
#2653=CARTESIAN_POINT('',(11.8778364257318,-5.72006454897999,41.2074553571429));
#2654=CARTESIAN_POINT('',(10.5722690193367,-8.4311032030269,41.1847767857143));
#2655=CARTESIAN_POINT('',(8.2197178431165,-10.3072001620465,41.1620982142857));
#2656=CARTESIAN_POINT('',(5.86716666689629,-12.1832971210661,41.1394196428571));
#2657=CARTESIAN_POINT('',(2.93358333344814,-12.8528683735054,41.1167410714286));
#2658=CARTESIAN_POINT('',(8.28010620228821E-16,-13.5224396259446,41.0940625));
#2659=CARTESIAN_POINT('',(-2.93358333344814,-12.8528683735054,41.0713839285714));
#2660=CARTESIAN_POINT('',(-5.86716666689629,-12.1832971210661,41.0487053571429));
#2661=CARTESIAN_POINT('',(-8.2197178431165,-10.3072001620465,41.0260267857143));
#2662=CARTESIAN_POINT('',(-10.5722690193367,-8.4311032030269,41.0033482142857));
#2663=CARTESIAN_POINT('',(-11.8778364257318,-5.72006454897999,40.9806696428571));
#2664=CARTESIAN_POINT('',(-13.183403832127,-3.00902589493307,40.9579910714286));
#2665=CARTESIAN_POINT('',(-13.183403832127,-1.61450133048812E-15,40.9353125));
#2666=CARTESIAN_POINT('',(-13.183403832127,3.00902589493307,40.9126339285714));
#2667=CARTESIAN_POINT('',(-11.8778364257318,5.72006454897998,40.8899553571429));
#2668=CARTESIAN_POINT('',(-10.5722690193367,8.4311032030269,40.8672767857143));
#2669=CARTESIAN_POINT('',(-8.2197178431165,10.3072001620465,40.8445982142857));
#2670=CARTESIAN_POINT('',(-5.86716666689629,12.1832971210661,40.8219196428571));
#2671=CARTESIAN_POINT('',(-2.93358333344815,12.8528683735054,40.7992410714286));
#2672=CARTESIAN_POINT('',(-2.48403186068646E-15,13.5224396259446,40.7765625));
#2673=CARTESIAN_POINT('',(2.93358333344814,12.8528683735054,40.7538839285714));
#2674=CARTESIAN_POINT('',(5.86716666689628,12.1832971210661,40.7312053571428));
#2675=CARTESIAN_POINT('',(8.2197178431165,10.3072001620465,40.7085267857143));
#2676=CARTESIAN_POINT('',(10.5722690193367,8.4311032030269,40.6858482142857));
#2677=CARTESIAN_POINT('',(11.8778364257318,5.72006454897999,40.6631696428571));
#2678=CARTESIAN_POINT('',(13.1834038321269,3.00902589493308,40.6404910714286));
#2679=CARTESIAN_POINT('',(13.183403832127,0.,40.6178125));
#2680=CARTESIAN_POINT('',(13.183403832127,-3.00902589493307,40.5951339285714));
#2681=CARTESIAN_POINT('',(11.8778364257318,-5.72006454897999,40.5724553571429));
#2682=CARTESIAN_POINT('',(10.5722690193367,-8.4311032030269,40.5497767857143));
#2683=CARTESIAN_POINT('',(8.2197178431165,-10.3072001620465,40.5270982142857));
#2684=CARTESIAN_POINT('',(5.86716666689629,-12.1832971210661,40.5044196428571));
#2685=CARTESIAN_POINT('',(2.93358333344814,-12.8528683735054,40.4817410714286));
#2686=CARTESIAN_POINT('',(8.28010620228821E-16,-13.5224396259446,40.4590625));
#2687=CARTESIAN_POINT('',(-2.93358333344814,-12.8528683735054,40.4363839285714));
#2688=CARTESIAN_POINT('',(-5.86716666689629,-12.1832971210661,40.4137053571429));
#2689=CARTESIAN_POINT('',(-8.2197178431165,-10.3072001620465,40.3910267857143));
#2690=CARTESIAN_POINT('',(-10.5722690193367,-8.4311032030269,40.3683482142857));
#2691=CARTESIAN_POINT('',(-11.8778364257318,-5.72006454897999,40.3456696428571));
#2692=CARTESIAN_POINT('',(-13.183403832127,-3.00902589493307,40.3229910714286));
#2693=CARTESIAN_POINT('',(-13.183403832127,-1.61450133048812E-15,40.3003125));
#2694=CARTESIAN_POINT('',(-13.183403832127,3.00902589493307,40.2776339285714));
#2695=CARTESIAN_POINT('',(-11.8778364257318,5.72006454897998,40.2549553571429));
#2696=CARTESIAN_POINT('',(-10.5722690193367,8.4311032030269,40.2322767857143));
#2697=CARTESIAN_POINT('',(-8.2197178431165,10.3072001620465,40.2095982142857));
#2698=CARTESIAN_POINT('',(-5.86716666689629,12.1832971210661,40.1869196428571));
#2699=CARTESIAN_POINT('',(-2.93358333344815,12.8528683735054,40.1642410714286));
#2700=CARTESIAN_POINT('',(-2.48403186068646E-15,13.5224396259446,40.1415625));
#2701=CARTESIAN_POINT('',(2.93358333344814,12.8528683735054,40.1188839285714));
#2702=CARTESIAN_POINT('',(5.86716666689628,12.1832971210661,40.0962053571428));
#2703=CARTESIAN_POINT('',(8.2197178431165,10.3072001620465,40.0735267857143));
#2704=CARTESIAN_POINT('',(10.5722690193367,8.4311032030269,40.0508482142857));
#2705=CARTESIAN_POINT('',(11.8778364257318,5.72006454897999,40.0281696428571));
#2706=CARTESIAN_POINT('',(13.1834038321269,3.00902589493308,40.0054910714286));
#2707=CARTESIAN_POINT('',(13.183403832127,0.,39.9828125));
#2708=CARTESIAN_POINT('',(13.183403832127,-3.00902589493307,39.9601339285714));
#2709=CARTESIAN_POINT('',(11.8778364257318,-5.72006454897999,39.9374553571429));
#2710=CARTESIAN_POINT('',(10.5722690193367,-8.4311032030269,39.9147767857143));
#2711=CARTESIAN_POINT('',(8.2197178431165,-10.3072001620465,39.8920982142857));
#2712=CARTESIAN_POINT('',(5.86716666689629,-12.1832971210661,39.8694196428571));
#2713=CARTESIAN_POINT('',(2.93358333344814,-12.8528683735054,39.8467410714286));
#2714=CARTESIAN_POINT('',(8.28010620228821E-16,-13.5224396259446,39.8240625));
#2715=CARTESIAN_POINT('',(-2.93358333344814,-12.8528683735054,39.8013839285714));
#2716=CARTESIAN_POINT('',(-5.86716666689629,-12.1832971210661,39.7787053571429));
#2717=CARTESIAN_POINT('',(-8.2197178431165,-10.3072001620465,39.7560267857143));
#2718=CARTESIAN_POINT('',(-10.5722690193367,-8.4311032030269,39.7333482142857));
#2719=CARTESIAN_POINT('',(-11.8778364257318,-5.72006454897999,39.7106696428571));
#2720=CARTESIAN_POINT('',(-13.183403832127,-3.00902589493307,39.6879910714286));
#2721=CARTESIAN_POINT('',(-13.183403832127,-1.61450133048812E-15,39.6653125));
#2722=CARTESIAN_POINT('',(-13.183403832127,3.00902589493307,39.6426339285714));
#2723=CARTESIAN_POINT('',(-11.8778364257318,5.72006454897998,39.6199553571429));
#2724=CARTESIAN_POINT('',(-10.5722690193367,8.4311032030269,39.5972767857143));
#2725=CARTESIAN_POINT('',(-8.2197178431165,10.3072001620465,39.5745982142857));
#2726=CARTESIAN_POINT('',(-5.86716666689629,12.1832971210661,39.5519196428571));
#2727=CARTESIAN_POINT('',(-2.93358333344815,12.8528683735054,39.5292410714286));
#2728=CARTESIAN_POINT('',(-2.48403186068646E-15,13.5224396259446,39.5065625));
#2729=CARTESIAN_POINT('',(2.93358333344814,12.8528683735054,39.4838839285714));
#2730=CARTESIAN_POINT('',(5.86716666689628,12.1832971210661,39.4612053571429));
#2731=CARTESIAN_POINT('',(8.2197178431165,10.3072001620465,39.4385267857143));
#2732=CARTESIAN_POINT('',(10.5722690193367,8.4311032030269,39.4158482142857));
#2733=CARTESIAN_POINT('',(11.8778364257318,5.72006454897999,39.3931696428571));
#2734=CARTESIAN_POINT('',(13.1834038321269,3.00902589493308,39.3704910714286));
#2735=CARTESIAN_POINT('',(13.183403832127,0.,39.3478125));
#2736=CARTESIAN_POINT('',(13.183403832127,-3.00902589493307,39.3251339285714));
#2737=CARTESIAN_POINT('',(11.8778364257318,-5.72006454897999,39.3024553571428));
#2738=CARTESIAN_POINT('',(10.5722690193367,-8.4311032030269,39.2797767857143));
#2739=CARTESIAN_POINT('',(8.2197178431165,-10.3072001620465,39.2570982142857));
#2740=CARTESIAN_POINT('',(5.86716666689629,-12.1832971210661,39.2344196428571));
#2741=CARTESIAN_POINT('',(2.93358333344814,-12.8528683735054,39.2117410714286));
#2742=CARTESIAN_POINT('',(8.28010620228821E-16,-13.5224396259446,39.1890625));
#2743=CARTESIAN_POINT('',(-2.93358333344814,-12.8528683735054,39.1663839285714));
#2744=CARTESIAN_POINT('',(-5.86716666689629,-12.1832971210661,39.1437053571428));
#2745=CARTESIAN_POINT('',(-8.2197178431165,-10.3072001620465,39.1210267857143));
#2746=CARTESIAN_POINT('',(-10.5722690193367,-8.4311032030269,39.0983482142857));
#2747=CARTESIAN_POINT('',(-11.8778364257318,-5.72006454897999,39.0756696428571));
#2748=CARTESIAN_POINT('',(-13.183403832127,-3.00902589493307,39.0529910714286));
#2749=CARTESIAN_POINT('',(-13.183403832127,-1.61450133048812E-15,39.0303125));
#2750=CARTESIAN_POINT('',(-13.183403832127,3.00902589493307,39.0076339285714));
#2751=CARTESIAN_POINT('',(-11.8778364257318,5.72006454897998,38.9849553571429));
#2752=CARTESIAN_POINT('',(-10.5722690193367,8.4311032030269,38.9622767857143));
#2753=CARTESIAN_POINT('',(-8.2197178431165,10.3072001620465,38.9395982142857));
#2754=CARTESIAN_POINT('',(-5.86716666689629,12.1832971210661,38.9169196428571));
#2755=CARTESIAN_POINT('',(-2.93358333344815,12.8528683735054,38.8942410714286));
#2756=CARTESIAN_POINT('',(-2.48403186068646E-15,13.5224396259446,38.8715625));
#2757=CARTESIAN_POINT('',(2.93358333344814,12.8528683735054,38.8488839285714));
#2758=CARTESIAN_POINT('',(5.86716666689628,12.1832971210661,38.8262053571429));
#2759=CARTESIAN_POINT('',(8.2197178431165,10.3072001620465,38.8035267857143));
#2760=CARTESIAN_POINT('',(10.5722690193367,8.4311032030269,38.7808482142857));
#2761=CARTESIAN_POINT('',(11.8778364257318,5.72006454897999,38.7581696428571));
#2762=CARTESIAN_POINT('',(13.1834038321269,3.00902589493308,38.7354910714286));
#2763=CARTESIAN_POINT('',(13.183403832127,0.,38.7128125));
#2764=CARTESIAN_POINT('',(13.183403832127,-3.00902589493307,38.6901339285714));
#2765=CARTESIAN_POINT('',(11.8778364257318,-5.72006454897999,38.6674553571429));
#2766=CARTESIAN_POINT('',(11.5675467610045,-6.36438767692147,38.6620654199473));
#2767=CARTESIAN_POINT('',(11.1893792682028,-6.97136487305405,38.6565740338476));
#2768=CARTESIAN_POINT('',(-1.09143159452975,13.1381472695126,38.88));
#2769=CARTESIAN_POINT('',(-0.0239190608373989,13.2125019889814,38.88));
#2770=CARTESIAN_POINT('',(2.13433085239025,13.095789460566,38.88));
#2771=CARTESIAN_POINT('',(5.17108237220771,12.1752010653944,38.88));
#2772=CARTESIAN_POINT('',(7.95793283787497,10.5171084086649,38.88));
#2773=CARTESIAN_POINT('',(10.235367015797,8.24263321732042,38.88));
#2774=CARTESIAN_POINT('',(11.8864015214598,5.51113008536269,38.88));
#2775=CARTESIAN_POINT('',(13.1505901862503,1.37809838508663,38.88));
#2776=CARTESIAN_POINT('',(12.9111773237747,-1.86937453151057,38.88));
#2777=CARTESIAN_POINT('',(12.2331437399784,-3.89975516244654,38.88));
#2778=CARTESIAN_POINT('',(-1.0914315945317,13.1381472695125,38.88));
#2779=CARTESIAN_POINT('',(13.1834038321269,0.,43.1578125));
#2780=CARTESIAN_POINT('',(13.1834038321269,-3.00902589493307,43.1351339285714));
#2781=CARTESIAN_POINT('',(11.8778364257318,-5.72006454897998,43.1124553571428));
#2782=CARTESIAN_POINT('',(10.5722690193367,-8.4311032030269,43.0897767857143));
#2783=CARTESIAN_POINT('',(8.2197178431165,-10.3072001620465,43.0670982142857));
#2784=CARTESIAN_POINT('',(5.86716666689629,-12.1832971210661,43.0444196428571));
#2785=CARTESIAN_POINT('',(2.93358333344814,-12.8528683735054,43.0217410714286));
#2786=CARTESIAN_POINT('',(8.28010620228821E-16,-13.5224396259446,42.9990625));
#2787=CARTESIAN_POINT('',(-2.93358333344814,-12.8528683735054,42.9763839285714));
#2788=CARTESIAN_POINT('',(-5.86716666689628,-12.1832971210661,42.9537053571429));
#2789=CARTESIAN_POINT('',(-8.2197178431165,-10.3072001620465,42.9310267857143));
#2790=CARTESIAN_POINT('',(-10.5722690193367,-8.4311032030269,42.9083482142857));
#2791=CARTESIAN_POINT('',(-11.8778364257318,-5.72006454897999,42.8856696428571));
#2792=CARTESIAN_POINT('',(-13.1834038321269,-3.00902589493307,42.8629910714286));
#2793=CARTESIAN_POINT('',(-13.1834038321269,-1.61450133048812E-15,42.8403125));
#2794=CARTESIAN_POINT('',(-13.1834038321269,3.00902589493307,42.8176339285714));
#2795=CARTESIAN_POINT('',(-11.8778364257318,5.72006454897998,42.7949553571429));
#2796=CARTESIAN_POINT('',(-10.5722690193367,8.4311032030269,42.7722767857143));
#2797=CARTESIAN_POINT('',(-8.2197178431165,10.3072001620465,42.7495982142857));
#2798=CARTESIAN_POINT('',(-5.86716666689629,12.1832971210661,42.7269196428571));
#2799=CARTESIAN_POINT('',(-2.93358333344815,12.8528683735054,42.7042410714286));
#2800=CARTESIAN_POINT('',(-2.48403186068646E-15,13.5224396259446,42.6815625));
#2801=CARTESIAN_POINT('',(2.93358333344814,12.8528683735054,42.6588839285714));
#2802=CARTESIAN_POINT('',(5.86716666689628,12.1832971210661,42.6362053571429));
#2803=CARTESIAN_POINT('',(8.2197178431165,10.3072001620465,42.6135267857143));
#2804=CARTESIAN_POINT('',(10.5722690193367,8.4311032030269,42.5908482142857));
#2805=CARTESIAN_POINT('',(11.8778364257318,5.72006454897999,42.5681696428571));
#2806=CARTESIAN_POINT('',(13.1834038321269,3.00902589493308,42.5454910714286));
#2807=CARTESIAN_POINT('',(13.1834038321269,3.22900266097624E-15,42.5228125));
#2808=CARTESIAN_POINT('',(13.1834038321269,-3.00902589493307,42.5001339285714));
#2809=CARTESIAN_POINT('',(11.8778364257318,-5.72006454897998,42.4774553571429));
#2810=CARTESIAN_POINT('',(10.5722690193367,-8.4311032030269,42.4547767857143));
#2811=CARTESIAN_POINT('',(8.2197178431165,-10.3072001620465,42.4320982142857));
#2812=CARTESIAN_POINT('',(5.86716666689629,-12.1832971210661,42.4094196428571));
#2813=CARTESIAN_POINT('',(2.93358333344815,-12.8528683735054,42.3867410714286));
#2814=CARTESIAN_POINT('',(4.1400531011441E-15,-13.5224396259446,42.3640625));
#2815=CARTESIAN_POINT('',(-2.93358333344814,-12.8528683735054,42.3413839285714));
#2816=CARTESIAN_POINT('',(-5.86716666689628,-12.1832971210661,42.3187053571429));
#2817=CARTESIAN_POINT('',(-8.2197178431165,-10.3072001620465,42.2960267857143));
#2818=CARTESIAN_POINT('',(-10.5722690193367,-8.4311032030269,42.2733482142857));
#2819=CARTESIAN_POINT('',(-11.8778364257318,-5.72006454897999,42.2506696428571));
#2820=CARTESIAN_POINT('',(-13.1834038321269,-3.00902589493308,42.2279910714286));
#2821=CARTESIAN_POINT('',(-13.1834038321269,-4.84350399146436E-15,42.2053125));
#2822=CARTESIAN_POINT('',(-13.183403832127,3.00902589493307,42.1826339285714));
#2823=CARTESIAN_POINT('',(-11.8778364257318,5.72006454897998,42.1599553571429));
#2824=CARTESIAN_POINT('',(-10.5722690193367,8.4311032030269,42.1372767857143));
#2825=CARTESIAN_POINT('',(-8.2197178431165,10.3072001620465,42.1145982142857));
#2826=CARTESIAN_POINT('',(-5.86716666689629,12.1832971210661,42.0919196428571));
#2827=CARTESIAN_POINT('',(-2.93358333344815,12.8528683735054,42.0692410714286));
#2828=CARTESIAN_POINT('',(-5.79607434160174E-15,13.5224396259446,42.0465625));
#2829=CARTESIAN_POINT('',(2.93358333344814,12.8528683735054,42.0238839285714));
#2830=CARTESIAN_POINT('',(5.86716666689628,12.1832971210661,42.0012053571429));
#2831=CARTESIAN_POINT('',(8.2197178431165,10.3072001620465,41.9785267857143));
#2832=CARTESIAN_POINT('',(10.5722690193367,8.4311032030269,41.9558482142857));
#2833=CARTESIAN_POINT('',(11.8778364257318,5.72006454897999,41.9331696428571));
#2834=CARTESIAN_POINT('',(13.1834038321269,3.00902589493308,41.9104910714286));
#2835=CARTESIAN_POINT('',(13.1834038321269,6.45800532195249E-15,41.8878125));
#2836=CARTESIAN_POINT('',(13.183403832127,-3.00902589493307,41.8651339285714));
#2837=CARTESIAN_POINT('',(11.8778364257318,-5.72006454897998,41.8424553571429));
#2838=CARTESIAN_POINT('',(10.5722690193367,-8.43110320302689,41.8197767857143));
#2839=CARTESIAN_POINT('',(8.21971784311651,-10.3072001620465,41.7970982142857));
#2840=CARTESIAN_POINT('',(5.86716666689629,-12.1832971210661,41.7744196428571));
#2841=CARTESIAN_POINT('',(2.93358333344815,-12.8528683735054,41.7517410714286));
#2842=CARTESIAN_POINT('',(7.45209558205939E-15,-13.5224396259446,41.7290625));
#2843=CARTESIAN_POINT('',(-2.93358333344814,-12.8528683735054,41.7063839285714));
#2844=CARTESIAN_POINT('',(-5.86716666689628,-12.1832971210661,41.6837053571428));
#2845=CARTESIAN_POINT('',(-8.21971784311649,-10.3072001620465,41.6610267857143));
#2846=CARTESIAN_POINT('',(-10.5722690193367,-8.43110320302691,41.6383482142857));
#2847=CARTESIAN_POINT('',(-11.8778364257318,-5.72006454897999,41.6156696428571));
#2848=CARTESIAN_POINT('',(-13.1834038321269,-3.00902589493308,41.5929910714286));
#2849=CARTESIAN_POINT('',(-13.1834038321269,-8.07250665244061E-15,41.5703125));
#2850=CARTESIAN_POINT('',(-13.183403832127,3.00902589493306,41.5476339285714));
#2851=CARTESIAN_POINT('',(-11.8778364257318,5.72006454897998,41.5249553571429));
#2852=CARTESIAN_POINT('',(-10.5722690193367,8.43110320302687,41.5022767857143));
#2853=CARTESIAN_POINT('',(-8.21971784311651,10.3072001620465,41.4795982142857));
#2854=CARTESIAN_POINT('',(-5.86716666689627,12.1832971210661,41.4569196428571));
#2855=CARTESIAN_POINT('',(-2.93358333344815,12.8528683735054,41.4342410714286));
#2856=CARTESIAN_POINT('',(-3.31287949374407E-14,13.5224396259446,41.4115625));
#2857=CARTESIAN_POINT('',(2.93358333344813,12.8528683735054,41.3888839285714));
#2858=CARTESIAN_POINT('',(5.8671666668963,12.1832971210661,41.3662053571429));
#2859=CARTESIAN_POINT('',(8.21971784311649,10.3072001620465,41.3435267857143));
#2860=CARTESIAN_POINT('',(10.5722690193367,8.43110320302693,41.3208482142857));
#2861=CARTESIAN_POINT('',(11.8778364257318,5.72006454897999,41.2981696428571));
#2862=CARTESIAN_POINT('',(13.183403832127,3.00902589493306,41.2754910714286));
#2863=CARTESIAN_POINT('',(13.1834038321269,9.68700798292873E-15,41.2528125));
#2864=CARTESIAN_POINT('',(13.183403832127,-3.00902589493304,41.2301339285714));
#2865=CARTESIAN_POINT('',(11.8778364257318,-5.72006454897998,41.2074553571429));
#2866=CARTESIAN_POINT('',(10.5722690193367,-8.43110320302691,41.1847767857143));
#2867=CARTESIAN_POINT('',(8.21971784311651,-10.3072001620465,41.1620982142857));
#2868=CARTESIAN_POINT('',(5.86716666689632,-12.1832971210661,41.1394196428571));
#2869=CARTESIAN_POINT('',(2.93358333344815,-12.8528683735054,41.1167410714286));
#2870=CARTESIAN_POINT('',(-1.3256540051949E-14,-13.5224396259446,41.0940625));
#2871=CARTESIAN_POINT('',(-2.93358333344813,-12.8528683735054,41.0713839285714));
#2872=CARTESIAN_POINT('',(-5.86716666689625,-12.1832971210662,41.0487053571429));
#2873=CARTESIAN_POINT('',(-8.21971784311649,-10.3072001620465,41.0260267857143));
#2874=CARTESIAN_POINT('',(-10.5722690193367,-8.43110320302689,41.0033482142857));
#2875=CARTESIAN_POINT('',(-11.8778364257318,-5.72006454898,40.9806696428571));
#2876=CARTESIAN_POINT('',(-13.1834038321269,-3.00902589493311,40.9579910714286));
#2877=CARTESIAN_POINT('',(-13.1834038321269,-1.13015093134169E-14,40.9353125));
#2878=CARTESIAN_POINT('',(-13.1834038321269,3.00902589493308,40.9126339285714));
#2879=CARTESIAN_POINT('',(-11.8778364257318,5.72006454897998,40.8899553571429));
#2880=CARTESIAN_POINT('',(-10.5722690193367,8.43110320302687,40.8672767857143));
#2881=CARTESIAN_POINT('',(-8.21971784311651,10.3072001620465,40.8445982142857));
#2882=CARTESIAN_POINT('',(-5.86716666689628,12.1832971210661,40.8219196428571));
#2883=CARTESIAN_POINT('',(-2.93358333344815,12.8528683735054,40.7992410714286));
#2884=CARTESIAN_POINT('',(-3.6440837418356E-14,13.5224396259446,40.7765625));
#2885=CARTESIAN_POINT('',(2.93358333344813,12.8528683735054,40.7538839285714));
#2886=CARTESIAN_POINT('',(5.8671666668963,12.1832971210661,40.7312053571428));
#2887=CARTESIAN_POINT('',(8.21971784311649,10.3072001620465,40.7085267857143));
#2888=CARTESIAN_POINT('',(10.5722690193367,8.43110320302693,40.6858482142857));
#2889=CARTESIAN_POINT('',(11.8778364257318,5.72006454898,40.6631696428571));
#2890=CARTESIAN_POINT('',(13.183403832127,3.00902589493306,40.6404910714286));
#2891=CARTESIAN_POINT('',(13.1834038321269,1.2916010643905E-14,40.6178125));
#2892=CARTESIAN_POINT('',(13.183403832127,-3.00902589493304,40.5951339285714));
#2893=CARTESIAN_POINT('',(11.8778364257318,-5.72006454897997,40.5724553571429));
#2894=CARTESIAN_POINT('',(10.5722690193367,-8.43110320302691,40.5497767857143));
#2895=CARTESIAN_POINT('',(8.21971784311651,-10.3072001620465,40.5270982142857));
#2896=CARTESIAN_POINT('',(5.86716666689632,-12.1832971210661,40.5044196428571));
#2897=CARTESIAN_POINT('',(2.93358333344816,-12.8528683735054,40.4817410714286));
#2898=CARTESIAN_POINT('',(-9.94449757103374E-15,-13.5224396259446,40.4590625));
#2899=CARTESIAN_POINT('',(-2.93358333344813,-12.8528683735054,40.4363839285714));
#2900=CARTESIAN_POINT('',(-5.86716666689625,-12.1832971210662,40.4137053571429));
#2901=CARTESIAN_POINT('',(-8.21971784311649,-10.3072001620465,40.3910267857143));
#2902=CARTESIAN_POINT('',(-10.5722690193367,-8.43110320302689,40.3683482142857));
#2903=CARTESIAN_POINT('',(-11.8778364257318,-5.72006454898,40.3456696428571));
#2904=CARTESIAN_POINT('',(-13.1834038321269,-3.00902589493311,40.3229910714286));
#2905=CARTESIAN_POINT('',(-13.1834038321269,-1.45305119743931E-14,40.3003125));
#2906=CARTESIAN_POINT('',(-13.1834038321269,3.00902589493308,40.2776339285714));
#2907=CARTESIAN_POINT('',(-11.8778364257318,5.72006454897997,40.2549553571429));
#2908=CARTESIAN_POINT('',(-10.5722690193367,8.43110320302687,40.2322767857143));
#2909=CARTESIAN_POINT('',(-8.21971784311651,10.3072001620465,40.2095982142857));
#2910=CARTESIAN_POINT('',(-5.86716666689628,12.1832971210661,40.1869196428571));
#2911=CARTESIAN_POINT('',(-2.93358333344816,12.8528683735054,40.1642410714286));
#2912=CARTESIAN_POINT('',(-3.97528798992713E-14,13.5224396259446,40.1415625));
#2913=CARTESIAN_POINT('',(2.93358333344813,12.8528683735054,40.1188839285714));
#2914=CARTESIAN_POINT('',(5.86716666689629,12.1832971210661,40.0962053571428));
#2915=CARTESIAN_POINT('',(8.21971784311649,10.3072001620465,40.0735267857143));
#2916=CARTESIAN_POINT('',(10.5722690193367,8.43110320302693,40.0508482142857));
#2917=CARTESIAN_POINT('',(11.8778364257318,5.72006454898,40.0281696428571));
#2918=CARTESIAN_POINT('',(13.183403832127,3.00902589493306,40.0054910714286));
#2919=CARTESIAN_POINT('',(13.1834038321269,1.61450133048812E-14,39.9828125));
#2920=CARTESIAN_POINT('',(13.183403832127,-3.00902589493303,39.9601339285714));
#2921=CARTESIAN_POINT('',(11.8778364257318,-5.72006454897997,39.9374553571429));
#2922=CARTESIAN_POINT('',(10.5722690193367,-8.4311032030269,39.9147767857143));
#2923=CARTESIAN_POINT('',(8.21971784311651,-10.3072001620465,39.8920982142857));
#2924=CARTESIAN_POINT('',(5.86716666689632,-12.1832971210661,39.8694196428571));
#2925=CARTESIAN_POINT('',(2.9335833334482,-12.8528683735054,39.8467410714286));
#2926=CARTESIAN_POINT('',(-6.63245509011846E-15,-13.5224396259446,39.8240625));
#2927=CARTESIAN_POINT('',(-2.93358333344813,-12.8528683735054,39.8013839285714));
#2928=CARTESIAN_POINT('',(-5.86716666689625,-12.1832971210662,39.7787053571429));
#2929=CARTESIAN_POINT('',(-8.21971784311652,-10.3072001620465,39.7560267857143));
#2930=CARTESIAN_POINT('',(-10.5722690193367,-8.43110320302689,39.7333482142857));
#2931=CARTESIAN_POINT('',(-11.8778364257318,-5.72006454898,39.7106696428571));
#2932=CARTESIAN_POINT('',(-13.1834038321269,-3.00902589493311,39.6879910714286));
#2933=CARTESIAN_POINT('',(-13.1834038321269,-6.45963737629177E-14,39.6653125));
#2934=CARTESIAN_POINT('',(-13.1834038321269,3.00902589493308,39.6426339285714));
#2935=CARTESIAN_POINT('',(-11.8778364257318,5.72006454897997,39.6199553571429));
#2936=CARTESIAN_POINT('',(-10.5722690193367,8.43110320302686,39.5972767857143));
#2937=CARTESIAN_POINT('',(-8.21971784311648,10.3072001620465,39.5745982142857));
#2938=CARTESIAN_POINT('',(-5.86716666689628,12.1832971210661,39.5519196428571));
#2939=CARTESIAN_POINT('',(-2.93358333344816,12.8528683735054,39.5292410714286));
#2940=CARTESIAN_POINT('',(-4.30649223801866E-14,13.5224396259446,39.5065625));
#2941=CARTESIAN_POINT('',(2.93358333344808,12.8528683735054,39.4838839285714));
#2942=CARTESIAN_POINT('',(5.86716666689629,12.1832971210661,39.4612053571429));
#2943=CARTESIAN_POINT('',(8.21971784311648,10.3072001620465,39.4385267857143));
#2944=CARTESIAN_POINT('',(10.5722690193367,8.43110320302693,39.4158482142857));
#2945=CARTESIAN_POINT('',(11.8778364257318,5.72006454897996,39.3931696428571));
#2946=CARTESIAN_POINT('',(13.183403832127,3.00902589493307,39.3704910714286));
#2947=CARTESIAN_POINT('',(13.1834038321269,1.93740159658575E-14,39.3478125));
#2948=CARTESIAN_POINT('',(13.183403832127,-3.00902589493303,39.3251339285714));
#2949=CARTESIAN_POINT('',(11.8778364257319,-5.72006454897993,39.3024553571428));
#2950=CARTESIAN_POINT('',(10.5722690193367,-8.4311032030269,39.2797767857143));
#2951=CARTESIAN_POINT('',(8.21971784311652,-10.3072001620465,39.2570982142857));
#2952=CARTESIAN_POINT('',(5.86716666689633,-12.1832971210661,39.2344196428571));
#2953=CARTESIAN_POINT('',(2.93358333344812,-12.8528683735054,39.2117410714286));
#2954=CARTESIAN_POINT('',(-3.32041260920318E-15,-13.5224396259446,39.1890625));
#2955=CARTESIAN_POINT('',(-2.93358333344812,-12.8528683735054,39.1663839285714));
#2956=CARTESIAN_POINT('',(-5.86716666689625,-12.1832971210662,39.1437053571428));
#2957=CARTESIAN_POINT('',(-8.21971784311645,-10.3072001620466,39.1210267857143));
#2958=CARTESIAN_POINT('',(-10.5722690193367,-8.4311032030269,39.0983482142857));
#2959=CARTESIAN_POINT('',(-11.8778364257318,-5.72006454898,39.0756696428571));
#2960=CARTESIAN_POINT('',(-13.1834038321269,-3.00902589493312,39.0529910714286));
#2961=CARTESIAN_POINT('',(-13.1834038321269,2.58483418312028E-14,39.0303125));
#2962=CARTESIAN_POINT('',(-13.1834038321269,3.00902589493307,39.0076339285714));
#2963=CARTESIAN_POINT('',(-11.8778364257318,5.72006454897997,38.9849553571429));
#2964=CARTESIAN_POINT('',(-10.5722690193367,8.43110320302686,38.9622767857143));
#2965=CARTESIAN_POINT('',(-8.21971784311655,10.3072001620465,38.9395982142857));
#2966=CARTESIAN_POINT('',(-5.86716666689628,12.1832971210661,38.9169196428571));
#2967=CARTESIAN_POINT('',(-2.93358333344816,12.8528683735054,38.8942410714286));
#2968=CARTESIAN_POINT('',(-4.63769648611018E-14,13.5224396259446,38.8715625));
#2969=CARTESIAN_POINT('',(2.93358333344817,12.8528683735054,38.8488839285714));
#2970=CARTESIAN_POINT('',(5.86716666689629,12.1832971210661,38.8262053571429));
#2971=CARTESIAN_POINT('',(8.21971784311648,10.3072001620465,38.8035267857143));
#2972=CARTESIAN_POINT('',(10.5722690193367,8.43110320302693,38.7808482142857));
#2973=CARTESIAN_POINT('',(11.8778364257318,5.72006454898005,38.7581696428571));
#2974=CARTESIAN_POINT('',(13.1834038321269,3.00902589493307,38.7354910714286));
#2975=CARTESIAN_POINT('',(13.1834038321269,2.26030186268337E-14,38.7128125));
#2976=CARTESIAN_POINT('',(13.183403832127,-3.00902589493303,38.6901339285714));
#2977=CARTESIAN_POINT('',(11.8778364257318,-5.72006454898001,38.6674553571429));
#2978=CARTESIAN_POINT('',(10.5722690193367,-8.4311032030269,38.6447767857143));
#2979=CARTESIAN_POINT('',(8.21971784311652,-10.3072001620465,38.6220982142857));
#2980=CARTESIAN_POINT('',(5.86716666689633,-12.1832971210661,38.5994196428571));
#2981=CARTESIAN_POINT('',(2.93358333344821,-12.8528683735054,38.5767410714286));
#2982=CARTESIAN_POINT('',(-8.37012828789483E-18,-13.5224396259446,38.5540625));
#2983=CARTESIAN_POINT('',(-2.93358333344812,-12.8528683735054,38.5313839285714));
#2984=CARTESIAN_POINT('',(-5.86716666689624,-12.1832971210662,38.5087053571429));
#2985=CARTESIAN_POINT('',(-8.21971784311652,-10.3072001620465,38.4860267857143));
#2986=CARTESIAN_POINT('',(-10.5722690193367,-8.4311032030269,38.4633482142857));
#2987=CARTESIAN_POINT('',(-11.8778364257318,-5.72006454898001,38.4406696428571));
#2988=CARTESIAN_POINT('',(-13.1834038321269,-3.00902589493312,38.4179910714286));
#2989=CARTESIAN_POINT('',(-13.1834038321269,-7.10543790848702E-14,38.3953125));
#2990=CARTESIAN_POINT('',(-13.1834038321269,3.00902589493307,38.3726339285714));
#2991=CARTESIAN_POINT('',(-11.8778364257318,5.72006454897996,38.3499553571428));
#2992=CARTESIAN_POINT('',(-10.5722690193367,8.43110320302686,38.3272767857143));
#2993=CARTESIAN_POINT('',(-8.21971784311648,10.3072001620465,38.3045982142857));
#2994=CARTESIAN_POINT('',(-5.86716666689629,12.1832971210661,38.2819196428571));
#2995=CARTESIAN_POINT('',(-2.93358333344817,12.8528683735054,38.2592410714286));
#2996=CARTESIAN_POINT('',(-4.96890073420171E-14,13.5224396259446,38.2365625));
#2997=CARTESIAN_POINT('',(2.93358333344807,12.8528683735054,38.2138839285714));
#2998=CARTESIAN_POINT('',(5.86716666689628,12.1832971210661,38.1912053571428));
#2999=CARTESIAN_POINT('',(8.21971784311648,10.3072001620465,38.1685267857143));
#3000=CARTESIAN_POINT('',(10.5722690193367,8.43110320302694,38.1458482142857));
#3001=CARTESIAN_POINT('',(11.8778364257318,5.72006454897997,38.1231696428571));
#3002=CARTESIAN_POINT('',(13.1834038321269,3.00902589493307,38.1004910714286));
#3003=CARTESIAN_POINT('',(13.1834038321269,2.58320212878099E-14,38.0778125));
#3004=CARTESIAN_POINT('',(13.183403832127,-3.00902589493302,38.0551339285714));
#3005=CARTESIAN_POINT('',(11.8778364257319,-5.72006454897992,38.0324553571429));
#3006=CARTESIAN_POINT('',(10.5722690193367,-8.4311032030269,38.0097767857143));
#3007=CARTESIAN_POINT('',(8.21971784311652,-10.3072001620465,37.9870982142857));
#3008=CARTESIAN_POINT('',(5.86716666689633,-12.1832971210661,37.9644196428571));
#3009=CARTESIAN_POINT('',(2.93358333344812,-12.8528683735054,37.9417410714286));
#3010=CARTESIAN_POINT('',(3.30367235262739E-15,-13.5224396259446,37.9190625));
#3011=CARTESIAN_POINT('',(-2.93358333344812,-12.8528683735054,37.8963839285714));
#3012=CARTESIAN_POINT('',(-5.86716666689624,-12.1832971210662,37.8737053571429));
#3013=CARTESIAN_POINT('',(-8.21971784311644,-10.3072001620466,37.8510267857143));
#3014=CARTESIAN_POINT('',(-10.5722690193367,-8.4311032030269,37.8283482142857));
#3015=CARTESIAN_POINT('',(-11.8778364257318,-5.72006454898001,37.8056696428571));
#3016=CARTESIAN_POINT('',(-13.1834038321269,-3.00902589493312,37.7829910714286));
#3017=CARTESIAN_POINT('',(-13.1834038321269,1.93903365092503E-14,37.7603125));
#3018=CARTESIAN_POINT('',(-13.183403832127,3.00902589493307,37.7376339285714));
#3019=CARTESIAN_POINT('',(-11.8778364257318,5.72006454897996,37.7149553571428));
#3020=CARTESIAN_POINT('',(-10.5722690193367,8.43110320302686,37.6922767857143));
#3021=CARTESIAN_POINT('',(-8.21971784311656,10.3072001620465,37.6695982142857));
#3022=CARTESIAN_POINT('',(-5.86716666689629,12.1832971210661,37.6469196428571));
#3023=CARTESIAN_POINT('',(-2.93358333344817,12.8528683735054,37.6242410714286));
#3024=CARTESIAN_POINT('',(-5.30010498229324E-14,13.5224396259446,37.6015625));
#3025=CARTESIAN_POINT('',(2.93358333344816,12.8528683735054,37.5788839285714));
#3026=CARTESIAN_POINT('',(5.86716666689628,12.1832971210661,37.5562053571429));
#3027=CARTESIAN_POINT('',(8.21971784311648,10.3072001620465,37.5335267857143));
#3028=CARTESIAN_POINT('',(10.5722690193367,8.43110320302694,37.5108482142857));
#3029=CARTESIAN_POINT('',(11.8778364257318,5.72006454898005,37.4881696428571));
#3030=CARTESIAN_POINT('',(13.1834038321269,3.00902589493308,37.4654910714286));
#3031=CARTESIAN_POINT('',(13.1834038321269,2.90610239487862E-14,37.4428125));
#3032=CARTESIAN_POINT('',(13.183403832127,-3.00902589493302,37.4201339285714));
#3033=CARTESIAN_POINT('',(11.8778364257318,-5.72006454898,37.3974553571429));
#3034=CARTESIAN_POINT('',(10.5722690193367,-8.43110320302689,37.3747767857143));
#3035=CARTESIAN_POINT('',(8.21971784311652,-10.3072001620465,37.3520982142857));
#3036=CARTESIAN_POINT('',(5.86716666689633,-12.1832971210661,37.3294196428571));
#3037=CARTESIAN_POINT('',(2.93358333344822,-12.8528683735054,37.3067410714286));
#3038=CARTESIAN_POINT('',(6.61571483354267E-15,-13.5224396259446,37.2840625));
#3039=CARTESIAN_POINT('',(-2.93358333344811,-12.8528683735054,37.2613839285714));
#3040=CARTESIAN_POINT('',(-5.86716666689624,-12.1832971210662,37.2387053571429));
#3041=CARTESIAN_POINT('',(-8.21971784311651,-10.3072001620465,37.2160267857143));
#3042=CARTESIAN_POINT('',(-10.5722690193367,-8.4311032030269,37.1933482142857));
#3043=CARTESIAN_POINT('',(-11.8778364257318,-5.72006454898001,37.1706696428571));
#3044=CARTESIAN_POINT('',(-13.1834038321269,-3.00902589493313,37.1479910714286));
#3045=CARTESIAN_POINT('',(-13.1834038321269,-7.75123844068227E-14,37.1253125));
#3046=CARTESIAN_POINT('',(-13.183403832127,3.00902589493306,37.1026339285714));
#3047=CARTESIAN_POINT('',(-11.8778364257318,5.72006454897996,37.0799553571429));
#3048=CARTESIAN_POINT('',(-10.5722690193367,8.43110320302685,37.0572767857143));
#3049=CARTESIAN_POINT('',(-8.21971784311649,10.3072001620465,37.0345982142857));
#3050=CARTESIAN_POINT('',(-5.86716666689629,12.1832971210661,37.0119196428571));
#3051=CARTESIAN_POINT('',(-2.93358333344817,12.8528683735054,36.9892410714286));
#3052=CARTESIAN_POINT('',(-5.63130923038477E-14,13.5224396259446,36.9665625));
#3053=CARTESIAN_POINT('',(2.93358333344807,12.8528683735054,36.9438839285714));
#3054=CARTESIAN_POINT('',(5.86716666689628,12.1832971210661,36.9212053571428));
#3055=CARTESIAN_POINT('',(8.21971784311647,10.3072001620465,36.8985267857143));
#3056=CARTESIAN_POINT('',(10.5722690193367,8.43110320302694,36.8758482142857));
#3057=CARTESIAN_POINT('',(11.8778364257318,5.72006454897997,36.8531696428571));
#3058=CARTESIAN_POINT('',(13.1834038321269,3.00902589493308,36.8304910714286));
#3059=CARTESIAN_POINT('',(13.1834038321269,3.22900266097624E-14,36.8078125));
#3060=CARTESIAN_POINT('',(13.183403832127,-3.00902589493302,36.7851339285714));
#3061=CARTESIAN_POINT('',(11.8778364257319,-5.72006454897991,36.7624553571428));
#3062=CARTESIAN_POINT('',(10.5722690193367,-8.43110320302689,36.7397767857143));
#3063=CARTESIAN_POINT('',(8.21971784311653,-10.3072001620465,36.7170982142857));
#3064=CARTESIAN_POINT('',(5.86716666689634,-12.1832971210661,36.6944196428571));
#3065=CARTESIAN_POINT('',(2.93358333344813,-12.8528683735054,36.6717410714286));
#3066=CARTESIAN_POINT('',(1.06010469774153E-13,-13.5224396259446,36.6490625));
#3067=CARTESIAN_POINT('',(-2.93358333344811,-12.8528683735054,36.6263839285714));
#3068=CARTESIAN_POINT('',(-5.86716666689632,-12.1832971210661,36.6037053571429));
#3069=CARTESIAN_POINT('',(-8.21971784311644,-10.3072001620466,36.5810267857143));
#3070=CARTESIAN_POINT('',(-10.5722690193367,-8.43110320302691,36.5583482142857));
#3071=CARTESIAN_POINT('',(-11.8778364257318,-5.7200645489801,36.5356696428571));
#3072=CARTESIAN_POINT('',(-13.1834038321269,-3.00902589493313,36.5129910714286));
#3073=CARTESIAN_POINT('',(-13.1834038321269,1.29323311872978E-14,36.4903125));
#3074=CARTESIAN_POINT('',(-13.183403832127,3.00902589493297,36.4676339285714));
#3075=CARTESIAN_POINT('',(-11.8778364257318,5.72006454897995,36.4449553571429));
#3076=CARTESIAN_POINT('',(-10.5722690193367,8.43110320302693,36.4222767857143));
#3077=CARTESIAN_POINT('',(-8.21971784311656,10.3072001620465,36.3995982142857));
#3078=CARTESIAN_POINT('',(-5.8671666668963,12.1832971210661,36.3769196428571));
#3079=CARTESIAN_POINT('',(-2.93358333344809,12.8528683735054,36.3542410714286));
#3080=CARTESIAN_POINT('',(-5.9625134784763E-14,13.5224396259446,36.3315625));
#3081=CARTESIAN_POINT('',(2.93358333344815,12.8528683735054,36.3088839285714));
#3082=CARTESIAN_POINT('',(5.86716666689619,12.1832971210662,36.2862053571429));
#3083=CARTESIAN_POINT('',(8.21971784311647,10.3072001620465,36.2635267857143));
#3084=CARTESIAN_POINT('',(10.5722690193367,8.43110320302687,36.2408482142857));
#3085=CARTESIAN_POINT('',(11.8778364257318,5.72006454898006,36.2181696428571));
#3086=CARTESIAN_POINT('',(13.1834038321269,3.00902589493308,36.1954910714286));
#3087=CARTESIAN_POINT('',(13.1834038321269,1.29192747525835E-13,36.1728125));
#3088=CARTESIAN_POINT('',(0.,0.,44.15));
#3089=CARTESIAN_POINT('',(0.,0.,38.88));
#3090=CARTESIAN_POINT('',(-10.0689882984651,8.5098537734977,38.88));
#3091=CARTESIAN_POINT('',(13.1834038321269,0.,43.0784375));
#3092=CARTESIAN_POINT('',(13.1834038321269,-3.00902589493307,43.0557589285714));
#3093=CARTESIAN_POINT('',(11.8778364257318,-5.72006454897998,43.0330803571429));
#3094=CARTESIAN_POINT('',(10.5722690193367,-8.4311032030269,43.0104017857143));
#3095=CARTESIAN_POINT('',(8.2197178431165,-10.3072001620465,42.9877232142857));
#3096=CARTESIAN_POINT('',(5.86716666689629,-12.1832971210661,42.9650446428571));
#3097=CARTESIAN_POINT('',(2.93358333344814,-12.8528683735054,42.9423660714286));
#3098=CARTESIAN_POINT('',(8.28010620228821E-16,-13.5224396259446,42.9196875));
#3099=CARTESIAN_POINT('',(-2.93358333344814,-12.8528683735054,42.8970089285714));
#3100=CARTESIAN_POINT('',(-5.86716666689628,-12.1832971210661,42.8743303571429));
#3101=CARTESIAN_POINT('',(-8.2197178431165,-10.3072001620465,42.8516517857143));
#3102=CARTESIAN_POINT('',(-10.5722690193367,-8.4311032030269,42.8289732142857));
#3103=CARTESIAN_POINT('',(-11.8778364257318,-5.72006454897999,42.8062946428571));
#3104=CARTESIAN_POINT('',(-13.1834038321269,-3.00902589493307,42.7836160714286));
#3105=CARTESIAN_POINT('',(-13.1834038321269,-1.61450133048812E-15,42.7609375));
#3106=CARTESIAN_POINT('',(-13.1834038321269,3.00902589493307,42.7382589285714));
#3107=CARTESIAN_POINT('',(-11.8778364257318,5.72006454897998,42.7155803571429));
#3108=CARTESIAN_POINT('',(-10.5722690193367,8.4311032030269,42.6929017857143));
#3109=CARTESIAN_POINT('',(-8.2197178431165,10.3072001620465,42.6702232142857));
#3110=CARTESIAN_POINT('',(-5.86716666689629,12.1832971210661,42.6475446428571));
#3111=CARTESIAN_POINT('',(-2.93358333344815,12.8528683735054,42.6248660714286));
#3112=CARTESIAN_POINT('',(-2.48403186068646E-15,13.5224396259446,42.6021875));
#3113=CARTESIAN_POINT('',(2.93358333344814,12.8528683735054,42.5795089285714));
#3114=CARTESIAN_POINT('',(5.86716666689628,12.1832971210661,42.5568303571429));
#3115=CARTESIAN_POINT('',(8.2197178431165,10.3072001620465,42.5341517857143));
#3116=CARTESIAN_POINT('',(10.5722690193367,8.4311032030269,42.5114732142857));
#3117=CARTESIAN_POINT('',(11.8778364257318,5.72006454897999,42.4887946428571));
#3118=CARTESIAN_POINT('',(13.1834038321269,3.00902589493308,42.4661160714286));
#3119=CARTESIAN_POINT('',(13.1834038321269,3.22900266097624E-15,42.4434375));
#3120=CARTESIAN_POINT('',(13.1834038321269,-3.00902589493307,42.4207589285714));
#3121=CARTESIAN_POINT('',(11.8778364257318,-5.72006454897998,42.3980803571429));
#3122=CARTESIAN_POINT('',(10.5722690193367,-8.4311032030269,42.3754017857143));
#3123=CARTESIAN_POINT('',(8.2197178431165,-10.3072001620465,42.3527232142857));
#3124=CARTESIAN_POINT('',(5.86716666689629,-12.1832971210661,42.3300446428571));
#3125=CARTESIAN_POINT('',(2.93358333344815,-12.8528683735054,42.3073660714286));
#3126=CARTESIAN_POINT('',(4.1400531011441E-15,-13.5224396259446,42.2846875));
#3127=CARTESIAN_POINT('',(-2.93358333344814,-12.8528683735054,42.2620089285714));
#3128=CARTESIAN_POINT('',(-5.86716666689628,-12.1832971210661,42.2393303571429));
#3129=CARTESIAN_POINT('',(-8.2197178431165,-10.3072001620465,42.2166517857143));
#3130=CARTESIAN_POINT('',(-10.5722690193367,-8.4311032030269,42.1939732142857));
#3131=CARTESIAN_POINT('',(-11.8778364257318,-5.72006454897999,42.1712946428571));
#3132=CARTESIAN_POINT('',(-13.1834038321269,-3.00902589493308,42.1486160714286));
#3133=CARTESIAN_POINT('',(-13.1834038321269,-4.84350399146436E-15,42.1259375));
#3134=CARTESIAN_POINT('',(-13.183403832127,3.00902589493307,42.1032589285714));
#3135=CARTESIAN_POINT('',(-11.8778364257318,5.72006454897998,42.0805803571429));
#3136=CARTESIAN_POINT('',(-10.5722690193367,8.4311032030269,42.0579017857143));
#3137=CARTESIAN_POINT('',(-8.2197178431165,10.3072001620465,42.0352232142857));
#3138=CARTESIAN_POINT('',(-5.86716666689629,12.1832971210661,42.0125446428571));
#3139=CARTESIAN_POINT('',(-2.93358333344815,12.8528683735054,41.9898660714286));
#3140=CARTESIAN_POINT('',(-5.79607434160174E-15,13.5224396259446,41.9671875));
#3141=CARTESIAN_POINT('',(2.93358333344814,12.8528683735054,41.9445089285714));
#3142=CARTESIAN_POINT('',(5.86716666689628,12.1832971210661,41.9218303571429));
#3143=CARTESIAN_POINT('',(8.2197178431165,10.3072001620465,41.8991517857143));
#3144=CARTESIAN_POINT('',(10.5722690193367,8.4311032030269,41.8764732142857));
#3145=CARTESIAN_POINT('',(11.8778364257318,5.72006454897999,41.8537946428571));
#3146=CARTESIAN_POINT('',(13.1834038321269,3.00902589493308,41.8311160714286));
#3147=CARTESIAN_POINT('',(13.1834038321269,6.45800532195249E-15,41.8084375));
#3148=CARTESIAN_POINT('',(13.183403832127,-3.00902589493307,41.7857589285714));
#3149=CARTESIAN_POINT('',(11.8778364257318,-5.72006454897998,41.7630803571429));
#3150=CARTESIAN_POINT('',(10.5722690193367,-8.43110320302689,41.7404017857143));
#3151=CARTESIAN_POINT('',(8.21971784311651,-10.3072001620465,41.7177232142857));
#3152=CARTESIAN_POINT('',(5.86716666689629,-12.1832971210661,41.6950446428571));
#3153=CARTESIAN_POINT('',(2.93358333344815,-12.8528683735054,41.6723660714286));
#3154=CARTESIAN_POINT('',(7.45209558205939E-15,-13.5224396259446,41.6496875));
#3155=CARTESIAN_POINT('',(-2.93358333344814,-12.8528683735054,41.6270089285714));
#3156=CARTESIAN_POINT('',(-5.86716666689628,-12.1832971210661,41.6043303571428));
#3157=CARTESIAN_POINT('',(-8.21971784311649,-10.3072001620465,41.5816517857143));
#3158=CARTESIAN_POINT('',(-10.5722690193367,-8.43110320302691,41.5589732142857));
#3159=CARTESIAN_POINT('',(-11.8778364257318,-5.72006454897999,41.5362946428571));
#3160=CARTESIAN_POINT('',(-13.1834038321269,-3.00902589493308,41.5136160714286));
#3161=CARTESIAN_POINT('',(-13.1834038321269,-8.07250665244061E-15,41.4909375));
#3162=CARTESIAN_POINT('',(-13.183403832127,3.00902589493306,41.4682589285714));
#3163=CARTESIAN_POINT('',(-11.8778364257318,5.72006454897998,41.4455803571429));
#3164=CARTESIAN_POINT('',(-10.5722690193367,8.43110320302687,41.4229017857143));
#3165=CARTESIAN_POINT('',(-8.21971784311651,10.3072001620465,41.4002232142857));
#3166=CARTESIAN_POINT('',(-5.86716666689627,12.1832971210661,41.3775446428571));
#3167=CARTESIAN_POINT('',(-2.93358333344815,12.8528683735054,41.3548660714286));
#3168=CARTESIAN_POINT('',(-3.31287949374407E-14,13.5224396259446,41.3321875));
#3169=CARTESIAN_POINT('',(2.93358333344813,12.8528683735054,41.3095089285714));
#3170=CARTESIAN_POINT('',(5.8671666668963,12.1832971210661,41.2868303571429));
#3171=CARTESIAN_POINT('',(8.21971784311649,10.3072001620465,41.2641517857143));
#3172=CARTESIAN_POINT('',(10.5722690193367,8.43110320302693,41.2414732142857));
#3173=CARTESIAN_POINT('',(11.8778364257318,5.72006454897999,41.2187946428571));
#3174=CARTESIAN_POINT('',(13.183403832127,3.00902589493306,41.1961160714286));
#3175=CARTESIAN_POINT('',(13.1834038321269,9.68700798292873E-15,41.1734375));
#3176=CARTESIAN_POINT('',(13.183403832127,-3.00902589493304,41.1507589285714));
#3177=CARTESIAN_POINT('',(11.8778364257318,-5.72006454897998,41.1280803571429));
#3178=CARTESIAN_POINT('',(10.5722690193367,-8.43110320302691,41.1054017857143));
#3179=CARTESIAN_POINT('',(8.21971784311651,-10.3072001620465,41.0827232142857));
#3180=CARTESIAN_POINT('',(5.86716666689632,-12.1832971210661,41.0600446428571));
#3181=CARTESIAN_POINT('',(2.93358333344815,-12.8528683735054,41.0373660714286));
#3182=CARTESIAN_POINT('',(-1.3256540051949E-14,-13.5224396259446,41.0146875));
#3183=CARTESIAN_POINT('',(-2.93358333344813,-12.8528683735054,40.9920089285714));
#3184=CARTESIAN_POINT('',(-5.86716666689625,-12.1832971210662,40.9693303571429));
#3185=CARTESIAN_POINT('',(-8.21971784311649,-10.3072001620465,40.9466517857143));
#3186=CARTESIAN_POINT('',(-10.5722690193367,-8.43110320302689,40.9239732142857));
#3187=CARTESIAN_POINT('',(-11.8778364257318,-5.72006454898,40.9012946428571));
#3188=CARTESIAN_POINT('',(-13.1834038321269,-3.00902589493311,40.8786160714286));
#3189=CARTESIAN_POINT('',(-13.1834038321269,-1.13015093134169E-14,40.8559375));
#3190=CARTESIAN_POINT('',(-13.1834038321269,3.00902589493308,40.8332589285714));
#3191=CARTESIAN_POINT('',(-11.8778364257318,5.72006454897998,40.8105803571429));
#3192=CARTESIAN_POINT('',(-10.5722690193367,8.43110320302687,40.7879017857143));
#3193=CARTESIAN_POINT('',(-8.21971784311651,10.3072001620465,40.7652232142857));
#3194=CARTESIAN_POINT('',(-5.86716666689628,12.1832971210661,40.7425446428571));
#3195=CARTESIAN_POINT('',(-2.93358333344815,12.8528683735054,40.7198660714286));
#3196=CARTESIAN_POINT('',(-3.6440837418356E-14,13.5224396259446,40.6971875));
#3197=CARTESIAN_POINT('',(2.93358333344813,12.8528683735054,40.6745089285714));
#3198=CARTESIAN_POINT('',(5.8671666668963,12.1832971210661,40.6518303571428));
#3199=CARTESIAN_POINT('',(8.21971784311649,10.3072001620465,40.6291517857143));
#3200=CARTESIAN_POINT('',(10.5722690193367,8.43110320302693,40.6064732142857));
#3201=CARTESIAN_POINT('',(11.8778364257318,5.72006454898,40.5837946428571));
#3202=CARTESIAN_POINT('',(13.183403832127,3.00902589493306,40.5611160714286));
#3203=CARTESIAN_POINT('',(13.1834038321269,1.2916010643905E-14,40.5384375));
#3204=CARTESIAN_POINT('',(13.183403832127,-3.00902589493304,40.5157589285714));
#3205=CARTESIAN_POINT('',(11.8778364257318,-5.72006454897997,40.4930803571429));
#3206=CARTESIAN_POINT('',(10.5722690193367,-8.43110320302691,40.4704017857143));
#3207=CARTESIAN_POINT('',(8.21971784311651,-10.3072001620465,40.4477232142857));
#3208=CARTESIAN_POINT('',(5.86716666689632,-12.1832971210661,40.4250446428571));
#3209=CARTESIAN_POINT('',(2.93358333344816,-12.8528683735054,40.4023660714286));
#3210=CARTESIAN_POINT('',(-9.94449757103374E-15,-13.5224396259446,40.3796875));
#3211=CARTESIAN_POINT('',(-2.93358333344813,-12.8528683735054,40.3570089285714));
#3212=CARTESIAN_POINT('',(-5.86716666689625,-12.1832971210662,40.3343303571429));
#3213=CARTESIAN_POINT('',(-8.21971784311649,-10.3072001620465,40.3116517857143));
#3214=CARTESIAN_POINT('',(-10.5722690193367,-8.43110320302689,40.2889732142857));
#3215=CARTESIAN_POINT('',(-11.8778364257318,-5.72006454898,40.2662946428571));
#3216=CARTESIAN_POINT('',(-13.1834038321269,-3.00902589493311,40.2436160714286));
#3217=CARTESIAN_POINT('',(-13.1834038321269,-1.45305119743931E-14,40.2209375));
#3218=CARTESIAN_POINT('',(-13.1834038321269,3.00902589493308,40.1982589285714));
#3219=CARTESIAN_POINT('',(-11.8778364257318,5.72006454897997,40.1755803571429));
#3220=CARTESIAN_POINT('',(-10.5722690193367,8.43110320302687,40.1529017857143));
#3221=CARTESIAN_POINT('',(-8.21971784311651,10.3072001620465,40.1302232142857));
#3222=CARTESIAN_POINT('',(-5.86716666689628,12.1832971210661,40.1075446428571));
#3223=CARTESIAN_POINT('',(-2.93358333344816,12.8528683735054,40.0848660714286));
#3224=CARTESIAN_POINT('',(-3.97528798992713E-14,13.5224396259446,40.0621875));
#3225=CARTESIAN_POINT('',(2.93358333344813,12.8528683735054,40.0395089285714));
#3226=CARTESIAN_POINT('',(5.86716666689629,12.1832971210661,40.0168303571429));
#3227=CARTESIAN_POINT('',(8.21971784311649,10.3072001620465,39.9941517857143));
#3228=CARTESIAN_POINT('',(10.5722690193367,8.43110320302693,39.9714732142857));
#3229=CARTESIAN_POINT('',(11.8778364257318,5.72006454898,39.9487946428571));
#3230=CARTESIAN_POINT('',(13.183403832127,3.00902589493306,39.9261160714286));
#3231=CARTESIAN_POINT('',(13.1834038321269,1.61450133048812E-14,39.9034375));
#3232=CARTESIAN_POINT('',(13.183403832127,-3.00902589493303,39.8807589285714));
#3233=CARTESIAN_POINT('',(11.8778364257318,-5.72006454897997,39.8580803571429));
#3234=CARTESIAN_POINT('',(10.5722690193367,-8.4311032030269,39.8354017857143));
#3235=CARTESIAN_POINT('',(8.21971784311651,-10.3072001620465,39.8127232142857));
#3236=CARTESIAN_POINT('',(5.86716666689632,-12.1832971210661,39.7900446428571));
#3237=CARTESIAN_POINT('',(2.9335833334482,-12.8528683735054,39.7673660714286));
#3238=CARTESIAN_POINT('',(-6.63245509011846E-15,-13.5224396259446,39.7446875));
#3239=CARTESIAN_POINT('',(-2.93358333344813,-12.8528683735054,39.7220089285714));
#3240=CARTESIAN_POINT('',(-5.86716666689625,-12.1832971210662,39.6993303571429));
#3241=CARTESIAN_POINT('',(-8.21971784311652,-10.3072001620465,39.6766517857143));
#3242=CARTESIAN_POINT('',(-10.5722690193367,-8.43110320302689,39.6539732142857));
#3243=CARTESIAN_POINT('',(-11.8778364257318,-5.72006454898,39.6312946428571));
#3244=CARTESIAN_POINT('',(-13.1834038321269,-3.00902589493311,39.6086160714286));
#3245=CARTESIAN_POINT('',(-13.1834038321269,-6.45963737629177E-14,39.5859375));
#3246=CARTESIAN_POINT('',(-13.1834038321269,3.00902589493308,39.5632589285714));
#3247=CARTESIAN_POINT('',(-11.8778364257318,5.72006454897997,39.5405803571429));
#3248=CARTESIAN_POINT('',(-10.5722690193367,8.43110320302686,39.5179017857143));
#3249=CARTESIAN_POINT('',(-8.21971784311648,10.3072001620465,39.4952232142857));
#3250=CARTESIAN_POINT('',(-5.86716666689628,12.1832971210661,39.4725446428571));
#3251=CARTESIAN_POINT('',(-2.93358333344816,12.8528683735054,39.4498660714286));
#3252=CARTESIAN_POINT('',(-4.30649223801866E-14,13.5224396259446,39.4271875));
#3253=CARTESIAN_POINT('',(2.93358333344808,12.8528683735054,39.4045089285714));
#3254=CARTESIAN_POINT('',(5.86716666689629,12.1832971210661,39.3818303571429));
#3255=CARTESIAN_POINT('',(8.21971784311648,10.3072001620465,39.3591517857143));
#3256=CARTESIAN_POINT('',(10.5722690193367,8.43110320302693,39.3364732142857));
#3257=CARTESIAN_POINT('',(11.8778364257318,5.72006454897996,39.3137946428571));
#3258=CARTESIAN_POINT('',(13.183403832127,3.00902589493307,39.2911160714286));
#3259=CARTESIAN_POINT('',(13.1834038321269,1.93740159658575E-14,39.2684375));
#3260=CARTESIAN_POINT('',(13.183403832127,-3.00902589493303,39.2457589285714));
#3261=CARTESIAN_POINT('',(11.8778364257319,-5.72006454897993,39.2230803571428));
#3262=CARTESIAN_POINT('',(10.5722690193367,-8.4311032030269,39.2004017857143));
#3263=CARTESIAN_POINT('',(8.21971784311652,-10.3072001620465,39.1777232142857));
#3264=CARTESIAN_POINT('',(5.86716666689633,-12.1832971210661,39.1550446428571));
#3265=CARTESIAN_POINT('',(2.93358333344812,-12.8528683735054,39.1323660714286));
#3266=CARTESIAN_POINT('',(-3.32041260920318E-15,-13.5224396259446,39.1096875));
#3267=CARTESIAN_POINT('',(-2.93358333344812,-12.8528683735054,39.0870089285714));
#3268=CARTESIAN_POINT('',(-5.86716666689625,-12.1832971210662,39.0643303571429));
#3269=CARTESIAN_POINT('',(-8.21971784311645,-10.3072001620466,39.0416517857143));
#3270=CARTESIAN_POINT('',(-10.5722690193367,-8.4311032030269,39.0189732142857));
#3271=CARTESIAN_POINT('',(-11.8778364257318,-5.72006454898,38.9962946428571));
#3272=CARTESIAN_POINT('',(-13.1834038321269,-3.00902589493312,38.9736160714286));
#3273=CARTESIAN_POINT('',(-13.1834038321269,2.58483418312028E-14,38.9509375));
#3274=CARTESIAN_POINT('',(-13.1834038321269,3.00902589493307,38.9282589285714));
#3275=CARTESIAN_POINT('',(-11.8778364257318,5.72006454897997,38.9055803571429));
#3276=CARTESIAN_POINT('',(-10.5722690193367,8.43110320302686,38.8829017857143));
#3277=CARTESIAN_POINT('',(-8.21971784311655,10.3072001620465,38.8602232142857));
#3278=CARTESIAN_POINT('',(-5.86716666689628,12.1832971210661,38.8375446428571));
#3279=CARTESIAN_POINT('',(-2.93358333344816,12.8528683735054,38.8148660714286));
#3280=CARTESIAN_POINT('',(-4.63769648611018E-14,13.5224396259446,38.7921875));
#3281=CARTESIAN_POINT('',(2.93358333344817,12.8528683735054,38.7695089285714));
#3282=CARTESIAN_POINT('',(5.86716666689629,12.1832971210661,38.7468303571429));
#3283=CARTESIAN_POINT('',(8.21971784311648,10.3072001620465,38.7241517857143));
#3284=CARTESIAN_POINT('',(10.5722690193367,8.43110320302693,38.7014732142857));
#3285=CARTESIAN_POINT('',(11.8778364257318,5.72006454898005,38.6787946428571));
#3286=CARTESIAN_POINT('',(13.1834038321269,3.00902589493307,38.6561160714286));
#3287=CARTESIAN_POINT('',(13.1834038321269,2.26030186268337E-14,38.6334375));
#3288=CARTESIAN_POINT('',(13.183403832127,-3.00902589493303,38.6107589285714));
#3289=CARTESIAN_POINT('',(11.8778364257318,-5.72006454898001,38.5880803571429));
#3290=CARTESIAN_POINT('',(10.5722690193367,-8.4311032030269,38.5654017857143));
#3291=CARTESIAN_POINT('',(8.21971784311652,-10.3072001620465,38.5427232142857));
#3292=CARTESIAN_POINT('',(5.86716666689633,-12.1832971210661,38.5200446428571));
#3293=CARTESIAN_POINT('',(2.93358333344821,-12.8528683735054,38.4973660714286));
#3294=CARTESIAN_POINT('',(-8.37012828789483E-18,-13.5224396259446,38.4746875));
#3295=CARTESIAN_POINT('',(-2.93358333344812,-12.8528683735054,38.4520089285714));
#3296=CARTESIAN_POINT('',(-5.86716666689624,-12.1832971210662,38.4293303571429));
#3297=CARTESIAN_POINT('',(-8.21971784311652,-10.3072001620465,38.4066517857143));
#3298=CARTESIAN_POINT('',(-10.5722690193367,-8.4311032030269,38.3839732142857));
#3299=CARTESIAN_POINT('',(-11.8778364257318,-5.72006454898001,38.3612946428571));
#3300=CARTESIAN_POINT('',(-13.1834038321269,-3.00902589493312,38.3386160714286));
#3301=CARTESIAN_POINT('',(-13.1834038321269,-7.10543790848702E-14,38.3159375));
#3302=CARTESIAN_POINT('',(-13.1834038321269,3.00902589493307,38.2932589285714));
#3303=CARTESIAN_POINT('',(-11.8778364257318,5.72006454897996,38.2705803571429));
#3304=CARTESIAN_POINT('',(-10.5722690193367,8.43110320302686,38.2479017857143));
#3305=CARTESIAN_POINT('',(-8.21971784311648,10.3072001620465,38.2252232142857));
#3306=CARTESIAN_POINT('',(-5.86716666689629,12.1832971210661,38.2025446428571));
#3307=CARTESIAN_POINT('',(-2.93358333344817,12.8528683735054,38.1798660714286));
#3308=CARTESIAN_POINT('',(-4.96890073420171E-14,13.5224396259446,38.1571875));
#3309=CARTESIAN_POINT('',(2.93358333344807,12.8528683735054,38.1345089285714));
#3310=CARTESIAN_POINT('',(5.86716666689628,12.1832971210661,38.1118303571428));
#3311=CARTESIAN_POINT('',(8.21971784311648,10.3072001620465,38.0891517857143));
#3312=CARTESIAN_POINT('',(10.5722690193367,8.43110320302694,38.0664732142857));
#3313=CARTESIAN_POINT('',(11.8778364257318,5.72006454897997,38.0437946428571));
#3314=CARTESIAN_POINT('',(13.1834038321269,3.00902589493307,38.0211160714286));
#3315=CARTESIAN_POINT('',(13.1834038321269,2.58320212878099E-14,37.9984375));
#3316=CARTESIAN_POINT('',(13.183403832127,-3.00902589493302,37.9757589285714));
#3317=CARTESIAN_POINT('',(11.8778364257319,-5.72006454897992,37.9530803571429));
#3318=CARTESIAN_POINT('',(10.5722690193367,-8.4311032030269,37.9304017857143));
#3319=CARTESIAN_POINT('',(8.21971784311652,-10.3072001620465,37.9077232142857));
#3320=CARTESIAN_POINT('',(5.86716666689633,-12.1832971210661,37.8850446428571));
#3321=CARTESIAN_POINT('',(2.93358333344812,-12.8528683735054,37.8623660714286));
#3322=CARTESIAN_POINT('',(3.30367235262739E-15,-13.5224396259446,37.8396875));
#3323=CARTESIAN_POINT('',(-2.93358333344812,-12.8528683735054,37.8170089285714));
#3324=CARTESIAN_POINT('',(-5.86716666689624,-12.1832971210662,37.7943303571429));
#3325=CARTESIAN_POINT('',(-8.21971784311644,-10.3072001620466,37.7716517857143));
#3326=CARTESIAN_POINT('',(-10.5722690193367,-8.4311032030269,37.7489732142857));
#3327=CARTESIAN_POINT('',(-11.8778364257318,-5.72006454898001,37.7262946428571));
#3328=CARTESIAN_POINT('',(-13.1834038321269,-3.00902589493312,37.7036160714286));
#3329=CARTESIAN_POINT('',(-13.1834038321269,1.93903365092503E-14,37.6809375));
#3330=CARTESIAN_POINT('',(-13.183403832127,3.00902589493307,37.6582589285714));
#3331=CARTESIAN_POINT('',(-11.8778364257318,5.72006454897996,37.6355803571428));
#3332=CARTESIAN_POINT('',(-10.5722690193367,8.43110320302686,37.6129017857143));
#3333=CARTESIAN_POINT('',(-8.21971784311656,10.3072001620465,37.5902232142857));
#3334=CARTESIAN_POINT('',(-5.86716666689629,12.1832971210661,37.5675446428571));
#3335=CARTESIAN_POINT('',(-2.93358333344817,12.8528683735054,37.5448660714286));
#3336=CARTESIAN_POINT('',(-5.30010498229324E-14,13.5224396259446,37.5221875));
#3337=CARTESIAN_POINT('',(2.93358333344816,12.8528683735054,37.4995089285714));
#3338=CARTESIAN_POINT('',(5.86716666689628,12.1832971210661,37.4768303571429));
#3339=CARTESIAN_POINT('',(8.21971784311648,10.3072001620465,37.4541517857143));
#3340=CARTESIAN_POINT('',(10.5722690193367,8.43110320302694,37.4314732142857));
#3341=CARTESIAN_POINT('',(11.8778364257318,5.72006454898005,37.4087946428571));
#3342=CARTESIAN_POINT('',(13.1834038321269,3.00902589493308,37.3861160714286));
#3343=CARTESIAN_POINT('',(13.1834038321269,2.90610239487862E-14,37.3634375));
#3344=CARTESIAN_POINT('',(13.183403832127,-3.00902589493302,37.3407589285714));
#3345=CARTESIAN_POINT('',(11.8778364257318,-5.72006454898,37.3180803571429));
#3346=CARTESIAN_POINT('',(10.5722690193367,-8.43110320302689,37.2954017857143));
#3347=CARTESIAN_POINT('',(8.21971784311652,-10.3072001620465,37.2727232142857));
#3348=CARTESIAN_POINT('',(5.86716666689633,-12.1832971210661,37.2500446428571));
#3349=CARTESIAN_POINT('',(2.93358333344822,-12.8528683735054,37.2273660714286));
#3350=CARTESIAN_POINT('',(6.61571483354267E-15,-13.5224396259446,37.2046875));
#3351=CARTESIAN_POINT('',(-2.93358333344811,-12.8528683735054,37.1820089285714));
#3352=CARTESIAN_POINT('',(-5.86716666689624,-12.1832971210662,37.1593303571429));
#3353=CARTESIAN_POINT('',(-8.21971784311651,-10.3072001620465,37.1366517857143));
#3354=CARTESIAN_POINT('',(-10.5722690193367,-8.4311032030269,37.1139732142857));
#3355=CARTESIAN_POINT('',(-11.8778364257318,-5.72006454898001,37.0912946428571));
#3356=CARTESIAN_POINT('',(-13.1834038321269,-3.00902589493313,37.0686160714286));
#3357=CARTESIAN_POINT('',(-13.1834038321269,-7.75123844068227E-14,37.0459375));
#3358=CARTESIAN_POINT('',(-13.183403832127,3.00902589493306,37.0232589285714));
#3359=CARTESIAN_POINT('',(-11.8778364257318,5.72006454897996,37.0005803571429));
#3360=CARTESIAN_POINT('',(-10.5722690193367,8.43110320302685,36.9779017857143));
#3361=CARTESIAN_POINT('',(-8.21971784311649,10.3072001620465,36.9552232142857));
#3362=CARTESIAN_POINT('',(-5.86716666689629,12.1832971210661,36.9325446428571));
#3363=CARTESIAN_POINT('',(-2.93358333344817,12.8528683735054,36.9098660714286));
#3364=CARTESIAN_POINT('',(-5.63130923038477E-14,13.5224396259446,36.8871875));
#3365=CARTESIAN_POINT('',(2.93358333344807,12.8528683735054,36.8645089285714));
#3366=CARTESIAN_POINT('',(5.86716666689628,12.1832971210661,36.8418303571428));
#3367=CARTESIAN_POINT('',(8.21971784311647,10.3072001620465,36.8191517857143));
#3368=CARTESIAN_POINT('',(10.5722690193367,8.43110320302694,36.7964732142857));
#3369=CARTESIAN_POINT('',(11.8778364257318,5.72006454897997,36.7737946428571));
#3370=CARTESIAN_POINT('',(13.1834038321269,3.00902589493308,36.7511160714286));
#3371=CARTESIAN_POINT('',(13.1834038321269,3.22900266097624E-14,36.7284375));
#3372=CARTESIAN_POINT('',(13.183403832127,-3.00902589493302,36.7057589285714));
#3373=CARTESIAN_POINT('',(11.8778364257319,-5.72006454897991,36.6830803571428));
#3374=CARTESIAN_POINT('',(10.5722690193367,-8.43110320302689,36.6604017857143));
#3375=CARTESIAN_POINT('',(8.21971784311653,-10.3072001620465,36.6377232142857));
#3376=CARTESIAN_POINT('',(5.86716666689634,-12.1832971210661,36.6150446428571));
#3377=CARTESIAN_POINT('',(2.93358333344813,-12.8528683735054,36.5923660714286));
#3378=CARTESIAN_POINT('',(1.06010469774153E-13,-13.5224396259446,36.5696875));
#3379=CARTESIAN_POINT('',(-2.93358333344811,-12.8528683735054,36.5470089285714));
#3380=CARTESIAN_POINT('',(-5.86716666689632,-12.1832971210661,36.5243303571429));
#3381=CARTESIAN_POINT('',(-8.21971784311644,-10.3072001620466,36.5016517857143));
#3382=CARTESIAN_POINT('',(-10.5722690193367,-8.43110320302691,36.4789732142857));
#3383=CARTESIAN_POINT('',(-11.8778364257318,-5.7200645489801,36.4562946428571));
#3384=CARTESIAN_POINT('',(-13.1834038321269,-3.00902589493313,36.4336160714286));
#3385=CARTESIAN_POINT('',(-13.1834038321269,1.29323311872978E-14,36.4109375));
#3386=CARTESIAN_POINT('',(-13.183403832127,3.00902589493297,36.3882589285714));
#3387=CARTESIAN_POINT('',(-11.8778364257318,5.72006454897995,36.3655803571429));
#3388=CARTESIAN_POINT('',(-10.5722690193367,8.43110320302693,36.3429017857143));
#3389=CARTESIAN_POINT('',(-8.21971784311656,10.3072001620465,36.3202232142857));
#3390=CARTESIAN_POINT('',(-5.8671666668963,12.1832971210661,36.2975446428571));
#3391=CARTESIAN_POINT('',(-2.93358333344809,12.8528683735054,36.2748660714286));
#3392=CARTESIAN_POINT('',(-5.9625134784763E-14,13.5224396259446,36.2521875));
#3393=CARTESIAN_POINT('',(2.93358333344815,12.8528683735054,36.2295089285714));
#3394=CARTESIAN_POINT('',(5.86716666689619,12.1832971210662,36.2068303571429));
#3395=CARTESIAN_POINT('',(8.21971784311647,10.3072001620465,36.1841517857143));
#3396=CARTESIAN_POINT('',(10.5722690193367,8.43110320302687,36.1614732142857));
#3397=CARTESIAN_POINT('',(11.8778364257318,5.72006454898006,36.1387946428571));
#3398=CARTESIAN_POINT('',(13.1834038321269,3.00902589493308,36.1161160714286));
#3399=CARTESIAN_POINT('',(13.1834038321269,1.29192747525835E-13,36.0934375));
#3400=CARTESIAN_POINT('',(13.1834038321269,0.,43.0784375));
#3401=CARTESIAN_POINT('',(13.1834038321269,-3.00902589493307,43.0557589285714));
#3402=CARTESIAN_POINT('',(11.8778364257318,-5.72006454897998,43.0330803571429));
#3403=CARTESIAN_POINT('',(10.5722690193367,-8.4311032030269,43.0104017857143));
#3404=CARTESIAN_POINT('',(8.2197178431165,-10.3072001620465,42.9877232142857));
#3405=CARTESIAN_POINT('',(5.86716666689629,-12.1832971210661,42.9650446428571));
#3406=CARTESIAN_POINT('',(2.93358333344814,-12.8528683735054,42.9423660714286));
#3407=CARTESIAN_POINT('',(8.28010620228821E-16,-13.5224396259446,42.9196875));
#3408=CARTESIAN_POINT('',(-2.93358333344814,-12.8528683735054,42.8970089285714));
#3409=CARTESIAN_POINT('',(-5.86716666689628,-12.1832971210661,42.8743303571429));
#3410=CARTESIAN_POINT('',(-8.2197178431165,-10.3072001620465,42.8516517857143));
#3411=CARTESIAN_POINT('',(-10.5722690193367,-8.4311032030269,42.8289732142857));
#3412=CARTESIAN_POINT('',(-11.8778364257318,-5.72006454897999,42.8062946428571));
#3413=CARTESIAN_POINT('',(-13.1834038321269,-3.00902589493307,42.7836160714286));
#3414=CARTESIAN_POINT('',(-13.1834038321269,-1.61450133048812E-15,42.7609375));
#3415=CARTESIAN_POINT('',(-13.1834038321269,3.00902589493307,42.7382589285714));
#3416=CARTESIAN_POINT('',(-11.8778364257318,5.72006454897998,42.7155803571429));
#3417=CARTESIAN_POINT('',(-10.5722690193367,8.4311032030269,42.6929017857143));
#3418=CARTESIAN_POINT('',(-8.2197178431165,10.3072001620465,42.6702232142857));
#3419=CARTESIAN_POINT('',(-5.86716666689629,12.1832971210661,42.6475446428571));
#3420=CARTESIAN_POINT('',(-2.93358333344815,12.8528683735054,42.6248660714286));
#3421=CARTESIAN_POINT('',(-2.48403186068646E-15,13.5224396259446,42.6021875));
#3422=CARTESIAN_POINT('',(2.93358333344814,12.8528683735054,42.5795089285714));
#3423=CARTESIAN_POINT('',(5.86716666689628,12.1832971210661,42.5568303571429));
#3424=CARTESIAN_POINT('',(8.2197178431165,10.3072001620465,42.5341517857143));
#3425=CARTESIAN_POINT('',(10.5722690193367,8.4311032030269,42.5114732142857));
#3426=CARTESIAN_POINT('',(11.8778364257318,5.72006454897999,42.4887946428571));
#3427=CARTESIAN_POINT('',(13.1834038321269,3.00902589493308,42.4661160714286));
#3428=CARTESIAN_POINT('',(13.1834038321269,0.,42.4434375));
#3429=CARTESIAN_POINT('',(13.1834038321269,-3.00902589493307,42.4207589285714));
#3430=CARTESIAN_POINT('',(11.8778364257318,-5.72006454897998,42.3980803571429));
#3431=CARTESIAN_POINT('',(10.5722690193367,-8.4311032030269,42.3754017857143));
#3432=CARTESIAN_POINT('',(8.2197178431165,-10.3072001620465,42.3527232142857));
#3433=CARTESIAN_POINT('',(5.86716666689629,-12.1832971210661,42.3300446428571));
#3434=CARTESIAN_POINT('',(2.93358333344814,-12.8528683735054,42.3073660714286));
#3435=CARTESIAN_POINT('',(8.28010620228821E-16,-13.5224396259446,42.2846875));
#3436=CARTESIAN_POINT('',(-2.93358333344814,-12.8528683735054,42.2620089285714));
#3437=CARTESIAN_POINT('',(-5.86716666689628,-12.1832971210661,42.2393303571429));
#3438=CARTESIAN_POINT('',(-8.2197178431165,-10.3072001620465,42.2166517857143));
#3439=CARTESIAN_POINT('',(-10.5722690193367,-8.4311032030269,42.1939732142857));
#3440=CARTESIAN_POINT('',(-11.8778364257318,-5.72006454897999,42.1712946428571));
#3441=CARTESIAN_POINT('',(-13.1834038321269,-3.00902589493307,42.1486160714286));
#3442=CARTESIAN_POINT('',(-13.1834038321269,-1.61450133048812E-15,42.1259375));
#3443=CARTESIAN_POINT('',(-13.1834038321269,3.00902589493307,42.1032589285714));
#3444=CARTESIAN_POINT('',(-11.8778364257318,5.72006454897998,42.0805803571429));
#3445=CARTESIAN_POINT('',(-10.5722690193367,8.4311032030269,42.0579017857143));
#3446=CARTESIAN_POINT('',(-8.2197178431165,10.3072001620465,42.0352232142857));
#3447=CARTESIAN_POINT('',(-5.86716666689629,12.1832971210661,42.0125446428571));
#3448=CARTESIAN_POINT('',(-2.93358333344815,12.8528683735054,41.9898660714286));
#3449=CARTESIAN_POINT('',(-2.48403186068646E-15,13.5224396259446,41.9671875));
#3450=CARTESIAN_POINT('',(2.93358333344814,12.8528683735054,41.9445089285714));
#3451=CARTESIAN_POINT('',(5.86716666689628,12.1832971210661,41.9218303571429));
#3452=CARTESIAN_POINT('',(8.2197178431165,10.3072001620465,41.8991517857143));
#3453=CARTESIAN_POINT('',(10.5722690193367,8.4311032030269,41.8764732142857));
#3454=CARTESIAN_POINT('',(11.8778364257318,5.72006454897999,41.8537946428571));
#3455=CARTESIAN_POINT('',(13.1834038321269,3.00902589493308,41.8311160714286));
#3456=CARTESIAN_POINT('',(13.1834038321269,0.,41.8084375));
#3457=CARTESIAN_POINT('',(13.1834038321269,-3.00902589493307,41.7857589285714));
#3458=CARTESIAN_POINT('',(11.8778364257318,-5.72006454897998,41.7630803571429));
#3459=CARTESIAN_POINT('',(10.5722690193367,-8.4311032030269,41.7404017857143));
#3460=CARTESIAN_POINT('',(8.2197178431165,-10.3072001620465,41.7177232142857));
#3461=CARTESIAN_POINT('',(5.86716666689629,-12.1832971210661,41.6950446428571));
#3462=CARTESIAN_POINT('',(2.93358333344814,-12.8528683735054,41.6723660714286));
#3463=CARTESIAN_POINT('',(8.28010620228821E-16,-13.5224396259446,41.6496875));
#3464=CARTESIAN_POINT('',(-2.93358333344814,-12.8528683735054,41.6270089285714));
#3465=CARTESIAN_POINT('',(-5.86716666689628,-12.1832971210661,41.6043303571428));
#3466=CARTESIAN_POINT('',(-8.2197178431165,-10.3072001620465,41.5816517857143));
#3467=CARTESIAN_POINT('',(-10.5722690193367,-8.4311032030269,41.5589732142857));
#3468=CARTESIAN_POINT('',(-11.8778364257318,-5.72006454897999,41.5362946428571));
#3469=CARTESIAN_POINT('',(-13.1834038321269,-3.00902589493307,41.5136160714286));
#3470=CARTESIAN_POINT('',(-13.1834038321269,-1.61450133048812E-15,41.4909375));
#3471=CARTESIAN_POINT('',(-13.1834038321269,3.00902589493307,41.4682589285714));
#3472=CARTESIAN_POINT('',(-11.8778364257318,5.72006454897998,41.4455803571429));
#3473=CARTESIAN_POINT('',(-10.5722690193367,8.4311032030269,41.4229017857143));
#3474=CARTESIAN_POINT('',(-8.2197178431165,10.3072001620465,41.4002232142857));
#3475=CARTESIAN_POINT('',(-5.86716666689629,12.1832971210661,41.3775446428571));
#3476=CARTESIAN_POINT('',(-2.93358333344815,12.8528683735054,41.3548660714286));
#3477=CARTESIAN_POINT('',(-2.48403186068646E-15,13.5224396259446,41.3321875));
#3478=CARTESIAN_POINT('',(2.93358333344814,12.8528683735054,41.3095089285714));
#3479=CARTESIAN_POINT('',(5.86716666689628,12.1832971210661,41.2868303571429));
#3480=CARTESIAN_POINT('',(8.2197178431165,10.3072001620465,41.2641517857143));
#3481=CARTESIAN_POINT('',(10.5722690193367,8.4311032030269,41.2414732142857));
#3482=CARTESIAN_POINT('',(11.8778364257318,5.72006454897999,41.2187946428571));
#3483=CARTESIAN_POINT('',(13.1834038321269,3.00902589493308,41.1961160714286));
#3484=CARTESIAN_POINT('',(13.1834038321269,0.,41.1734375));
#3485=CARTESIAN_POINT('',(13.1834038321269,-3.00902589493307,41.1507589285714));
#3486=CARTESIAN_POINT('',(11.8778364257318,-5.72006454897998,41.1280803571429));
#3487=CARTESIAN_POINT('',(10.5722690193367,-8.4311032030269,41.1054017857143));
#3488=CARTESIAN_POINT('',(8.2197178431165,-10.3072001620465,41.0827232142857));
#3489=CARTESIAN_POINT('',(5.86716666689629,-12.1832971210661,41.0600446428571));
#3490=CARTESIAN_POINT('',(2.93358333344814,-12.8528683735054,41.0373660714286));
#3491=CARTESIAN_POINT('',(8.28010620228821E-16,-13.5224396259446,41.0146875));
#3492=CARTESIAN_POINT('',(-2.93358333344814,-12.8528683735054,40.9920089285714));
#3493=CARTESIAN_POINT('',(-5.86716666689628,-12.1832971210661,40.9693303571429));
#3494=CARTESIAN_POINT('',(-8.2197178431165,-10.3072001620465,40.9466517857143));
#3495=CARTESIAN_POINT('',(-10.5722690193367,-8.4311032030269,40.9239732142857));
#3496=CARTESIAN_POINT('',(-11.8778364257318,-5.72006454897999,40.9012946428571));
#3497=CARTESIAN_POINT('',(-13.1834038321269,-3.00902589493307,40.8786160714286));
#3498=CARTESIAN_POINT('',(-13.1834038321269,-1.61450133048812E-15,40.8559375));
#3499=CARTESIAN_POINT('',(-13.1834038321269,3.00902589493307,40.8332589285714));
#3500=CARTESIAN_POINT('',(-11.8778364257318,5.72006454897998,40.8105803571429));
#3501=CARTESIAN_POINT('',(-10.5722690193367,8.4311032030269,40.7879017857143));
#3502=CARTESIAN_POINT('',(-8.2197178431165,10.3072001620465,40.7652232142857));
#3503=CARTESIAN_POINT('',(-5.86716666689629,12.1832971210661,40.7425446428571));
#3504=CARTESIAN_POINT('',(-2.93358333344815,12.8528683735054,40.7198660714286));
#3505=CARTESIAN_POINT('',(-2.48403186068646E-15,13.5224396259446,40.6971875));
#3506=CARTESIAN_POINT('',(2.93358333344814,12.8528683735054,40.6745089285714));
#3507=CARTESIAN_POINT('',(5.86716666689628,12.1832971210661,40.6518303571428));
#3508=CARTESIAN_POINT('',(8.2197178431165,10.3072001620465,40.6291517857143));
#3509=CARTESIAN_POINT('',(10.5722690193367,8.4311032030269,40.6064732142857));
#3510=CARTESIAN_POINT('',(11.8778364257318,5.72006454897999,40.5837946428571));
#3511=CARTESIAN_POINT('',(13.1834038321269,3.00902589493308,40.5611160714286));
#3512=CARTESIAN_POINT('',(13.1834038321269,0.,40.5384375));
#3513=CARTESIAN_POINT('',(13.1834038321269,-3.00902589493307,40.5157589285714));
#3514=CARTESIAN_POINT('',(11.8778364257318,-5.72006454897998,40.4930803571429));
#3515=CARTESIAN_POINT('',(10.5722690193367,-8.4311032030269,40.4704017857143));
#3516=CARTESIAN_POINT('',(8.2197178431165,-10.3072001620465,40.4477232142857));
#3517=CARTESIAN_POINT('',(5.86716666689629,-12.1832971210661,40.4250446428571));
#3518=CARTESIAN_POINT('',(2.93358333344814,-12.8528683735054,40.4023660714286));
#3519=CARTESIAN_POINT('',(8.28010620228821E-16,-13.5224396259446,40.3796875));
#3520=CARTESIAN_POINT('',(-2.93358333344814,-12.8528683735054,40.3570089285714));
#3521=CARTESIAN_POINT('',(-5.86716666689628,-12.1832971210661,40.3343303571429));
#3522=CARTESIAN_POINT('',(-8.2197178431165,-10.3072001620465,40.3116517857143));
#3523=CARTESIAN_POINT('',(-10.5722690193367,-8.4311032030269,40.2889732142857));
#3524=CARTESIAN_POINT('',(-11.8778364257318,-5.72006454897999,40.2662946428571));
#3525=CARTESIAN_POINT('',(-13.1834038321269,-3.00902589493307,40.2436160714286));
#3526=CARTESIAN_POINT('',(-13.1834038321269,-1.61450133048812E-15,40.2209375));
#3527=CARTESIAN_POINT('',(-13.1834038321269,3.00902589493307,40.1982589285714));
#3528=CARTESIAN_POINT('',(-11.8778364257318,5.72006454897998,40.1755803571429));
#3529=CARTESIAN_POINT('',(-10.5722690193367,8.4311032030269,40.1529017857143));
#3530=CARTESIAN_POINT('',(-8.2197178431165,10.3072001620465,40.1302232142857));
#3531=CARTESIAN_POINT('',(-5.86716666689629,12.1832971210661,40.1075446428571));
#3532=CARTESIAN_POINT('',(-2.93358333344815,12.8528683735054,40.0848660714286));
#3533=CARTESIAN_POINT('',(-2.48403186068646E-15,13.5224396259446,40.0621875));
#3534=CARTESIAN_POINT('',(2.93358333344814,12.8528683735054,40.0395089285714));
#3535=CARTESIAN_POINT('',(5.86716666689628,12.1832971210661,40.0168303571429));
#3536=CARTESIAN_POINT('',(8.2197178431165,10.3072001620465,39.9941517857143));
#3537=CARTESIAN_POINT('',(10.5722690193367,8.4311032030269,39.9714732142857));
#3538=CARTESIAN_POINT('',(11.8778364257318,5.72006454897999,39.9487946428571));
#3539=CARTESIAN_POINT('',(13.1834038321269,3.00902589493308,39.9261160714286));
#3540=CARTESIAN_POINT('',(13.1834038321269,0.,39.9034375));
#3541=CARTESIAN_POINT('',(13.1834038321269,-3.00902589493307,39.8807589285714));
#3542=CARTESIAN_POINT('',(11.8778364257318,-5.72006454897998,39.8580803571429));
#3543=CARTESIAN_POINT('',(10.5722690193367,-8.4311032030269,39.8354017857143));
#3544=CARTESIAN_POINT('',(8.2197178431165,-10.3072001620465,39.8127232142857));
#3545=CARTESIAN_POINT('',(5.86716666689629,-12.1832971210661,39.7900446428571));
#3546=CARTESIAN_POINT('',(2.93358333344814,-12.8528683735054,39.7673660714286));
#3547=CARTESIAN_POINT('',(8.28010620228821E-16,-13.5224396259446,39.7446875));
#3548=CARTESIAN_POINT('',(-2.93358333344814,-12.8528683735054,39.7220089285714));
#3549=CARTESIAN_POINT('',(-5.86716666689628,-12.1832971210661,39.6993303571429));
#3550=CARTESIAN_POINT('',(-8.2197178431165,-10.3072001620465,39.6766517857143));
#3551=CARTESIAN_POINT('',(-10.5722690193367,-8.4311032030269,39.6539732142857));
#3552=CARTESIAN_POINT('',(-11.8778364257318,-5.72006454897999,39.6312946428571));
#3553=CARTESIAN_POINT('',(-13.1834038321269,-3.00902589493307,39.6086160714286));
#3554=CARTESIAN_POINT('',(-13.1834038321269,-1.61450133048812E-15,39.5859375));
#3555=CARTESIAN_POINT('',(-13.1834038321269,3.00902589493307,39.5632589285714));
#3556=CARTESIAN_POINT('',(-11.8778364257318,5.72006454897998,39.5405803571429));
#3557=CARTESIAN_POINT('',(-10.5722690193367,8.4311032030269,39.5179017857143));
#3558=CARTESIAN_POINT('',(-8.2197178431165,10.3072001620465,39.4952232142857));
#3559=CARTESIAN_POINT('',(-5.86716666689629,12.1832971210661,39.4725446428571));
#3560=CARTESIAN_POINT('',(-2.93358333344815,12.8528683735054,39.4498660714286));
#3561=CARTESIAN_POINT('',(-2.48403186068646E-15,13.5224396259446,39.4271875));
#3562=CARTESIAN_POINT('',(2.93358333344814,12.8528683735054,39.4045089285714));
#3563=CARTESIAN_POINT('',(5.86716666689628,12.1832971210661,39.3818303571429));
#3564=CARTESIAN_POINT('',(8.2197178431165,10.3072001620465,39.3591517857143));
#3565=CARTESIAN_POINT('',(10.5722690193367,8.4311032030269,39.3364732142857));
#3566=CARTESIAN_POINT('',(11.8778364257318,5.72006454897999,39.3137946428571));
#3567=CARTESIAN_POINT('',(13.1834038321269,3.00902589493308,39.2911160714286));
#3568=CARTESIAN_POINT('',(13.1834038321269,0.,39.2684375));
#3569=CARTESIAN_POINT('',(13.1834038321269,-3.00902589493307,39.2457589285714));
#3570=CARTESIAN_POINT('',(11.8778364257318,-5.72006454897998,39.2230803571428));
#3571=CARTESIAN_POINT('',(10.5722690193367,-8.4311032030269,39.2004017857143));
#3572=CARTESIAN_POINT('',(8.2197178431165,-10.3072001620465,39.1777232142857));
#3573=CARTESIAN_POINT('',(5.86716666689629,-12.1832971210661,39.1550446428571));
#3574=CARTESIAN_POINT('',(2.93358333344814,-12.8528683735054,39.1323660714286));
#3575=CARTESIAN_POINT('',(8.28010620228821E-16,-13.5224396259446,39.1096875));
#3576=CARTESIAN_POINT('',(-2.93358333344814,-12.8528683735054,39.0870089285714));
#3577=CARTESIAN_POINT('',(-5.86716666689628,-12.1832971210661,39.0643303571429));
#3578=CARTESIAN_POINT('',(-8.2197178431165,-10.3072001620465,39.0416517857143));
#3579=CARTESIAN_POINT('',(-10.5722690193367,-8.4311032030269,39.0189732142857));
#3580=CARTESIAN_POINT('',(-11.8778364257318,-5.72006454897999,38.9962946428571));
#3581=CARTESIAN_POINT('',(-13.1834038321269,-3.00902589493307,38.9736160714286));
#3582=CARTESIAN_POINT('',(-13.1834038321269,-1.61450133048812E-15,38.9509375));
#3583=CARTESIAN_POINT('',(-13.1834038321269,3.00902589493307,38.9282589285714));
#3584=CARTESIAN_POINT('',(-11.8778364257318,5.72006454897998,38.9055803571429));
#3585=CARTESIAN_POINT('',(-10.5722690193367,8.4311032030269,38.8829017857143));
#3586=CARTESIAN_POINT('',(-8.2197178431165,10.3072001620465,38.8602232142857));
#3587=CARTESIAN_POINT('',(-7.94696719007394,10.5247115496483,38.8575939005306));
#3588=CARTESIAN_POINT('',(-7.66309467283892,10.7274934927059,38.8549365276285));
#3589=CARTESIAN_POINT('',(12.8397,0.,42.88));
#3590=CARTESIAN_POINT('',(12.8397,-2.93057773812721,42.8573214285714));
#3591=CARTESIAN_POINT('',(11.5681699732067,-5.57093704514771,42.8346428571428));
#3592=CARTESIAN_POINT('',(10.2966399464134,-8.21129635216821,42.8119642857143));
#3593=CARTESIAN_POINT('',(8.00542200892558,-10.0384816854448,42.7892857142857));
#3594=CARTESIAN_POINT('',(5.71420407143778,-11.8656670187213,42.7666071428571));
#3595=CARTESIAN_POINT('',(2.85710203571889,-12.517781914041,42.7439285714286));
#3596=CARTESIAN_POINT('',(8.06423598634221E-16,-13.1698968093606,42.72125));
#3597=CARTESIAN_POINT('',(-2.85710203571889,-12.517781914041,42.6985714285714));
#3598=CARTESIAN_POINT('',(-5.71420407143778,-11.8656670187213,42.6758928571428));
#3599=CARTESIAN_POINT('',(-8.00542200892558,-10.0384816854448,42.6532142857143));
#3600=CARTESIAN_POINT('',(-10.2966399464134,-8.21129635216822,42.6305357142857));
#3601=CARTESIAN_POINT('',(-11.5681699732067,-5.57093704514771,42.6078571428571));
#3602=CARTESIAN_POINT('',(-12.8397,-2.93057773812721,42.5851785714286));
#3603=CARTESIAN_POINT('',(-12.8397,-1.57240975070123E-15,42.5625));
#3604=CARTESIAN_POINT('',(-12.8397,2.93057773812721,42.5398214285714));
#3605=CARTESIAN_POINT('',(-11.5681699732067,5.57093704514771,42.5171428571429));
#3606=CARTESIAN_POINT('',(-10.2966399464134,8.21129635216821,42.4944642857143));
#3607=CARTESIAN_POINT('',(-8.00542200892558,10.0384816854448,42.4717857142857));
#3608=CARTESIAN_POINT('',(-5.71420407143778,11.8656670187213,42.4491071428571));
#3609=CARTESIAN_POINT('',(-2.85710203571889,12.517781914041,42.4264285714286));
#3610=CARTESIAN_POINT('',(-2.41927079590266E-15,13.1698968093606,42.40375));
#3611=CARTESIAN_POINT('',(2.85710203571889,12.517781914041,42.3810714285714));
#3612=CARTESIAN_POINT('',(5.71420407143778,11.8656670187213,42.3583928571429));
#3613=CARTESIAN_POINT('',(8.00542200892558,10.0384816854448,42.3357142857143));
#3614=CARTESIAN_POINT('',(10.2966399464134,8.21129635216822,42.3130357142857));
#3615=CARTESIAN_POINT('',(11.5681699732067,5.57093704514771,42.2903571428571));
#3616=CARTESIAN_POINT('',(12.8397,2.93057773812721,42.2676785714286));
#3617=CARTESIAN_POINT('',(12.8397,0.,42.245));
#3618=CARTESIAN_POINT('',(12.8397,-2.93057773812721,42.2223214285714));
#3619=CARTESIAN_POINT('',(11.5681699732067,-5.57093704514771,42.1996428571429));
#3620=CARTESIAN_POINT('',(10.2966399464134,-8.21129635216821,42.1769642857143));
#3621=CARTESIAN_POINT('',(8.00542200892558,-10.0384816854448,42.1542857142857));
#3622=CARTESIAN_POINT('',(5.71420407143778,-11.8656670187213,42.1316071428571));
#3623=CARTESIAN_POINT('',(2.85710203571889,-12.517781914041,42.1089285714286));
#3624=CARTESIAN_POINT('',(8.06423598634221E-16,-13.1698968093606,42.08625));
#3625=CARTESIAN_POINT('',(-2.85710203571889,-12.517781914041,42.0635714285714));
#3626=CARTESIAN_POINT('',(-5.71420407143778,-11.8656670187213,42.0408928571429));
#3627=CARTESIAN_POINT('',(-8.00542200892558,-10.0384816854448,42.0182142857143));
#3628=CARTESIAN_POINT('',(-10.2966399464134,-8.21129635216822,41.9955357142857));
#3629=CARTESIAN_POINT('',(-11.5681699732067,-5.57093704514771,41.9728571428571));
#3630=CARTESIAN_POINT('',(-12.8397,-2.93057773812721,41.9501785714286));
#3631=CARTESIAN_POINT('',(-12.8397,-1.57240975070123E-15,41.9275));
#3632=CARTESIAN_POINT('',(-12.8397,2.93057773812721,41.9048214285714));
#3633=CARTESIAN_POINT('',(-11.5681699732067,5.57093704514771,41.8821428571429));
#3634=CARTESIAN_POINT('',(-10.2966399464134,8.21129635216821,41.8594642857143));
#3635=CARTESIAN_POINT('',(-8.00542200892558,10.0384816854448,41.8367857142857));
#3636=CARTESIAN_POINT('',(-5.71420407143778,11.8656670187213,41.8141071428571));
#3637=CARTESIAN_POINT('',(-2.85710203571889,12.517781914041,41.7914285714286));
#3638=CARTESIAN_POINT('',(-2.41927079590266E-15,13.1698968093606,41.76875));
#3639=CARTESIAN_POINT('',(2.85710203571889,12.517781914041,41.7460714285714));
#3640=CARTESIAN_POINT('',(5.71420407143778,11.8656670187213,41.7233928571429));
#3641=CARTESIAN_POINT('',(8.00542200892558,10.0384816854448,41.7007142857143));
#3642=CARTESIAN_POINT('',(10.2966399464134,8.21129635216822,41.6780357142857));
#3643=CARTESIAN_POINT('',(11.5681699732067,5.57093704514771,41.6553571428571));
#3644=CARTESIAN_POINT('',(12.8397,2.93057773812721,41.6326785714286));
#3645=CARTESIAN_POINT('',(12.8397,0.,41.61));
#3646=CARTESIAN_POINT('',(12.8397,-2.93057773812721,41.5873214285714));
#3647=CARTESIAN_POINT('',(11.5681699732067,-5.57093704514771,41.5646428571429));
#3648=CARTESIAN_POINT('',(10.2966399464134,-8.21129635216821,41.5419642857143));
#3649=CARTESIAN_POINT('',(8.00542200892558,-10.0384816854448,41.5192857142857));
#3650=CARTESIAN_POINT('',(5.71420407143778,-11.8656670187213,41.4966071428571));
#3651=CARTESIAN_POINT('',(2.85710203571889,-12.517781914041,41.4739285714286));
#3652=CARTESIAN_POINT('',(8.06423598634221E-16,-13.1698968093606,41.45125));
#3653=CARTESIAN_POINT('',(-2.85710203571889,-12.517781914041,41.4285714285714));
#3654=CARTESIAN_POINT('',(-5.71420407143778,-11.8656670187213,41.4058928571429));
#3655=CARTESIAN_POINT('',(-8.00542200892558,-10.0384816854448,41.3832142857143));
#3656=CARTESIAN_POINT('',(-10.2966399464134,-8.21129635216822,41.3605357142857));
#3657=CARTESIAN_POINT('',(-11.5681699732067,-5.57093704514771,41.3378571428571));
#3658=CARTESIAN_POINT('',(-12.8397,-2.93057773812721,41.3151785714286));
#3659=CARTESIAN_POINT('',(-12.8397,-1.57240975070123E-15,41.2925));
#3660=CARTESIAN_POINT('',(-12.8397,2.93057773812721,41.2698214285714));
#3661=CARTESIAN_POINT('',(-11.5681699732067,5.57093704514771,41.2471428571428));
#3662=CARTESIAN_POINT('',(-10.2966399464134,8.21129635216821,41.2244642857143));
#3663=CARTESIAN_POINT('',(-8.00542200892558,10.0384816854448,41.2017857142857));
#3664=CARTESIAN_POINT('',(-5.71420407143778,11.8656670187213,41.1791071428571));
#3665=CARTESIAN_POINT('',(-2.85710203571889,12.517781914041,41.1564285714286));
#3666=CARTESIAN_POINT('',(-2.41927079590266E-15,13.1698968093606,41.13375));
#3667=CARTESIAN_POINT('',(2.85710203571889,12.517781914041,41.1110714285714));
#3668=CARTESIAN_POINT('',(5.71420407143778,11.8656670187213,41.0883928571428));
#3669=CARTESIAN_POINT('',(8.00542200892558,10.0384816854448,41.0657142857143));
#3670=CARTESIAN_POINT('',(10.2966399464134,8.21129635216822,41.0430357142857));
#3671=CARTESIAN_POINT('',(11.5681699732067,5.57093704514771,41.0203571428571));
#3672=CARTESIAN_POINT('',(12.8397,2.93057773812721,40.9976785714286));
#3673=CARTESIAN_POINT('',(12.8397,0.,40.975));
#3674=CARTESIAN_POINT('',(12.8397,-2.93057773812721,40.9523214285714));
#3675=CARTESIAN_POINT('',(11.5681699732067,-5.57093704514771,40.9296428571429));
#3676=CARTESIAN_POINT('',(10.2966399464134,-8.21129635216821,40.9069642857143));
#3677=CARTESIAN_POINT('',(8.00542200892558,-10.0384816854448,40.8842857142857));
#3678=CARTESIAN_POINT('',(5.71420407143778,-11.8656670187213,40.8616071428571));
#3679=CARTESIAN_POINT('',(2.85710203571889,-12.517781914041,40.8389285714286));
#3680=CARTESIAN_POINT('',(8.06423598634221E-16,-13.1698968093606,40.81625));
#3681=CARTESIAN_POINT('',(-2.85710203571889,-12.517781914041,40.7935714285714));
#3682=CARTESIAN_POINT('',(-5.71420407143778,-11.8656670187213,40.7708928571429));
#3683=CARTESIAN_POINT('',(-8.00542200892558,-10.0384816854448,40.7482142857143));
#3684=CARTESIAN_POINT('',(-10.2966399464134,-8.21129635216822,40.7255357142857));
#3685=CARTESIAN_POINT('',(-11.5681699732067,-5.57093704514771,40.7028571428571));
#3686=CARTESIAN_POINT('',(-12.8397,-2.93057773812721,40.6801785714286));
#3687=CARTESIAN_POINT('',(-12.8397,-1.57240975070123E-15,40.6575));
#3688=CARTESIAN_POINT('',(-12.8397,2.93057773812721,40.6348214285714));
#3689=CARTESIAN_POINT('',(-11.5681699732067,5.57093704514771,40.6121428571429));
#3690=CARTESIAN_POINT('',(-10.2966399464134,8.21129635216821,40.5894642857143));
#3691=CARTESIAN_POINT('',(-8.00542200892558,10.0384816854448,40.5667857142857));
#3692=CARTESIAN_POINT('',(-5.71420407143778,11.8656670187213,40.5441071428571));
#3693=CARTESIAN_POINT('',(-2.85710203571889,12.517781914041,40.5214285714286));
#3694=CARTESIAN_POINT('',(-2.41927079590266E-15,13.1698968093606,40.49875));
#3695=CARTESIAN_POINT('',(2.85710203571889,12.517781914041,40.4760714285714));
#3696=CARTESIAN_POINT('',(5.71420407143778,11.8656670187213,40.4533928571428));
#3697=CARTESIAN_POINT('',(8.00542200892558,10.0384816854448,40.4307142857143));
#3698=CARTESIAN_POINT('',(10.2966399464134,8.21129635216822,40.4080357142857));
#3699=CARTESIAN_POINT('',(11.5681699732067,5.57093704514771,40.3853571428571));
#3700=CARTESIAN_POINT('',(12.8397,2.93057773812721,40.3626785714286));
#3701=CARTESIAN_POINT('',(12.8397,0.,40.34));
#3702=CARTESIAN_POINT('',(12.8397,-2.93057773812721,40.3173214285714));
#3703=CARTESIAN_POINT('',(11.5681699732067,-5.57093704514771,40.2946428571428));
#3704=CARTESIAN_POINT('',(10.2966399464134,-8.21129635216821,40.2719642857143));
#3705=CARTESIAN_POINT('',(8.00542200892558,-10.0384816854448,40.2492857142857));
#3706=CARTESIAN_POINT('',(5.71420407143778,-11.8656670187213,40.2266071428571));
#3707=CARTESIAN_POINT('',(2.85710203571889,-12.517781914041,40.2039285714286));
#3708=CARTESIAN_POINT('',(8.06423598634221E-16,-13.1698968093606,40.18125));
#3709=CARTESIAN_POINT('',(-2.85710203571889,-12.517781914041,40.1585714285714));
#3710=CARTESIAN_POINT('',(-5.71420407143778,-11.8656670187213,40.1358928571428));
#3711=CARTESIAN_POINT('',(-8.00542200892558,-10.0384816854448,40.1132142857143));
#3712=CARTESIAN_POINT('',(-10.2966399464134,-8.21129635216822,40.0905357142857));
#3713=CARTESIAN_POINT('',(-11.5681699732067,-5.57093704514771,40.0678571428571));
#3714=CARTESIAN_POINT('',(-12.8397,-2.93057773812721,40.0451785714286));
#3715=CARTESIAN_POINT('',(-12.8397,-1.57240975070123E-15,40.0225));
#3716=CARTESIAN_POINT('',(-12.8397,2.93057773812721,39.9998214285714));
#3717=CARTESIAN_POINT('',(-11.5681699732067,5.57093704514771,39.9771428571429));
#3718=CARTESIAN_POINT('',(-10.2966399464134,8.21129635216821,39.9544642857143));
#3719=CARTESIAN_POINT('',(-8.00542200892558,10.0384816854448,39.9317857142857));
#3720=CARTESIAN_POINT('',(-5.71420407143778,11.8656670187213,39.9091071428571));
#3721=CARTESIAN_POINT('',(-2.85710203571889,12.517781914041,39.8864285714286));
#3722=CARTESIAN_POINT('',(-2.41927079590266E-15,13.1698968093606,39.86375));
#3723=CARTESIAN_POINT('',(2.85710203571889,12.517781914041,39.8410714285714));
#3724=CARTESIAN_POINT('',(5.71420407143778,11.8656670187213,39.8183928571429));
#3725=CARTESIAN_POINT('',(8.00542200892558,10.0384816854448,39.7957142857143));
#3726=CARTESIAN_POINT('',(10.2966399464134,8.21129635216822,39.7730357142857));
#3727=CARTESIAN_POINT('',(11.5681699732067,5.57093704514771,39.7503571428571));
#3728=CARTESIAN_POINT('',(12.8397,2.93057773812721,39.7276785714286));
#3729=CARTESIAN_POINT('',(12.8397,0.,39.705));
#3730=CARTESIAN_POINT('',(12.8397,-2.93057773812721,39.6823214285714));
#3731=CARTESIAN_POINT('',(11.5681699732067,-5.57093704514771,39.6596428571428));
#3732=CARTESIAN_POINT('',(10.2966399464134,-8.21129635216821,39.6369642857143));
#3733=CARTESIAN_POINT('',(8.00542200892558,-10.0384816854448,39.6142857142857));
#3734=CARTESIAN_POINT('',(5.71420407143778,-11.8656670187213,39.5916071428571));
#3735=CARTESIAN_POINT('',(2.85710203571889,-12.517781914041,39.5689285714286));
#3736=CARTESIAN_POINT('',(8.06423598634221E-16,-13.1698968093606,39.54625));
#3737=CARTESIAN_POINT('',(-2.85710203571889,-12.517781914041,39.5235714285714));
#3738=CARTESIAN_POINT('',(-5.71420407143778,-11.8656670187213,39.5008928571429));
#3739=CARTESIAN_POINT('',(-8.00542200892558,-10.0384816854448,39.4782142857143));
#3740=CARTESIAN_POINT('',(-10.2966399464134,-8.21129635216822,39.4555357142857));
#3741=CARTESIAN_POINT('',(-11.5681699732067,-5.57093704514771,39.4328571428571));
#3742=CARTESIAN_POINT('',(-12.8397,-2.93057773812721,39.4101785714286));
#3743=CARTESIAN_POINT('',(-12.8397,-1.57240975070123E-15,39.3875));
#3744=CARTESIAN_POINT('',(-12.8397,2.93057773812721,39.3648214285714));
#3745=CARTESIAN_POINT('',(-11.5681699732067,5.57093704514771,39.3421428571429));
#3746=CARTESIAN_POINT('',(-10.2966399464134,8.21129635216821,39.3194642857143));
#3747=CARTESIAN_POINT('',(-8.00542200892558,10.0384816854448,39.2967857142857));
#3748=CARTESIAN_POINT('',(-5.71420407143778,11.8656670187213,39.2741071428571));
#3749=CARTESIAN_POINT('',(-2.85710203571889,12.517781914041,39.2514285714286));
#3750=CARTESIAN_POINT('',(-2.41927079590266E-15,13.1698968093606,39.22875));
#3751=CARTESIAN_POINT('',(2.85710203571889,12.517781914041,39.2060714285714));
#3752=CARTESIAN_POINT('',(5.71420407143778,11.8656670187213,39.1833928571428));
#3753=CARTESIAN_POINT('',(8.00542200892558,10.0384816854448,39.1607142857143));
#3754=CARTESIAN_POINT('',(10.2966399464134,8.21129635216822,39.1380357142857));
#3755=CARTESIAN_POINT('',(11.5681699732067,5.57093704514771,39.1153571428571));
#3756=CARTESIAN_POINT('',(12.8397,2.93057773812721,39.0926785714286));
#3757=CARTESIAN_POINT('',(12.8397,0.,39.07));
#3758=CARTESIAN_POINT('',(12.8397,-2.93057773812721,39.0473214285714));
#3759=CARTESIAN_POINT('',(11.5681699732067,-5.57093704514771,39.0246428571429));
#3760=CARTESIAN_POINT('',(10.2966399464134,-8.21129635216821,39.0019642857143));
#3761=CARTESIAN_POINT('',(8.00542200892558,-10.0384816854448,38.9792857142857));
#3762=CARTESIAN_POINT('',(5.71420407143778,-11.8656670187213,38.9566071428571));
#3763=CARTESIAN_POINT('',(2.85710203571889,-12.517781914041,38.9339285714286));
#3764=CARTESIAN_POINT('',(8.06423598634221E-16,-13.1698968093606,38.91125));
#3765=CARTESIAN_POINT('',(-2.85710203571889,-12.517781914041,38.8885714285714));
#3766=CARTESIAN_POINT('',(-5.71420407143778,-11.8656670187213,38.8658928571428));
#3767=CARTESIAN_POINT('',(-8.00542200892558,-10.0384816854448,38.8432142857143));
#3768=CARTESIAN_POINT('',(-10.2966399464134,-8.21129635216822,38.8205357142857));
#3769=CARTESIAN_POINT('',(-11.5681699732067,-5.57093704514771,38.7978571428571));
#3770=CARTESIAN_POINT('',(-12.8397,-2.93057773812721,38.7751785714286));
#3771=CARTESIAN_POINT('',(-12.8397,-1.57240975070123E-15,38.7525));
#3772=CARTESIAN_POINT('',(-12.8397,2.93057773812721,38.7298214285714));
#3773=CARTESIAN_POINT('',(-11.5681699732067,5.57093704514771,38.7071428571428));
#3774=CARTESIAN_POINT('',(-10.2966399464134,8.21129635216821,38.6844642857143));
#3775=CARTESIAN_POINT('',(-8.00542200892558,10.0384816854448,38.6617857142857));
#3776=CARTESIAN_POINT('',(-7.73978222390008,10.250322345031,38.6591564005306));
#3777=CARTESIAN_POINT('',(-7.46331053222207,10.4478175706519,38.6564990276284));
#3778=CARTESIAN_POINT('',(-3.91606109424194,-12.2279336601146,38.88));
#3779=CARTESIAN_POINT('',(-5.96189890750154,-11.6033229842298,38.88));
#3780=CARTESIAN_POINT('',(-8.76739436581448,-9.89929863152881,38.88));
#3781=CARTESIAN_POINT('',(-11.3862263076021,-6.47852937081932,38.88));
#3782=CARTESIAN_POINT('',(-12.6514543969077,-3.56073979943296,38.88));
#3783=CARTESIAN_POINT('',(-13.1825672079909,-0.363513523846482,38.88));
#3784=CARTESIAN_POINT('',(-12.8352869467396,3.89373715762339,38.88));
#3785=CARTESIAN_POINT('',(-11.4275715286821,6.85801376384232,38.88));
#3786=CARTESIAN_POINT('',(-10.068988298465,8.50985377349772,38.88));
#3787=CARTESIAN_POINT('',(0.,0.,38.88));
#3788=CARTESIAN_POINT('',(11.95,11.48,9.02));
#3789=CARTESIAN_POINT('',(17.8,11.48,9.02));
#3790=CARTESIAN_POINT('',(17.8,11.48,10.02));
#3791=CARTESIAN_POINT('',(11.95,11.48,9.02));
#3792=CARTESIAN_POINT('',(11.95,11.48,8.02));
#3793=CARTESIAN_POINT('',(11.95,11.48,9.02));
#3794=CARTESIAN_POINT('',(17.8,11.48,9.02));
#3795=CARTESIAN_POINT('',(17.8,11.48,9.02));
#3796=CARTESIAN_POINT('',(17.8,11.48,7.62));
#3797=CARTESIAN_POINT('',(17.8,11.48,9.02));
#3798=CARTESIAN_POINT('',(11.95,11.48,-2.7));
#3799=CARTESIAN_POINT('',(17.8,11.48,-2.7));
#3800=CARTESIAN_POINT('',(17.8,11.48,-1.7));
#3801=CARTESIAN_POINT('',(11.95,11.48,-2.7));
#3802=CARTESIAN_POINT('',(11.95,11.48,-3.7));
#3803=CARTESIAN_POINT('',(11.95,11.48,-2.7));
#3804=CARTESIAN_POINT('',(17.8,11.48,-2.7));
#3805=CARTESIAN_POINT('',(17.8,11.48,-2.7));
#3806=CARTESIAN_POINT('',(17.8,11.48,-4.1));
#3807=CARTESIAN_POINT('',(17.8,11.48,-2.7));
#3808=CARTESIAN_POINT('',(11.95,-11.4799999999988,9.02));
#3809=CARTESIAN_POINT('',(17.8,-11.4799999999988,9.02));
#3810=CARTESIAN_POINT('',(17.8,-11.4799999999988,10.02));
#3811=CARTESIAN_POINT('',(11.95,-11.4799999999988,9.02));
#3812=CARTESIAN_POINT('',(11.95,-11.4799999999988,8.02));
#3813=CARTESIAN_POINT('',(11.95,-11.4799999999988,9.02));
#3814=CARTESIAN_POINT('',(11.95,-11.48,-2.7));
#3815=CARTESIAN_POINT('',(17.8,-11.48,-2.7));
#3816=CARTESIAN_POINT('',(17.8,-11.48,-1.7));
#3817=CARTESIAN_POINT('',(11.95,-11.48,-2.7));
#3818=CARTESIAN_POINT('',(11.95,-11.48,-3.7));
#3819=CARTESIAN_POINT('',(11.95,-11.48,-2.7));
#3820=CARTESIAN_POINT('',(17.8,-11.48,-2.7));
#3821=CARTESIAN_POINT('',(17.8,-11.48,-2.7));
#3822=CARTESIAN_POINT('',(17.8,-11.48,-4.1));
#3823=CARTESIAN_POINT('',(17.8,-11.48,-2.7));
#3824=CARTESIAN_POINT('',(17.8,-11.4799999999988,9.02));
#3825=CARTESIAN_POINT('',(17.8,-11.4799999999988,9.02));
#3826=CARTESIAN_POINT('',(17.8,-11.4799999999988,7.62));
#3827=CARTESIAN_POINT('',(17.8,-11.4799999999988,9.02));
#3828=CARTESIAN_POINT('',(-11.95,11.48,-2.7));
#3829=CARTESIAN_POINT('',(-17.8,11.48,-2.7));
#3830=CARTESIAN_POINT('',(-17.8,11.48,-3.7));
#3831=CARTESIAN_POINT('',(-11.95,11.48,-2.7));
#3832=CARTESIAN_POINT('',(-11.95,11.48,-1.7));
#3833=CARTESIAN_POINT('',(-11.95,11.48,-2.7));
#3834=CARTESIAN_POINT('',(-11.95,11.48,9.02));
#3835=CARTESIAN_POINT('',(-17.8,11.48,9.02));
#3836=CARTESIAN_POINT('',(-17.8,11.48,8.02));
#3837=CARTESIAN_POINT('',(-11.95,11.48,9.02));
#3838=CARTESIAN_POINT('',(-11.95,11.48,10.02));
#3839=CARTESIAN_POINT('',(-11.95,11.48,9.02));
#3840=CARTESIAN_POINT('',(-11.95,-11.4799999999988,9.01999999999999));
#3841=CARTESIAN_POINT('',(-17.8,-11.4799999999988,9.01999999999999));
#3842=CARTESIAN_POINT('',(-17.8,-11.4799999999988,8.01999999999999));
#3843=CARTESIAN_POINT('',(-11.95,-11.4799999999988,9.01999999999999));
#3844=CARTESIAN_POINT('',(-11.95,-11.4799999999988,10.02));
#3845=CARTESIAN_POINT('',(-11.95,-11.4799999999988,9.01999999999999));
#3846=CARTESIAN_POINT('',(-11.95,-11.48,-2.7));
#3847=CARTESIAN_POINT('',(-17.8,-11.48,-2.7));
#3848=CARTESIAN_POINT('',(-17.8,-11.48,-3.7));
#3849=CARTESIAN_POINT('',(-11.95,-11.48,-2.7));
#3850=CARTESIAN_POINT('',(-11.95,-11.48,-1.7));
#3851=CARTESIAN_POINT('',(-11.95,-11.48,-2.7));
#3852=CARTESIAN_POINT('',(-17.8,-11.48,-2.7));
#3853=CARTESIAN_POINT('',(-17.8,-11.48,-2.7));
#3854=CARTESIAN_POINT('',(-17.8,-11.48,-1.3));
#3855=CARTESIAN_POINT('',(-17.8,-11.48,-2.7));
#3856=CARTESIAN_POINT('',(-17.8,-11.4799999999988,9.01999999999999));
#3857=CARTESIAN_POINT('',(-17.8,-11.4799999999988,9.01999999999999));
#3858=CARTESIAN_POINT('',(-17.8,-11.4799999999988,10.42));
#3859=CARTESIAN_POINT('',(-17.8,-11.4799999999988,9.01999999999999));
#3860=CARTESIAN_POINT('',(-17.8,11.48,-2.7));
#3861=CARTESIAN_POINT('',(-17.8,11.48,-2.7));
#3862=CARTESIAN_POINT('',(-17.8,11.48,-1.3));
#3863=CARTESIAN_POINT('',(-17.8,11.48,-2.7));
#3864=CARTESIAN_POINT('',(-17.8,11.48,9.02));
#3865=CARTESIAN_POINT('',(-17.8,11.48,9.02));
#3866=CARTESIAN_POINT('',(-17.8,11.48,10.42));
#3867=CARTESIAN_POINT('',(-17.8,11.48,9.02));
#3868=CARTESIAN_POINT('',(1.73472347597681E-15,-35.51,3.94));
#3869=CARTESIAN_POINT('',(1.73472347597681E-15,-35.51,3.94));
#3870=CARTESIAN_POINT('',(-1.95,-35.51,3.94));
#3871=CARTESIAN_POINT('',(1.73472347597681E-15,-35.51,3.94));
#3872=MECHANICAL_DESIGN_GEOMETRIC_PRESENTATION_REPRESENTATION('',(#1022),
#3873);
#3873=(
GEOMETRIC_REPRESENTATION_CONTEXT(3)
GLOBAL_UNCERTAINTY_ASSIGNED_CONTEXT((#3874))
GLOBAL_UNIT_ASSIGNED_CONTEXT((#3877,#3876,#3875))
REPRESENTATION_CONTEXT('28_FDML_stimfix_stimulus_cage_system_insert',
'TOP_LEVEL_ASSEMBLY_PART')
);
#3874=UNCERTAINTY_MEASURE_WITH_UNIT(LENGTH_MEASURE(0.005),#3877,
'DISTANCE_ACCURACY_VALUE','Maximum Tolerance applied to model');
#3875=(
NAMED_UNIT(*)
SI_UNIT($,.STERADIAN.)
SOLID_ANGLE_UNIT()
);
#3876=(
NAMED_UNIT(*)
PLANE_ANGLE_UNIT()
SI_UNIT($,.RADIAN.)
);
#3877=(
LENGTH_UNIT()
NAMED_UNIT(*)
SI_UNIT(.MILLI.,.METRE.)
);
#3878=PRODUCT_DEFINITION_SHAPE('','',#3879);
#3879=PRODUCT_DEFINITION('','',#3881,#3880);
#3880=PRODUCT_DEFINITION_CONTEXT('',#3887,'design');
#3881=PRODUCT_DEFINITION_FORMATION_WITH_SPECIFIED_SOURCE('','',#3883,
 .NOT_KNOWN.);
#3882=PRODUCT_RELATED_PRODUCT_CATEGORY('','',(#3883));
#3883=PRODUCT('28_FDML_stimfix_stimulus_cage_system_insert',
'28_FDML_stimfix_stimulus_cage_system_insert',
'28_FDML_stimfix_stimulus_cage_system_insert',(#3885));
#3884=PRODUCT_CATEGORY('','');
#3885=PRODUCT_CONTEXT('',#3887,'mechanical');
#3886=APPLICATION_PROTOCOL_DEFINITION('international standard',
'automotive_design',2010,#3887);
#3887=APPLICATION_CONTEXT(
'core data for automotive mechanical design processes');
ENDSEC;
END-ISO-10303-21;
