ISO-10303-21;
HEADER;
/* Generated by software containing ST-Developer
 * from STEP Tools, Inc. (www.steptools.com) 
 */
/* OPTION: strings as raw bytes, not using required /X/ escapes */

FILE_DESCRIPTION(
/* description */ ('Unknown'),
/* implementation_level */ '2;1');

FILE_NAME(
/* name */ '29_FDML_stimfix_collimator_lens_holder_tube',
/* time_stamp */ '2026-09-07T15:13:12+02:00',
/* author */ ('Unknown'),
/* organization */ ('Unknown'),
/* preprocessor_version */ 'ST-DEVELOPER v16.7',
/* originating_system */ 'Solid Edge',
/* authorisation */ 'Unknown');

FILE_SCHEMA (('AUTOMOTIVE_DESIGN {1 0 10303 214 3 1 1}'));
ENDSEC;

DATA;
#10=PROPERTY_DEFINITION_REPRESENTATION(#14,#12);
#11=PROPERTY_DEFINITION_REPRESENTATION(#15,#13);
#12=REPRESENTATION('',(#16),#2283);
#13=REPRESENTATION('',(#17),#2283);
#14=PROPERTY_DEFINITION('pmi validation property','',#2288);
#15=PROPERTY_DEFINITION('pmi validation property','',#2288);
#16=VALUE_REPRESENTATION_ITEM('number of annotations',COUNT_MEASURE(0.));
#17=VALUE_REPRESENTATION_ITEM('number of views',COUNT_MEASURE(0.));
#18=SHAPE_REPRESENTATION_RELATIONSHIP('','',#193,#19);
#19=ADVANCED_BREP_SHAPE_REPRESENTATION('',(#191),#2283);
#20=(
BOUNDED_SURFACE()
B_SPLINE_SURFACE(1,2,((#897,#898,#899,#900,#901,#902,#903,#904,#905,#906,
#907,#908,#909,#910,#911,#912,#913,#914,#915,#916,#917,#918,#919,#920,#921,
#922,#923,#924,#925,#926,#927,#928,#929,#930,#931,#932,#933,#934,#935,#936,
#937,#938,#939,#940,#941,#942,#943,#944,#945,#946,#947,#948,#949,#950,#951,
#952,#953,#954,#955,#956,#957,#958,#959,#960,#961,#962,#963,#964,#965,#966,
#967,#968,#969,#970,#971,#972,#973,#974,#975,#976,#977,#978,#979,#980,#981,
#982,#983,#984,#985,#986,#987,#988,#989,#990,#991,#992,#993,#994,#995,#996,
#997,#998,#999,#1000,#1001,#1002,#1003,#1004,#1005,#1006,#1007,#1008,#1009,
#1010,#1011,#1012,#1013,#1014,#1015,#1016,#1017,#1018,#1019,#1020,#1021,
#1022,#1023,#1024,#1025,#1026,#1027,#1028,#1029,#1030,#1031,#1032,#1033,
#1034,#1035,#1036,#1037,#1038,#1039,#1040,#1041,#1042,#1043,#1044,#1045,
#1046,#1047,#1048,#1049,#1050,#1051,#1052,#1053,#1054,#1055,#1056,#1057,
#1058,#1059,#1060,#1061,#1062,#1063,#1064,#1065,#1066,#1067,#1068,#1069,
#1070,#1071,#1072,#1073,#1074,#1075,#1076,#1077,#1078,#1079,#1080,#1081,
#1082,#1083,#1084,#1085,#1086,#1087,#1088,#1089,#1090,#1091,#1092,#1093,
#1094,#1095,#1096,#1097),(#1098,#1099,#1100,#1101,#1102,#1103,#1104,#1105,
#1106,#1107,#1108,#1109,#1110,#1111,#1112,#1113,#1114,#1115,#1116,#1117,
#1118,#1119,#1120,#1121,#1122,#1123,#1124,#1125,#1126,#1127,#1128,#1129,
#1130,#1131,#1132,#1133,#1134,#1135,#1136,#1137,#1138,#1139,#1140,#1141,
#1142,#1143,#1144,#1145,#1146,#1147,#1148,#1149,#1150,#1151,#1152,#1153,
#1154,#1155,#1156,#1157,#1158,#1159,#1160,#1161,#1162,#1163,#1164,#1165,
#1166,#1167,#1168,#1169,#1170,#1171,#1172,#1173,#1174,#1175,#1176,#1177,
#1178,#1179,#1180,#1181,#1182,#1183,#1184,#1185,#1186,#1187,#1188,#1189,
#1190,#1191,#1192,#1193,#1194,#1195,#1196,#1197,#1198,#1199,#1200,#1201,
#1202,#1203,#1204,#1205,#1206,#1207,#1208,#1209,#1210,#1211,#1212,#1213,
#1214,#1215,#1216,#1217,#1218,#1219,#1220,#1221,#1222,#1223,#1224,#1225,
#1226,#1227,#1228,#1229,#1230,#1231,#1232,#1233,#1234,#1235,#1236,#1237,
#1238,#1239,#1240,#1241,#1242,#1243,#1244,#1245,#1246,#1247,#1248,#1249,
#1250,#1251,#1252,#1253,#1254,#1255,#1256,#1257,#1258,#1259,#1260,#1261,
#1262,#1263,#1264,#1265,#1266,#1267,#1268,#1269,#1270,#1271,#1272,#1273,
#1274,#1275,#1276,#1277,#1278,#1279,#1280,#1281,#1282,#1283,#1284,#1285,
#1286,#1287,#1288,#1289,#1290,#1291,#1292,#1293,#1294,#1295,#1296,#1297,
#1298)),.UNSPECIFIED.,.F.,.F.,.F.)
B_SPLINE_SURFACE_WITH_KNOTS((2,2),(3,2,2,2,2,2,2,2,2,2,2,2,2,2,2,2,2,2,
2,2,2,2,2,2,2,2,2,2,2,2,2,2,2,2,2,2,2,2,2,2,2,2,2,2,2,2,2,2,2,2,2,2,2,2,
2,2,2,2,2,2,2,2,2,2,2,2,2,2,2,2,2,2,2,2,2,2,2,2,2,2,2,2,2,2,2,2,2,2,2,2,
2,2,2,2,2,2,2,2,2,2,3),(0.,1.),(0.042755067438455,0.0486111111111111,0.0555555555555556,
0.0625,0.0694444444444444,0.0763888888888889,0.0833333333333333,0.0902777777777778,
0.0972222222222222,0.104166666666667,0.111111111111111,0.118055555555556,
0.125,0.131944444444444,0.138888888888889,0.145833333333333,0.152777777777778,
0.159722222222222,0.166666666666667,0.173611111111111,0.180555555555556,
0.1875,0.194444444444444,0.201388888888889,0.208333333333333,0.215277777777778,
0.222222222222222,0.229166666666667,0.236111111111111,0.243055555555556,
0.25,0.256944444444444,0.263888888888889,0.270833333333333,0.277777777777778,
0.284722222222222,0.291666666666667,0.298611111111111,0.305555555555556,
0.3125,0.319444444444444,0.326388888888889,0.333333333333333,0.340277777777778,
0.347222222222222,0.354166666666667,0.361111111111111,0.368055555555556,
0.375,0.381944444444444,0.388888888888889,0.395833333333333,0.402777777777778,
0.409722222222222,0.416666666666667,0.423611111111111,0.430555555555556,
0.4375,0.444444444444444,0.451388888888889,0.458333333333333,0.465277777777778,
0.472222222222222,0.479166666666667,0.486111111111111,0.493055555555556,
0.5,0.506944444444444,0.513888888888889,0.520833333333333,0.527777777777778,
0.534722222222222,0.541666666666667,0.548611111111111,0.555555555555556,
0.5625,0.569444444444444,0.576388888888889,0.583333333333333,0.590277777777778,
0.597222222222222,0.604166666666667,0.611111111111111,0.618055555555556,
0.625,0.631944444444444,0.638888888888889,0.645833333333333,0.652777777777778,
0.659722222222222,0.666666666666667,0.673611111111111,0.680555555555556,
0.6875,0.694444444444444,0.701388888888889,0.708333333333333,0.715277777777778,
0.722222222222222,0.729166666666667,0.733168442154661),
 .PIECEWISE_BEZIER_KNOTS.)
GEOMETRIC_REPRESENTATION_ITEM()
RATIONAL_B_SPLINE_SURFACE(((0.990993138990182,0.971266261692033,1.,0.965925826289068,
1.,0.965925826289068,1.,0.965925826289068,1.,0.965925826289068,1.,0.965925826289068,
1.,0.965925826289068,1.,0.965925826289068,1.,0.965925826289068,1.,0.965925826289068,
1.,0.965925826289068,1.,0.965925826289068,1.,0.965925826289068,1.,0.965925826289068,
1.,0.965925826289068,1.,0.965925826289068,1.,0.965925826289068,1.,0.965925826289068,
1.,0.965925826289068,1.,0.965925826289068,1.,0.965925826289068,1.,0.965925826289068,
1.,0.965925826289068,1.,0.965925826289068,1.,0.965925826289068,1.,0.965925826289068,
1.,0.965925826289068,1.,0.965925826289068,1.,0.965925826289068,1.,0.965925826289068,
1.,0.965925826289068,1.,0.965925826289068,1.,0.965925826289068,1.,0.965925826289068,
1.,0.965925826289068,1.,0.965925826289068,1.,0.965925826289068,1.,0.965925826289068,
1.,0.965925826289068,1.,0.965925826289068,1.,0.965925826289068,1.,0.965925826289068,
1.,0.965925826289068,1.,0.965925826289068,1.,0.965925826289068,1.,0.965925826289068,
1.,0.965925826289068,1.,0.965925826289068,1.,0.965925826289068,1.,0.965925826289068,
1.,0.965925826289068,1.,0.965925826289068,1.,0.965925826289068,1.,0.965925826289068,
1.,0.965925826289068,1.,0.965925826289068,1.,0.965925826289068,1.,0.965925826289068,
1.,0.965925826289068,1.,0.965925826289068,1.,0.965925826289068,1.,0.965925826289068,
1.,0.965925826289068,1.,0.965925826289068,1.,0.965925826289068,1.,0.965925826289068,
1.,0.965925826289068,1.,0.965925826289068,1.,0.965925826289068,1.,0.965925826289068,
1.,0.965925826289068,1.,0.965925826289068,1.,0.965925826289068,1.,0.965925826289068,
1.,0.965925826289068,1.,0.965925826289068,1.,0.965925826289068,1.,0.965925826289068,
1.,0.965925826289068,1.,0.965925826289068,1.,0.965925826289068,1.,0.965925826289068,
1.,0.965925826289068,1.,0.965925826289068,1.,0.965925826289068,1.,0.965925826289068,
1.,0.965925826289068,1.,0.965925826289068,1.,0.965925826289068,1.,0.965925826289068,
1.,0.965925826289068,1.,0.965925826289068,1.,0.965925826289068,1.,0.965925826289068,
1.,0.965925826289068,1.,0.965925826289068,1.,0.965925826289068,1.,0.965925826289068,
1.,0.965925826289068,1.,0.980364564189272,0.983359190826898),(0.990993138990182,
0.971266261692033,1.,0.965925826289068,1.,0.965925826289068,1.,0.965925826289068,
1.,0.965925826289068,1.,0.965925826289068,1.,0.965925826289068,1.,0.965925826289068,
1.,0.965925826289068,1.,0.965925826289068,1.,0.965925826289068,1.,0.965925826289068,
1.,0.965925826289068,1.,0.965925826289068,1.,0.965925826289068,1.,0.965925826289068,
1.,0.965925826289068,1.,0.965925826289068,1.,0.965925826289068,1.,0.965925826289068,
1.,0.965925826289068,1.,0.965925826289068,1.,0.965925826289068,1.,0.965925826289068,
1.,0.965925826289068,1.,0.965925826289068,1.,0.965925826289068,1.,0.965925826289068,
1.,0.965925826289068,1.,0.965925826289068,1.,0.965925826289068,1.,0.965925826289068,
1.,0.965925826289068,1.,0.965925826289068,1.,0.965925826289068,1.,0.965925826289068,
1.,0.965925826289068,1.,0.965925826289068,1.,0.965925826289068,1.,0.965925826289068,
1.,0.965925826289068,1.,0.965925826289068,1.,0.965925826289068,1.,0.965925826289068,
1.,0.965925826289068,1.,0.965925826289068,1.,0.965925826289068,1.,0.965925826289068,
1.,0.965925826289068,1.,0.965925826289068,1.,0.965925826289068,1.,0.965925826289068,
1.,0.965925826289068,1.,0.965925826289068,1.,0.965925826289068,1.,0.965925826289068,
1.,0.965925826289068,1.,0.965925826289068,1.,0.965925826289068,1.,0.965925826289068,
1.,0.965925826289068,1.,0.965925826289068,1.,0.965925826289068,1.,0.965925826289068,
1.,0.965925826289068,1.,0.965925826289068,1.,0.965925826289068,1.,0.965925826289068,
1.,0.965925826289068,1.,0.965925826289068,1.,0.965925826289068,1.,0.965925826289068,
1.,0.965925826289068,1.,0.965925826289068,1.,0.965925826289068,1.,0.965925826289068,
1.,0.965925826289068,1.,0.965925826289068,1.,0.965925826289068,1.,0.965925826289068,
1.,0.965925826289068,1.,0.965925826289068,1.,0.965925826289068,1.,0.965925826289068,
1.,0.965925826289068,1.,0.965925826289068,1.,0.965925826289068,1.,0.965925826289068,
1.,0.965925826289068,1.,0.965925826289068,1.,0.965925826289068,1.,0.965925826289068,
1.,0.965925826289068,1.,0.965925826289068,1.,0.965925826289068,1.,0.965925826289068,
1.,0.965925826289068,1.,0.965925826289068,1.,0.965925826289068,1.,0.980364564189272,
0.983359190826898)))
REPRESENTATION_ITEM('')
SURFACE()
);
#21=(
BOUNDED_SURFACE()
B_SPLINE_SURFACE(1,2,((#1878,#1879,#1880,#1881,#1882,#1883,#1884,#1885,
#1886,#1887,#1888,#1889,#1890,#1891,#1892,#1893,#1894,#1895,#1896,#1897,
#1898,#1899,#1900,#1901,#1902,#1903,#1904,#1905,#1906,#1907,#1908,#1909,
#1910,#1911,#1912,#1913,#1914,#1915,#1916,#1917,#1918,#1919,#1920,#1921,
#1922,#1923,#1924,#1925,#1926,#1927,#1928,#1929,#1930,#1931,#1932,#1933,
#1934,#1935,#1936,#1937,#1938,#1939,#1940,#1941,#1942,#1943,#1944,#1945,
#1946,#1947,#1948,#1949,#1950,#1951,#1952,#1953,#1954,#1955,#1956,#1957,
#1958,#1959,#1960,#1961,#1962,#1963,#1964,#1965,#1966,#1967,#1968,#1969,
#1970,#1971,#1972,#1973,#1974,#1975,#1976,#1977,#1978,#1979,#1980,#1981,
#1982,#1983,#1984,#1985,#1986,#1987,#1988,#1989,#1990,#1991,#1992,#1993,
#1994,#1995,#1996,#1997,#1998,#1999,#2000,#2001,#2002,#2003,#2004,#2005,
#2006,#2007,#2008,#2009,#2010,#2011,#2012,#2013,#2014,#2015,#2016,#2017,
#2018,#2019,#2020,#2021,#2022,#2023,#2024,#2025,#2026,#2027,#2028,#2029,
#2030,#2031,#2032,#2033,#2034,#2035,#2036,#2037,#2038,#2039,#2040,#2041,
#2042,#2043,#2044,#2045,#2046,#2047,#2048,#2049,#2050,#2051,#2052,#2053,
#2054,#2055,#2056,#2057,#2058,#2059,#2060,#2061,#2062,#2063,#2064,#2065,
#2066,#2067,#2068,#2069,#2070,#2071,#2072,#2073,#2074,#2075,#2076),(#2077,
#2078,#2079,#2080,#2081,#2082,#2083,#2084,#2085,#2086,#2087,#2088,#2089,
#2090,#2091,#2092,#2093,#2094,#2095,#2096,#2097,#2098,#2099,#2100,#2101,
#2102,#2103,#2104,#2105,#2106,#2107,#2108,#2109,#2110,#2111,#2112,#2113,
#2114,#2115,#2116,#2117,#2118,#2119,#2120,#2121,#2122,#2123,#2124,#2125,
#2126,#2127,#2128,#2129,#2130,#2131,#2132,#2133,#2134,#2135,#2136,#2137,
#2138,#2139,#2140,#2141,#2142,#2143,#2144,#2145,#2146,#2147,#2148,#2149,
#2150,#2151,#2152,#2153,#2154,#2155,#2156,#2157,#2158,#2159,#2160,#2161,
#2162,#2163,#2164,#2165,#2166,#2167,#2168,#2169,#2170,#2171,#2172,#2173,
#2174,#2175,#2176,#2177,#2178,#2179,#2180,#2181,#2182,#2183,#2184,#2185,
#2186,#2187,#2188,#2189,#2190,#2191,#2192,#2193,#2194,#2195,#2196,#2197,
#2198,#2199,#2200,#2201,#2202,#2203,#2204,#2205,#2206,#2207,#2208,#2209,
#2210,#2211,#2212,#2213,#2214,#2215,#2216,#2217,#2218,#2219,#2220,#2221,
#2222,#2223,#2224,#2225,#2226,#2227,#2228,#2229,#2230,#2231,#2232,#2233,
#2234,#2235,#2236,#2237,#2238,#2239,#2240,#2241,#2242,#2243,#2244,#2245,
#2246,#2247,#2248,#2249,#2250,#2251,#2252,#2253,#2254,#2255,#2256,#2257,
#2258,#2259,#2260,#2261,#2262,#2263,#2264,#2265,#2266,#2267,#2268,#2269,
#2270,#2271,#2272,#2273,#2274,#2275)),.UNSPECIFIED.,.F.,.F.,.F.)
B_SPLINE_SURFACE_WITH_KNOTS((2,2),(3,2,2,2,2,2,2,2,2,2,2,2,2,2,2,2,2,2,
2,2,2,2,2,2,2,2,2,2,2,2,2,2,2,2,2,2,2,2,2,2,2,2,2,2,2,2,2,2,2,2,2,2,2,2,
2,2,2,2,2,2,2,2,2,2,2,2,2,2,2,2,2,2,2,2,2,2,2,2,2,2,2,2,2,2,2,2,2,2,2,2,
2,2,2,2,2,2,2,2,2,3),(0.,1.),(0.,0.00694444444444444,0.0138888888888889,
0.0208333333333333,0.0277777777777778,0.0347222222222222,0.0416666666666667,
0.0486111111111111,0.0555555555555556,0.0625,0.0694444444444444,0.0763888888888889,
0.0833333333333333,0.0902777777777778,0.0972222222222222,0.104166666666667,
0.111111111111111,0.118055555555556,0.125,0.131944444444444,0.138888888888889,
0.145833333333333,0.152777777777778,0.159722222222222,0.166666666666667,
0.173611111111111,0.180555555555556,0.1875,0.194444444444444,0.201388888888889,
0.208333333333333,0.215277777777778,0.222222222222222,0.229166666666667,
0.236111111111111,0.243055555555556,0.25,0.256944444444444,0.263888888888889,
0.270833333333333,0.277777777777778,0.284722222222222,0.291666666666667,
0.298611111111111,0.305555555555556,0.3125,0.319444444444444,0.326388888888889,
0.333333333333333,0.340277777777778,0.347222222222222,0.354166666666667,
0.361111111111111,0.368055555555556,0.375,0.381944444444444,0.388888888888889,
0.395833333333333,0.402777777777778,0.409722222222222,0.416666666666667,
0.423611111111111,0.430555555555556,0.4375,0.444444444444444,0.451388888888889,
0.458333333333333,0.465277777777778,0.472222222222222,0.479166666666667,
0.486111111111111,0.493055555555556,0.5,0.506944444444444,0.513888888888889,
0.520833333333333,0.527777777777778,0.534722222222222,0.541666666666667,
0.548611111111111,0.555555555555556,0.5625,0.569444444444444,0.576388888888889,
0.583333333333333,0.590277777777778,0.597222222222222,0.604166666666667,
0.611111111111111,0.618055555555556,0.625,0.631944444444444,0.638888888888889,
0.645833333333333,0.652777777777778,0.659722222222222,0.666666666666667,
0.673611111111111,0.680555555555556,0.686323383049489),
 .PIECEWISE_BEZIER_KNOTS.)
GEOMETRIC_REPRESENTATION_ITEM()
RATIONAL_B_SPLINE_SURFACE(((1.,0.965925826289068,1.,0.965925826289068,1.,
0.965925826289068,1.,0.965925826289068,1.,0.965925826289068,1.,0.965925826289068,
1.,0.965925826289068,1.,0.965925826289068,1.,0.965925826289068,1.,0.965925826289068,
1.,0.965925826289068,1.,0.965925826289068,1.,0.965925826289068,1.,0.965925826289068,
1.,0.965925826289068,1.,0.965925826289068,1.,0.965925826289068,1.,0.965925826289068,
1.,0.965925826289068,1.,0.965925826289068,1.,0.965925826289068,1.,0.965925826289068,
1.,0.965925826289068,1.,0.965925826289068,1.,0.965925826289068,1.,0.965925826289068,
1.,0.965925826289068,1.,0.965925826289068,1.,0.965925826289068,1.,0.965925826289068,
1.,0.965925826289068,1.,0.965925826289068,1.,0.965925826289068,1.,0.965925826289068,
1.,0.965925826289068,1.,0.965925826289068,1.,0.965925826289068,1.,0.965925826289068,
1.,0.965925826289068,1.,0.965925826289068,1.,0.965925826289068,1.,0.965925826289068,
1.,0.965925826289068,1.,0.965925826289068,1.,0.965925826289068,1.,0.965925826289068,
1.,0.965925826289068,1.,0.965925826289068,1.,0.965925826289068,1.,0.965925826289068,
1.,0.965925826289068,1.,0.965925826289068,1.,0.965925826289068,1.,0.965925826289068,
1.,0.965925826289068,1.,0.965925826289068,1.,0.965925826289068,1.,0.965925826289068,
1.,0.965925826289068,1.,0.965925826289068,1.,0.965925826289068,1.,0.965925826289068,
1.,0.965925826289068,1.,0.965925826289068,1.,0.965925826289068,1.,0.965925826289068,
1.,0.965925826289068,1.,0.965925826289068,1.,0.965925826289068,1.,0.965925826289068,
1.,0.965925826289068,1.,0.965925826289068,1.,0.965925826289068,1.,0.965925826289068,
1.,0.965925826289068,1.,0.965925826289068,1.,0.965925826289068,1.,0.965925826289068,
1.,0.965925826289068,1.,0.965925826289068,1.,0.965925826289068,1.,0.965925826289068,
1.,0.965925826289068,1.,0.965925826289068,1.,0.965925826289068,1.,0.965925826289068,
1.,0.965925826289068,1.,0.965925826289068,1.,0.965925826289068,1.,0.965925826289068,
1.,0.965925826289068,1.,0.965925826289068,1.,0.965925826289068,1.,0.965925826289068,
1.,0.965925826289068,1.,0.965925826289068,1.,0.965925826289068,1.,0.965925826289068,
1.,0.971699110341329,0.990409799731767),(1.,0.965925826289068,1.,0.965925826289068,
1.,0.965925826289068,1.,0.965925826289068,1.,0.965925826289068,1.,0.965925826289068,
1.,0.965925826289068,1.,0.965925826289068,1.,0.965925826289068,1.,0.965925826289068,
1.,0.965925826289068,1.,0.965925826289068,1.,0.965925826289068,1.,0.965925826289068,
1.,0.965925826289068,1.,0.965925826289068,1.,0.965925826289068,1.,0.965925826289068,
1.,0.965925826289068,1.,0.965925826289068,1.,0.965925826289068,1.,0.965925826289068,
1.,0.965925826289068,1.,0.965925826289068,1.,0.965925826289068,1.,0.965925826289068,
1.,0.965925826289068,1.,0.965925826289068,1.,0.965925826289068,1.,0.965925826289068,
1.,0.965925826289068,1.,0.965925826289068,1.,0.965925826289068,1.,0.965925826289068,
1.,0.965925826289068,1.,0.965925826289068,1.,0.965925826289068,1.,0.965925826289068,
1.,0.965925826289068,1.,0.965925826289068,1.,0.965925826289068,1.,0.965925826289068,
1.,0.965925826289068,1.,0.965925826289068,1.,0.965925826289068,1.,0.965925826289068,
1.,0.965925826289068,1.,0.965925826289068,1.,0.965925826289068,1.,0.965925826289068,
1.,0.965925826289068,1.,0.965925826289068,1.,0.965925826289068,1.,0.965925826289068,
1.,0.965925826289068,1.,0.965925826289068,1.,0.965925826289068,1.,0.965925826289068,
1.,0.965925826289068,1.,0.965925826289068,1.,0.965925826289068,1.,0.965925826289068,
1.,0.965925826289068,1.,0.965925826289068,1.,0.965925826289068,1.,0.965925826289068,
1.,0.965925826289068,1.,0.965925826289068,1.,0.965925826289068,1.,0.965925826289068,
1.,0.965925826289068,1.,0.965925826289068,1.,0.965925826289068,1.,0.965925826289068,
1.,0.965925826289068,1.,0.965925826289068,1.,0.965925826289068,1.,0.965925826289068,
1.,0.965925826289068,1.,0.965925826289068,1.,0.965925826289068,1.,0.965925826289068,
1.,0.965925826289068,1.,0.965925826289068,1.,0.965925826289068,1.,0.965925826289068,
1.,0.965925826289068,1.,0.965925826289068,1.,0.965925826289068,1.,0.965925826289068,
1.,0.965925826289068,1.,0.965925826289068,1.,0.965925826289068,1.,0.965925826289068,
1.,0.965925826289068,1.,0.965925826289068,1.,0.965925826289068,1.,0.965925826289068,
1.,0.971699110341329,0.990409799731767)))
REPRESENTATION_ITEM('')
SURFACE()
);
#22=B_SPLINE_CURVE_WITH_KNOTS('',3,(#859,#860,#861,#862,#863,#864,#865),
 .UNSPECIFIED.,.F.,.F.,(4,1,1,1,4),(3.10695948231898E-16,0.00637076189669138,
0.0127415237933825,0.0191122856900735,0.0254830475867646),.UNSPECIFIED.);
#23=B_SPLINE_CURVE_WITH_KNOTS('',3,(#866,#867,#868,#869,#870,#871,#872),
 .UNSPECIFIED.,.F.,.F.,(4,1,1,1,4),(7.85429459156923E-17,0.00637882667853649,
0.0127576533570729,0.0191364800356093,0.0255153067141457),.UNSPECIFIED.);
#24=B_SPLINE_CURVE_WITH_KNOTS('',3,(#880,#881,#882,#883,#884,#885,#886),
 .UNSPECIFIED.,.F.,.F.,(4,1,1,1,4),(6.05912861432085E-17,0.0063792606536968,
0.0127585213073935,0.0191377819610903,0.025517042614787),.UNSPECIFIED.);
#25=B_SPLINE_CURVE_WITH_KNOTS('',3,(#890,#891,#892,#893,#894,#895,#896),
 .UNSPECIFIED.,.F.,.F.,(4,1,1,1,4),(2.30501361518756E-34,0.00637133377407542,
0.0127426675481508,0.0191140013222262,0.0254853350963017),.UNSPECIFIED.);
#26=PLANE('',#201);
#27=PLANE('',#206);
#28=PLANE('',#213);
#29=(
BOUNDED_CURVE()
B_SPLINE_CURVE(2,(#267,#268,#269,#270,#271,#272,#273,#274,#275,#276,#277,
#278,#279,#280,#281,#282,#283,#284,#285,#286,#287,#288,#289,#290,#291,#292,
#293,#294,#295,#296,#297,#298,#299,#300,#301,#302,#303,#304,#305,#306,#307,
#308,#309,#310,#311,#312,#313,#314,#315,#316,#317,#318,#319,#320,#321,#322,
#323,#324,#325,#326,#327,#328,#329,#330,#331,#332,#333,#334,#335,#336,#337,
#338,#339,#340,#341,#342,#343,#344,#345,#346,#347,#348,#349,#350,#351,#352,
#353,#354,#355,#356,#357,#358,#359,#360,#361,#362,#363,#364,#365,#366,#367,
#368,#369,#370,#371,#372,#373,#374,#375,#376,#377,#378,#379,#380,#381,#382,
#383,#384,#385,#386,#387,#388,#389,#390,#391,#392,#393,#394,#395,#396,#397,
#398,#399,#400,#401,#402,#403,#404,#405,#406,#407,#408,#409,#410,#411,#412,
#413,#414,#415,#416,#417,#418,#419,#420,#421,#422,#423,#424,#425,#426,#427,
#428,#429,#430,#431,#432,#433,#434,#435,#436,#437,#438,#439,#440,#441,#442,
#443,#444,#445,#446,#447,#448,#449,#450,#451,#452,#453,#454,#455,#456,#457,
#458,#459,#460,#461,#462,#463,#464,#465,#466,#467,#468,#469,#470,#471,#472,
#473,#474,#475,#476,#477,#478,#479,#480,#481,#482,#483,#484,#485,#486,#487,
#488,#489,#490,#491,#492,#493,#494,#495,#496,#497,#498,#499,#500,#501,#502,
#503,#504,#505,#506,#507,#508,#509,#510,#511,#512,#513,#514,#515,#516,#517,
#518,#519,#520,#521,#522,#523,#524,#525,#526,#527,#528,#529,#530,#531,#532,
#533,#534,#535,#536,#537,#538,#539,#540,#541,#542,#543,#544,#545,#546,#547,
#548,#549,#550,#551,#552,#553,#554,#555),.UNSPECIFIED.,.F.,.F.)
B_SPLINE_CURVE_WITH_KNOTS((3,2,2,2,2,2,2,2,2,2,2,2,2,2,2,2,2,2,2,2,2,2,
2,2,2,2,2,2,2,2,2,2,2,2,2,2,2,2,2,2,2,2,2,2,2,2,2,2,2,2,2,2,2,2,2,2,2,2,
2,2,2,2,2,2,2,2,2,2,2,2,2,2,2,2,2,2,2,2,2,2,2,2,2,2,2,2,2,2,2,2,2,2,2,2,
2,2,2,2,2,2,2,2,2,2,2,2,2,2,2,2,2,2,2,2,2,2,2,2,2,2,2,2,2,2,2,2,2,2,2,2,
2,2,2,2,2,2,2,2,2,2,2,2,2,2,3),(0.,0.00694444444444444,0.0138888888888889,
0.0208333333333333,0.0277777777777778,0.0347222222222222,0.0416666666666667,
0.0486111111111111,0.0555555555555556,0.0625,0.0694444444444444,0.0763888888888889,
0.0833333333333333,0.0902777777777778,0.0972222222222222,0.104166666666667,
0.111111111111111,0.118055555555556,0.125,0.131944444444444,0.138888888888889,
0.145833333333333,0.152777777777778,0.159722222222222,0.166666666666667,
0.173611111111111,0.180555555555556,0.1875,0.194444444444444,0.201388888888889,
0.208333333333333,0.215277777777778,0.222222222222222,0.229166666666667,
0.236111111111111,0.243055555555556,0.25,0.256944444444444,0.263888888888889,
0.270833333333333,0.277777777777778,0.284722222222222,0.291666666666667,
0.298611111111111,0.305555555555556,0.3125,0.319444444444444,0.326388888888889,
0.333333333333333,0.340277777777778,0.347222222222222,0.354166666666667,
0.361111111111111,0.368055555555556,0.375,0.381944444444444,0.388888888888889,
0.395833333333333,0.402777777777778,0.409722222222222,0.416666666666667,
0.423611111111111,0.430555555555556,0.4375,0.444444444444444,0.451388888888889,
0.458333333333333,0.465277777777778,0.472222222222222,0.479166666666667,
0.486111111111111,0.493055555555556,0.5,0.506944444444444,0.513888888888889,
0.520833333333333,0.527777777777778,0.534722222222222,0.541666666666667,
0.548611111111111,0.555555555555556,0.5625,0.569444444444444,0.576388888888889,
0.583333333333333,0.590277777777778,0.597222222222222,0.604166666666667,
0.611111111111111,0.618055555555556,0.625,0.631944444444444,0.638888888888889,
0.645833333333333,0.652777777777778,0.659722222222222,0.666666666666667,
0.673611111111111,0.680555555555556,0.6875,0.694444444444444,0.701388888888889,
0.708333333333333,0.715277777777778,0.722222222222222,0.729166666666667,
0.736111111111111,0.743055555555556,0.75,0.756944444444444,0.763888888888889,
0.770833333333333,0.777777777777778,0.784722222222222,0.791666666666667,
0.798611111111111,0.805555555555556,0.8125,0.819444444444444,0.826388888888889,
0.833333333333333,0.840277777777778,0.847222222222222,0.854166666666667,
0.861111111111111,0.868055555555556,0.875,0.881944444444444,0.888888888888889,
0.895833333333333,0.902777777777778,0.909722222222222,0.916666666666667,
0.923611111111111,0.930555555555556,0.9375,0.944444444444444,0.951388888888889,
0.958333333333333,0.965277777777778,0.972222222222222,0.979166666666667,
0.986111111111111,0.993055555555556,1.),.UNSPECIFIED.)
CURVE()
GEOMETRIC_REPRESENTATION_ITEM()
RATIONAL_B_SPLINE_CURVE((1.,0.965925826289068,1.,0.965925826289068,1.,0.965925826289068,
1.,0.965925826289068,1.,0.965925826289068,1.,0.965925826289068,1.,0.965925826289068,
1.,0.965925826289068,1.,0.965925826289068,1.,0.965925826289068,1.,0.965925826289068,
1.,0.965925826289068,1.,0.965925826289068,1.,0.965925826289068,1.,0.965925826289068,
1.,0.965925826289068,1.,0.965925826289068,1.,0.965925826289068,1.,0.965925826289068,
1.,0.965925826289068,1.,0.965925826289068,1.,0.965925826289068,1.,0.965925826289068,
1.,0.965925826289068,1.,0.965925826289068,1.,0.965925826289068,1.,0.965925826289068,
1.,0.965925826289068,1.,0.965925826289068,1.,0.965925826289068,1.,0.965925826289068,
1.,0.965925826289068,1.,0.965925826289068,1.,0.965925826289068,1.,0.965925826289068,
1.,0.965925826289068,1.,0.965925826289068,1.,0.965925826289068,1.,0.965925826289068,
1.,0.965925826289068,1.,0.965925826289068,1.,0.965925826289068,1.,0.965925826289068,
1.,0.965925826289068,1.,0.965925826289068,1.,0.965925826289068,1.,0.965925826289068,
1.,0.965925826289068,1.,0.965925826289068,1.,0.965925826289068,1.,0.965925826289068,
1.,0.965925826289068,1.,0.965925826289068,1.,0.965925826289068,1.,0.965925826289068,
1.,0.965925826289068,1.,0.965925826289068,1.,0.965925826289068,1.,0.965925826289068,
1.,0.965925826289068,1.,0.965925826289068,1.,0.965925826289068,1.,0.965925826289068,
1.,0.965925826289068,1.,0.965925826289068,1.,0.965925826289068,1.,0.965925826289068,
1.,0.965925826289068,1.,0.965925826289068,1.,0.965925826289068,1.,0.965925826289068,
1.,0.965925826289068,1.,0.965925826289068,1.,0.965925826289068,1.,0.965925826289068,
1.,0.965925826289068,1.,0.965925826289068,1.,0.965925826289068,1.,0.965925826289068,
1.,0.965925826289068,1.,0.965925826289068,1.,0.965925826289068,1.,0.965925826289068,
1.,0.965925826289068,1.,0.965925826289068,1.,0.965925826289068,1.,0.965925826289068,
1.,0.965925826289068,1.,0.965925826289068,1.,0.965925826289068,1.,0.965925826289068,
1.,0.965925826289068,1.,0.965925826289068,1.,0.965925826289068,1.,0.965925826289068,
1.,0.965925826289068,1.,0.965925826289068,1.,0.965925826289068,1.,0.965925826289068,
1.,0.965925826289068,1.,0.965925826289068,1.,0.965925826289068,1.,0.965925826289068,
1.,0.965925826289068,1.,0.965925826289068,1.,0.965925826289068,1.,0.965925826289068,
1.,0.965925826289068,1.,0.965925826289068,1.,0.965925826289068,1.,0.965925826289068,
1.,0.965925826289068,1.,0.965925826289068,1.,0.965925826289068,1.,0.965925826289068,
1.,0.965925826289068,1.,0.965925826289068,1.,0.965925826289068,1.,0.965925826289068,
1.,0.965925826289068,1.,0.965925826289068,1.,0.965925826289068,1.,0.965925826289068,
1.,0.965925826289068,1.,0.965925826289068,1.,0.965925826289068,1.,0.965925826289068,
1.,0.965925826289068,1.,0.965925826289068,1.,0.965925826289068,1.,0.965925826289068,
1.,0.965925826289068,1.,0.965925826289068,1.,0.965925826289068,1.,0.965925826289068,
1.,0.965925826289068,1.,0.965925826289068,1.,0.965925826289068,1.,0.965925826289068,
1.,0.965925826289068,1.,0.965925826289068,1.,0.965925826289068,1.,0.965925826289068,
1.,0.965925826289068,1.))
REPRESENTATION_ITEM('')
);
#30=(
BOUNDED_CURVE()
B_SPLINE_CURVE(2,(#560,#561,#562,#563,#564,#565,#566,#567,#568,#569,#570,
#571,#572,#573,#574,#575,#576,#577,#578,#579,#580,#581,#582,#583,#584,#585,
#586,#587,#588,#589,#590,#591,#592,#593,#594,#595,#596,#597,#598,#599,#600,
#601,#602,#603,#604,#605,#606,#607,#608,#609,#610,#611,#612,#613,#614,#615,
#616,#617,#618,#619,#620,#621,#622,#623,#624,#625,#626,#627,#628,#629,#630,
#631,#632,#633,#634,#635,#636,#637,#638,#639,#640,#641,#642,#643,#644,#645,
#646,#647,#648,#649,#650,#651,#652,#653,#654,#655,#656,#657,#658,#659,#660,
#661,#662,#663,#664,#665,#666,#667,#668,#669,#670,#671,#672,#673,#674,#675,
#676,#677,#678,#679,#680,#681,#682,#683,#684,#685,#686,#687,#688,#689,#690,
#691,#692,#693,#694,#695,#696,#697,#698,#699,#700,#701,#702,#703,#704,#705,
#706,#707,#708,#709,#710,#711,#712,#713,#714,#715,#716,#717,#718,#719,#720,
#721,#722,#723,#724,#725,#726,#727,#728,#729,#730,#731,#732,#733,#734,#735,
#736,#737,#738,#739,#740,#741,#742,#743,#744,#745,#746,#747,#748,#749,#750,
#751,#752,#753,#754,#755,#756,#757,#758,#759,#760,#761,#762,#763,#764,#765,
#766,#767,#768,#769,#770,#771,#772,#773,#774,#775,#776,#777,#778,#779,#780,
#781,#782,#783,#784,#785,#786,#787,#788,#789,#790,#791,#792,#793,#794,#795,
#796,#797,#798,#799,#800,#801,#802,#803,#804,#805,#806,#807,#808,#809,#810,
#811,#812,#813,#814,#815,#816,#817,#818,#819,#820,#821,#822,#823,#824,#825,
#826,#827,#828,#829,#830,#831,#832,#833,#834,#835,#836,#837,#838,#839,#840,
#841,#842,#843,#844,#845,#846,#847,#848),.UNSPECIFIED.,.F.,.F.)
B_SPLINE_CURVE_WITH_KNOTS((3,2,2,2,2,2,2,2,2,2,2,2,2,2,2,2,2,2,2,2,2,2,
2,2,2,2,2,2,2,2,2,2,2,2,2,2,2,2,2,2,2,2,2,2,2,2,2,2,2,2,2,2,2,2,2,2,2,2,
2,2,2,2,2,2,2,2,2,2,2,2,2,2,2,2,2,2,2,2,2,2,2,2,2,2,2,2,2,2,2,2,2,2,2,2,
2,2,2,2,2,2,2,2,2,2,2,2,2,2,2,2,2,2,2,2,2,2,2,2,2,2,2,2,2,2,2,2,2,2,2,2,
2,2,2,2,2,2,2,2,2,2,2,2,2,2,3),(0.,0.00694444444444444,0.0138888888888889,
0.0208333333333333,0.0277777777777778,0.0347222222222222,0.0416666666666667,
0.0486111111111111,0.0555555555555556,0.0625,0.0694444444444444,0.0763888888888889,
0.0833333333333333,0.0902777777777778,0.0972222222222222,0.104166666666667,
0.111111111111111,0.118055555555556,0.125,0.131944444444444,0.138888888888889,
0.145833333333333,0.152777777777778,0.159722222222222,0.166666666666667,
0.173611111111111,0.180555555555556,0.1875,0.194444444444444,0.201388888888889,
0.208333333333333,0.215277777777778,0.222222222222222,0.229166666666667,
0.236111111111111,0.243055555555556,0.25,0.256944444444444,0.263888888888889,
0.270833333333333,0.277777777777778,0.284722222222222,0.291666666666667,
0.298611111111111,0.305555555555556,0.3125,0.319444444444444,0.326388888888889,
0.333333333333333,0.340277777777778,0.347222222222222,0.354166666666667,
0.361111111111111,0.368055555555556,0.375,0.381944444444444,0.388888888888889,
0.395833333333333,0.402777777777778,0.409722222222222,0.416666666666667,
0.423611111111111,0.430555555555556,0.4375,0.444444444444444,0.451388888888889,
0.458333333333333,0.465277777777778,0.472222222222222,0.479166666666667,
0.486111111111111,0.493055555555556,0.5,0.506944444444444,0.513888888888889,
0.520833333333333,0.527777777777778,0.534722222222222,0.541666666666667,
0.548611111111111,0.555555555555556,0.5625,0.569444444444444,0.576388888888889,
0.583333333333333,0.590277777777778,0.597222222222222,0.604166666666667,
0.611111111111111,0.618055555555556,0.625,0.631944444444444,0.638888888888889,
0.645833333333333,0.652777777777778,0.659722222222222,0.666666666666667,
0.673611111111111,0.680555555555556,0.6875,0.694444444444444,0.701388888888889,
0.708333333333333,0.715277777777778,0.722222222222222,0.729166666666667,
0.736111111111111,0.743055555555556,0.75,0.756944444444444,0.763888888888889,
0.770833333333333,0.777777777777778,0.784722222222222,0.791666666666667,
0.798611111111111,0.805555555555556,0.8125,0.819444444444444,0.826388888888889,
0.833333333333333,0.840277777777778,0.847222222222222,0.854166666666667,
0.861111111111111,0.868055555555556,0.875,0.881944444444444,0.888888888888889,
0.895833333333333,0.902777777777778,0.909722222222222,0.916666666666667,
0.923611111111111,0.930555555555556,0.9375,0.944444444444444,0.951388888888889,
0.958333333333333,0.965277777777778,0.972222222222222,0.979166666666667,
0.986111111111111,0.993055555555556,1.),.UNSPECIFIED.)
CURVE()
GEOMETRIC_REPRESENTATION_ITEM()
RATIONAL_B_SPLINE_CURVE((1.,0.965925826289068,1.,0.965925826289068,1.,0.965925826289068,
1.,0.965925826289068,1.,0.965925826289068,1.,0.965925826289068,1.,0.965925826289068,
1.,0.965925826289068,1.,0.965925826289068,1.,0.965925826289068,1.,0.965925826289068,
1.,0.965925826289068,1.,0.965925826289068,1.,0.965925826289068,1.,0.965925826289068,
1.,0.965925826289068,1.,0.965925826289068,1.,0.965925826289068,1.,0.965925826289068,
1.,0.965925826289068,1.,0.965925826289068,1.,0.965925826289068,1.,0.965925826289068,
1.,0.965925826289068,1.,0.965925826289068,1.,0.965925826289068,1.,0.965925826289068,
1.,0.965925826289068,1.,0.965925826289068,1.,0.965925826289068,1.,0.965925826289068,
1.,0.965925826289068,1.,0.965925826289068,1.,0.965925826289068,1.,0.965925826289068,
1.,0.965925826289068,1.,0.965925826289068,1.,0.965925826289068,1.,0.965925826289068,
1.,0.965925826289068,1.,0.965925826289068,1.,0.965925826289068,1.,0.965925826289068,
1.,0.965925826289068,1.,0.965925826289068,1.,0.965925826289068,1.,0.965925826289068,
1.,0.965925826289068,1.,0.965925826289068,1.,0.965925826289068,1.,0.965925826289068,
1.,0.965925826289068,1.,0.965925826289068,1.,0.965925826289068,1.,0.965925826289068,
1.,0.965925826289068,1.,0.965925826289068,1.,0.965925826289068,1.,0.965925826289068,
1.,0.965925826289068,1.,0.965925826289068,1.,0.965925826289068,1.,0.965925826289068,
1.,0.965925826289068,1.,0.965925826289068,1.,0.965925826289068,1.,0.965925826289068,
1.,0.965925826289068,1.,0.965925826289068,1.,0.965925826289068,1.,0.965925826289068,
1.,0.965925826289068,1.,0.965925826289068,1.,0.965925826289068,1.,0.965925826289068,
1.,0.965925826289068,1.,0.965925826289068,1.,0.965925826289068,1.,0.965925826289068,
1.,0.965925826289068,1.,0.965925826289068,1.,0.965925826289068,1.,0.965925826289068,
1.,0.965925826289068,1.,0.965925826289068,1.,0.965925826289068,1.,0.965925826289068,
1.,0.965925826289068,1.,0.965925826289068,1.,0.965925826289068,1.,0.965925826289068,
1.,0.965925826289068,1.,0.965925826289068,1.,0.965925826289068,1.,0.965925826289068,
1.,0.965925826289068,1.,0.965925826289068,1.,0.965925826289068,1.,0.965925826289068,
1.,0.965925826289068,1.,0.965925826289068,1.,0.965925826289068,1.,0.965925826289068,
1.,0.965925826289068,1.,0.965925826289068,1.,0.965925826289068,1.,0.965925826289068,
1.,0.965925826289068,1.,0.965925826289068,1.,0.965925826289068,1.,0.965925826289068,
1.,0.965925826289068,1.,0.965925826289068,1.,0.965925826289068,1.,0.965925826289068,
1.,0.965925826289068,1.,0.965925826289068,1.,0.965925826289068,1.,0.965925826289068,
1.,0.965925826289068,1.,0.965925826289068,1.,0.965925826289068,1.,0.965925826289068,
1.,0.965925826289068,1.,0.965925826289068,1.,0.965925826289068,1.,0.965925826289068,
1.,0.965925826289068,1.,0.965925826289068,1.,0.965925826289068,1.,0.965925826289068,
1.,0.965925826289068,1.,0.965925826289068,1.,0.965925826289068,1.,0.965925826289068,
1.,0.965925826289068,1.,0.965925826289068,1.,0.965925826289068,1.,0.965925826289068,
1.,0.965925826289068,1.,0.965925826289068,1.,0.965925826289068,1.,0.965925826289068,
1.,0.965925826289068,1.))
REPRESENTATION_ITEM('')
);
#31=(
BOUNDED_CURVE()
B_SPLINE_CURVE(2,(#1299,#1300,#1301,#1302,#1303,#1304,#1305,#1306,#1307,
#1308,#1309,#1310,#1311,#1312,#1313,#1314,#1315,#1316,#1317,#1318,#1319,
#1320,#1321,#1322,#1323,#1324,#1325,#1326,#1327,#1328,#1329,#1330,#1331,
#1332,#1333,#1334,#1335,#1336,#1337,#1338,#1339,#1340,#1341,#1342,#1343,
#1344,#1345,#1346,#1347,#1348,#1349,#1350,#1351,#1352,#1353,#1354,#1355,
#1356,#1357,#1358,#1359,#1360,#1361,#1362,#1363,#1364,#1365,#1366,#1367,
#1368,#1369,#1370,#1371,#1372,#1373,#1374,#1375,#1376,#1377,#1378,#1379,
#1380,#1381,#1382,#1383,#1384,#1385,#1386,#1387,#1388,#1389,#1390,#1391,
#1392,#1393,#1394,#1395,#1396,#1397,#1398,#1399,#1400,#1401,#1402,#1403,
#1404,#1405,#1406,#1407,#1408,#1409,#1410,#1411,#1412,#1413,#1414,#1415,
#1416,#1417,#1418,#1419,#1420,#1421,#1422,#1423,#1424,#1425,#1426,#1427,
#1428,#1429,#1430,#1431,#1432,#1433,#1434,#1435,#1436,#1437,#1438,#1439,
#1440,#1441,#1442,#1443,#1444,#1445,#1446,#1447,#1448,#1449,#1450,#1451,
#1452,#1453,#1454,#1455,#1456,#1457,#1458,#1459,#1460,#1461,#1462,#1463,
#1464,#1465,#1466,#1467,#1468,#1469,#1470,#1471,#1472,#1473,#1474,#1475,
#1476,#1477,#1478,#1479,#1480,#1481,#1482,#1483,#1484,#1485,#1486,#1487,
#1488,#1489,#1490,#1491,#1492,#1493,#1494,#1495,#1496,#1497,#1498,#1499,
#1500,#1501,#1502,#1503,#1504,#1505,#1506,#1507,#1508,#1509,#1510,#1511,
#1512,#1513,#1514,#1515,#1516,#1517,#1518,#1519,#1520,#1521,#1522,#1523,
#1524,#1525,#1526,#1527,#1528,#1529,#1530,#1531,#1532,#1533,#1534,#1535,
#1536,#1537,#1538,#1539,#1540,#1541,#1542,#1543,#1544,#1545,#1546,#1547,
#1548,#1549,#1550,#1551,#1552,#1553,#1554,#1555,#1556,#1557,#1558,#1559,
#1560,#1561,#1562,#1563,#1564,#1565,#1566,#1567,#1568,#1569,#1570,#1571,
#1572,#1573,#1574,#1575,#1576,#1577,#1578,#1579,#1580,#1581,#1582,#1583,
#1584,#1585,#1586,#1587),.UNSPECIFIED.,.F.,.F.)
B_SPLINE_CURVE_WITH_KNOTS((3,2,2,2,2,2,2,2,2,2,2,2,2,2,2,2,2,2,2,2,2,2,
2,2,2,2,2,2,2,2,2,2,2,2,2,2,2,2,2,2,2,2,2,2,2,2,2,2,2,2,2,2,2,2,2,2,2,2,
2,2,2,2,2,2,2,2,2,2,2,2,2,2,2,2,2,2,2,2,2,2,2,2,2,2,2,2,2,2,2,2,2,2,2,2,
2,2,2,2,2,2,2,2,2,2,2,2,2,2,2,2,2,2,2,2,2,2,2,2,2,2,2,2,2,2,2,2,2,2,2,2,
2,2,2,2,2,2,2,2,2,2,2,2,2,2,3),(0.,0.00694444444444444,0.0138888888888889,
0.0208333333333333,0.0277777777777778,0.0347222222222222,0.0416666666666667,
0.0486111111111111,0.0555555555555556,0.0625,0.0694444444444444,0.0763888888888889,
0.0833333333333333,0.0902777777777778,0.0972222222222222,0.104166666666667,
0.111111111111111,0.118055555555556,0.125,0.131944444444444,0.138888888888889,
0.145833333333333,0.152777777777778,0.159722222222222,0.166666666666667,
0.173611111111111,0.180555555555556,0.1875,0.194444444444444,0.201388888888889,
0.208333333333333,0.215277777777778,0.222222222222222,0.229166666666667,
0.236111111111111,0.243055555555556,0.25,0.256944444444444,0.263888888888889,
0.270833333333333,0.277777777777778,0.284722222222222,0.291666666666667,
0.298611111111111,0.305555555555556,0.3125,0.319444444444444,0.326388888888889,
0.333333333333333,0.340277777777778,0.347222222222222,0.354166666666667,
0.361111111111111,0.368055555555556,0.375,0.381944444444444,0.388888888888889,
0.395833333333333,0.402777777777778,0.409722222222222,0.416666666666667,
0.423611111111111,0.430555555555556,0.4375,0.444444444444444,0.451388888888889,
0.458333333333333,0.465277777777778,0.472222222222222,0.479166666666667,
0.486111111111111,0.493055555555556,0.5,0.506944444444444,0.513888888888889,
0.520833333333333,0.527777777777778,0.534722222222222,0.541666666666667,
0.548611111111111,0.555555555555556,0.5625,0.569444444444444,0.576388888888889,
0.583333333333333,0.590277777777778,0.597222222222222,0.604166666666667,
0.611111111111111,0.618055555555556,0.625,0.631944444444444,0.638888888888889,
0.645833333333333,0.652777777777778,0.659722222222222,0.666666666666667,
0.673611111111111,0.680555555555556,0.6875,0.694444444444444,0.701388888888889,
0.708333333333333,0.715277777777778,0.722222222222222,0.729166666666667,
0.736111111111111,0.743055555555556,0.75,0.756944444444444,0.763888888888889,
0.770833333333333,0.777777777777778,0.784722222222222,0.791666666666667,
0.798611111111111,0.805555555555556,0.8125,0.819444444444444,0.826388888888889,
0.833333333333333,0.840277777777778,0.847222222222222,0.854166666666667,
0.861111111111111,0.868055555555556,0.875,0.881944444444444,0.888888888888889,
0.895833333333333,0.902777777777778,0.909722222222222,0.916666666666667,
0.923611111111111,0.930555555555556,0.9375,0.944444444444444,0.951388888888889,
0.958333333333333,0.965277777777778,0.972222222222222,0.979166666666667,
0.986111111111111,0.993055555555556,1.),.UNSPECIFIED.)
CURVE()
GEOMETRIC_REPRESENTATION_ITEM()
RATIONAL_B_SPLINE_CURVE((1.,0.965925826289068,1.,0.965925826289068,1.,0.965925826289068,
1.,0.965925826289068,1.,0.965925826289068,1.,0.965925826289068,1.,0.965925826289068,
1.,0.965925826289068,1.,0.965925826289068,1.,0.965925826289068,1.,0.965925826289068,
1.,0.965925826289068,1.,0.965925826289068,1.,0.965925826289068,1.,0.965925826289068,
1.,0.965925826289068,1.,0.965925826289068,1.,0.965925826289068,1.,0.965925826289068,
1.,0.965925826289068,1.,0.965925826289068,1.,0.965925826289068,1.,0.965925826289068,
1.,0.965925826289068,1.,0.965925826289068,1.,0.965925826289068,1.,0.965925826289068,
1.,0.965925826289068,1.,0.965925826289068,1.,0.965925826289068,1.,0.965925826289068,
1.,0.965925826289068,1.,0.965925826289068,1.,0.965925826289068,1.,0.965925826289068,
1.,0.965925826289068,1.,0.965925826289068,1.,0.965925826289068,1.,0.965925826289068,
1.,0.965925826289068,1.,0.965925826289068,1.,0.965925826289068,1.,0.965925826289068,
1.,0.965925826289068,1.,0.965925826289068,1.,0.965925826289068,1.,0.965925826289068,
1.,0.965925826289068,1.,0.965925826289068,1.,0.965925826289068,1.,0.965925826289068,
1.,0.965925826289068,1.,0.965925826289068,1.,0.965925826289068,1.,0.965925826289068,
1.,0.965925826289068,1.,0.965925826289068,1.,0.965925826289068,1.,0.965925826289068,
1.,0.965925826289068,1.,0.965925826289068,1.,0.965925826289068,1.,0.965925826289068,
1.,0.965925826289068,1.,0.965925826289068,1.,0.965925826289068,1.,0.965925826289068,
1.,0.965925826289068,1.,0.965925826289068,1.,0.965925826289068,1.,0.965925826289068,
1.,0.965925826289068,1.,0.965925826289068,1.,0.965925826289068,1.,0.965925826289068,
1.,0.965925826289068,1.,0.965925826289068,1.,0.965925826289068,1.,0.965925826289068,
1.,0.965925826289068,1.,0.965925826289068,1.,0.965925826289068,1.,0.965925826289068,
1.,0.965925826289068,1.,0.965925826289068,1.,0.965925826289068,1.,0.965925826289068,
1.,0.965925826289068,1.,0.965925826289068,1.,0.965925826289068,1.,0.965925826289068,
1.,0.965925826289068,1.,0.965925826289068,1.,0.965925826289068,1.,0.965925826289068,
1.,0.965925826289068,1.,0.965925826289068,1.,0.965925826289068,1.,0.965925826289068,
1.,0.965925826289068,1.,0.965925826289068,1.,0.965925826289068,1.,0.965925826289068,
1.,0.965925826289068,1.,0.965925826289068,1.,0.965925826289068,1.,0.965925826289068,
1.,0.965925826289068,1.,0.965925826289068,1.,0.965925826289068,1.,0.965925826289068,
1.,0.965925826289068,1.,0.965925826289068,1.,0.965925826289068,1.,0.965925826289068,
1.,0.965925826289068,1.,0.965925826289068,1.,0.965925826289068,1.,0.965925826289068,
1.,0.965925826289068,1.,0.965925826289068,1.,0.965925826289068,1.,0.965925826289068,
1.,0.965925826289068,1.,0.965925826289068,1.,0.965925826289068,1.,0.965925826289068,
1.,0.965925826289068,1.,0.965925826289068,1.,0.965925826289068,1.,0.965925826289068,
1.,0.965925826289068,1.,0.965925826289068,1.,0.965925826289068,1.,0.965925826289068,
1.,0.965925826289068,1.,0.965925826289068,1.,0.965925826289068,1.,0.965925826289068,
1.,0.965925826289068,1.,0.965925826289068,1.,0.965925826289068,1.,0.965925826289068,
1.,0.965925826289068,1.))
REPRESENTATION_ITEM('')
);
#32=(
BOUNDED_CURVE()
B_SPLINE_CURVE(2,(#1589,#1590,#1591,#1592,#1593,#1594,#1595,#1596,#1597,
#1598,#1599,#1600,#1601,#1602,#1603,#1604,#1605,#1606,#1607,#1608,#1609,
#1610,#1611,#1612,#1613,#1614,#1615,#1616,#1617,#1618,#1619,#1620,#1621,
#1622,#1623,#1624,#1625,#1626,#1627,#1628,#1629,#1630,#1631,#1632,#1633,
#1634,#1635,#1636,#1637,#1638,#1639,#1640,#1641,#1642,#1643,#1644,#1645,
#1646,#1647,#1648,#1649,#1650,#1651,#1652,#1653,#1654,#1655,#1656,#1657,
#1658,#1659,#1660,#1661,#1662,#1663,#1664,#1665,#1666,#1667,#1668,#1669,
#1670,#1671,#1672,#1673,#1674,#1675,#1676,#1677,#1678,#1679,#1680,#1681,
#1682,#1683,#1684,#1685,#1686,#1687,#1688,#1689,#1690,#1691,#1692,#1693,
#1694,#1695,#1696,#1697,#1698,#1699,#1700,#1701,#1702,#1703,#1704,#1705,
#1706,#1707,#1708,#1709,#1710,#1711,#1712,#1713,#1714,#1715,#1716,#1717,
#1718,#1719,#1720,#1721,#1722,#1723,#1724,#1725,#1726,#1727,#1728,#1729,
#1730,#1731,#1732,#1733,#1734,#1735,#1736,#1737,#1738,#1739,#1740,#1741,
#1742,#1743,#1744,#1745,#1746,#1747,#1748,#1749,#1750,#1751,#1752,#1753,
#1754,#1755,#1756,#1757,#1758,#1759,#1760,#1761,#1762,#1763,#1764,#1765,
#1766,#1767,#1768,#1769,#1770,#1771,#1772,#1773,#1774,#1775,#1776,#1777,
#1778,#1779,#1780,#1781,#1782,#1783,#1784,#1785,#1786,#1787,#1788,#1789,
#1790,#1791,#1792,#1793,#1794,#1795,#1796,#1797,#1798,#1799,#1800,#1801,
#1802,#1803,#1804,#1805,#1806,#1807,#1808,#1809,#1810,#1811,#1812,#1813,
#1814,#1815,#1816,#1817,#1818,#1819,#1820,#1821,#1822,#1823,#1824,#1825,
#1826,#1827,#1828,#1829,#1830,#1831,#1832,#1833,#1834,#1835,#1836,#1837,
#1838,#1839,#1840,#1841,#1842,#1843,#1844,#1845,#1846,#1847,#1848,#1849,
#1850,#1851,#1852,#1853,#1854,#1855,#1856,#1857,#1858,#1859,#1860,#1861,
#1862,#1863,#1864,#1865,#1866,#1867,#1868,#1869,#1870,#1871,#1872,#1873,
#1874,#1875,#1876,#1877),.UNSPECIFIED.,.F.,.F.)
B_SPLINE_CURVE_WITH_KNOTS((3,2,2,2,2,2,2,2,2,2,2,2,2,2,2,2,2,2,2,2,2,2,
2,2,2,2,2,2,2,2,2,2,2,2,2,2,2,2,2,2,2,2,2,2,2,2,2,2,2,2,2,2,2,2,2,2,2,2,
2,2,2,2,2,2,2,2,2,2,2,2,2,2,2,2,2,2,2,2,2,2,2,2,2,2,2,2,2,2,2,2,2,2,2,2,
2,2,2,2,2,2,2,2,2,2,2,2,2,2,2,2,2,2,2,2,2,2,2,2,2,2,2,2,2,2,2,2,2,2,2,2,
2,2,2,2,2,2,2,2,2,2,2,2,2,2,3),(0.,0.00694444444444444,0.0138888888888889,
0.0208333333333333,0.0277777777777778,0.0347222222222222,0.0416666666666667,
0.0486111111111111,0.0555555555555556,0.0625,0.0694444444444444,0.0763888888888889,
0.0833333333333333,0.0902777777777778,0.0972222222222222,0.104166666666667,
0.111111111111111,0.118055555555556,0.125,0.131944444444444,0.138888888888889,
0.145833333333333,0.152777777777778,0.159722222222222,0.166666666666667,
0.173611111111111,0.180555555555556,0.1875,0.194444444444444,0.201388888888889,
0.208333333333333,0.215277777777778,0.222222222222222,0.229166666666667,
0.236111111111111,0.243055555555556,0.25,0.256944444444444,0.263888888888889,
0.270833333333333,0.277777777777778,0.284722222222222,0.291666666666667,
0.298611111111111,0.305555555555556,0.3125,0.319444444444444,0.326388888888889,
0.333333333333333,0.340277777777778,0.347222222222222,0.354166666666667,
0.361111111111111,0.368055555555556,0.375,0.381944444444444,0.388888888888889,
0.395833333333333,0.402777777777778,0.409722222222222,0.416666666666667,
0.423611111111111,0.430555555555556,0.4375,0.444444444444444,0.451388888888889,
0.458333333333333,0.465277777777778,0.472222222222222,0.479166666666667,
0.486111111111111,0.493055555555556,0.5,0.506944444444444,0.513888888888889,
0.520833333333333,0.527777777777778,0.534722222222222,0.541666666666667,
0.548611111111111,0.555555555555556,0.5625,0.569444444444444,0.576388888888889,
0.583333333333333,0.590277777777778,0.597222222222222,0.604166666666667,
0.611111111111111,0.618055555555556,0.625,0.631944444444444,0.638888888888889,
0.645833333333333,0.652777777777778,0.659722222222222,0.666666666666667,
0.673611111111111,0.680555555555556,0.6875,0.694444444444444,0.701388888888889,
0.708333333333333,0.715277777777778,0.722222222222222,0.729166666666667,
0.736111111111111,0.743055555555556,0.75,0.756944444444444,0.763888888888889,
0.770833333333333,0.777777777777778,0.784722222222222,0.791666666666667,
0.798611111111111,0.805555555555556,0.8125,0.819444444444444,0.826388888888889,
0.833333333333333,0.840277777777778,0.847222222222222,0.854166666666667,
0.861111111111111,0.868055555555556,0.875,0.881944444444444,0.888888888888889,
0.895833333333333,0.902777777777778,0.909722222222222,0.916666666666667,
0.923611111111111,0.930555555555556,0.9375,0.944444444444444,0.951388888888889,
0.958333333333333,0.965277777777778,0.972222222222222,0.979166666666667,
0.986111111111111,0.993055555555556,1.),.UNSPECIFIED.)
CURVE()
GEOMETRIC_REPRESENTATION_ITEM()
RATIONAL_B_SPLINE_CURVE((1.,0.965925826289068,1.,0.965925826289068,1.,0.965925826289068,
1.,0.965925826289068,1.,0.965925826289068,1.,0.965925826289068,1.,0.965925826289068,
1.,0.965925826289068,1.,0.965925826289068,1.,0.965925826289068,1.,0.965925826289068,
1.,0.965925826289068,1.,0.965925826289068,1.,0.965925826289068,1.,0.965925826289068,
1.,0.965925826289068,1.,0.965925826289068,1.,0.965925826289068,1.,0.965925826289068,
1.,0.965925826289068,1.,0.965925826289068,1.,0.965925826289068,1.,0.965925826289068,
1.,0.965925826289068,1.,0.965925826289068,1.,0.965925826289068,1.,0.965925826289068,
1.,0.965925826289068,1.,0.965925826289068,1.,0.965925826289068,1.,0.965925826289068,
1.,0.965925826289068,1.,0.965925826289068,1.,0.965925826289068,1.,0.965925826289068,
1.,0.965925826289068,1.,0.965925826289068,1.,0.965925826289068,1.,0.965925826289068,
1.,0.965925826289068,1.,0.965925826289068,1.,0.965925826289068,1.,0.965925826289068,
1.,0.965925826289068,1.,0.965925826289068,1.,0.965925826289068,1.,0.965925826289068,
1.,0.965925826289068,1.,0.965925826289068,1.,0.965925826289068,1.,0.965925826289068,
1.,0.965925826289068,1.,0.965925826289068,1.,0.965925826289068,1.,0.965925826289068,
1.,0.965925826289068,1.,0.965925826289068,1.,0.965925826289068,1.,0.965925826289068,
1.,0.965925826289068,1.,0.965925826289068,1.,0.965925826289068,1.,0.965925826289068,
1.,0.965925826289068,1.,0.965925826289068,1.,0.965925826289068,1.,0.965925826289068,
1.,0.965925826289068,1.,0.965925826289068,1.,0.965925826289068,1.,0.965925826289068,
1.,0.965925826289068,1.,0.965925826289068,1.,0.965925826289068,1.,0.965925826289068,
1.,0.965925826289068,1.,0.965925826289068,1.,0.965925826289068,1.,0.965925826289068,
1.,0.965925826289068,1.,0.965925826289068,1.,0.965925826289068,1.,0.965925826289068,
1.,0.965925826289068,1.,0.965925826289068,1.,0.965925826289068,1.,0.965925826289068,
1.,0.965925826289068,1.,0.965925826289068,1.,0.965925826289068,1.,0.965925826289068,
1.,0.965925826289068,1.,0.965925826289068,1.,0.965925826289068,1.,0.965925826289068,
1.,0.965925826289068,1.,0.965925826289068,1.,0.965925826289068,1.,0.965925826289068,
1.,0.965925826289068,1.,0.965925826289068,1.,0.965925826289068,1.,0.965925826289068,
1.,0.965925826289068,1.,0.965925826289068,1.,0.965925826289068,1.,0.965925826289068,
1.,0.965925826289068,1.,0.965925826289068,1.,0.965925826289068,1.,0.965925826289068,
1.,0.965925826289068,1.,0.965925826289068,1.,0.965925826289068,1.,0.965925826289068,
1.,0.965925826289068,1.,0.965925826289068,1.,0.965925826289068,1.,0.965925826289068,
1.,0.965925826289068,1.,0.965925826289068,1.,0.965925826289068,1.,0.965925826289068,
1.,0.965925826289068,1.,0.965925826289068,1.,0.965925826289068,1.,0.965925826289068,
1.,0.965925826289068,1.,0.965925826289068,1.,0.965925826289068,1.,0.965925826289068,
1.,0.965925826289068,1.,0.965925826289068,1.,0.965925826289068,1.,0.965925826289068,
1.,0.965925826289068,1.,0.965925826289068,1.,0.965925826289068,1.,0.965925826289068,
1.,0.965925826289068,1.,0.965925826289068,1.,0.965925826289068,1.,0.965925826289068,
1.,0.965925826289068,1.))
REPRESENTATION_ITEM('')
);
#33=ORIENTED_EDGE('',*,*,#73,.F.);
#34=ORIENTED_EDGE('',*,*,#74,.T.);
#35=ORIENTED_EDGE('',*,*,#75,.F.);
#36=ORIENTED_EDGE('',*,*,#76,.F.);
#37=ORIENTED_EDGE('',*,*,#77,.T.);
#38=ORIENTED_EDGE('',*,*,#78,.F.);
#39=ORIENTED_EDGE('',*,*,#79,.F.);
#40=ORIENTED_EDGE('',*,*,#80,.F.);
#41=ORIENTED_EDGE('',*,*,#81,.T.);
#42=ORIENTED_EDGE('',*,*,#82,.T.);
#43=ORIENTED_EDGE('',*,*,#78,.T.);
#44=ORIENTED_EDGE('',*,*,#83,.T.);
#45=ORIENTED_EDGE('',*,*,#84,.T.);
#46=ORIENTED_EDGE('',*,*,#85,.T.);
#47=ORIENTED_EDGE('',*,*,#86,.T.);
#48=ORIENTED_EDGE('',*,*,#73,.T.);
#49=ORIENTED_EDGE('',*,*,#87,.F.);
#50=ORIENTED_EDGE('',*,*,#88,.F.);
#51=ORIENTED_EDGE('',*,*,#89,.F.);
#52=ORIENTED_EDGE('',*,*,#76,.T.);
#53=ORIENTED_EDGE('',*,*,#90,.F.);
#54=ORIENTED_EDGE('',*,*,#87,.T.);
#55=ORIENTED_EDGE('',*,*,#75,.T.);
#56=ORIENTED_EDGE('',*,*,#82,.F.);
#57=ORIENTED_EDGE('',*,*,#91,.F.);
#58=ORIENTED_EDGE('',*,*,#88,.T.);
#59=ORIENTED_EDGE('',*,*,#90,.T.);
#60=ORIENTED_EDGE('',*,*,#81,.F.);
#61=ORIENTED_EDGE('',*,*,#77,.F.);
#62=ORIENTED_EDGE('',*,*,#89,.T.);
#63=ORIENTED_EDGE('',*,*,#91,.T.);
#64=ORIENTED_EDGE('',*,*,#83,.F.);
#65=ORIENTED_EDGE('',*,*,#92,.T.);
#66=ORIENTED_EDGE('',*,*,#84,.F.);
#67=ORIENTED_EDGE('',*,*,#92,.F.);
#68=ORIENTED_EDGE('',*,*,#74,.F.);
#69=ORIENTED_EDGE('',*,*,#86,.F.);
#70=ORIENTED_EDGE('',*,*,#80,.T.);
#71=ORIENTED_EDGE('',*,*,#85,.F.);
#72=ORIENTED_EDGE('',*,*,#79,.T.);
#73=EDGE_CURVE('',#93,#93,#109,.T.);
#74=EDGE_CURVE('',#94,#94,#110,.T.);
#75=EDGE_CURVE('',#95,#96,#29,.T.);
#76=EDGE_CURVE('',#97,#95,#111,.T.);
#77=EDGE_CURVE('',#97,#98,#30,.T.);
#78=EDGE_CURVE('',#96,#98,#112,.T.);
#79=EDGE_CURVE('',#99,#99,#113,.F.);
#80=EDGE_CURVE('',#100,#100,#114,.F.);
#81=EDGE_CURVE('',#101,#102,#115,.T.);
#82=EDGE_CURVE('',#102,#96,#22,.T.);
#83=EDGE_CURVE('',#98,#101,#23,.T.);
#84=EDGE_CURVE('',#103,#103,#116,.T.);
#85=EDGE_CURVE('',#104,#104,#117,.T.);
#86=EDGE_CURVE('',#105,#105,#118,.T.);
#87=EDGE_CURVE('',#106,#95,#24,.T.);
#88=EDGE_CURVE('',#107,#106,#119,.T.);
#89=EDGE_CURVE('',#97,#107,#25,.T.);
#90=EDGE_CURVE('',#106,#102,#31,.T.);
#91=EDGE_CURVE('',#107,#101,#32,.T.);
#92=EDGE_CURVE('',#108,#108,#120,.T.);
#93=VERTEX_POINT('',#263);
#94=VERTEX_POINT('',#265);
#95=VERTEX_POINT('',#556);
#96=VERTEX_POINT('',#557);
#97=VERTEX_POINT('',#559);
#98=VERTEX_POINT('',#849);
#99=VERTEX_POINT('',#853);
#100=VERTEX_POINT('',#855);
#101=VERTEX_POINT('',#857);
#102=VERTEX_POINT('',#858);
#103=VERTEX_POINT('',#874);
#104=VERTEX_POINT('',#877);
#105=VERTEX_POINT('',#879);
#106=VERTEX_POINT('',#887);
#107=VERTEX_POINT('',#889);
#108=VERTEX_POINT('',#2278);
#109=CIRCLE('',#196,4.5);
#110=CIRCLE('',#197,4.5);
#111=CIRCLE('',#199,13.1445);
#112=CIRCLE('',#200,13.1445);
#113=CIRCLE('',#202,0.65);
#114=CIRCLE('',#203,0.65);
#115=CIRCLE('',#204,12.8008271012179);
#116=CIRCLE('',#205,4.);
#117=CIRCLE('',#207,0.65);
#118=CIRCLE('',#208,0.65);
#119=CIRCLE('',#209,12.8008271012179);
#120=CIRCLE('',#212,4.);
#121=EDGE_LOOP('',(#33));
#122=EDGE_LOOP('',(#34));
#123=EDGE_LOOP('',(#35,#36,#37,#38));
#124=EDGE_LOOP('',(#39));
#125=EDGE_LOOP('',(#40));
#126=EDGE_LOOP('',(#41,#42,#43,#44));
#127=EDGE_LOOP('',(#45));
#128=EDGE_LOOP('',(#46));
#129=EDGE_LOOP('',(#47));
#130=EDGE_LOOP('',(#48));
#131=EDGE_LOOP('',(#49,#50,#51,#52));
#132=EDGE_LOOP('',(#53,#54,#55,#56));
#133=EDGE_LOOP('',(#57,#58,#59,#60));
#134=EDGE_LOOP('',(#61,#62,#63,#64));
#135=EDGE_LOOP('',(#65));
#136=EDGE_LOOP('',(#66));
#137=EDGE_LOOP('',(#67));
#138=EDGE_LOOP('',(#68));
#139=EDGE_LOOP('',(#69));
#140=EDGE_LOOP('',(#70));
#141=EDGE_LOOP('',(#71));
#142=EDGE_LOOP('',(#72));
#143=FACE_BOUND('',#121,.T.);
#144=FACE_BOUND('',#122,.T.);
#145=FACE_BOUND('',#123,.T.);
#146=FACE_BOUND('',#124,.T.);
#147=FACE_BOUND('',#125,.T.);
#148=FACE_BOUND('',#126,.T.);
#149=FACE_BOUND('',#127,.T.);
#150=FACE_BOUND('',#128,.T.);
#151=FACE_BOUND('',#129,.T.);
#152=FACE_BOUND('',#130,.T.);
#153=FACE_BOUND('',#131,.T.);
#154=FACE_BOUND('',#132,.T.);
#155=FACE_BOUND('',#133,.T.);
#156=FACE_BOUND('',#134,.T.);
#157=FACE_BOUND('',#135,.T.);
#158=FACE_BOUND('',#136,.T.);
#159=FACE_BOUND('',#137,.T.);
#160=FACE_BOUND('',#138,.T.);
#161=FACE_BOUND('',#139,.T.);
#162=FACE_BOUND('',#140,.T.);
#163=FACE_BOUND('',#141,.T.);
#164=FACE_BOUND('',#142,.T.);
#165=CYLINDRICAL_SURFACE('',#195,4.5);
#166=CYLINDRICAL_SURFACE('',#198,13.1445);
#167=CYLINDRICAL_SURFACE('',#210,12.8008271012179);
#168=CYLINDRICAL_SURFACE('',#211,4.);
#169=CYLINDRICAL_SURFACE('',#214,0.65);
#170=CYLINDRICAL_SURFACE('',#215,0.65);
#171=ADVANCED_FACE('',(#143,#144),#165,.F.);
#172=ADVANCED_FACE('',(#145),#166,.T.);
#173=ADVANCED_FACE('',(#146,#147,#148,#149),#26,.F.);
#174=ADVANCED_FACE('',(#150,#151,#152,#153),#27,.T.);
#175=ADVANCED_FACE('',(#154),#20,.F.);
#176=ADVANCED_FACE('',(#155),#167,.T.);
#177=ADVANCED_FACE('',(#156),#21,.F.);
#178=ADVANCED_FACE('',(#157,#158),#168,.F.);
#179=ADVANCED_FACE('',(#159,#160),#28,.F.);
#180=ADVANCED_FACE('',(#161,#162),#169,.F.);
#181=ADVANCED_FACE('',(#163,#164),#170,.F.);
#182=CLOSED_SHELL('',(#171,#172,#173,#174,#175,#176,#177,#178,#179,#180,
#181));
#183=STYLED_ITEM('',(#184),#191);
#184=PRESENTATION_STYLE_ASSIGNMENT((#185));
#185=SURFACE_STYLE_USAGE(.BOTH.,#186);
#186=SURFACE_SIDE_STYLE('',(#187));
#187=SURFACE_STYLE_FILL_AREA(#188);
#188=FILL_AREA_STYLE('',(#189));
#189=FILL_AREA_STYLE_COLOUR('',#190);
#190=COLOUR_RGB('',0.506983280181885,0.531564235687256,0.550000011920929);
#191=MANIFOLD_SOLID_BREP('',#182);
#192=SHAPE_DEFINITION_REPRESENTATION(#2288,#193);
#193=SHAPE_REPRESENTATION('29_FDML_stimfix_collimator_lens_holder_tube',
(#194),#2283);
#194=AXIS2_PLACEMENT_3D('',#260,#216,#217);
#195=AXIS2_PLACEMENT_3D('',#261,#218,#219);
#196=AXIS2_PLACEMENT_3D('',#262,#220,#221);
#197=AXIS2_PLACEMENT_3D('',#264,#222,#223);
#198=AXIS2_PLACEMENT_3D('',#266,#224,#225);
#199=AXIS2_PLACEMENT_3D('',#558,#226,#227);
#200=AXIS2_PLACEMENT_3D('',#850,#228,#229);
#201=AXIS2_PLACEMENT_3D('',#851,#230,#231);
#202=AXIS2_PLACEMENT_3D('',#852,#232,#233);
#203=AXIS2_PLACEMENT_3D('',#854,#234,#235);
#204=AXIS2_PLACEMENT_3D('',#856,#236,#237);
#205=AXIS2_PLACEMENT_3D('',#873,#238,#239);
#206=AXIS2_PLACEMENT_3D('',#875,#240,#241);
#207=AXIS2_PLACEMENT_3D('',#876,#242,#243);
#208=AXIS2_PLACEMENT_3D('',#878,#244,#245);
#209=AXIS2_PLACEMENT_3D('',#888,#246,#247);
#210=AXIS2_PLACEMENT_3D('',#1588,#248,#249);
#211=AXIS2_PLACEMENT_3D('',#2276,#250,#251);
#212=AXIS2_PLACEMENT_3D('',#2277,#252,#253);
#213=AXIS2_PLACEMENT_3D('',#2279,#254,#255);
#214=AXIS2_PLACEMENT_3D('',#2280,#256,#257);
#215=AXIS2_PLACEMENT_3D('',#2281,#258,#259);
#216=DIRECTION('',(0.,0.,1.));
#217=DIRECTION('',(1.,0.,0.));
#218=DIRECTION('',(0.,0.,-1.));
#219=DIRECTION('',(-1.,0.,0.));
#220=DIRECTION('',(0.,0.,1.));
#221=DIRECTION('',(1.,0.,0.));
#222=DIRECTION('',(0.,0.,1.));
#223=DIRECTION('',(1.,0.,0.));
#224=DIRECTION('',(0.,0.,-1.));
#225=DIRECTION('',(-1.,0.,0.));
#226=DIRECTION('',(0.,0.,-1.));
#227=DIRECTION('',(-1.,0.,0.));
#228=DIRECTION('',(0.,0.,1.));
#229=DIRECTION('',(1.,0.,0.));
#230=DIRECTION('',(0.,0.,-1.));
#231=DIRECTION('',(-1.,0.,0.));
#232=DIRECTION('',(0.,0.,-1.));
#233=DIRECTION('',(-1.,0.,0.));
#234=DIRECTION('',(0.,0.,-1.));
#235=DIRECTION('',(-1.,0.,0.));
#236=DIRECTION('',(0.,0.,1.));
#237=DIRECTION('',(1.,0.,0.));
#238=DIRECTION('',(0.,0.,-1.));
#239=DIRECTION('',(1.,0.,0.));
#240=DIRECTION('',(0.,0.,-1.));
#241=DIRECTION('',(-1.,0.,0.));
#242=DIRECTION('',(0.,0.,1.));
#243=DIRECTION('',(1.,0.,0.));
#244=DIRECTION('',(0.,0.,1.));
#245=DIRECTION('',(1.,0.,0.));
#246=DIRECTION('',(0.,0.,1.));
#247=DIRECTION('',(1.,0.,0.));
#248=DIRECTION('',(0.,0.,1.));
#249=DIRECTION('',(1.,0.,0.));
#250=DIRECTION('',(0.,0.,1.));
#251=DIRECTION('',(1.,0.,0.));
#252=DIRECTION('',(0.,0.,-1.));
#253=DIRECTION('',(1.,0.,0.));
#254=DIRECTION('',(0.,0.,1.));
#255=DIRECTION('',(1.,0.,0.));
#256=DIRECTION('',(0.,0.,-1.));
#257=DIRECTION('',(-1.,0.,0.));
#258=DIRECTION('',(0.,0.,-1.));
#259=DIRECTION('',(-1.,0.,0.));
#260=CARTESIAN_POINT('',(0.,0.,0.));
#261=CARTESIAN_POINT('',(0.,0.,15.0624125098653));
#262=CARTESIAN_POINT('',(0.,0.,-2.1821210243944));
#263=CARTESIAN_POINT('',(4.5,0.,-2.1821210243944));
#264=CARTESIAN_POINT('',(0.,0.,2.4778789756056));
#265=CARTESIAN_POINT('',(4.5,0.,2.4778789756056));
#266=CARTESIAN_POINT('',(0.,0.,3.));
#267=CARTESIAN_POINT('',(13.1445,0.,-2.7376960181444));
#268=CARTESIAN_POINT('',(13.1445,3.52205815991089,-2.71123768481107));
#269=CARTESIAN_POINT('',(11.3834709200446,6.57225,-2.68477935147773));
#270=CARTESIAN_POINT('',(9.62244184008911,9.62244184008911,-2.6583210181444));
#271=CARTESIAN_POINT('',(6.57225,11.3834709200446,-2.63186268481107));
#272=CARTESIAN_POINT('',(3.52205815991089,13.1445,-2.60540435147773));
#273=CARTESIAN_POINT('',(8.04868492569619E-16,13.1445,-2.5789460181444));
#274=CARTESIAN_POINT('',(-3.52205815991089,13.1445,-2.55248768481107));
#275=CARTESIAN_POINT('',(-6.57225,11.3834709200446,-2.52602935147773));
#276=CARTESIAN_POINT('',(-9.6224418400891,9.62244184008911,-2.4995710181444));
#277=CARTESIAN_POINT('',(-11.3834709200445,6.57225,-2.47311268481107));
#278=CARTESIAN_POINT('',(-13.1445,3.5220581599109,-2.44665435147773));
#279=CARTESIAN_POINT('',(-13.1445,1.60973698513924E-15,-2.4201960181444));
#280=CARTESIAN_POINT('',(-13.1445,-3.52205815991089,-2.39373768481107));
#281=CARTESIAN_POINT('',(-11.3834709200446,-6.57225,-2.36727935147773));
#282=CARTESIAN_POINT('',(-9.62244184008911,-9.6224418400891,-2.3408210181444));
#283=CARTESIAN_POINT('',(-6.57225,-11.3834709200445,-2.31436268481107));
#284=CARTESIAN_POINT('',(-3.5220581599109,-13.1445,-2.28790435147773));
#285=CARTESIAN_POINT('',(-2.41460547770886E-15,-13.1445,-2.2614460181444));
#286=CARTESIAN_POINT('',(3.52205815991088,-13.1445,-2.23498768481107));
#287=CARTESIAN_POINT('',(6.57224999999999,-11.3834709200446,-2.20852935147773));
#288=CARTESIAN_POINT('',(9.6224418400891,-9.62244184008911,-2.1820710181444));
#289=CARTESIAN_POINT('',(11.3834709200445,-6.57225,-2.15561268481107));
#290=CARTESIAN_POINT('',(13.1445,-3.5220581599109,-2.12915435147773));
#291=CARTESIAN_POINT('',(13.1445,-3.21947397027848E-15,-2.1026960181444));
#292=CARTESIAN_POINT('',(13.1445,3.52205815991088,-2.07623768481107));
#293=CARTESIAN_POINT('',(11.3834709200446,6.57224999999999,-2.04977935147773));
#294=CARTESIAN_POINT('',(9.62244184008912,9.62244184008909,-2.0233210181444));
#295=CARTESIAN_POINT('',(6.57225,11.3834709200445,-1.99686268481107));
#296=CARTESIAN_POINT('',(3.5220581599109,13.1445,-1.97040435147773));
#297=CARTESIAN_POINT('',(1.56990037005964E-14,13.1445,-1.9439460181444));
#298=CARTESIAN_POINT('',(-3.52205815991088,13.1445,-1.91748768481107));
#299=CARTESIAN_POINT('',(-6.57224999999999,11.3834709200446,-1.89102935147773));
#300=CARTESIAN_POINT('',(-9.62244184008909,9.62244184008912,-1.8645710181444));
#301=CARTESIAN_POINT('',(-11.3834709200445,6.57225000000002,-1.83811268481107));
#302=CARTESIAN_POINT('',(-13.1445,3.52205815991092,-1.81165435147773));
#303=CARTESIAN_POINT('',(-13.1445,4.82921095541771E-15,-1.7851960181444));
#304=CARTESIAN_POINT('',(-13.1445,-3.52205815991088,-1.75873768481107));
#305=CARTESIAN_POINT('',(-11.3834709200446,-6.57224999999999,-1.73227935147773));
#306=CARTESIAN_POINT('',(-9.62244184008912,-9.62244184008909,-1.7058210181444));
#307=CARTESIAN_POINT('',(-6.57225000000002,-11.3834709200445,-1.67936268481107));
#308=CARTESIAN_POINT('',(-3.52205815991092,-13.1445,-1.65290435147773));
#309=CARTESIAN_POINT('',(-5.63407944798733E-15,-13.1445,-1.6264460181444));
#310=CARTESIAN_POINT('',(3.52205815991088,-13.1445,-1.59998768481107));
#311=CARTESIAN_POINT('',(6.57224999999999,-11.3834709200446,-1.57352935147773));
#312=CARTESIAN_POINT('',(9.62244184008909,-9.62244184008912,-1.5470710181444));
#313=CARTESIAN_POINT('',(11.3834709200445,-6.57225000000002,-1.52061268481107));
#314=CARTESIAN_POINT('',(13.1445,-3.52205815991092,-1.49415435147773));
#315=CARTESIAN_POINT('',(13.1445,-6.43894794055695E-15,-1.4676960181444));
#316=CARTESIAN_POINT('',(13.1445,3.52205815991088,-1.44123768481107));
#317=CARTESIAN_POINT('',(11.3834709200446,6.57224999999999,-1.41477935147773));
#318=CARTESIAN_POINT('',(9.62244184008912,9.62244184008909,-1.3883210181444));
#319=CARTESIAN_POINT('',(6.57225000000002,11.3834709200445,-1.36186268481107));
#320=CARTESIAN_POINT('',(3.52205815991092,13.1445,-1.33540435147773));
#321=CARTESIAN_POINT('',(3.05931389086232E-14,13.1445,-1.3089460181444));
#322=CARTESIAN_POINT('',(-3.52205815991088,13.1445,-1.28248768481107));
#323=CARTESIAN_POINT('',(-6.57224999999999,11.3834709200446,-1.25602935147773));
#324=CARTESIAN_POINT('',(-9.62244184008909,9.62244184008912,-1.2295710181444));
#325=CARTESIAN_POINT('',(-11.3834709200445,6.57225000000002,-1.20311268481107));
#326=CARTESIAN_POINT('',(-13.1445,3.52205815991092,-1.17665435147773));
#327=CARTESIAN_POINT('',(-13.1445,3.13980074011928E-14,-1.1501960181444));
#328=CARTESIAN_POINT('',(-13.1445,-3.52205815991088,-1.12373768481107));
#329=CARTESIAN_POINT('',(-11.3834709200446,-6.57224999999999,-1.09727935147773));
#330=CARTESIAN_POINT('',(-9.62244184008914,-9.62244184008907,-1.0708210181444));
#331=CARTESIAN_POINT('',(-6.57225000000002,-11.3834709200445,-1.04436268481107));
#332=CARTESIAN_POINT('',(-3.5220581599109,-13.1445,-1.01790435147773));
#333=CARTESIAN_POINT('',(-3.22028758937624E-14,-13.1445,-0.9914460181444));
#334=CARTESIAN_POINT('',(3.52205815991088,-13.1445,-0.964987684811067));
#335=CARTESIAN_POINT('',(6.57224999999996,-11.3834709200446,-0.938529351477734));
#336=CARTESIAN_POINT('',(9.62244184008909,-9.62244184008912,-0.912071018144401));
#337=CARTESIAN_POINT('',(11.3834709200445,-6.57225000000004,-0.885612684811067));
#338=CARTESIAN_POINT('',(13.1445,-3.52205815991092,-0.859154351477734));
#339=CARTESIAN_POINT('',(13.1445,-9.65842191083543E-15,-0.8326960181444));
#340=CARTESIAN_POINT('',(13.1445,3.52205815991085,-0.806237684811067));
#341=CARTESIAN_POINT('',(11.3834709200446,6.57224999999998,-0.779779351477734));
#342=CARTESIAN_POINT('',(9.62244184008914,9.62244184008907,-0.7533210181444));
#343=CARTESIAN_POINT('',(6.57225000000002,11.3834709200445,-0.726862684811067));
#344=CARTESIAN_POINT('',(3.5220581599109,13.1445,-0.700404351477734));
#345=CARTESIAN_POINT('',(3.38126128789016E-14,13.1445,-0.6739460181444));
#346=CARTESIAN_POINT('',(-3.52205815991088,13.1445,-0.647487684811067));
#347=CARTESIAN_POINT('',(-6.57224999999996,11.3834709200446,-0.621029351477734));
#348=CARTESIAN_POINT('',(-9.62244184008909,9.62244184008912,-0.5945710181444));
#349=CARTESIAN_POINT('',(-11.3834709200445,6.57225000000004,-0.568112684811067));
#350=CARTESIAN_POINT('',(-13.1445,3.52205815991092,-0.541654351477734));
#351=CARTESIAN_POINT('',(-13.1445,1.12681588959747E-14,-0.5151960181444));
#352=CARTESIAN_POINT('',(-13.1445,-3.52205815991085,-0.488737684811067));
#353=CARTESIAN_POINT('',(-11.3834709200446,-6.57224999999998,-0.462279351477734));
#354=CARTESIAN_POINT('',(-9.62244184008914,-9.62244184008907,-0.4358210181444));
#355=CARTESIAN_POINT('',(-6.57225000000002,-11.3834709200445,-0.409362684811067));
#356=CARTESIAN_POINT('',(-3.52205815991095,-13.1445,-0.382904351477733));
#357=CARTESIAN_POINT('',(-3.54223498640409E-14,-13.1445,-0.3564460181444));
#358=CARTESIAN_POINT('',(3.52205815991088,-13.1445,-0.329987684811067));
#359=CARTESIAN_POINT('',(6.57224999999996,-11.3834709200446,-0.303529351477734));
#360=CARTESIAN_POINT('',(9.62244184008909,-9.62244184008912,-0.2770710181444));
#361=CARTESIAN_POINT('',(11.3834709200445,-6.57225000000004,-0.250612684811067));
#362=CARTESIAN_POINT('',(13.1445,-3.52205815991092,-0.224154351477733));
#363=CARTESIAN_POINT('',(13.1445,-1.28778958811139E-14,-0.1976960181444));
#364=CARTESIAN_POINT('',(13.1445,3.52205815991085,-0.171237684811067));
#365=CARTESIAN_POINT('',(11.3834709200446,6.57224999999998,-0.144779351477733));
#366=CARTESIAN_POINT('',(9.62244184008914,9.62244184008907,-0.1183210181444));
#367=CARTESIAN_POINT('',(6.57225000000002,11.3834709200445,-0.0918626848110666));
#368=CARTESIAN_POINT('',(3.52205815991095,13.1445,-0.0654043514777334));
#369=CARTESIAN_POINT('',(3.70320868491801E-14,13.1445,-0.0389460181444003));
#370=CARTESIAN_POINT('',(-3.52205815991087,13.1445,-0.0124876848110666));
#371=CARTESIAN_POINT('',(-6.57224999999996,11.3834709200446,0.0139706485222666));
#372=CARTESIAN_POINT('',(-9.62244184008909,9.62244184008913,0.0404289818555998));
#373=CARTESIAN_POINT('',(-11.3834709200445,6.57225000000004,0.0668873151889334));
#374=CARTESIAN_POINT('',(-13.1445,3.52205815991093,0.0933456485222666));
#375=CARTESIAN_POINT('',(-13.1445,6.11862778172463E-14,0.1198039818556));
#376=CARTESIAN_POINT('',(-13.1445,-3.52205815991085,0.146262315188933));
#377=CARTESIAN_POINT('',(-11.3834709200446,-6.57224999999998,0.172720648522267));
#378=CARTESIAN_POINT('',(-9.62244184008914,-9.62244184008907,0.1991789818556));
#379=CARTESIAN_POINT('',(-6.57225000000003,-11.3834709200445,0.225637315188933));
#380=CARTESIAN_POINT('',(-3.52205815991095,-13.1445,0.252095648522267));
#381=CARTESIAN_POINT('',(-3.86418238343194E-14,-13.1445,0.2785539818556));
#382=CARTESIAN_POINT('',(3.52205815991083,-13.1445,0.305012315188933));
#383=CARTESIAN_POINT('',(6.57224999999996,-11.3834709200446,0.331470648522267));
#384=CARTESIAN_POINT('',(9.62244184008909,-9.62244184008913,0.3579289818556));
#385=CARTESIAN_POINT('',(11.3834709200445,-6.57225000000005,0.384387315188933));
#386=CARTESIAN_POINT('',(13.1445,-3.52205815991093,0.410845648522267));
#387=CARTESIAN_POINT('',(13.1445,-6.27960148023856E-14,0.4373039818556));
#388=CARTESIAN_POINT('',(13.1445,3.52205815991085,0.463762315188934));
#389=CARTESIAN_POINT('',(11.3834709200446,6.57224999999998,0.490220648522267));
#390=CARTESIAN_POINT('',(9.62244184008915,9.62244184008907,0.5166789818556));
#391=CARTESIAN_POINT('',(6.57225000000003,11.3834709200445,0.543137315188933));
#392=CARTESIAN_POINT('',(3.5220581599109,13.1445,0.569595648522267));
#393=CARTESIAN_POINT('',(8.69502057704518E-14,13.1445,0.5960539818556));
#394=CARTESIAN_POINT('',(-3.52205815991082,13.1445,0.622512315188934));
#395=CARTESIAN_POINT('',(-6.57224999999996,11.3834709200446,0.648970648522267));
#396=CARTESIAN_POINT('',(-9.62244184008908,9.62244184008913,0.6754289818556));
#397=CARTESIAN_POINT('',(-11.3834709200445,6.57225000000001,0.701887315188934));
#398=CARTESIAN_POINT('',(-13.1445,3.52205815991098,0.728345648522267));
#399=CARTESIAN_POINT('',(-13.1445,6.44057517875248E-14,0.7548039818556));
#400=CARTESIAN_POINT('',(-13.1445,-3.52205815991085,0.781262315188934));
#401=CARTESIAN_POINT('',(-11.3834709200446,-6.57224999999998,0.807720648522267));
#402=CARTESIAN_POINT('',(-9.62244184008911,-9.6224418400891,0.8341789818556));
#403=CARTESIAN_POINT('',(-6.57225000000007,-11.3834709200445,0.860637315188934));
#404=CARTESIAN_POINT('',(-3.52205815991095,-13.1445,0.887095648522267));
#405=CARTESIAN_POINT('',(-4.18612978045978E-14,-13.1445,0.9135539818556));
#406=CARTESIAN_POINT('',(3.52205815991087,-13.1445,0.940012315188934));
#407=CARTESIAN_POINT('',(6.57224999999992,-11.3834709200446,0.966470648522267));
#408=CARTESIAN_POINT('',(9.62244184008905,-9.62244184008916,0.9929289818556));
#409=CARTESIAN_POINT('',(11.3834709200445,-6.57225000000005,1.01938731518893));
#410=CARTESIAN_POINT('',(13.1445,-3.52205815991093,1.04584564852227));
#411=CARTESIAN_POINT('',(13.1445,-1.93168438216709E-14,1.0723039818556));
#412=CARTESIAN_POINT('',(13.1445,3.5220581599108,1.09876231518893));
#413=CARTESIAN_POINT('',(11.3834709200446,6.57224999999993,1.12522064852227));
#414=CARTESIAN_POINT('',(9.62244184008915,9.62244184008907,1.1516789818556));
#415=CARTESIAN_POINT('',(6.57225000000003,11.3834709200445,1.17813731518893));
#416=CARTESIAN_POINT('',(3.52205815991091,13.1445,1.20459564852227));
#417=CARTESIAN_POINT('',(9.01696797407303E-14,13.1445,1.2310539818556));
#418=CARTESIAN_POINT('',(-3.52205815991082,13.1445,1.25751231518893));
#419=CARTESIAN_POINT('',(-6.57224999999996,11.3834709200446,1.28397064852227));
#420=CARTESIAN_POINT('',(-9.62244184008908,9.62244184008913,1.3104289818556));
#421=CARTESIAN_POINT('',(-11.3834709200445,6.57225000000001,1.33688731518893));
#422=CARTESIAN_POINT('',(-13.1445,3.52205815991098,1.36334564852227));
#423=CARTESIAN_POINT('',(-13.1445,6.76252257578033E-14,1.3898039818556));
#424=CARTESIAN_POINT('',(-13.1445,-3.52205815991084,1.41626231518893));
#425=CARTESIAN_POINT('',(-11.3834709200446,-6.57224999999997,1.44272064852227));
#426=CARTESIAN_POINT('',(-9.62244184008918,-9.62244184008903,1.4691789818556));
#427=CARTESIAN_POINT('',(-6.57225000000007,-11.3834709200445,1.49563731518893));
#428=CARTESIAN_POINT('',(-3.52205815991096,-13.1445,1.52209564852227));
#429=CARTESIAN_POINT('',(-4.50807717748763E-14,-13.1445,1.5485539818556));
#430=CARTESIAN_POINT('',(3.52205815991087,-13.1445,1.57501231518893));
#431=CARTESIAN_POINT('',(6.57224999999991,-11.3834709200446,1.60147064852227));
#432=CARTESIAN_POINT('',(9.62244184008905,-9.62244184008916,1.6279289818556));
#433=CARTESIAN_POINT('',(11.3834709200445,-6.57225000000005,1.65438731518893));
#434=CARTESIAN_POINT('',(13.1445,-3.52205815991093,1.68084564852227));
#435=CARTESIAN_POINT('',(13.1445,-2.25363177919493E-14,1.7073039818556));
#436=CARTESIAN_POINT('',(13.1445,3.52205815991079,1.73376231518893));
#437=CARTESIAN_POINT('',(11.3834709200446,6.57224999999993,1.76022064852227));
#438=CARTESIAN_POINT('',(9.62244184008915,9.62244184008906,1.7866789818556));
#439=CARTESIAN_POINT('',(6.57225000000003,11.3834709200445,1.81313731518893));
#440=CARTESIAN_POINT('',(3.52205815991091,13.1445,1.83959564852227));
#441=CARTESIAN_POINT('',(9.33891537110087E-14,13.1445,1.8660539818556));
#442=CARTESIAN_POINT('',(-3.52205815991082,13.1445,1.89251231518893));
#443=CARTESIAN_POINT('',(-6.57224999999995,11.3834709200446,1.91897064852227));
#444=CARTESIAN_POINT('',(-9.62244184008908,9.62244184008913,1.9454289818556));
#445=CARTESIAN_POINT('',(-11.3834709200445,6.57225000000009,1.97188731518893));
#446=CARTESIAN_POINT('',(-13.1445,3.52205815991098,1.99834564852227));
#447=CARTESIAN_POINT('',(-13.1445,7.08446997280818E-14,2.0248039818556));
#448=CARTESIAN_POINT('',(-13.1445,-3.52205815991084,2.05126231518893));
#449=CARTESIAN_POINT('',(-11.3834709200446,-6.57224999999997,2.07772064852227));
#450=CARTESIAN_POINT('',(-9.62244184008918,-9.62244184008903,2.1041789818556));
#451=CARTESIAN_POINT('',(-6.57225000000007,-11.3834709200445,2.13063731518893));
#452=CARTESIAN_POINT('',(-3.52205815991096,-13.1445,2.15709564852227));
#453=CARTESIAN_POINT('',(-4.83002457451548E-14,-13.1445,2.1835539818556));
#454=CARTESIAN_POINT('',(3.52205815991086,-13.1445,2.21001231518893));
#455=CARTESIAN_POINT('',(6.57224999999991,-11.3834709200446,2.23647064852227));
#456=CARTESIAN_POINT('',(9.62244184008905,-9.62244184008917,2.2629289818556));
#457=CARTESIAN_POINT('',(11.3834709200445,-6.57225000000005,2.28938731518893));
#458=CARTESIAN_POINT('',(13.1445,-3.52205815991094,2.31584564852227));
#459=CARTESIAN_POINT('',(13.1445,-2.57557917622278E-14,2.3423039818556));
#460=CARTESIAN_POINT('',(13.1445,3.52205815991079,2.36876231518893));
#461=CARTESIAN_POINT('',(11.3834709200446,6.57224999999993,2.39522064852227));
#462=CARTESIAN_POINT('',(9.62244184008915,9.62244184008906,2.4216789818556));
#463=CARTESIAN_POINT('',(6.57225000000004,11.3834709200445,2.44813731518893));
#464=CARTESIAN_POINT('',(3.52205815991101,13.1445,2.47459564852227));
#465=CARTESIAN_POINT('',(9.66086276812872E-14,13.1445,2.5010539818556));
#466=CARTESIAN_POINT('',(-3.52205815991081,13.1445,2.52751231518893));
#467=CARTESIAN_POINT('',(-6.57224999999995,11.3834709200446,2.55397064852227));
#468=CARTESIAN_POINT('',(-9.62244184008908,9.62244184008913,2.5804289818556));
#469=CARTESIAN_POINT('',(-11.3834709200445,6.5722500000001,2.60688731518893));
#470=CARTESIAN_POINT('',(-13.1445,3.52205815991099,2.63334564852227));
#471=CARTESIAN_POINT('',(-13.1445,7.40641736983602E-14,2.6598039818556));
#472=CARTESIAN_POINT('',(-13.1445,-3.52205815991084,2.68626231518893));
#473=CARTESIAN_POINT('',(-11.3834709200446,-6.57224999999997,2.71272064852227));
#474=CARTESIAN_POINT('',(-9.62244184008919,-9.62244184008903,2.7391789818556));
#475=CARTESIAN_POINT('',(-6.57225000000008,-11.3834709200445,2.76563731518893));
#476=CARTESIAN_POINT('',(-3.52205815991096,-13.1445,2.79209564852227));
#477=CARTESIAN_POINT('',(-5.15197197154333E-14,-13.1445,2.8185539818556));
#478=CARTESIAN_POINT('',(3.52205815991077,-13.1445,2.84501231518893));
#479=CARTESIAN_POINT('',(6.57224999999991,-11.3834709200446,2.87147064852227));
#480=CARTESIAN_POINT('',(9.62244184008904,-9.62244184008917,2.8979289818556));
#481=CARTESIAN_POINT('',(11.3834709200445,-6.57225000000006,2.92438731518893));
#482=CARTESIAN_POINT('',(13.1445,-3.52205815991094,2.95084564852227));
#483=CARTESIAN_POINT('',(13.1445,-1.22372555634493E-13,2.9773039818556));
#484=CARTESIAN_POINT('',(13.1445,3.52205815991079,3.00376231518893));
#485=CARTESIAN_POINT('',(11.3834709200446,6.57224999999993,3.03022064852227));
#486=CARTESIAN_POINT('',(9.62244184008915,9.62244184008906,3.0566789818556));
#487=CARTESIAN_POINT('',(6.57225000000004,11.3834709200445,3.08313731518893));
#488=CARTESIAN_POINT('',(3.52205815991101,13.1445,3.10959564852227));
#489=CARTESIAN_POINT('',(9.98281016515657E-14,13.1445,3.1360539818556));
#490=CARTESIAN_POINT('',(-3.52205815991081,13.1445,3.16251231518893));
#491=CARTESIAN_POINT('',(-6.57224999999995,11.3834709200446,3.18897064852227));
#492=CARTESIAN_POINT('',(-9.62244184008907,9.62244184008914,3.2154289818556));
#493=CARTESIAN_POINT('',(-11.3834709200445,6.5722500000001,3.24188731518893));
#494=CARTESIAN_POINT('',(-13.1445,3.52205815991099,3.26834564852227));
#495=CARTESIAN_POINT('',(-13.1445,7.72836476686387E-14,3.2948039818556));
#496=CARTESIAN_POINT('',(-13.1445,-3.52205815991083,3.32126231518893));
#497=CARTESIAN_POINT('',(-11.3834709200446,-6.57224999999988,3.34772064852227));
#498=CARTESIAN_POINT('',(-9.62244184008919,-9.62244184008902,3.3741789818556));
#499=CARTESIAN_POINT('',(-6.57225000000008,-11.3834709200445,3.40063731518893));
#500=CARTESIAN_POINT('',(-3.52205815991097,-13.1445,3.42709564852227));
#501=CARTESIAN_POINT('',(-5.47391936857117E-14,-13.1445,3.4535539818556));
#502=CARTESIAN_POINT('',(3.52205815991076,-13.1445,3.48001231518893));
#503=CARTESIAN_POINT('',(6.5722499999999,-11.3834709200446,3.50647064852227));
#504=CARTESIAN_POINT('',(9.62244184008904,-9.62244184008917,3.5329289818556));
#505=CARTESIAN_POINT('',(11.3834709200445,-6.57225000000006,3.55938731518893));
#506=CARTESIAN_POINT('',(13.1445,-3.52205815991094,3.58584564852227));
#507=CARTESIAN_POINT('',(13.1445,-1.25592029604771E-13,3.6123039818556));
#508=CARTESIAN_POINT('',(13.1445,3.52205815991079,3.63876231518893));
#509=CARTESIAN_POINT('',(11.3834709200446,6.57224999999992,3.66522064852227));
#510=CARTESIAN_POINT('',(9.62244184008916,9.62244184008906,3.6916789818556));
#511=CARTESIAN_POINT('',(6.57225000000004,11.3834709200445,3.71813731518893));
#512=CARTESIAN_POINT('',(3.52205815991092,13.1445,3.74459564852227));
#513=CARTESIAN_POINT('',(1.03047575621844E-13,13.1445,3.7710539818556));
#514=CARTESIAN_POINT('',(-3.52205815991071,13.1445,3.79751231518893));
#515=CARTESIAN_POINT('',(-6.57224999999994,11.3834709200446,3.82397064852227));
#516=CARTESIAN_POINT('',(-9.62244184008901,9.62244184008921,3.8504289818556));
#517=CARTESIAN_POINT('',(-11.3834709200445,6.57225000000002,3.87688731518893));
#518=CARTESIAN_POINT('',(-13.1445,3.52205815991099,3.90334564852227));
#519=CARTESIAN_POINT('',(-13.1445,1.73900411540904E-13,3.9298039818556));
#520=CARTESIAN_POINT('',(-13.1445,-3.52205815991083,3.95626231518893));
#521=CARTESIAN_POINT('',(-11.3834709200446,-6.57224999999988,3.98272064852227));
#522=CARTESIAN_POINT('',(-9.62244184008912,-9.62244184008909,4.0091789818556));
#523=CARTESIAN_POINT('',(-6.57225000000008,-11.3834709200445,4.03563731518893));
#524=CARTESIAN_POINT('',(-3.52205815991106,-13.1445,4.06209564852227));
#525=CARTESIAN_POINT('',(-5.79586676559902E-14,-13.1445,4.0885539818556));
#526=CARTESIAN_POINT('',(3.52205815991076,-13.1445,4.11501231518894));
#527=CARTESIAN_POINT('',(6.57224999999998,-11.3834709200446,4.14147064852227));
#528=CARTESIAN_POINT('',(9.62244184008904,-9.62244184008917,4.1679289818556));
#529=CARTESIAN_POINT('',(11.3834709200445,-6.57225000000014,4.19438731518893));
#530=CARTESIAN_POINT('',(13.1445,-3.52205815991095,4.22084564852227));
#531=CARTESIAN_POINT('',(13.1445,-1.2881150357505E-13,4.2473039818556));
#532=CARTESIAN_POINT('',(13.1445,3.52205815991088,4.27376231518893));
#533=CARTESIAN_POINT('',(11.3834709200446,6.57224999999992,4.30022064852227));
#534=CARTESIAN_POINT('',(9.62244184008923,9.62244184008899,4.3266789818556));
#535=CARTESIAN_POINT('',(6.57225000000004,11.3834709200445,4.35313731518893));
#536=CARTESIAN_POINT('',(3.52205815991102,13.1445,4.37959564852227));
#537=CARTESIAN_POINT('',(1.28697596901363E-14,13.1445,4.4060539818556));
#538=CARTESIAN_POINT('',(-3.5220581599108,13.1445,4.43251231518894));
#539=CARTESIAN_POINT('',(-6.57224999999986,11.3834709200446,4.45897064852227));
#540=CARTESIAN_POINT('',(-9.62244184008907,9.62244184008914,4.4854289818556));
#541=CARTESIAN_POINT('',(-11.3834709200445,6.57225000000011,4.51188731518894));
#542=CARTESIAN_POINT('',(-13.1444999999999,3.52205815991109,4.53834564852227));
#543=CARTESIAN_POINT('',(-13.1445,8.37225956091957E-14,4.5648039818556));
#544=CARTESIAN_POINT('',(-13.1445,-3.52205815991073,4.59126231518893));
#545=CARTESIAN_POINT('',(-11.3834709200446,-6.57224999999996,4.61772064852227));
#546=CARTESIAN_POINT('',(-9.62244184008919,-9.62244184008902,4.6441789818556));
#547=CARTESIAN_POINT('',(-6.57225000000017,-11.3834709200445,4.67063731518893));
#548=CARTESIAN_POINT('',(-3.52205815991097,-13.1445,4.69709564852227));
#549=CARTESIAN_POINT('',(-1.54575431528255E-13,-13.1445,4.7235539818556));
#550=CARTESIAN_POINT('',(3.52205815991085,-13.1445,4.75001231518894));
#551=CARTESIAN_POINT('',(6.5722499999999,-11.3834709200446,4.77647064852227));
#552=CARTESIAN_POINT('',(9.62244184008897,-9.62244184008924,4.8029289818556));
#553=CARTESIAN_POINT('',(11.3834709200445,-6.57225000000007,4.82938731518894));
#554=CARTESIAN_POINT('',(13.1445,-3.52205815991104,4.85584564852227));
#555=CARTESIAN_POINT('',(13.1445,-3.86336876433417E-14,4.8823039818556));
#556=CARTESIAN_POINT('',(9.29001736951053,-9.29911057704943,-2.1821210243944));
#557=CARTESIAN_POINT('',(-0.0897727707657949,-13.1441934366331,2.8178789756056));
#558=CARTESIAN_POINT('',(0.,0.,-2.1821210243944));
#559=CARTESIAN_POINT('',(13.1445,0.,-2.1821210243944));
#560=CARTESIAN_POINT('',(13.1445,0.,-2.1821210243944));
#561=CARTESIAN_POINT('',(13.1445,3.52205815991089,-2.15566269106107));
#562=CARTESIAN_POINT('',(11.3834709200446,6.57225,-2.12920435772773));
#563=CARTESIAN_POINT('',(9.62244184008911,9.62244184008911,-2.1027460243944));
#564=CARTESIAN_POINT('',(6.57225,11.3834709200446,-2.07628769106107));
#565=CARTESIAN_POINT('',(3.52205815991089,13.1445,-2.04982935772773));
#566=CARTESIAN_POINT('',(8.04868492569619E-16,13.1445,-2.0233710243944));
#567=CARTESIAN_POINT('',(-3.52205815991089,13.1445,-1.99691269106107));
#568=CARTESIAN_POINT('',(-6.57225,11.3834709200446,-1.97045435772773));
#569=CARTESIAN_POINT('',(-9.6224418400891,9.62244184008911,-1.9439960243944));
#570=CARTESIAN_POINT('',(-11.3834709200445,6.57225,-1.91753769106107));
#571=CARTESIAN_POINT('',(-13.1445,3.5220581599109,-1.89107935772773));
#572=CARTESIAN_POINT('',(-13.1445,1.60973698513924E-15,-1.8646210243944));
#573=CARTESIAN_POINT('',(-13.1445,-3.52205815991089,-1.83816269106107));
#574=CARTESIAN_POINT('',(-11.3834709200446,-6.57225,-1.81170435772773));
#575=CARTESIAN_POINT('',(-9.62244184008911,-9.6224418400891,-1.7852460243944));
#576=CARTESIAN_POINT('',(-6.57225,-11.3834709200445,-1.75878769106107));
#577=CARTESIAN_POINT('',(-3.5220581599109,-13.1445,-1.73232935772773));
#578=CARTESIAN_POINT('',(-2.41460547770886E-15,-13.1445,-1.7058710243944));
#579=CARTESIAN_POINT('',(3.52205815991088,-13.1445,-1.67941269106107));
#580=CARTESIAN_POINT('',(6.57224999999999,-11.3834709200446,-1.65295435772773));
#581=CARTESIAN_POINT('',(9.6224418400891,-9.62244184008911,-1.6264960243944));
#582=CARTESIAN_POINT('',(11.3834709200445,-6.57225,-1.60003769106107));
#583=CARTESIAN_POINT('',(13.1445,-3.5220581599109,-1.57357935772773));
#584=CARTESIAN_POINT('',(13.1445,-3.21947397027848E-15,-1.5471210243944));
#585=CARTESIAN_POINT('',(13.1445,3.52205815991088,-1.52066269106107));
#586=CARTESIAN_POINT('',(11.3834709200446,6.57224999999999,-1.49420435772773));
#587=CARTESIAN_POINT('',(9.62244184008912,9.62244184008909,-1.4677460243944));
#588=CARTESIAN_POINT('',(6.57225,11.3834709200445,-1.44128769106107));
#589=CARTESIAN_POINT('',(3.5220581599109,13.1445,-1.41482935772773));
#590=CARTESIAN_POINT('',(1.56990037005964E-14,13.1445,-1.3883710243944));
#591=CARTESIAN_POINT('',(-3.52205815991088,13.1445,-1.36191269106107));
#592=CARTESIAN_POINT('',(-6.57224999999999,11.3834709200446,-1.33545435772773));
#593=CARTESIAN_POINT('',(-9.62244184008909,9.62244184008912,-1.3089960243944));
#594=CARTESIAN_POINT('',(-11.3834709200445,6.57225000000002,-1.28253769106107));
#595=CARTESIAN_POINT('',(-13.1445,3.52205815991092,-1.25607935772773));
#596=CARTESIAN_POINT('',(-13.1445,4.82921095541771E-15,-1.2296210243944));
#597=CARTESIAN_POINT('',(-13.1445,-3.52205815991088,-1.20316269106107));
#598=CARTESIAN_POINT('',(-11.3834709200446,-6.57224999999999,-1.17670435772773));
#599=CARTESIAN_POINT('',(-9.62244184008912,-9.62244184008909,-1.1502460243944));
#600=CARTESIAN_POINT('',(-6.57225000000002,-11.3834709200445,-1.12378769106107));
#601=CARTESIAN_POINT('',(-3.52205815991092,-13.1445,-1.09732935772773));
#602=CARTESIAN_POINT('',(-5.63407944798733E-15,-13.1445,-1.0708710243944));
#603=CARTESIAN_POINT('',(3.52205815991088,-13.1445,-1.04441269106107));
#604=CARTESIAN_POINT('',(6.57224999999999,-11.3834709200446,-1.01795435772773));
#605=CARTESIAN_POINT('',(9.62244184008909,-9.62244184008912,-0.991496024394401));
#606=CARTESIAN_POINT('',(11.3834709200445,-6.57225000000002,-0.965037691061067));
#607=CARTESIAN_POINT('',(13.1445,-3.52205815991092,-0.938579357727734));
#608=CARTESIAN_POINT('',(13.1445,-6.43894794055695E-15,-0.912121024394401));
#609=CARTESIAN_POINT('',(13.1445,3.52205815991088,-0.885662691061067));
#610=CARTESIAN_POINT('',(11.3834709200446,6.57224999999999,-0.859204357727734));
#611=CARTESIAN_POINT('',(9.62244184008912,9.62244184008909,-0.832746024394401));
#612=CARTESIAN_POINT('',(6.57225000000002,11.3834709200445,-0.806287691061067));
#613=CARTESIAN_POINT('',(3.52205815991092,13.1445,-0.779829357727734));
#614=CARTESIAN_POINT('',(3.05931389086232E-14,13.1445,-0.753371024394401));
#615=CARTESIAN_POINT('',(-3.52205815991088,13.1445,-0.726912691061067));
#616=CARTESIAN_POINT('',(-6.57224999999999,11.3834709200446,-0.700454357727734));
#617=CARTESIAN_POINT('',(-9.62244184008909,9.62244184008912,-0.673996024394401));
#618=CARTESIAN_POINT('',(-11.3834709200445,6.57225000000002,-0.647537691061067));
#619=CARTESIAN_POINT('',(-13.1445,3.52205815991092,-0.621079357727734));
#620=CARTESIAN_POINT('',(-13.1445,3.13980074011928E-14,-0.594621024394401));
#621=CARTESIAN_POINT('',(-13.1445,-3.52205815991088,-0.568162691061067));
#622=CARTESIAN_POINT('',(-11.3834709200446,-6.57224999999999,-0.541704357727734));
#623=CARTESIAN_POINT('',(-9.62244184008914,-9.62244184008907,-0.515246024394401));
#624=CARTESIAN_POINT('',(-6.57225000000002,-11.3834709200445,-0.488787691061067));
#625=CARTESIAN_POINT('',(-3.5220581599109,-13.1445,-0.462329357727734));
#626=CARTESIAN_POINT('',(-3.22028758937624E-14,-13.1445,-0.435871024394401));
#627=CARTESIAN_POINT('',(3.52205815991088,-13.1445,-0.409412691061067));
#628=CARTESIAN_POINT('',(6.57224999999996,-11.3834709200446,-0.382954357727734));
#629=CARTESIAN_POINT('',(9.62244184008909,-9.62244184008912,-0.356496024394401));
#630=CARTESIAN_POINT('',(11.3834709200445,-6.57225000000004,-0.330037691061067));
#631=CARTESIAN_POINT('',(13.1445,-3.52205815991092,-0.303579357727734));
#632=CARTESIAN_POINT('',(13.1445,-9.65842191083543E-15,-0.277121024394401));
#633=CARTESIAN_POINT('',(13.1445,3.52205815991085,-0.250662691061067));
#634=CARTESIAN_POINT('',(11.3834709200446,6.57224999999998,-0.224204357727734));
#635=CARTESIAN_POINT('',(9.62244184008914,9.62244184008907,-0.197746024394401));
#636=CARTESIAN_POINT('',(6.57225000000002,11.3834709200445,-0.171287691061067));
#637=CARTESIAN_POINT('',(3.5220581599109,13.1445,-0.144829357727734));
#638=CARTESIAN_POINT('',(3.38126128789016E-14,13.1445,-0.1183710243944));
#639=CARTESIAN_POINT('',(-3.52205815991088,13.1445,-0.0919126910610669));
#640=CARTESIAN_POINT('',(-6.57224999999996,11.3834709200446,-0.0654543577277337));
#641=CARTESIAN_POINT('',(-9.62244184008909,9.62244184008912,-0.0389960243944005));
#642=CARTESIAN_POINT('',(-11.3834709200445,6.57225000000004,-0.0125376910610668));
#643=CARTESIAN_POINT('',(-13.1445,3.52205815991092,0.0139206422722664));
#644=CARTESIAN_POINT('',(-13.1445,1.12681588959747E-14,0.0403789756055995));
#645=CARTESIAN_POINT('',(-13.1445,-3.52205815991085,0.0668373089389332));
#646=CARTESIAN_POINT('',(-11.3834709200446,-6.57224999999998,0.0932956422722664));
#647=CARTESIAN_POINT('',(-9.62244184008914,-9.62244184008907,0.1197539756056));
#648=CARTESIAN_POINT('',(-6.57225000000002,-11.3834709200445,0.146212308938933));
#649=CARTESIAN_POINT('',(-3.52205815991095,-13.1445,0.172670642272266));
#650=CARTESIAN_POINT('',(-3.54223498640409E-14,-13.1445,0.1991289756056));
#651=CARTESIAN_POINT('',(3.52205815991088,-13.1445,0.225587308938933));
#652=CARTESIAN_POINT('',(6.57224999999996,-11.3834709200446,0.252045642272266));
#653=CARTESIAN_POINT('',(9.62244184008909,-9.62244184008912,0.2785039756056));
#654=CARTESIAN_POINT('',(11.3834709200445,-6.57225000000004,0.304962308938933));
#655=CARTESIAN_POINT('',(13.1445,-3.52205815991092,0.331420642272266));
#656=CARTESIAN_POINT('',(13.1445,-1.28778958811139E-14,0.3578789756056));
#657=CARTESIAN_POINT('',(13.1445,3.52205815991085,0.384337308938933));
#658=CARTESIAN_POINT('',(11.3834709200446,6.57224999999998,0.410795642272266));
#659=CARTESIAN_POINT('',(9.62244184008914,9.62244184008907,0.4372539756056));
#660=CARTESIAN_POINT('',(6.57225000000002,11.3834709200445,0.463712308938933));
#661=CARTESIAN_POINT('',(3.52205815991095,13.1445,0.490170642272266));
#662=CARTESIAN_POINT('',(3.70320868491801E-14,13.1445,0.5166289756056));
#663=CARTESIAN_POINT('',(-3.52205815991087,13.1445,0.543087308938933));
#664=CARTESIAN_POINT('',(-6.57224999999996,11.3834709200446,0.569545642272266));
#665=CARTESIAN_POINT('',(-9.62244184008909,9.62244184008913,0.5960039756056));
#666=CARTESIAN_POINT('',(-11.3834709200445,6.57225000000004,0.622462308938933));
#667=CARTESIAN_POINT('',(-13.1445,3.52205815991093,0.648920642272267));
#668=CARTESIAN_POINT('',(-13.1445,6.11862778172463E-14,0.6753789756056));
#669=CARTESIAN_POINT('',(-13.1445,-3.52205815991085,0.701837308938933));
#670=CARTESIAN_POINT('',(-11.3834709200446,-6.57224999999998,0.728295642272267));
#671=CARTESIAN_POINT('',(-9.62244184008914,-9.62244184008907,0.7547539756056));
#672=CARTESIAN_POINT('',(-6.57225000000003,-11.3834709200445,0.781212308938933));
#673=CARTESIAN_POINT('',(-3.52205815991095,-13.1445,0.807670642272267));
#674=CARTESIAN_POINT('',(-3.86418238343194E-14,-13.1445,0.8341289756056));
#675=CARTESIAN_POINT('',(3.52205815991083,-13.1445,0.860587308938933));
#676=CARTESIAN_POINT('',(6.57224999999996,-11.3834709200446,0.887045642272267));
#677=CARTESIAN_POINT('',(9.62244184008909,-9.62244184008913,0.9135039756056));
#678=CARTESIAN_POINT('',(11.3834709200445,-6.57225000000005,0.939962308938933));
#679=CARTESIAN_POINT('',(13.1445,-3.52205815991093,0.966420642272267));
#680=CARTESIAN_POINT('',(13.1445,-6.27960148023856E-14,0.9928789756056));
#681=CARTESIAN_POINT('',(13.1445,3.52205815991085,1.01933730893893));
#682=CARTESIAN_POINT('',(11.3834709200446,6.57224999999998,1.04579564227227));
#683=CARTESIAN_POINT('',(9.62244184008915,9.62244184008907,1.0722539756056));
#684=CARTESIAN_POINT('',(6.57225000000003,11.3834709200445,1.09871230893893));
#685=CARTESIAN_POINT('',(3.5220581599109,13.1445,1.12517064227227));
#686=CARTESIAN_POINT('',(8.69502057704518E-14,13.1445,1.1516289756056));
#687=CARTESIAN_POINT('',(-3.52205815991082,13.1445,1.17808730893893));
#688=CARTESIAN_POINT('',(-6.57224999999996,11.3834709200446,1.20454564227227));
#689=CARTESIAN_POINT('',(-9.62244184008908,9.62244184008913,1.2310039756056));
#690=CARTESIAN_POINT('',(-11.3834709200445,6.57225000000001,1.25746230893893));
#691=CARTESIAN_POINT('',(-13.1445,3.52205815991098,1.28392064227227));
#692=CARTESIAN_POINT('',(-13.1445,6.44057517875248E-14,1.3103789756056));
#693=CARTESIAN_POINT('',(-13.1445,-3.52205815991085,1.33683730893893));
#694=CARTESIAN_POINT('',(-11.3834709200446,-6.57224999999998,1.36329564227227));
#695=CARTESIAN_POINT('',(-9.62244184008911,-9.6224418400891,1.3897539756056));
#696=CARTESIAN_POINT('',(-6.57225000000007,-11.3834709200445,1.41621230893893));
#697=CARTESIAN_POINT('',(-3.52205815991095,-13.1445,1.44267064227227));
#698=CARTESIAN_POINT('',(-4.18612978045978E-14,-13.1445,1.4691289756056));
#699=CARTESIAN_POINT('',(3.52205815991087,-13.1445,1.49558730893893));
#700=CARTESIAN_POINT('',(6.57224999999992,-11.3834709200446,1.52204564227227));
#701=CARTESIAN_POINT('',(9.62244184008905,-9.62244184008916,1.5485039756056));
#702=CARTESIAN_POINT('',(11.3834709200445,-6.57225000000005,1.57496230893893));
#703=CARTESIAN_POINT('',(13.1445,-3.52205815991093,1.60142064227227));
#704=CARTESIAN_POINT('',(13.1445,-1.93168438216709E-14,1.6278789756056));
#705=CARTESIAN_POINT('',(13.1445,3.5220581599108,1.65433730893893));
#706=CARTESIAN_POINT('',(11.3834709200446,6.57224999999993,1.68079564227227));
#707=CARTESIAN_POINT('',(9.62244184008915,9.62244184008907,1.7072539756056));
#708=CARTESIAN_POINT('',(6.57225000000003,11.3834709200445,1.73371230893893));
#709=CARTESIAN_POINT('',(3.52205815991091,13.1445,1.76017064227227));
#710=CARTESIAN_POINT('',(9.01696797407303E-14,13.1445,1.7866289756056));
#711=CARTESIAN_POINT('',(-3.52205815991082,13.1445,1.81308730893893));
#712=CARTESIAN_POINT('',(-6.57224999999996,11.3834709200446,1.83954564227227));
#713=CARTESIAN_POINT('',(-9.62244184008908,9.62244184008913,1.8660039756056));
#714=CARTESIAN_POINT('',(-11.3834709200445,6.57225000000001,1.89246230893893));
#715=CARTESIAN_POINT('',(-13.1445,3.52205815991098,1.91892064227227));
#716=CARTESIAN_POINT('',(-13.1445,6.76252257578033E-14,1.9453789756056));
#717=CARTESIAN_POINT('',(-13.1445,-3.52205815991084,1.97183730893893));
#718=CARTESIAN_POINT('',(-11.3834709200446,-6.57224999999997,1.99829564227227));
#719=CARTESIAN_POINT('',(-9.62244184008918,-9.62244184008903,2.0247539756056));
#720=CARTESIAN_POINT('',(-6.57225000000007,-11.3834709200445,2.05121230893893));
#721=CARTESIAN_POINT('',(-3.52205815991096,-13.1445,2.07767064227227));
#722=CARTESIAN_POINT('',(-4.50807717748763E-14,-13.1445,2.1041289756056));
#723=CARTESIAN_POINT('',(3.52205815991087,-13.1445,2.13058730893893));
#724=CARTESIAN_POINT('',(6.57224999999991,-11.3834709200446,2.15704564227227));
#725=CARTESIAN_POINT('',(9.62244184008905,-9.62244184008916,2.1835039756056));
#726=CARTESIAN_POINT('',(11.3834709200445,-6.57225000000005,2.20996230893893));
#727=CARTESIAN_POINT('',(13.1445,-3.52205815991093,2.23642064227227));
#728=CARTESIAN_POINT('',(13.1445,-2.25363177919493E-14,2.2628789756056));
#729=CARTESIAN_POINT('',(13.1445,3.52205815991079,2.28933730893893));
#730=CARTESIAN_POINT('',(11.3834709200446,6.57224999999993,2.31579564227227));
#731=CARTESIAN_POINT('',(9.62244184008915,9.62244184008906,2.3422539756056));
#732=CARTESIAN_POINT('',(6.57225000000003,11.3834709200445,2.36871230893893));
#733=CARTESIAN_POINT('',(3.52205815991091,13.1445,2.39517064227227));
#734=CARTESIAN_POINT('',(9.33891537110087E-14,13.1445,2.4216289756056));
#735=CARTESIAN_POINT('',(-3.52205815991082,13.1445,2.44808730893893));
#736=CARTESIAN_POINT('',(-6.57224999999995,11.3834709200446,2.47454564227227));
#737=CARTESIAN_POINT('',(-9.62244184008908,9.62244184008913,2.5010039756056));
#738=CARTESIAN_POINT('',(-11.3834709200445,6.57225000000009,2.52746230893893));
#739=CARTESIAN_POINT('',(-13.1445,3.52205815991098,2.55392064227227));
#740=CARTESIAN_POINT('',(-13.1445,7.08446997280818E-14,2.5803789756056));
#741=CARTESIAN_POINT('',(-13.1445,-3.52205815991084,2.60683730893893));
#742=CARTESIAN_POINT('',(-11.3834709200446,-6.57224999999997,2.63329564227227));
#743=CARTESIAN_POINT('',(-9.62244184008918,-9.62244184008903,2.6597539756056));
#744=CARTESIAN_POINT('',(-6.57225000000007,-11.3834709200445,2.68621230893893));
#745=CARTESIAN_POINT('',(-3.52205815991096,-13.1445,2.71267064227227));
#746=CARTESIAN_POINT('',(-4.83002457451548E-14,-13.1445,2.7391289756056));
#747=CARTESIAN_POINT('',(3.52205815991086,-13.1445,2.76558730893893));
#748=CARTESIAN_POINT('',(6.57224999999991,-11.3834709200446,2.79204564227227));
#749=CARTESIAN_POINT('',(9.62244184008905,-9.62244184008917,2.8185039756056));
#750=CARTESIAN_POINT('',(11.3834709200445,-6.57225000000005,2.84496230893893));
#751=CARTESIAN_POINT('',(13.1445,-3.52205815991094,2.87142064227227));
#752=CARTESIAN_POINT('',(13.1445,-2.57557917622278E-14,2.8978789756056));
#753=CARTESIAN_POINT('',(13.1445,3.52205815991079,2.92433730893893));
#754=CARTESIAN_POINT('',(11.3834709200446,6.57224999999993,2.95079564227227));
#755=CARTESIAN_POINT('',(9.62244184008915,9.62244184008906,2.9772539756056));
#756=CARTESIAN_POINT('',(6.57225000000004,11.3834709200445,3.00371230893893));
#757=CARTESIAN_POINT('',(3.52205815991101,13.1445,3.03017064227227));
#758=CARTESIAN_POINT('',(9.66086276812872E-14,13.1445,3.0566289756056));
#759=CARTESIAN_POINT('',(-3.52205815991081,13.1445,3.08308730893893));
#760=CARTESIAN_POINT('',(-6.57224999999995,11.3834709200446,3.10954564227227));
#761=CARTESIAN_POINT('',(-9.62244184008908,9.62244184008913,3.1360039756056));
#762=CARTESIAN_POINT('',(-11.3834709200445,6.5722500000001,3.16246230893893));
#763=CARTESIAN_POINT('',(-13.1445,3.52205815991099,3.18892064227227));
#764=CARTESIAN_POINT('',(-13.1445,7.40641736983602E-14,3.2153789756056));
#765=CARTESIAN_POINT('',(-13.1445,-3.52205815991084,3.24183730893893));
#766=CARTESIAN_POINT('',(-11.3834709200446,-6.57224999999997,3.26829564227227));
#767=CARTESIAN_POINT('',(-9.62244184008919,-9.62244184008903,3.2947539756056));
#768=CARTESIAN_POINT('',(-6.57225000000008,-11.3834709200445,3.32121230893893));
#769=CARTESIAN_POINT('',(-3.52205815991096,-13.1445,3.34767064227227));
#770=CARTESIAN_POINT('',(-5.15197197154333E-14,-13.1445,3.3741289756056));
#771=CARTESIAN_POINT('',(3.52205815991077,-13.1445,3.40058730893893));
#772=CARTESIAN_POINT('',(6.57224999999991,-11.3834709200446,3.42704564227227));
#773=CARTESIAN_POINT('',(9.62244184008904,-9.62244184008917,3.4535039756056));
#774=CARTESIAN_POINT('',(11.3834709200445,-6.57225000000006,3.47996230893893));
#775=CARTESIAN_POINT('',(13.1445,-3.52205815991094,3.50642064227227));
#776=CARTESIAN_POINT('',(13.1445,-1.22372555634493E-13,3.5328789756056));
#777=CARTESIAN_POINT('',(13.1445,3.52205815991079,3.55933730893893));
#778=CARTESIAN_POINT('',(11.3834709200446,6.57224999999993,3.58579564227227));
#779=CARTESIAN_POINT('',(9.62244184008915,9.62244184008906,3.6122539756056));
#780=CARTESIAN_POINT('',(6.57225000000004,11.3834709200445,3.63871230893893));
#781=CARTESIAN_POINT('',(3.52205815991101,13.1445,3.66517064227227));
#782=CARTESIAN_POINT('',(9.98281016515657E-14,13.1445,3.6916289756056));
#783=CARTESIAN_POINT('',(-3.52205815991081,13.1445,3.71808730893893));
#784=CARTESIAN_POINT('',(-6.57224999999995,11.3834709200446,3.74454564227227));
#785=CARTESIAN_POINT('',(-9.62244184008907,9.62244184008914,3.7710039756056));
#786=CARTESIAN_POINT('',(-11.3834709200445,6.5722500000001,3.79746230893893));
#787=CARTESIAN_POINT('',(-13.1445,3.52205815991099,3.82392064227227));
#788=CARTESIAN_POINT('',(-13.1445,7.72836476686387E-14,3.8503789756056));
#789=CARTESIAN_POINT('',(-13.1445,-3.52205815991083,3.87683730893893));
#790=CARTESIAN_POINT('',(-11.3834709200446,-6.57224999999988,3.90329564227227));
#791=CARTESIAN_POINT('',(-9.62244184008919,-9.62244184008902,3.9297539756056));
#792=CARTESIAN_POINT('',(-6.57225000000008,-11.3834709200445,3.95621230893893));
#793=CARTESIAN_POINT('',(-3.52205815991097,-13.1445,3.98267064227227));
#794=CARTESIAN_POINT('',(-5.47391936857117E-14,-13.1445,4.0091289756056));
#795=CARTESIAN_POINT('',(3.52205815991076,-13.1445,4.03558730893893));
#796=CARTESIAN_POINT('',(6.5722499999999,-11.3834709200446,4.06204564227227));
#797=CARTESIAN_POINT('',(9.62244184008904,-9.62244184008917,4.0885039756056));
#798=CARTESIAN_POINT('',(11.3834709200445,-6.57225000000006,4.11496230893893));
#799=CARTESIAN_POINT('',(13.1445,-3.52205815991094,4.14142064227227));
#800=CARTESIAN_POINT('',(13.1445,-1.25592029604771E-13,4.1678789756056));
#801=CARTESIAN_POINT('',(13.1445,3.52205815991079,4.19433730893893));
#802=CARTESIAN_POINT('',(11.3834709200446,6.57224999999992,4.22079564227227));
#803=CARTESIAN_POINT('',(9.62244184008916,9.62244184008906,4.2472539756056));
#804=CARTESIAN_POINT('',(6.57225000000004,11.3834709200445,4.27371230893893));
#805=CARTESIAN_POINT('',(3.52205815991092,13.1445,4.30017064227227));
#806=CARTESIAN_POINT('',(1.03047575621844E-13,13.1445,4.3266289756056));
#807=CARTESIAN_POINT('',(-3.52205815991071,13.1445,4.35308730893893));
#808=CARTESIAN_POINT('',(-6.57224999999994,11.3834709200446,4.37954564227227));
#809=CARTESIAN_POINT('',(-9.62244184008901,9.62244184008921,4.4060039756056));
#810=CARTESIAN_POINT('',(-11.3834709200445,6.57225000000002,4.43246230893893));
#811=CARTESIAN_POINT('',(-13.1445,3.52205815991099,4.45892064227227));
#812=CARTESIAN_POINT('',(-13.1445,1.73900411540904E-13,4.4853789756056));
#813=CARTESIAN_POINT('',(-13.1445,-3.52205815991083,4.51183730893893));
#814=CARTESIAN_POINT('',(-11.3834709200446,-6.57224999999988,4.53829564227227));
#815=CARTESIAN_POINT('',(-9.62244184008912,-9.62244184008909,4.5647539756056));
#816=CARTESIAN_POINT('',(-6.57225000000008,-11.3834709200445,4.59121230893893));
#817=CARTESIAN_POINT('',(-3.52205815991106,-13.1445,4.61767064227227));
#818=CARTESIAN_POINT('',(-5.79586676559902E-14,-13.1445,4.6441289756056));
#819=CARTESIAN_POINT('',(3.52205815991076,-13.1445,4.67058730893893));
#820=CARTESIAN_POINT('',(6.57224999999998,-11.3834709200446,4.69704564227227));
#821=CARTESIAN_POINT('',(9.62244184008904,-9.62244184008917,4.7235039756056));
#822=CARTESIAN_POINT('',(11.3834709200445,-6.57225000000014,4.74996230893893));
#823=CARTESIAN_POINT('',(13.1445,-3.52205815991095,4.77642064227227));
#824=CARTESIAN_POINT('',(13.1445,-1.2881150357505E-13,4.8028789756056));
#825=CARTESIAN_POINT('',(13.1445,3.52205815991088,4.82933730893893));
#826=CARTESIAN_POINT('',(11.3834709200446,6.57224999999992,4.85579564227227));
#827=CARTESIAN_POINT('',(9.62244184008923,9.62244184008899,4.8822539756056));
#828=CARTESIAN_POINT('',(6.57225000000004,11.3834709200445,4.90871230893893));
#829=CARTESIAN_POINT('',(3.52205815991102,13.1445,4.93517064227227));
#830=CARTESIAN_POINT('',(1.28697596901363E-14,13.1445,4.9616289756056));
#831=CARTESIAN_POINT('',(-3.5220581599108,13.1445,4.98808730893894));
#832=CARTESIAN_POINT('',(-6.57224999999986,11.3834709200446,5.01454564227227));
#833=CARTESIAN_POINT('',(-9.62244184008907,9.62244184008914,5.0410039756056));
#834=CARTESIAN_POINT('',(-11.3834709200445,6.57225000000011,5.06746230893893));
#835=CARTESIAN_POINT('',(-13.1444999999999,3.52205815991109,5.09392064227227));
#836=CARTESIAN_POINT('',(-13.1445,8.37225956091957E-14,5.1203789756056));
#837=CARTESIAN_POINT('',(-13.1445,-3.52205815991073,5.14683730893893));
#838=CARTESIAN_POINT('',(-11.3834709200446,-6.57224999999996,5.17329564227227));
#839=CARTESIAN_POINT('',(-9.62244184008919,-9.62244184008902,5.1997539756056));
#840=CARTESIAN_POINT('',(-6.57225000000017,-11.3834709200445,5.22621230893893));
#841=CARTESIAN_POINT('',(-3.52205815991097,-13.1445,5.25267064227227));
#842=CARTESIAN_POINT('',(-1.54575431528255E-13,-13.1445,5.2791289756056));
#843=CARTESIAN_POINT('',(3.52205815991085,-13.1445,5.30558730893893));
#844=CARTESIAN_POINT('',(6.5722499999999,-11.3834709200446,5.33204564227227));
#845=CARTESIAN_POINT('',(9.62244184008897,-9.62244184008924,5.3585039756056));
#846=CARTESIAN_POINT('',(11.3834709200445,-6.57225000000007,5.38496230893893));
#847=CARTESIAN_POINT('',(13.1445,-3.52205815991104,5.41142064227227));
#848=CARTESIAN_POINT('',(13.1445,-3.86336876433417E-14,5.4378789756056));
#849=CARTESIAN_POINT('',(9.23756592903131,-9.35121681690676,2.8178789756056));
#850=CARTESIAN_POINT('',(0.,0.,2.8178789756056));
#851=CARTESIAN_POINT('',(0.,0.,2.8178789756056));
#852=CARTESIAN_POINT('',(0.,-10.15,2.8178789756056));
#853=CARTESIAN_POINT('',(-0.65,-10.15,2.8178789756056));
#854=CARTESIAN_POINT('',(1.24683249835833E-15,10.15,2.8178789756056));
#855=CARTESIAN_POINT('',(-0.649999999999999,10.15,2.8178789756056));
#856=CARTESIAN_POINT('',(0.,0.,2.8178789756056));
#857=CARTESIAN_POINT('',(4.96031144668729,11.8006984889514,2.8178789756056));
#858=CARTESIAN_POINT('',(-11.7999986279149,4.96197610398147,2.8178789756056));
#859=CARTESIAN_POINT('',(-11.799998627915,4.96197610398119,2.8178789756056));
#860=CARTESIAN_POINT('',(-12.6503393583772,3.01490034380846,2.8178789756056));
#861=CARTESIAN_POINT('',(-13.358208441891,-1.29924555604766,2.8178789756056));
#862=CARTESIAN_POINT('',(-11.2286742847146,-7.50557097891479,2.8178789756056));
#863=CARTESIAN_POINT('',(-6.41977550283058,-11.9720005563269,2.8178789756056));
#864=CARTESIAN_POINT('',(-2.21395748503619,-13.1019931182025,2.8178789756056));
#865=CARTESIAN_POINT('',(-0.0897727707656363,-13.1441934366331,2.8178789756056));
#866=CARTESIAN_POINT('',(9.23756592903137,-9.3512168169067,2.8178789756056));
#867=CARTESIAN_POINT('',(10.7306883720269,-7.83596578839289,2.8178789756056));
#868=CARTESIAN_POINT('',(12.9621957701208,-4.07547369764958,2.8178789756056));
#869=CARTESIAN_POINT('',(13.2759189112975,2.4867511919637,2.8178789756056));
#870=CARTESIAN_POINT('',(10.454143094489,8.41676777844748,2.8178789756056));
#871=CARTESIAN_POINT('',(6.93265127733391,11.0032670280075,2.8178789756056));
#872=CARTESIAN_POINT('',(4.96031144668729,11.8006984889514,2.8178789756056));
#873=CARTESIAN_POINT('',(0.,0.,2.8178789756056));
#874=CARTESIAN_POINT('',(4.,0.,2.8178789756056));
#875=CARTESIAN_POINT('',(0.,0.,-2.1821210243944));
#876=CARTESIAN_POINT('',(0.,-10.15,-2.1821210243944));
#877=CARTESIAN_POINT('',(0.65,-10.15,-2.1821210243944));
#878=CARTESIAN_POINT('',(1.24683249835833E-15,10.15,-2.1821210243944));
#879=CARTESIAN_POINT('',(0.650000000000001,10.15,-2.1821210243944));
#880=CARTESIAN_POINT('',(-11.8334803113885,-4.88158972008664,-2.1821210243944));
#881=CARTESIAN_POINT('',(-11.0492081585075,-6.8592616676037,-2.1821210243944));
#882=CARTESIAN_POINT('',(-8.4801884851308,-10.4046129887513,-2.1821210243944));
#883=CARTESIAN_POINT('',(-2.56373125471445,-13.2624689046956,-2.1821210243944));
#884=CARTESIAN_POINT('',(4.00481236932857,-12.9825806157058,-2.1821210243944));
#885=CARTESIAN_POINT('',(7.76487536161263,-10.7822576802702,-2.1821210243944));
#886=CARTESIAN_POINT('',(9.29001736951049,-9.29911057704947,-2.1821210243944));
#887=CARTESIAN_POINT('',(-11.8334803113885,-4.8815897200867,-2.1821210243944));
#888=CARTESIAN_POINT('',(0.,0.,-2.1821210243944));
#889=CARTESIAN_POINT('',(-4.88325751717347,11.8327921682181,-2.1821210243944));
#890=CARTESIAN_POINT('',(13.1445,0.,-2.1821210243944));
#891=CARTESIAN_POINT('',(13.1168554637173,2.1246271242193,-2.1821210243944));
#892=CARTESIAN_POINT('',(12.0102452369718,6.34991050881867,-2.1821210243944));
#893=CARTESIAN_POINT('',(7.57483478023671,11.1821540777582,-2.1821210243944));
#894=CARTESIAN_POINT('',(1.37576675574981,13.3493934344701,-2.1821210243944));
#895=CARTESIAN_POINT('',(-2.93036676744286,12.6702543090952,-2.1821210243944));
#896=CARTESIAN_POINT('',(-4.88325751717325,11.8327921682182,-2.1821210243944));
#897=CARTESIAN_POINT('',(-13.1008485629032,-1.07034909346301,-2.41206749834622));
#898=CARTESIAN_POINT('',(-12.8603291295681,-4.01425654553008,-2.38946819959978));
#899=CARTESIAN_POINT('',(-11.3834709200446,-6.57225,-2.36727935147773));
#900=CARTESIAN_POINT('',(-9.62244184008911,-9.6224418400891,-2.3408210181444));
#901=CARTESIAN_POINT('',(-6.57225,-11.3834709200445,-2.31436268481107));
#902=CARTESIAN_POINT('',(-3.5220581599109,-13.1445,-2.28790435147773));
#903=CARTESIAN_POINT('',(-2.41460547770886E-15,-13.1445,-2.2614460181444));
#904=CARTESIAN_POINT('',(3.52205815991088,-13.1445,-2.23498768481107));
#905=CARTESIAN_POINT('',(6.57224999999999,-11.3834709200446,-2.20852935147773));
#906=CARTESIAN_POINT('',(9.6224418400891,-9.62244184008911,-2.1820710181444));
#907=CARTESIAN_POINT('',(11.3834709200445,-6.57225,-2.15561268481107));
#908=CARTESIAN_POINT('',(13.1445,-3.5220581599109,-2.12915435147773));
#909=CARTESIAN_POINT('',(13.1445,0.,-2.1026960181444));
#910=CARTESIAN_POINT('',(13.1445,3.52205815991089,-2.07623768481107));
#911=CARTESIAN_POINT('',(11.3834709200446,6.57225,-2.04977935147773));
#912=CARTESIAN_POINT('',(9.62244184008911,9.62244184008911,-2.0233210181444));
#913=CARTESIAN_POINT('',(6.57225,11.3834709200446,-1.99686268481107));
#914=CARTESIAN_POINT('',(3.52205815991089,13.1445,-1.97040435147773));
#915=CARTESIAN_POINT('',(8.04868492569619E-16,13.1445,-1.9439460181444));
#916=CARTESIAN_POINT('',(-3.52205815991089,13.1445,-1.91748768481107));
#917=CARTESIAN_POINT('',(-6.57225,11.3834709200446,-1.89102935147773));
#918=CARTESIAN_POINT('',(-9.6224418400891,9.62244184008911,-1.8645710181444));
#919=CARTESIAN_POINT('',(-11.3834709200445,6.57225,-1.83811268481107));
#920=CARTESIAN_POINT('',(-13.1445,3.5220581599109,-1.81165435147773));
#921=CARTESIAN_POINT('',(-13.1445,1.60973698513924E-15,-1.7851960181444));
#922=CARTESIAN_POINT('',(-13.1445,-3.52205815991089,-1.75873768481107));
#923=CARTESIAN_POINT('',(-11.3834709200446,-6.57225,-1.73227935147773));
#924=CARTESIAN_POINT('',(-9.62244184008911,-9.6224418400891,-1.7058210181444));
#925=CARTESIAN_POINT('',(-6.57225,-11.3834709200445,-1.67936268481107));
#926=CARTESIAN_POINT('',(-3.5220581599109,-13.1445,-1.65290435147773));
#927=CARTESIAN_POINT('',(-2.41460547770886E-15,-13.1445,-1.6264460181444));
#928=CARTESIAN_POINT('',(3.52205815991088,-13.1445,-1.59998768481107));
#929=CARTESIAN_POINT('',(6.57224999999999,-11.3834709200446,-1.57352935147773));
#930=CARTESIAN_POINT('',(9.6224418400891,-9.62244184008911,-1.5470710181444));
#931=CARTESIAN_POINT('',(11.3834709200445,-6.57225,-1.52061268481107));
#932=CARTESIAN_POINT('',(13.1445,-3.5220581599109,-1.49415435147773));
#933=CARTESIAN_POINT('',(13.1445,0.,-1.4676960181444));
#934=CARTESIAN_POINT('',(13.1445,3.52205815991089,-1.44123768481107));
#935=CARTESIAN_POINT('',(11.3834709200446,6.57225,-1.41477935147773));
#936=CARTESIAN_POINT('',(9.62244184008911,9.62244184008911,-1.3883210181444));
#937=CARTESIAN_POINT('',(6.57225,11.3834709200446,-1.36186268481107));
#938=CARTESIAN_POINT('',(3.52205815991089,13.1445,-1.33540435147773));
#939=CARTESIAN_POINT('',(8.04868492569619E-16,13.1445,-1.3089460181444));
#940=CARTESIAN_POINT('',(-3.52205815991089,13.1445,-1.28248768481107));
#941=CARTESIAN_POINT('',(-6.57225,11.3834709200446,-1.25602935147773));
#942=CARTESIAN_POINT('',(-9.6224418400891,9.62244184008911,-1.2295710181444));
#943=CARTESIAN_POINT('',(-11.3834709200445,6.57225,-1.20311268481107));
#944=CARTESIAN_POINT('',(-13.1445,3.5220581599109,-1.17665435147773));
#945=CARTESIAN_POINT('',(-13.1445,1.60973698513924E-15,-1.1501960181444));
#946=CARTESIAN_POINT('',(-13.1445,-3.52205815991089,-1.12373768481107));
#947=CARTESIAN_POINT('',(-11.3834709200446,-6.57225,-1.09727935147773));
#948=CARTESIAN_POINT('',(-9.62244184008911,-9.6224418400891,-1.0708210181444));
#949=CARTESIAN_POINT('',(-6.57225,-11.3834709200445,-1.04436268481107));
#950=CARTESIAN_POINT('',(-3.5220581599109,-13.1445,-1.01790435147773));
#951=CARTESIAN_POINT('',(-2.41460547770886E-15,-13.1445,-0.9914460181444));
#952=CARTESIAN_POINT('',(3.52205815991088,-13.1445,-0.964987684811067));
#953=CARTESIAN_POINT('',(6.57224999999999,-11.3834709200446,-0.938529351477734));
#954=CARTESIAN_POINT('',(9.6224418400891,-9.62244184008911,-0.912071018144401));
#955=CARTESIAN_POINT('',(11.3834709200445,-6.57225,-0.885612684811067));
#956=CARTESIAN_POINT('',(13.1445,-3.5220581599109,-0.859154351477734));
#957=CARTESIAN_POINT('',(13.1445,0.,-0.8326960181444));
#958=CARTESIAN_POINT('',(13.1445,3.52205815991089,-0.806237684811067));
#959=CARTESIAN_POINT('',(11.3834709200446,6.57225,-0.779779351477734));
#960=CARTESIAN_POINT('',(9.62244184008911,9.62244184008911,-0.7533210181444));
#961=CARTESIAN_POINT('',(6.57225,11.3834709200446,-0.726862684811067));
#962=CARTESIAN_POINT('',(3.52205815991089,13.1445,-0.700404351477734));
#963=CARTESIAN_POINT('',(8.04868492569619E-16,13.1445,-0.6739460181444));
#964=CARTESIAN_POINT('',(-3.52205815991089,13.1445,-0.647487684811067));
#965=CARTESIAN_POINT('',(-6.57225,11.3834709200446,-0.621029351477734));
#966=CARTESIAN_POINT('',(-9.6224418400891,9.62244184008911,-0.5945710181444));
#967=CARTESIAN_POINT('',(-11.3834709200445,6.57225,-0.568112684811067));
#968=CARTESIAN_POINT('',(-13.1445,3.5220581599109,-0.541654351477734));
#969=CARTESIAN_POINT('',(-13.1445,1.60973698513924E-15,-0.5151960181444));
#970=CARTESIAN_POINT('',(-13.1445,-3.52205815991089,-0.488737684811067));
#971=CARTESIAN_POINT('',(-11.3834709200446,-6.57225,-0.462279351477734));
#972=CARTESIAN_POINT('',(-9.62244184008911,-9.6224418400891,-0.4358210181444));
#973=CARTESIAN_POINT('',(-6.57225,-11.3834709200445,-0.409362684811067));
#974=CARTESIAN_POINT('',(-3.5220581599109,-13.1445,-0.382904351477733));
#975=CARTESIAN_POINT('',(-2.41460547770886E-15,-13.1445,-0.3564460181444));
#976=CARTESIAN_POINT('',(3.52205815991088,-13.1445,-0.329987684811067));
#977=CARTESIAN_POINT('',(6.57224999999999,-11.3834709200446,-0.303529351477734));
#978=CARTESIAN_POINT('',(9.6224418400891,-9.62244184008911,-0.2770710181444));
#979=CARTESIAN_POINT('',(11.3834709200445,-6.57225,-0.250612684811067));
#980=CARTESIAN_POINT('',(13.1445,-3.5220581599109,-0.224154351477733));
#981=CARTESIAN_POINT('',(13.1445,0.,-0.1976960181444));
#982=CARTESIAN_POINT('',(13.1445,3.52205815991089,-0.171237684811067));
#983=CARTESIAN_POINT('',(11.3834709200446,6.57225,-0.144779351477733));
#984=CARTESIAN_POINT('',(9.62244184008911,9.62244184008911,-0.1183210181444));
#985=CARTESIAN_POINT('',(6.57225,11.3834709200446,-0.0918626848110666));
#986=CARTESIAN_POINT('',(3.52205815991089,13.1445,-0.0654043514777334));
#987=CARTESIAN_POINT('',(8.04868492569619E-16,13.1445,-0.0389460181444003));
#988=CARTESIAN_POINT('',(-3.52205815991089,13.1445,-0.0124876848110666));
#989=CARTESIAN_POINT('',(-6.57225,11.3834709200446,0.0139706485222666));
#990=CARTESIAN_POINT('',(-9.6224418400891,9.62244184008911,0.0404289818555998));
#991=CARTESIAN_POINT('',(-11.3834709200445,6.57225,0.0668873151889334));
#992=CARTESIAN_POINT('',(-13.1445,3.5220581599109,0.0933456485222666));
#993=CARTESIAN_POINT('',(-13.1445,1.60973698513924E-15,0.1198039818556));
#994=CARTESIAN_POINT('',(-13.1445,-3.52205815991089,0.146262315188933));
#995=CARTESIAN_POINT('',(-11.3834709200446,-6.57225,0.172720648522267));
#996=CARTESIAN_POINT('',(-9.62244184008911,-9.6224418400891,0.1991789818556));
#997=CARTESIAN_POINT('',(-6.57225,-11.3834709200445,0.225637315188933));
#998=CARTESIAN_POINT('',(-3.5220581599109,-13.1445,0.252095648522267));
#999=CARTESIAN_POINT('',(-2.41460547770886E-15,-13.1445,0.2785539818556));
#1000=CARTESIAN_POINT('',(3.52205815991088,-13.1445,0.305012315188933));
#1001=CARTESIAN_POINT('',(6.57224999999999,-11.3834709200446,0.331470648522267));
#1002=CARTESIAN_POINT('',(9.6224418400891,-9.62244184008911,0.3579289818556));
#1003=CARTESIAN_POINT('',(11.3834709200445,-6.57225,0.384387315188933));
#1004=CARTESIAN_POINT('',(13.1445,-3.5220581599109,0.410845648522267));
#1005=CARTESIAN_POINT('',(13.1445,0.,0.4373039818556));
#1006=CARTESIAN_POINT('',(13.1445,3.52205815991089,0.463762315188934));
#1007=CARTESIAN_POINT('',(11.3834709200446,6.57225,0.490220648522267));
#1008=CARTESIAN_POINT('',(9.62244184008911,9.62244184008911,0.5166789818556));
#1009=CARTESIAN_POINT('',(6.57225,11.3834709200446,0.543137315188933));
#1010=CARTESIAN_POINT('',(3.52205815991089,13.1445,0.569595648522267));
#1011=CARTESIAN_POINT('',(8.04868492569619E-16,13.1445,0.5960539818556));
#1012=CARTESIAN_POINT('',(-3.52205815991089,13.1445,0.622512315188934));
#1013=CARTESIAN_POINT('',(-6.57225,11.3834709200446,0.648970648522267));
#1014=CARTESIAN_POINT('',(-9.6224418400891,9.62244184008911,0.6754289818556));
#1015=CARTESIAN_POINT('',(-11.3834709200445,6.57225,0.701887315188934));
#1016=CARTESIAN_POINT('',(-13.1445,3.5220581599109,0.728345648522267));
#1017=CARTESIAN_POINT('',(-13.1445,1.60973698513924E-15,0.7548039818556));
#1018=CARTESIAN_POINT('',(-13.1445,-3.52205815991089,0.781262315188934));
#1019=CARTESIAN_POINT('',(-11.3834709200446,-6.57225,0.807720648522267));
#1020=CARTESIAN_POINT('',(-9.62244184008911,-9.6224418400891,0.8341789818556));
#1021=CARTESIAN_POINT('',(-6.57225,-11.3834709200445,0.860637315188934));
#1022=CARTESIAN_POINT('',(-3.5220581599109,-13.1445,0.887095648522267));
#1023=CARTESIAN_POINT('',(-2.41460547770886E-15,-13.1445,0.9135539818556));
#1024=CARTESIAN_POINT('',(3.52205815991088,-13.1445,0.940012315188934));
#1025=CARTESIAN_POINT('',(6.57224999999999,-11.3834709200446,0.966470648522267));
#1026=CARTESIAN_POINT('',(9.6224418400891,-9.62244184008911,0.9929289818556));
#1027=CARTESIAN_POINT('',(11.3834709200445,-6.57225,1.01938731518893));
#1028=CARTESIAN_POINT('',(13.1445,-3.5220581599109,1.04584564852227));
#1029=CARTESIAN_POINT('',(13.1445,0.,1.0723039818556));
#1030=CARTESIAN_POINT('',(13.1445,3.52205815991089,1.09876231518893));
#1031=CARTESIAN_POINT('',(11.3834709200446,6.57225,1.12522064852227));
#1032=CARTESIAN_POINT('',(9.62244184008911,9.62244184008911,1.1516789818556));
#1033=CARTESIAN_POINT('',(6.57225,11.3834709200446,1.17813731518893));
#1034=CARTESIAN_POINT('',(3.52205815991089,13.1445,1.20459564852227));
#1035=CARTESIAN_POINT('',(8.04868492569619E-16,13.1445,1.2310539818556));
#1036=CARTESIAN_POINT('',(-3.52205815991089,13.1445,1.25751231518893));
#1037=CARTESIAN_POINT('',(-6.57225,11.3834709200446,1.28397064852227));
#1038=CARTESIAN_POINT('',(-9.6224418400891,9.62244184008911,1.3104289818556));
#1039=CARTESIAN_POINT('',(-11.3834709200445,6.57225,1.33688731518893));
#1040=CARTESIAN_POINT('',(-13.1445,3.5220581599109,1.36334564852227));
#1041=CARTESIAN_POINT('',(-13.1445,1.60973698513924E-15,1.3898039818556));
#1042=CARTESIAN_POINT('',(-13.1445,-3.52205815991089,1.41626231518893));
#1043=CARTESIAN_POINT('',(-11.3834709200446,-6.57225,1.44272064852227));
#1044=CARTESIAN_POINT('',(-9.62244184008911,-9.6224418400891,1.4691789818556));
#1045=CARTESIAN_POINT('',(-6.57225,-11.3834709200445,1.49563731518893));
#1046=CARTESIAN_POINT('',(-3.5220581599109,-13.1445,1.52209564852227));
#1047=CARTESIAN_POINT('',(-2.41460547770886E-15,-13.1445,1.5485539818556));
#1048=CARTESIAN_POINT('',(3.52205815991088,-13.1445,1.57501231518893));
#1049=CARTESIAN_POINT('',(6.57224999999999,-11.3834709200446,1.60147064852227));
#1050=CARTESIAN_POINT('',(9.6224418400891,-9.62244184008911,1.6279289818556));
#1051=CARTESIAN_POINT('',(11.3834709200445,-6.57225,1.65438731518893));
#1052=CARTESIAN_POINT('',(13.1445,-3.5220581599109,1.68084564852227));
#1053=CARTESIAN_POINT('',(13.1445,0.,1.7073039818556));
#1054=CARTESIAN_POINT('',(13.1445,3.52205815991089,1.73376231518893));
#1055=CARTESIAN_POINT('',(11.3834709200446,6.57225,1.76022064852227));
#1056=CARTESIAN_POINT('',(9.62244184008911,9.62244184008911,1.7866789818556));
#1057=CARTESIAN_POINT('',(6.57225,11.3834709200446,1.81313731518893));
#1058=CARTESIAN_POINT('',(3.52205815991089,13.1445,1.83959564852227));
#1059=CARTESIAN_POINT('',(8.04868492569619E-16,13.1445,1.8660539818556));
#1060=CARTESIAN_POINT('',(-3.52205815991089,13.1445,1.89251231518893));
#1061=CARTESIAN_POINT('',(-6.57225,11.3834709200446,1.91897064852227));
#1062=CARTESIAN_POINT('',(-9.6224418400891,9.62244184008911,1.9454289818556));
#1063=CARTESIAN_POINT('',(-11.3834709200445,6.57225,1.97188731518893));
#1064=CARTESIAN_POINT('',(-13.1445,3.5220581599109,1.99834564852227));
#1065=CARTESIAN_POINT('',(-13.1445,1.60973698513924E-15,2.0248039818556));
#1066=CARTESIAN_POINT('',(-13.1445,-3.52205815991089,2.05126231518893));
#1067=CARTESIAN_POINT('',(-11.3834709200446,-6.57225,2.07772064852227));
#1068=CARTESIAN_POINT('',(-9.62244184008911,-9.6224418400891,2.1041789818556));
#1069=CARTESIAN_POINT('',(-6.57225,-11.3834709200445,2.13063731518893));
#1070=CARTESIAN_POINT('',(-3.5220581599109,-13.1445,2.15709564852227));
#1071=CARTESIAN_POINT('',(-2.41460547770886E-15,-13.1445,2.1835539818556));
#1072=CARTESIAN_POINT('',(3.52205815991088,-13.1445,2.21001231518893));
#1073=CARTESIAN_POINT('',(6.57224999999999,-11.3834709200446,2.23647064852227));
#1074=CARTESIAN_POINT('',(9.6224418400891,-9.62244184008911,2.2629289818556));
#1075=CARTESIAN_POINT('',(11.3834709200445,-6.57225,2.28938731518893));
#1076=CARTESIAN_POINT('',(13.1445,-3.5220581599109,2.31584564852227));
#1077=CARTESIAN_POINT('',(13.1445,0.,2.3423039818556));
#1078=CARTESIAN_POINT('',(13.1445,3.52205815991089,2.36876231518893));
#1079=CARTESIAN_POINT('',(11.3834709200446,6.57225,2.39522064852227));
#1080=CARTESIAN_POINT('',(9.62244184008911,9.62244184008911,2.4216789818556));
#1081=CARTESIAN_POINT('',(6.57225,11.3834709200446,2.44813731518893));
#1082=CARTESIAN_POINT('',(3.52205815991089,13.1445,2.47459564852227));
#1083=CARTESIAN_POINT('',(8.04868492569619E-16,13.1445,2.5010539818556));
#1084=CARTESIAN_POINT('',(-3.52205815991089,13.1445,2.52751231518893));
#1085=CARTESIAN_POINT('',(-6.57225,11.3834709200446,2.55397064852227));
#1086=CARTESIAN_POINT('',(-9.6224418400891,9.62244184008911,2.5804289818556));
#1087=CARTESIAN_POINT('',(-11.3834709200445,6.57225,2.60688731518893));
#1088=CARTESIAN_POINT('',(-13.1445,3.5220581599109,2.63334564852227));
#1089=CARTESIAN_POINT('',(-13.1445,1.60973698513924E-15,2.6598039818556));
#1090=CARTESIAN_POINT('',(-13.1445,-3.52205815991089,2.68626231518893));
#1091=CARTESIAN_POINT('',(-11.3834709200446,-6.57225,2.71272064852227));
#1092=CARTESIAN_POINT('',(-9.62244184008911,-9.6224418400891,2.7391789818556));
#1093=CARTESIAN_POINT('',(-6.57225,-11.3834709200445,2.76563731518893));
#1094=CARTESIAN_POINT('',(-3.5220581599109,-13.1445,2.79209564852227));
#1095=CARTESIAN_POINT('',(-2.41460547770886E-15,-13.1445,2.8185539818556));
#1096=CARTESIAN_POINT('',(1.99971409653507,-13.1445,2.83357619322613));
#1097=CARTESIAN_POINT('',(3.90895735626989,-12.549818032022,2.84911579632057));
#1098=CARTESIAN_POINT('',(-12.7583169639745,-1.04236400649438,-2.21364785772122));
#1099=CARTESIAN_POINT('',(-12.5240860932221,-3.90930077060846,-2.19104855897478));
#1100=CARTESIAN_POINT('',(-11.0858414591071,-6.40041355060897,-2.16885971085273));
#1101=CARTESIAN_POINT('',(-9.37085581699617,-9.37085581699616,-2.1424013775194));
#1102=CARTESIAN_POINT('',(-6.40041355060898,-11.085841459107,-2.11594304418607));
#1103=CARTESIAN_POINT('',(-3.42997128422179,-12.8008271012179,-2.08948471085273));
#1104=CARTESIAN_POINT('',(-2.35147379039179E-15,-12.8008271012179,-2.0630263775194));
#1105=CARTESIAN_POINT('',(3.42997128422177,-12.8008271012179,-2.03656804418607));
#1106=CARTESIAN_POINT('',(6.40041355060896,-11.0858414591071,-2.01010971085273));
#1107=CARTESIAN_POINT('',(9.37085581699616,-9.37085581699617,-1.9836513775194));
#1108=CARTESIAN_POINT('',(11.085841459107,-6.40041355060898,-1.95719304418607));
#1109=CARTESIAN_POINT('',(12.8008271012179,-3.42997128422179,-1.93073471085273));
#1110=CARTESIAN_POINT('',(12.8008271012179,0.,-1.9042763775194));
#1111=CARTESIAN_POINT('',(12.8008271012179,3.42997128422178,-1.87781804418607));
#1112=CARTESIAN_POINT('',(11.0858414591071,6.40041355060897,-1.85135971085273));
#1113=CARTESIAN_POINT('',(9.37085581699616,9.37085581699616,-1.8249013775194));
#1114=CARTESIAN_POINT('',(6.40041355060897,11.0858414591071,-1.79844304418607));
#1115=CARTESIAN_POINT('',(3.42997128422178,12.8008271012179,-1.77198471085273));
#1116=CARTESIAN_POINT('',(7.83824596797262E-16,12.8008271012179,-1.7455263775194));
#1117=CARTESIAN_POINT('',(-3.42997128422178,12.8008271012179,-1.71906804418607));
#1118=CARTESIAN_POINT('',(-6.40041355060897,11.0858414591071,-1.69260971085273));
#1119=CARTESIAN_POINT('',(-9.37085581699616,9.37085581699616,-1.6661513775194));
#1120=CARTESIAN_POINT('',(-11.085841459107,6.40041355060897,-1.63969304418607));
#1121=CARTESIAN_POINT('',(-12.8008271012179,3.42997128422178,-1.61323471085273));
#1122=CARTESIAN_POINT('',(-12.8008271012179,1.56764919359452E-15,-1.5867763775194));
#1123=CARTESIAN_POINT('',(-12.8008271012179,-3.42997128422177,-1.56031804418607));
#1124=CARTESIAN_POINT('',(-11.0858414591071,-6.40041355060897,-1.53385971085273));
#1125=CARTESIAN_POINT('',(-9.37085581699617,-9.37085581699616,-1.5074013775194));
#1126=CARTESIAN_POINT('',(-6.40041355060898,-11.085841459107,-1.48094304418607));
#1127=CARTESIAN_POINT('',(-3.42997128422179,-12.8008271012179,-1.45448471085273));
#1128=CARTESIAN_POINT('',(-2.35147379039179E-15,-12.8008271012179,-1.4280263775194));
#1129=CARTESIAN_POINT('',(3.42997128422177,-12.8008271012179,-1.40156804418607));
#1130=CARTESIAN_POINT('',(6.40041355060896,-11.0858414591071,-1.37510971085273));
#1131=CARTESIAN_POINT('',(9.37085581699616,-9.37085581699617,-1.3486513775194));
#1132=CARTESIAN_POINT('',(11.085841459107,-6.40041355060898,-1.32219304418607));
#1133=CARTESIAN_POINT('',(12.8008271012179,-3.42997128422179,-1.29573471085273));
#1134=CARTESIAN_POINT('',(12.8008271012179,0.,-1.2692763775194));
#1135=CARTESIAN_POINT('',(12.8008271012179,3.42997128422178,-1.24281804418607));
#1136=CARTESIAN_POINT('',(11.0858414591071,6.40041355060897,-1.21635971085273));
#1137=CARTESIAN_POINT('',(9.37085581699616,9.37085581699616,-1.1899013775194));
#1138=CARTESIAN_POINT('',(6.40041355060897,11.0858414591071,-1.16344304418607));
#1139=CARTESIAN_POINT('',(3.42997128422178,12.8008271012179,-1.13698471085273));
#1140=CARTESIAN_POINT('',(7.83824596797262E-16,12.8008271012179,-1.1105263775194));
#1141=CARTESIAN_POINT('',(-3.42997128422178,12.8008271012179,-1.08406804418607));
#1142=CARTESIAN_POINT('',(-6.40041355060897,11.0858414591071,-1.05760971085273));
#1143=CARTESIAN_POINT('',(-9.37085581699616,9.37085581699616,-1.0311513775194));
#1144=CARTESIAN_POINT('',(-11.085841459107,6.40041355060897,-1.00469304418607));
#1145=CARTESIAN_POINT('',(-12.8008271012179,3.42997128422178,-0.978234710852734));
#1146=CARTESIAN_POINT('',(-12.8008271012179,1.56764919359452E-15,-0.951776377519401));
#1147=CARTESIAN_POINT('',(-12.8008271012179,-3.42997128422177,-0.925318044186067));
#1148=CARTESIAN_POINT('',(-11.0858414591071,-6.40041355060897,-0.898859710852734));
#1149=CARTESIAN_POINT('',(-9.37085581699617,-9.37085581699616,-0.872401377519401));
#1150=CARTESIAN_POINT('',(-6.40041355060898,-11.085841459107,-0.845943044186067));
#1151=CARTESIAN_POINT('',(-3.42997128422179,-12.8008271012179,-0.819484710852734));
#1152=CARTESIAN_POINT('',(-2.35147379039179E-15,-12.8008271012179,-0.793026377519401));
#1153=CARTESIAN_POINT('',(3.42997128422177,-12.8008271012179,-0.766568044186067));
#1154=CARTESIAN_POINT('',(6.40041355060896,-11.0858414591071,-0.740109710852734));
#1155=CARTESIAN_POINT('',(9.37085581699616,-9.37085581699617,-0.713651377519401));
#1156=CARTESIAN_POINT('',(11.085841459107,-6.40041355060898,-0.687193044186067));
#1157=CARTESIAN_POINT('',(12.8008271012179,-3.42997128422179,-0.660734710852734));
#1158=CARTESIAN_POINT('',(12.8008271012179,0.,-0.634276377519401));
#1159=CARTESIAN_POINT('',(12.8008271012179,3.42997128422178,-0.607818044186067));
#1160=CARTESIAN_POINT('',(11.0858414591071,6.40041355060897,-0.581359710852734));
#1161=CARTESIAN_POINT('',(9.37085581699616,9.37085581699616,-0.554901377519401));
#1162=CARTESIAN_POINT('',(6.40041355060897,11.0858414591071,-0.528443044186067));
#1163=CARTESIAN_POINT('',(3.42997128422178,12.8008271012179,-0.501984710852734));
#1164=CARTESIAN_POINT('',(7.83824596797262E-16,12.8008271012179,-0.475526377519401));
#1165=CARTESIAN_POINT('',(-3.42997128422178,12.8008271012179,-0.449068044186067));
#1166=CARTESIAN_POINT('',(-6.40041355060897,11.0858414591071,-0.422609710852734));
#1167=CARTESIAN_POINT('',(-9.37085581699616,9.37085581699616,-0.396151377519401));
#1168=CARTESIAN_POINT('',(-11.085841459107,6.40041355060897,-0.369693044186067));
#1169=CARTESIAN_POINT('',(-12.8008271012179,3.42997128422178,-0.343234710852734));
#1170=CARTESIAN_POINT('',(-12.8008271012179,1.56764919359452E-15,-0.316776377519401));
#1171=CARTESIAN_POINT('',(-12.8008271012179,-3.42997128422177,-0.290318044186067));
#1172=CARTESIAN_POINT('',(-11.0858414591071,-6.40041355060897,-0.263859710852734));
#1173=CARTESIAN_POINT('',(-9.37085581699617,-9.37085581699616,-0.237401377519401));
#1174=CARTESIAN_POINT('',(-6.40041355060898,-11.085841459107,-0.210943044186067));
#1175=CARTESIAN_POINT('',(-3.42997128422179,-12.8008271012179,-0.184484710852734));
#1176=CARTESIAN_POINT('',(-2.35147379039179E-15,-12.8008271012179,-0.158026377519401));
#1177=CARTESIAN_POINT('',(3.42997128422177,-12.8008271012179,-0.131568044186067));
#1178=CARTESIAN_POINT('',(6.40041355060896,-11.0858414591071,-0.105109710852734));
#1179=CARTESIAN_POINT('',(9.37085581699616,-9.37085581699617,-0.0786513775194006));
#1180=CARTESIAN_POINT('',(11.085841459107,-6.40041355060898,-0.052193044186067));
#1181=CARTESIAN_POINT('',(12.8008271012179,-3.42997128422179,-0.0257347108527338));
#1182=CARTESIAN_POINT('',(12.8008271012179,0.,0.000723622480599401));
#1183=CARTESIAN_POINT('',(12.8008271012179,3.42997128422178,0.027181955813933));
#1184=CARTESIAN_POINT('',(11.0858414591071,6.40041355060897,0.0536402891472662));
#1185=CARTESIAN_POINT('',(9.37085581699616,9.37085581699616,0.0800986224805994));
#1186=CARTESIAN_POINT('',(6.40041355060897,11.0858414591071,0.106556955813933));
#1187=CARTESIAN_POINT('',(3.42997128422178,12.8008271012179,0.133015289147266));
#1188=CARTESIAN_POINT('',(7.83824596797262E-16,12.8008271012179,0.159473622480599));
#1189=CARTESIAN_POINT('',(-3.42997128422178,12.8008271012179,0.185931955813933));
#1190=CARTESIAN_POINT('',(-6.40041355060897,11.0858414591071,0.212390289147266));
#1191=CARTESIAN_POINT('',(-9.37085581699616,9.37085581699616,0.238848622480599));
#1192=CARTESIAN_POINT('',(-11.085841459107,6.40041355060897,0.265306955813933));
#1193=CARTESIAN_POINT('',(-12.8008271012179,3.42997128422178,0.291765289147266));
#1194=CARTESIAN_POINT('',(-12.8008271012179,1.56764919359452E-15,0.318223622480599));
#1195=CARTESIAN_POINT('',(-12.8008271012179,-3.42997128422177,0.344681955813933));
#1196=CARTESIAN_POINT('',(-11.0858414591071,-6.40041355060897,0.371140289147266));
#1197=CARTESIAN_POINT('',(-9.37085581699617,-9.37085581699616,0.3975986224806));
#1198=CARTESIAN_POINT('',(-6.40041355060898,-11.085841459107,0.424056955813933));
#1199=CARTESIAN_POINT('',(-3.42997128422179,-12.8008271012179,0.450515289147266));
#1200=CARTESIAN_POINT('',(-2.35147379039179E-15,-12.8008271012179,0.476973622480599));
#1201=CARTESIAN_POINT('',(3.42997128422177,-12.8008271012179,0.503431955813933));
#1202=CARTESIAN_POINT('',(6.40041355060896,-11.0858414591071,0.529890289147266));
#1203=CARTESIAN_POINT('',(9.37085581699616,-9.37085581699617,0.5563486224806));
#1204=CARTESIAN_POINT('',(11.085841459107,-6.40041355060898,0.582806955813933));
#1205=CARTESIAN_POINT('',(12.8008271012179,-3.42997128422179,0.609265289147266));
#1206=CARTESIAN_POINT('',(12.8008271012179,0.,0.6357236224806));
#1207=CARTESIAN_POINT('',(12.8008271012179,3.42997128422178,0.662181955813933));
#1208=CARTESIAN_POINT('',(11.0858414591071,6.40041355060897,0.688640289147266));
#1209=CARTESIAN_POINT('',(9.37085581699616,9.37085581699616,0.7150986224806));
#1210=CARTESIAN_POINT('',(6.40041355060897,11.0858414591071,0.741556955813933));
#1211=CARTESIAN_POINT('',(3.42997128422178,12.8008271012179,0.768015289147266));
#1212=CARTESIAN_POINT('',(7.83824596797262E-16,12.8008271012179,0.7944736224806));
#1213=CARTESIAN_POINT('',(-3.42997128422178,12.8008271012179,0.820931955813933));
#1214=CARTESIAN_POINT('',(-6.40041355060897,11.0858414591071,0.847390289147266));
#1215=CARTESIAN_POINT('',(-9.37085581699616,9.37085581699616,0.8738486224806));
#1216=CARTESIAN_POINT('',(-11.085841459107,6.40041355060897,0.900306955813933));
#1217=CARTESIAN_POINT('',(-12.8008271012179,3.42997128422178,0.926765289147266));
#1218=CARTESIAN_POINT('',(-12.8008271012179,1.56764919359452E-15,0.9532236224806));
#1219=CARTESIAN_POINT('',(-12.8008271012179,-3.42997128422177,0.979681955813933));
#1220=CARTESIAN_POINT('',(-11.0858414591071,-6.40041355060897,1.00614028914727));
#1221=CARTESIAN_POINT('',(-9.37085581699617,-9.37085581699616,1.0325986224806));
#1222=CARTESIAN_POINT('',(-6.40041355060898,-11.085841459107,1.05905695581393));
#1223=CARTESIAN_POINT('',(-3.42997128422179,-12.8008271012179,1.08551528914727));
#1224=CARTESIAN_POINT('',(-2.35147379039179E-15,-12.8008271012179,1.1119736224806));
#1225=CARTESIAN_POINT('',(3.42997128422177,-12.8008271012179,1.13843195581393));
#1226=CARTESIAN_POINT('',(6.40041355060896,-11.0858414591071,1.16489028914727));
#1227=CARTESIAN_POINT('',(9.37085581699616,-9.37085581699617,1.1913486224806));
#1228=CARTESIAN_POINT('',(11.085841459107,-6.40041355060898,1.21780695581393));
#1229=CARTESIAN_POINT('',(12.8008271012179,-3.42997128422179,1.24426528914727));
#1230=CARTESIAN_POINT('',(12.8008271012179,0.,1.2707236224806));
#1231=CARTESIAN_POINT('',(12.8008271012179,3.42997128422178,1.29718195581393));
#1232=CARTESIAN_POINT('',(11.0858414591071,6.40041355060897,1.32364028914727));
#1233=CARTESIAN_POINT('',(9.37085581699616,9.37085581699616,1.3500986224806));
#1234=CARTESIAN_POINT('',(6.40041355060897,11.0858414591071,1.37655695581393));
#1235=CARTESIAN_POINT('',(3.42997128422178,12.8008271012179,1.40301528914727));
#1236=CARTESIAN_POINT('',(7.83824596797262E-16,12.8008271012179,1.4294736224806));
#1237=CARTESIAN_POINT('',(-3.42997128422178,12.8008271012179,1.45593195581393));
#1238=CARTESIAN_POINT('',(-6.40041355060897,11.0858414591071,1.48239028914727));
#1239=CARTESIAN_POINT('',(-9.37085581699616,9.37085581699616,1.5088486224806));
#1240=CARTESIAN_POINT('',(-11.085841459107,6.40041355060897,1.53530695581393));
#1241=CARTESIAN_POINT('',(-12.8008271012179,3.42997128422178,1.56176528914727));
#1242=CARTESIAN_POINT('',(-12.8008271012179,1.56764919359452E-15,1.5882236224806));
#1243=CARTESIAN_POINT('',(-12.8008271012179,-3.42997128422177,1.61468195581393));
#1244=CARTESIAN_POINT('',(-11.0858414591071,-6.40041355060897,1.64114028914727));
#1245=CARTESIAN_POINT('',(-9.37085581699617,-9.37085581699616,1.6675986224806));
#1246=CARTESIAN_POINT('',(-6.40041355060898,-11.085841459107,1.69405695581393));
#1247=CARTESIAN_POINT('',(-3.42997128422179,-12.8008271012179,1.72051528914727));
#1248=CARTESIAN_POINT('',(-2.35147379039179E-15,-12.8008271012179,1.7469736224806));
#1249=CARTESIAN_POINT('',(3.42997128422177,-12.8008271012179,1.77343195581393));
#1250=CARTESIAN_POINT('',(6.40041355060896,-11.0858414591071,1.79989028914727));
#1251=CARTESIAN_POINT('',(9.37085581699616,-9.37085581699617,1.8263486224806));
#1252=CARTESIAN_POINT('',(11.085841459107,-6.40041355060898,1.85280695581393));
#1253=CARTESIAN_POINT('',(12.8008271012179,-3.42997128422179,1.87926528914727));
#1254=CARTESIAN_POINT('',(12.8008271012179,0.,1.9057236224806));
#1255=CARTESIAN_POINT('',(12.8008271012179,3.42997128422178,1.93218195581393));
#1256=CARTESIAN_POINT('',(11.0858414591071,6.40041355060897,1.95864028914727));
#1257=CARTESIAN_POINT('',(9.37085581699616,9.37085581699616,1.9850986224806));
#1258=CARTESIAN_POINT('',(6.40041355060897,11.0858414591071,2.01155695581393));
#1259=CARTESIAN_POINT('',(3.42997128422178,12.8008271012179,2.03801528914727));
#1260=CARTESIAN_POINT('',(7.83824596797262E-16,12.8008271012179,2.0644736224806));
#1261=CARTESIAN_POINT('',(-3.42997128422178,12.8008271012179,2.09093195581393));
#1262=CARTESIAN_POINT('',(-6.40041355060897,11.0858414591071,2.11739028914727));
#1263=CARTESIAN_POINT('',(-9.37085581699616,9.37085581699616,2.1438486224806));
#1264=CARTESIAN_POINT('',(-11.085841459107,6.40041355060897,2.17030695581393));
#1265=CARTESIAN_POINT('',(-12.8008271012179,3.42997128422178,2.19676528914727));
#1266=CARTESIAN_POINT('',(-12.8008271012179,1.56764919359452E-15,2.2232236224806));
#1267=CARTESIAN_POINT('',(-12.8008271012179,-3.42997128422177,2.24968195581393));
#1268=CARTESIAN_POINT('',(-11.0858414591071,-6.40041355060897,2.27614028914727));
#1269=CARTESIAN_POINT('',(-9.37085581699617,-9.37085581699616,2.3025986224806));
#1270=CARTESIAN_POINT('',(-6.40041355060898,-11.085841459107,2.32905695581393));
#1271=CARTESIAN_POINT('',(-3.42997128422179,-12.8008271012179,2.35551528914727));
#1272=CARTESIAN_POINT('',(-2.35147379039179E-15,-12.8008271012179,2.3819736224806));
#1273=CARTESIAN_POINT('',(3.42997128422177,-12.8008271012179,2.40843195581393));
#1274=CARTESIAN_POINT('',(6.40041355060896,-11.0858414591071,2.43489028914727));
#1275=CARTESIAN_POINT('',(9.37085581699616,-9.37085581699617,2.4613486224806));
#1276=CARTESIAN_POINT('',(11.085841459107,-6.40041355060898,2.48780695581393));
#1277=CARTESIAN_POINT('',(12.8008271012179,-3.42997128422179,2.51426528914727));
#1278=CARTESIAN_POINT('',(12.8008271012179,0.,2.5407236224806));
#1279=CARTESIAN_POINT('',(12.8008271012179,3.42997128422178,2.56718195581393));
#1280=CARTESIAN_POINT('',(11.0858414591071,6.40041355060897,2.59364028914727));
#1281=CARTESIAN_POINT('',(9.37085581699616,9.37085581699616,2.6200986224806));
#1282=CARTESIAN_POINT('',(6.40041355060897,11.0858414591071,2.64655695581393));
#1283=CARTESIAN_POINT('',(3.42997128422178,12.8008271012179,2.67301528914727));
#1284=CARTESIAN_POINT('',(7.83824596797262E-16,12.8008271012179,2.6994736224806));
#1285=CARTESIAN_POINT('',(-3.42997128422178,12.8008271012179,2.72593195581393));
#1286=CARTESIAN_POINT('',(-6.40041355060897,11.0858414591071,2.75239028914727));
#1287=CARTESIAN_POINT('',(-9.37085581699616,9.37085581699616,2.7788486224806));
#1288=CARTESIAN_POINT('',(-11.085841459107,6.40041355060897,2.80530695581393));
#1289=CARTESIAN_POINT('',(-12.8008271012179,3.42997128422178,2.83176528914727));
#1290=CARTESIAN_POINT('',(-12.8008271012179,1.56764919359452E-15,2.8582236224806));
#1291=CARTESIAN_POINT('',(-12.8008271012179,-3.42997128422177,2.88468195581393));
#1292=CARTESIAN_POINT('',(-11.0858414591071,-6.40041355060897,2.91114028914727));
#1293=CARTESIAN_POINT('',(-9.37085581699617,-9.37085581699616,2.9375986224806));
#1294=CARTESIAN_POINT('',(-6.40041355060898,-11.085841459107,2.96405695581393));
#1295=CARTESIAN_POINT('',(-3.42997128422179,-12.8008271012179,2.99051528914727));
#1296=CARTESIAN_POINT('',(-2.35147379039179E-15,-12.8008271012179,3.0169736224806));
#1297=CARTESIAN_POINT('',(1.94743005832201,-12.8008271012179,3.03199583385113));
#1298=CARTESIAN_POINT('',(3.80675470833009,-12.2216935432812,3.04753543694557));
#1299=CARTESIAN_POINT('',(12.8008271012179,0.,-2.5392763775194));
#1300=CARTESIAN_POINT('',(12.8008271012179,3.42997128422178,-2.51281804418607));
#1301=CARTESIAN_POINT('',(11.0858414591071,6.40041355060897,-2.48635971085273));
#1302=CARTESIAN_POINT('',(9.37085581699616,9.37085581699616,-2.4599013775194));
#1303=CARTESIAN_POINT('',(6.40041355060897,11.0858414591071,-2.43344304418607));
#1304=CARTESIAN_POINT('',(3.42997128422178,12.8008271012179,-2.40698471085273));
#1305=CARTESIAN_POINT('',(7.83824596797262E-16,12.8008271012179,-2.3805263775194));
#1306=CARTESIAN_POINT('',(-3.42997128422178,12.8008271012179,-2.35406804418607));
#1307=CARTESIAN_POINT('',(-6.40041355060897,11.0858414591071,-2.32760971085273));
#1308=CARTESIAN_POINT('',(-9.37085581699616,9.37085581699616,-2.3011513775194));
#1309=CARTESIAN_POINT('',(-11.085841459107,6.40041355060897,-2.27469304418607));
#1310=CARTESIAN_POINT('',(-12.8008271012179,3.42997128422178,-2.24823471085273));
#1311=CARTESIAN_POINT('',(-12.8008271012179,1.56764919359452E-15,-2.2217763775194));
#1312=CARTESIAN_POINT('',(-12.8008271012179,-3.42997128422177,-2.19531804418607));
#1313=CARTESIAN_POINT('',(-11.0858414591071,-6.40041355060897,-2.16885971085273));
#1314=CARTESIAN_POINT('',(-9.37085581699617,-9.37085581699616,-2.1424013775194));
#1315=CARTESIAN_POINT('',(-6.40041355060898,-11.085841459107,-2.11594304418607));
#1316=CARTESIAN_POINT('',(-3.42997128422179,-12.8008271012179,-2.08948471085273));
#1317=CARTESIAN_POINT('',(-2.35147379039179E-15,-12.8008271012179,-2.0630263775194));
#1318=CARTESIAN_POINT('',(3.42997128422177,-12.8008271012179,-2.03656804418607));
#1319=CARTESIAN_POINT('',(6.40041355060896,-11.0858414591071,-2.01010971085273));
#1320=CARTESIAN_POINT('',(9.37085581699616,-9.37085581699617,-1.9836513775194));
#1321=CARTESIAN_POINT('',(11.085841459107,-6.40041355060898,-1.95719304418607));
#1322=CARTESIAN_POINT('',(12.8008271012179,-3.42997128422179,-1.93073471085273));
#1323=CARTESIAN_POINT('',(12.8008271012179,-3.13529838718905E-15,-1.9042763775194));
#1324=CARTESIAN_POINT('',(12.8008271012179,3.42997128422177,-1.87781804418607));
#1325=CARTESIAN_POINT('',(11.0858414591071,6.40041355060896,-1.85135971085273));
#1326=CARTESIAN_POINT('',(9.37085581699617,9.37085581699615,-1.8249013775194));
#1327=CARTESIAN_POINT('',(6.40041355060898,11.085841459107,-1.79844304418607));
#1328=CARTESIAN_POINT('',(3.42997128422179,12.8008271012179,-1.77198471085273));
#1329=CARTESIAN_POINT('',(1.52885413696006E-14,12.8008271012179,-1.7455263775194));
#1330=CARTESIAN_POINT('',(-3.42997128422177,12.8008271012179,-1.71906804418607));
#1331=CARTESIAN_POINT('',(-6.40041355060896,11.0858414591071,-1.69260971085273));
#1332=CARTESIAN_POINT('',(-9.37085581699615,9.37085581699617,-1.6661513775194));
#1333=CARTESIAN_POINT('',(-11.085841459107,6.40041355060899,-1.63969304418607));
#1334=CARTESIAN_POINT('',(-12.8008271012179,3.4299712842218,-1.61323471085273));
#1335=CARTESIAN_POINT('',(-12.8008271012179,4.70294758078357E-15,-1.5867763775194));
#1336=CARTESIAN_POINT('',(-12.8008271012179,-3.42997128422177,-1.56031804418607));
#1337=CARTESIAN_POINT('',(-11.0858414591071,-6.40041355060896,-1.53385971085273));
#1338=CARTESIAN_POINT('',(-9.37085581699618,-9.37085581699615,-1.5074013775194));
#1339=CARTESIAN_POINT('',(-6.40041355060899,-11.085841459107,-1.48094304418607));
#1340=CARTESIAN_POINT('',(-3.4299712842218,-12.8008271012179,-1.45448471085273));
#1341=CARTESIAN_POINT('',(-5.48677217758084E-15,-12.8008271012179,-1.4280263775194));
#1342=CARTESIAN_POINT('',(3.42997128422177,-12.8008271012179,-1.40156804418607));
#1343=CARTESIAN_POINT('',(6.40041355060896,-11.0858414591071,-1.37510971085273));
#1344=CARTESIAN_POINT('',(9.37085581699615,-9.37085581699618,-1.3486513775194));
#1345=CARTESIAN_POINT('',(11.085841459107,-6.40041355060899,-1.32219304418607));
#1346=CARTESIAN_POINT('',(12.8008271012179,-3.4299712842218,-1.29573471085273));
#1347=CARTESIAN_POINT('',(12.8008271012179,-6.2705967743781E-15,-1.2692763775194));
#1348=CARTESIAN_POINT('',(12.8008271012179,3.42997128422177,-1.24281804418607));
#1349=CARTESIAN_POINT('',(11.0858414591071,6.40041355060896,-1.21635971085273));
#1350=CARTESIAN_POINT('',(9.37085581699618,9.37085581699615,-1.1899013775194));
#1351=CARTESIAN_POINT('',(6.40041355060899,11.085841459107,-1.16344304418607));
#1352=CARTESIAN_POINT('',(3.4299712842218,12.8008271012179,-1.13698471085273));
#1353=CARTESIAN_POINT('',(2.97932581424039E-14,12.8008271012179,-1.1105263775194));
#1354=CARTESIAN_POINT('',(-3.42997128422176,12.8008271012179,-1.08406804418607));
#1355=CARTESIAN_POINT('',(-6.40041355060896,11.0858414591071,-1.05760971085273));
#1356=CARTESIAN_POINT('',(-9.37085581699615,9.37085581699618,-1.0311513775194));
#1357=CARTESIAN_POINT('',(-11.085841459107,6.40041355060899,-1.00469304418607));
#1358=CARTESIAN_POINT('',(-12.8008271012179,3.4299712842218,-0.978234710852734));
#1359=CARTESIAN_POINT('',(-12.8008271012179,3.05770827392012E-14,-0.9517763775194));
#1360=CARTESIAN_POINT('',(-12.8008271012179,-3.42997128422176,-0.925318044186067));
#1361=CARTESIAN_POINT('',(-11.0858414591071,-6.40041355060896,-0.898859710852734));
#1362=CARTESIAN_POINT('',(-9.3708558169962,-9.37085581699613,-0.8724013775194));
#1363=CARTESIAN_POINT('',(-6.40041355060899,-11.085841459107,-0.845943044186067));
#1364=CARTESIAN_POINT('',(-3.42997128422178,-12.8008271012179,-0.819484710852734));
#1365=CARTESIAN_POINT('',(-3.13609073359985E-14,-12.8008271012179,-0.7930263775194));
#1366=CARTESIAN_POINT('',(3.42997128422176,-12.8008271012179,-0.766568044186067));
#1367=CARTESIAN_POINT('',(6.40041355060894,-11.0858414591071,-0.740109710852733));
#1368=CARTESIAN_POINT('',(9.37085581699615,-9.37085581699618,-0.7136513775194));
#1369=CARTESIAN_POINT('',(11.085841459107,-6.40041355060901,-0.687193044186067));
#1370=CARTESIAN_POINT('',(12.8008271012179,-3.4299712842218,-0.660734710852733));
#1371=CARTESIAN_POINT('',(12.8008271012179,-9.40589516156714E-15,-0.6342763775194));
#1372=CARTESIAN_POINT('',(12.8008271012179,3.42997128422174,-0.607818044186067));
#1373=CARTESIAN_POINT('',(11.0858414591071,6.40041355060896,-0.581359710852734));
#1374=CARTESIAN_POINT('',(9.3708558169962,9.37085581699613,-0.5549013775194));
#1375=CARTESIAN_POINT('',(6.40041355060899,11.085841459107,-0.528443044186067));
#1376=CARTESIAN_POINT('',(3.42997128422178,12.8008271012179,-0.501984710852733));
#1377=CARTESIAN_POINT('',(3.2928556529593E-14,12.8008271012179,-0.4755263775194));
#1378=CARTESIAN_POINT('',(-3.42997128422176,12.8008271012179,-0.449068044186067));
#1379=CARTESIAN_POINT('',(-6.40041355060893,11.0858414591071,-0.422609710852733));
#1380=CARTESIAN_POINT('',(-9.37085581699615,9.37085581699618,-0.3961513775194));
#1381=CARTESIAN_POINT('',(-11.085841459107,6.40041355060901,-0.369693044186067));
#1382=CARTESIAN_POINT('',(-12.8008271012179,3.42997128422181,-0.343234710852733));
#1383=CARTESIAN_POINT('',(-12.8008271012179,1.09735443551617E-14,-0.3167763775194));
#1384=CARTESIAN_POINT('',(-12.800827101218,-3.42997128422174,-0.290318044186067));
#1385=CARTESIAN_POINT('',(-11.0858414591071,-6.40041355060895,-0.263859710852733));
#1386=CARTESIAN_POINT('',(-9.3708558169962,-9.37085581699613,-0.2374013775194));
#1387=CARTESIAN_POINT('',(-6.40041355060899,-11.085841459107,-0.210943044186067));
#1388=CARTESIAN_POINT('',(-3.42997128422183,-12.8008271012179,-0.184484710852733));
#1389=CARTESIAN_POINT('',(-3.44962057231875E-14,-12.8008271012179,-0.1580263775194));
#1390=CARTESIAN_POINT('',(3.42997128422176,-12.8008271012179,-0.131568044186067));
#1391=CARTESIAN_POINT('',(6.40041355060893,-11.0858414591071,-0.105109710852733));
#1392=CARTESIAN_POINT('',(9.37085581699615,-9.37085581699618,-0.0786513775194002));
#1393=CARTESIAN_POINT('',(11.085841459107,-6.40041355060901,-0.0521930441860666));
#1394=CARTESIAN_POINT('',(12.8008271012179,-3.42997128422181,-0.0257347108527334));
#1395=CARTESIAN_POINT('',(12.8008271012179,-1.25411935487562E-14,0.000723622480599834));
#1396=CARTESIAN_POINT('',(12.800827101218,3.42997128422174,0.0271819558139335));
#1397=CARTESIAN_POINT('',(11.0858414591071,6.40041355060895,0.0536402891472667));
#1398=CARTESIAN_POINT('',(9.3708558169962,9.37085581699613,0.0800986224805998));
#1399=CARTESIAN_POINT('',(6.400413550609,11.085841459107,0.106556955813933));
#1400=CARTESIAN_POINT('',(3.42997128422183,12.8008271012179,0.133015289147267));
#1401=CARTESIAN_POINT('',(3.6063854916782E-14,12.8008271012179,0.1594736224806));
#1402=CARTESIAN_POINT('',(-3.42997128422176,12.8008271012179,0.185931955813934));
#1403=CARTESIAN_POINT('',(-6.40041355060893,11.0858414591071,0.212390289147267));
#1404=CARTESIAN_POINT('',(-9.37085581699615,9.37085581699618,0.2388486224806));
#1405=CARTESIAN_POINT('',(-11.085841459107,6.40041355060901,0.265306955813934));
#1406=CARTESIAN_POINT('',(-12.8008271012179,3.42997128422181,0.291765289147267));
#1407=CARTESIAN_POINT('',(-12.8008271012179,5.95865162848079E-14,0.3182236224806));
#1408=CARTESIAN_POINT('',(-12.800827101218,-3.42997128422174,0.344681955813934));
#1409=CARTESIAN_POINT('',(-11.0858414591071,-6.40041355060895,0.371140289147267));
#1410=CARTESIAN_POINT('',(-9.3708558169962,-9.37085581699613,0.3975986224806));
#1411=CARTESIAN_POINT('',(-6.400413550609,-11.085841459107,0.424056955813934));
#1412=CARTESIAN_POINT('',(-3.42997128422183,-12.8008271012179,0.450515289147267));
#1413=CARTESIAN_POINT('',(-3.76315041103766E-14,-12.8008271012179,0.4769736224806));
#1414=CARTESIAN_POINT('',(3.42997128422171,-12.800827101218,0.503431955813934));
#1415=CARTESIAN_POINT('',(6.40041355060893,-11.0858414591071,0.529890289147267));
#1416=CARTESIAN_POINT('',(9.37085581699615,-9.37085581699619,0.5563486224806));
#1417=CARTESIAN_POINT('',(11.085841459107,-6.40041355060902,0.582806955813934));
#1418=CARTESIAN_POINT('',(12.8008271012179,-3.42997128422181,0.609265289147267));
#1419=CARTESIAN_POINT('',(12.8008271012179,-6.11541654784024E-14,0.6357236224806));
#1420=CARTESIAN_POINT('',(12.800827101218,3.42997128422173,0.662181955813934));
#1421=CARTESIAN_POINT('',(11.0858414591071,6.40041355060895,0.688640289147267));
#1422=CARTESIAN_POINT('',(9.3708558169962,9.37085581699613,0.7150986224806));
#1423=CARTESIAN_POINT('',(6.400413550609,11.085841459107,0.741556955813934));
#1424=CARTESIAN_POINT('',(3.42997128422179,12.8008271012179,0.768015289147267));
#1425=CARTESIAN_POINT('',(8.46768268464282E-14,12.8008271012179,0.7944736224806));
#1426=CARTESIAN_POINT('',(-3.42997128422171,12.800827101218,0.820931955813934));
#1427=CARTESIAN_POINT('',(-6.40041355060893,11.0858414591071,0.847390289147267));
#1428=CARTESIAN_POINT('',(-9.37085581699614,9.37085581699619,0.8738486224806));
#1429=CARTESIAN_POINT('',(-11.085841459107,6.40041355060898,0.900306955813934));
#1430=CARTESIAN_POINT('',(-12.8008271012179,3.42997128422186,0.926765289147267));
#1431=CARTESIAN_POINT('',(-12.8008271012179,6.27218146719969E-14,0.9532236224806));
#1432=CARTESIAN_POINT('',(-12.800827101218,-3.42997128422173,0.979681955813934));
#1433=CARTESIAN_POINT('',(-11.0858414591071,-6.40041355060895,1.00614028914727));
#1434=CARTESIAN_POINT('',(-9.37085581699617,-9.37085581699616,1.0325986224806));
#1435=CARTESIAN_POINT('',(-6.40041355060904,-11.085841459107,1.05905695581393));
#1436=CARTESIAN_POINT('',(-3.42997128422184,-12.8008271012179,1.08551528914727));
#1437=CARTESIAN_POINT('',(-4.07668024975656E-14,-12.8008271012179,1.1119736224806));
#1438=CARTESIAN_POINT('',(3.42997128422176,-12.8008271012179,1.13843195581393));
#1439=CARTESIAN_POINT('',(6.40041355060889,-11.0858414591071,1.16489028914727));
#1440=CARTESIAN_POINT('',(9.37085581699611,-9.37085581699622,1.1913486224806));
#1441=CARTESIAN_POINT('',(11.085841459107,-6.40041355060902,1.21780695581393));
#1442=CARTESIAN_POINT('',(12.8008271012179,-3.42997128422181,1.24426528914727));
#1443=CARTESIAN_POINT('',(12.8008271012179,-1.88117903231343E-14,1.2707236224806));
#1444=CARTESIAN_POINT('',(12.800827101218,3.42997128422169,1.29718195581393));
#1445=CARTESIAN_POINT('',(11.0858414591071,6.40041355060891,1.32364028914727));
#1446=CARTESIAN_POINT('',(9.3708558169962,9.37085581699612,1.3500986224806));
#1447=CARTESIAN_POINT('',(6.400413550609,11.085841459107,1.37655695581393));
#1448=CARTESIAN_POINT('',(3.42997128422179,12.8008271012179,1.40301528914727));
#1449=CARTESIAN_POINT('',(8.78121252336173E-14,12.8008271012179,1.4294736224806));
#1450=CARTESIAN_POINT('',(-3.42997128422171,12.800827101218,1.45593195581393));
#1451=CARTESIAN_POINT('',(-6.40041355060893,11.0858414591071,1.48239028914727));
#1452=CARTESIAN_POINT('',(-9.37085581699614,9.37085581699619,1.5088486224806));
#1453=CARTESIAN_POINT('',(-11.085841459107,6.40041355060898,1.53530695581393));
#1454=CARTESIAN_POINT('',(-12.8008271012179,3.42997128422186,1.56176528914727));
#1455=CARTESIAN_POINT('',(-12.8008271012179,6.5857113059186E-14,1.5882236224806));
#1456=CARTESIAN_POINT('',(-12.800827101218,-3.42997128422173,1.61468195581393));
#1457=CARTESIAN_POINT('',(-11.0858414591071,-6.40041355060895,1.64114028914727));
#1458=CARTESIAN_POINT('',(-9.37085581699624,-9.37085581699609,1.6675986224806));
#1459=CARTESIAN_POINT('',(-6.40041355060904,-11.085841459107,1.69405695581393));
#1460=CARTESIAN_POINT('',(-3.42997128422184,-12.8008271012179,1.72051528914727));
#1461=CARTESIAN_POINT('',(-4.39021008847546E-14,-12.8008271012179,1.7469736224806));
#1462=CARTESIAN_POINT('',(3.42997128422175,-12.8008271012179,1.77343195581393));
#1463=CARTESIAN_POINT('',(6.40041355060889,-11.0858414591071,1.79989028914727));
#1464=CARTESIAN_POINT('',(9.37085581699611,-9.37085581699622,1.8263486224806));
#1465=CARTESIAN_POINT('',(11.085841459107,-6.40041355060902,1.85280695581393));
#1466=CARTESIAN_POINT('',(12.8008271012179,-3.42997128422182,1.87926528914727));
#1467=CARTESIAN_POINT('',(12.8008271012179,-2.19470887103233E-14,1.9057236224806));
#1468=CARTESIAN_POINT('',(12.800827101218,3.42997128422168,1.93218195581393));
#1469=CARTESIAN_POINT('',(11.0858414591071,6.40041355060891,1.95864028914727));
#1470=CARTESIAN_POINT('',(9.37085581699621,9.37085581699612,1.9850986224806));
#1471=CARTESIAN_POINT('',(6.400413550609,11.085841459107,2.01155695581393));
#1472=CARTESIAN_POINT('',(3.4299712842218,12.8008271012179,2.03801528914727));
#1473=CARTESIAN_POINT('',(9.09474236208063E-14,12.8008271012179,2.0644736224806));
#1474=CARTESIAN_POINT('',(-3.4299712842217,12.800827101218,2.09093195581393));
#1475=CARTESIAN_POINT('',(-6.40041355060892,11.0858414591071,2.11739028914727));
#1476=CARTESIAN_POINT('',(-9.37085581699614,9.37085581699619,2.1438486224806));
#1477=CARTESIAN_POINT('',(-11.085841459107,6.40041355060906,2.17030695581393));
#1478=CARTESIAN_POINT('',(-12.8008271012179,3.42997128422186,2.19676528914727));
#1479=CARTESIAN_POINT('',(-12.8008271012179,6.8992411446375E-14,2.2232236224806));
#1480=CARTESIAN_POINT('',(-12.800827101218,-3.42997128422173,2.24968195581393));
#1481=CARTESIAN_POINT('',(-11.0858414591071,-6.40041355060894,2.27614028914727));
#1482=CARTESIAN_POINT('',(-9.37085581699624,-9.37085581699609,2.3025986224806));
#1483=CARTESIAN_POINT('',(-6.40041355060904,-11.085841459107,2.32905695581393));
#1484=CARTESIAN_POINT('',(-3.42997128422184,-12.8008271012179,2.35551528914727));
#1485=CARTESIAN_POINT('',(-4.70373992719437E-14,-12.8008271012179,2.3819736224806));
#1486=CARTESIAN_POINT('',(3.42997128422175,-12.8008271012179,2.40843195581393));
#1487=CARTESIAN_POINT('',(6.40041355060888,-11.0858414591071,2.43489028914727));
#1488=CARTESIAN_POINT('',(9.37085581699611,-9.37085581699622,2.4613486224806));
#1489=CARTESIAN_POINT('',(11.085841459107,-6.40041355060902,2.48780695581393));
#1490=CARTESIAN_POINT('',(12.8008271012179,-3.42997128422182,2.51426528914727));
#1491=CARTESIAN_POINT('',(12.8008271012179,-2.50823870975124E-14,2.5407236224806));
#1492=CARTESIAN_POINT('',(12.800827101218,3.42997128422168,2.56718195581393));
#1493=CARTESIAN_POINT('',(11.0858414591071,6.4004135506089,2.59364028914727));
#1494=CARTESIAN_POINT('',(9.37085581699621,9.37085581699612,2.6200986224806));
#1495=CARTESIAN_POINT('',(6.40041355060901,11.085841459107,2.64655695581393));
#1496=CARTESIAN_POINT('',(3.42997128422189,12.8008271012179,2.67301528914727));
#1497=CARTESIAN_POINT('',(9.40827220079954E-14,12.8008271012179,2.6994736224806));
#1498=CARTESIAN_POINT('',(-3.4299712842217,12.800827101218,2.72593195581393));
#1499=CARTESIAN_POINT('',(-6.40041355060892,11.0858414591071,2.75239028914727));
#1500=CARTESIAN_POINT('',(-9.37085581699614,9.37085581699619,2.7788486224806));
#1501=CARTESIAN_POINT('',(-11.085841459107,6.40041355060907,2.80530695581393));
#1502=CARTESIAN_POINT('',(-12.8008271012179,3.42997128422187,2.83176528914727));
#1503=CARTESIAN_POINT('',(-12.8008271012179,7.21277098335641E-14,2.8582236224806));
#1504=CARTESIAN_POINT('',(-12.800827101218,-3.42997128422172,2.88468195581393));
#1505=CARTESIAN_POINT('',(-11.0858414591071,-6.40041355060894,2.91114028914727));
#1506=CARTESIAN_POINT('',(-9.37085581699624,-9.37085581699609,2.9375986224806));
#1507=CARTESIAN_POINT('',(-6.40041355060905,-11.085841459107,2.96405695581393));
#1508=CARTESIAN_POINT('',(-3.42997128422185,-12.8008271012179,2.99051528914727));
#1509=CARTESIAN_POINT('',(-5.01726976591328E-14,-12.8008271012179,3.0169736224806));
#1510=CARTESIAN_POINT('',(3.42997128422165,-12.800827101218,3.04343195581393));
#1511=CARTESIAN_POINT('',(6.40041355060888,-11.0858414591071,3.06989028914727));
#1512=CARTESIAN_POINT('',(9.3708558169961,-9.37085581699623,3.0963486224806));
#1513=CARTESIAN_POINT('',(11.085841459107,-6.40041355060903,3.12280695581393));
#1514=CARTESIAN_POINT('',(12.8008271012179,-3.42997128422182,3.14926528914727));
#1515=CARTESIAN_POINT('',(12.8008271012179,-1.19173032569616E-13,3.1757236224806));
#1516=CARTESIAN_POINT('',(12.800827101218,3.42997128422168,3.20218195581393));
#1517=CARTESIAN_POINT('',(11.0858414591071,6.4004135506089,3.22864028914727));
#1518=CARTESIAN_POINT('',(9.37085581699621,9.37085581699612,3.2550986224806));
#1519=CARTESIAN_POINT('',(6.40041355060901,11.085841459107,3.28155695581393));
#1520=CARTESIAN_POINT('',(3.42997128422189,12.8008271012179,3.30801528914727));
#1521=CARTESIAN_POINT('',(9.72180203951844E-14,12.8008271012179,3.3344736224806));
#1522=CARTESIAN_POINT('',(-3.4299712842217,12.800827101218,3.36093195581393));
#1523=CARTESIAN_POINT('',(-6.40041355060892,11.0858414591071,3.38739028914727));
#1524=CARTESIAN_POINT('',(-9.37085581699613,9.37085581699619,3.4138486224806));
#1525=CARTESIAN_POINT('',(-11.085841459107,6.40041355060907,3.44030695581393));
#1526=CARTESIAN_POINT('',(-12.8008271012179,3.42997128422187,3.46676528914727));
#1527=CARTESIAN_POINT('',(-12.8008271012179,7.52630082207531E-14,3.4932236224806));
#1528=CARTESIAN_POINT('',(-12.800827101218,-3.42997128422172,3.51968195581393));
#1529=CARTESIAN_POINT('',(-11.0858414591071,-6.40041355060886,3.54614028914727));
#1530=CARTESIAN_POINT('',(-9.37085581699624,-9.37085581699608,3.5725986224806));
#1531=CARTESIAN_POINT('',(-6.40041355060905,-11.085841459107,3.59905695581393));
#1532=CARTESIAN_POINT('',(-3.42997128422185,-12.8008271012179,3.62551528914727));
#1533=CARTESIAN_POINT('',(-5.33079960463218E-14,-12.8008271012179,3.6519736224806));
#1534=CARTESIAN_POINT('',(3.42997128422165,-12.800827101218,3.67843195581393));
#1535=CARTESIAN_POINT('',(6.40041355060888,-11.0858414591071,3.70489028914727));
#1536=CARTESIAN_POINT('',(9.3708558169961,-9.37085581699623,3.7313486224806));
#1537=CARTESIAN_POINT('',(11.085841459107,-6.40041355060903,3.75780695581393));
#1538=CARTESIAN_POINT('',(12.8008271012179,-3.42997128422183,3.78426528914727));
#1539=CARTESIAN_POINT('',(12.8008271012179,-1.22308330956805E-13,3.8107236224806));
#1540=CARTESIAN_POINT('',(12.800827101218,3.42997128422167,3.83718195581393));
#1541=CARTESIAN_POINT('',(11.0858414591071,6.4004135506089,3.86364028914727));
#1542=CARTESIAN_POINT('',(9.37085581699621,9.37085581699612,3.8900986224806));
#1543=CARTESIAN_POINT('',(6.40041355060901,11.085841459107,3.91655695581393));
#1544=CARTESIAN_POINT('',(3.4299712842218,12.8008271012179,3.94301528914727));
#1545=CARTESIAN_POINT('',(1.00353318782373E-13,12.8008271012179,3.9694736224806));
#1546=CARTESIAN_POINT('',(-3.4299712842216,12.800827101218,3.99593195581393));
#1547=CARTESIAN_POINT('',(-6.40041355060892,11.0858414591071,4.02239028914727));
#1548=CARTESIAN_POINT('',(-9.37085581699607,9.37085581699627,4.0488486224806));
#1549=CARTESIAN_POINT('',(-11.085841459107,6.40041355060899,4.07530695581393));
#1550=CARTESIAN_POINT('',(-12.8008271012179,3.42997128422187,4.10176528914727));
#1551=CARTESIAN_POINT('',(-12.8008271012179,1.69353653692856E-13,4.1282236224806));
#1552=CARTESIAN_POINT('',(-12.800827101218,-3.42997128422172,4.15468195581393));
#1553=CARTESIAN_POINT('',(-11.0858414591071,-6.40041355060886,4.18114028914727));
#1554=CARTESIAN_POINT('',(-9.37085581699618,-9.37085581699615,4.2075986224806));
#1555=CARTESIAN_POINT('',(-6.40041355060905,-11.085841459107,4.23405695581393));
#1556=CARTESIAN_POINT('',(-3.42997128422194,-12.8008271012179,4.26051528914727));
#1557=CARTESIAN_POINT('',(-5.64432944335108E-14,-12.8008271012179,4.2869736224806));
#1558=CARTESIAN_POINT('',(3.42997128422165,-12.800827101218,4.31343195581393));
#1559=CARTESIAN_POINT('',(6.40041355060895,-11.0858414591071,4.33989028914727));
#1560=CARTESIAN_POINT('',(9.3708558169961,-9.37085581699623,4.3663486224806));
#1561=CARTESIAN_POINT('',(11.085841459107,-6.40041355060911,4.39280695581393));
#1562=CARTESIAN_POINT('',(12.8008271012179,-3.42997128422183,4.41926528914727));
#1563=CARTESIAN_POINT('',(12.8008271012179,-1.25443629343994E-13,4.4457236224806));
#1564=CARTESIAN_POINT('',(12.8008271012179,3.42997128422176,4.47218195581394));
#1565=CARTESIAN_POINT('',(11.0858414591071,6.40041355060889,4.49864028914727));
#1566=CARTESIAN_POINT('',(9.37085581699628,9.37085581699605,4.5250986224806));
#1567=CARTESIAN_POINT('',(6.40041355060901,11.085841459107,4.55155695581394));
#1568=CARTESIAN_POINT('',(3.4299712842219,12.8008271012179,4.57801528914727));
#1569=CARTESIAN_POINT('',(1.25332700846482E-14,12.8008271012179,4.6044736224806));
#1570=CARTESIAN_POINT('',(-3.42997128422169,12.800827101218,4.63093195581393));
#1571=CARTESIAN_POINT('',(-6.40041355060884,11.0858414591071,4.65739028914727));
#1572=CARTESIAN_POINT('',(-9.37085581699613,9.3708558169962,4.6838486224806));
#1573=CARTESIAN_POINT('',(-11.085841459107,6.40041355060907,4.71030695581393));
#1574=CARTESIAN_POINT('',(-12.8008271012179,3.42997128422197,4.73676528914727));
#1575=CARTESIAN_POINT('',(-12.8008271012179,8.15336049951312E-14,4.7632236224806));
#1576=CARTESIAN_POINT('',(-12.800827101218,-3.42997128422162,4.78968195581394));
#1577=CARTESIAN_POINT('',(-11.0858414591071,-6.40041355060893,4.81614028914727));
#1578=CARTESIAN_POINT('',(-9.37085581699625,-9.37085581699608,4.8425986224806));
#1579=CARTESIAN_POINT('',(-6.40041355060913,-11.085841459107,4.86905695581394));
#1580=CARTESIAN_POINT('',(-3.42997128422185,-12.8008271012179,4.89551528914727));
#1581=CARTESIAN_POINT('',(-1.50533939905614E-13,-12.8008271012179,4.9219736224806));
#1582=CARTESIAN_POINT('',(3.42997128422174,-12.800827101218,4.94843195581393));
#1583=CARTESIAN_POINT('',(6.40041355060887,-11.0858414591071,4.97489028914727));
#1584=CARTESIAN_POINT('',(9.37085581699603,-9.3708558169963,5.0013486224806));
#1585=CARTESIAN_POINT('',(11.085841459107,-6.40041355060904,5.02780695581393));
#1586=CARTESIAN_POINT('',(12.8008271012179,-3.42997128422192,5.05426528914727));
#1587=CARTESIAN_POINT('',(12.8008271012179,-3.76235806462686E-14,5.0807236224806));
#1588=CARTESIAN_POINT('',(0.,0.,-3.4521210243944));
#1589=CARTESIAN_POINT('',(12.8008271012179,0.,-2.3805406650194));
#1590=CARTESIAN_POINT('',(12.8008271012179,3.42997128422178,-2.35408233168607));
#1591=CARTESIAN_POINT('',(11.0858414591071,6.40041355060897,-2.32762399835273));
#1592=CARTESIAN_POINT('',(9.37085581699616,9.37085581699616,-2.3011656650194));
#1593=CARTESIAN_POINT('',(6.40041355060897,11.0858414591071,-2.27470733168607));
#1594=CARTESIAN_POINT('',(3.42997128422178,12.8008271012179,-2.24824899835273));
#1595=CARTESIAN_POINT('',(7.83824596797262E-16,12.8008271012179,-2.2217906650194));
#1596=CARTESIAN_POINT('',(-3.42997128422178,12.8008271012179,-2.19533233168607));
#1597=CARTESIAN_POINT('',(-6.40041355060897,11.0858414591071,-2.16887399835273));
#1598=CARTESIAN_POINT('',(-9.37085581699616,9.37085581699616,-2.1424156650194));
#1599=CARTESIAN_POINT('',(-11.085841459107,6.40041355060897,-2.11595733168607));
#1600=CARTESIAN_POINT('',(-12.8008271012179,3.42997128422178,-2.08949899835273));
#1601=CARTESIAN_POINT('',(-12.8008271012179,1.56764919359452E-15,-2.0630406650194));
#1602=CARTESIAN_POINT('',(-12.8008271012179,-3.42997128422177,-2.03658233168607));
#1603=CARTESIAN_POINT('',(-11.0858414591071,-6.40041355060897,-2.01012399835273));
#1604=CARTESIAN_POINT('',(-9.37085581699617,-9.37085581699616,-1.9836656650194));
#1605=CARTESIAN_POINT('',(-6.40041355060898,-11.085841459107,-1.95720733168607));
#1606=CARTESIAN_POINT('',(-3.42997128422179,-12.8008271012179,-1.93074899835273));
#1607=CARTESIAN_POINT('',(-2.35147379039179E-15,-12.8008271012179,-1.9042906650194));
#1608=CARTESIAN_POINT('',(3.42997128422177,-12.8008271012179,-1.87783233168607));
#1609=CARTESIAN_POINT('',(6.40041355060896,-11.0858414591071,-1.85137399835273));
#1610=CARTESIAN_POINT('',(9.37085581699616,-9.37085581699617,-1.8249156650194));
#1611=CARTESIAN_POINT('',(11.085841459107,-6.40041355060898,-1.79845733168607));
#1612=CARTESIAN_POINT('',(12.8008271012179,-3.42997128422179,-1.77199899835273));
#1613=CARTESIAN_POINT('',(12.8008271012179,-3.13529838718905E-15,-1.7455406650194));
#1614=CARTESIAN_POINT('',(12.8008271012179,3.42997128422177,-1.71908233168607));
#1615=CARTESIAN_POINT('',(11.0858414591071,6.40041355060896,-1.69262399835273));
#1616=CARTESIAN_POINT('',(9.37085581699617,9.37085581699615,-1.6661656650194));
#1617=CARTESIAN_POINT('',(6.40041355060898,11.085841459107,-1.63970733168607));
#1618=CARTESIAN_POINT('',(3.42997128422179,12.8008271012179,-1.61324899835273));
#1619=CARTESIAN_POINT('',(1.52885413696006E-14,12.8008271012179,-1.5867906650194));
#1620=CARTESIAN_POINT('',(-3.42997128422177,12.8008271012179,-1.56033233168607));
#1621=CARTESIAN_POINT('',(-6.40041355060896,11.0858414591071,-1.53387399835273));
#1622=CARTESIAN_POINT('',(-9.37085581699615,9.37085581699617,-1.5074156650194));
#1623=CARTESIAN_POINT('',(-11.085841459107,6.40041355060899,-1.48095733168607));
#1624=CARTESIAN_POINT('',(-12.8008271012179,3.4299712842218,-1.45449899835273));
#1625=CARTESIAN_POINT('',(-12.8008271012179,4.70294758078357E-15,-1.4280406650194));
#1626=CARTESIAN_POINT('',(-12.8008271012179,-3.42997128422177,-1.40158233168607));
#1627=CARTESIAN_POINT('',(-11.0858414591071,-6.40041355060896,-1.37512399835273));
#1628=CARTESIAN_POINT('',(-9.37085581699618,-9.37085581699615,-1.3486656650194));
#1629=CARTESIAN_POINT('',(-6.40041355060899,-11.085841459107,-1.32220733168607));
#1630=CARTESIAN_POINT('',(-3.4299712842218,-12.8008271012179,-1.29574899835273));
#1631=CARTESIAN_POINT('',(-5.48677217758084E-15,-12.8008271012179,-1.2692906650194));
#1632=CARTESIAN_POINT('',(3.42997128422177,-12.8008271012179,-1.24283233168607));
#1633=CARTESIAN_POINT('',(6.40041355060896,-11.0858414591071,-1.21637399835273));
#1634=CARTESIAN_POINT('',(9.37085581699615,-9.37085581699618,-1.1899156650194));
#1635=CARTESIAN_POINT('',(11.085841459107,-6.40041355060899,-1.16345733168607));
#1636=CARTESIAN_POINT('',(12.8008271012179,-3.4299712842218,-1.13699899835273));
#1637=CARTESIAN_POINT('',(12.8008271012179,-6.2705967743781E-15,-1.1105406650194));
#1638=CARTESIAN_POINT('',(12.8008271012179,3.42997128422177,-1.08408233168607));
#1639=CARTESIAN_POINT('',(11.0858414591071,6.40041355060896,-1.05762399835273));
#1640=CARTESIAN_POINT('',(9.37085581699618,9.37085581699615,-1.0311656650194));
#1641=CARTESIAN_POINT('',(6.40041355060899,11.085841459107,-1.00470733168607));
#1642=CARTESIAN_POINT('',(3.4299712842218,12.8008271012179,-0.978248998352734));
#1643=CARTESIAN_POINT('',(2.97932581424039E-14,12.8008271012179,-0.951790665019401));
#1644=CARTESIAN_POINT('',(-3.42997128422176,12.8008271012179,-0.925332331686067));
#1645=CARTESIAN_POINT('',(-6.40041355060896,11.0858414591071,-0.898873998352734));
#1646=CARTESIAN_POINT('',(-9.37085581699615,9.37085581699618,-0.872415665019401));
#1647=CARTESIAN_POINT('',(-11.085841459107,6.40041355060899,-0.845957331686067));
#1648=CARTESIAN_POINT('',(-12.8008271012179,3.4299712842218,-0.819498998352734));
#1649=CARTESIAN_POINT('',(-12.8008271012179,3.05770827392012E-14,-0.793040665019401));
#1650=CARTESIAN_POINT('',(-12.8008271012179,-3.42997128422176,-0.766582331686067));
#1651=CARTESIAN_POINT('',(-11.0858414591071,-6.40041355060896,-0.740123998352734));
#1652=CARTESIAN_POINT('',(-9.3708558169962,-9.37085581699613,-0.713665665019401));
#1653=CARTESIAN_POINT('',(-6.40041355060899,-11.085841459107,-0.687207331686067));
#1654=CARTESIAN_POINT('',(-3.42997128422178,-12.8008271012179,-0.660748998352734));
#1655=CARTESIAN_POINT('',(-3.13609073359985E-14,-12.8008271012179,-0.634290665019401));
#1656=CARTESIAN_POINT('',(3.42997128422176,-12.8008271012179,-0.607832331686067));
#1657=CARTESIAN_POINT('',(6.40041355060894,-11.0858414591071,-0.581373998352734));
#1658=CARTESIAN_POINT('',(9.37085581699615,-9.37085581699618,-0.554915665019401));
#1659=CARTESIAN_POINT('',(11.085841459107,-6.40041355060901,-0.528457331686067));
#1660=CARTESIAN_POINT('',(12.8008271012179,-3.4299712842218,-0.501998998352734));
#1661=CARTESIAN_POINT('',(12.8008271012179,-9.40589516156714E-15,-0.475540665019401));
#1662=CARTESIAN_POINT('',(12.8008271012179,3.42997128422174,-0.449082331686067));
#1663=CARTESIAN_POINT('',(11.0858414591071,6.40041355060896,-0.422623998352734));
#1664=CARTESIAN_POINT('',(9.3708558169962,9.37085581699613,-0.396165665019401));
#1665=CARTESIAN_POINT('',(6.40041355060899,11.085841459107,-0.369707331686067));
#1666=CARTESIAN_POINT('',(3.42997128422178,12.8008271012179,-0.343248998352734));
#1667=CARTESIAN_POINT('',(3.2928556529593E-14,12.8008271012179,-0.316790665019401));
#1668=CARTESIAN_POINT('',(-3.42997128422176,12.8008271012179,-0.290332331686067));
#1669=CARTESIAN_POINT('',(-6.40041355060893,11.0858414591071,-0.263873998352734));
#1670=CARTESIAN_POINT('',(-9.37085581699615,9.37085581699618,-0.237415665019401));
#1671=CARTESIAN_POINT('',(-11.085841459107,6.40041355060901,-0.210957331686067));
#1672=CARTESIAN_POINT('',(-12.8008271012179,3.42997128422181,-0.184498998352734));
#1673=CARTESIAN_POINT('',(-12.8008271012179,1.09735443551617E-14,-0.158040665019401));
#1674=CARTESIAN_POINT('',(-12.800827101218,-3.42997128422174,-0.131582331686067));
#1675=CARTESIAN_POINT('',(-11.0858414591071,-6.40041355060895,-0.105123998352734));
#1676=CARTESIAN_POINT('',(-9.3708558169962,-9.37085581699613,-0.0786656650194006));
#1677=CARTESIAN_POINT('',(-6.40041355060899,-11.085841459107,-0.0522073316860669));
#1678=CARTESIAN_POINT('',(-3.42997128422183,-12.8008271012179,-0.0257489983527337));
#1679=CARTESIAN_POINT('',(-3.44962057231875E-14,-12.8008271012179,0.000709334980599462));
#1680=CARTESIAN_POINT('',(3.42997128422176,-12.8008271012179,0.0271676683139331));
#1681=CARTESIAN_POINT('',(6.40041355060893,-11.0858414591071,0.0536260016472663));
#1682=CARTESIAN_POINT('',(9.37085581699615,-9.37085581699618,0.0800843349805995));
#1683=CARTESIAN_POINT('',(11.085841459107,-6.40041355060901,0.106542668313933));
#1684=CARTESIAN_POINT('',(12.8008271012179,-3.42997128422181,0.133001001647266));
#1685=CARTESIAN_POINT('',(12.8008271012179,-1.25411935487562E-14,0.159459334980599));
#1686=CARTESIAN_POINT('',(12.800827101218,3.42997128422174,0.185917668313933));
#1687=CARTESIAN_POINT('',(11.0858414591071,6.40041355060895,0.212376001647266));
#1688=CARTESIAN_POINT('',(9.3708558169962,9.37085581699613,0.2388343349806));
#1689=CARTESIAN_POINT('',(6.400413550609,11.085841459107,0.265292668313933));
#1690=CARTESIAN_POINT('',(3.42997128422183,12.8008271012179,0.291751001647266));
#1691=CARTESIAN_POINT('',(3.6063854916782E-14,12.8008271012179,0.3182093349806));
#1692=CARTESIAN_POINT('',(-3.42997128422176,12.8008271012179,0.344667668313933));
#1693=CARTESIAN_POINT('',(-6.40041355060893,11.0858414591071,0.371126001647266));
#1694=CARTESIAN_POINT('',(-9.37085581699615,9.37085581699618,0.3975843349806));
#1695=CARTESIAN_POINT('',(-11.085841459107,6.40041355060901,0.424042668313933));
#1696=CARTESIAN_POINT('',(-12.8008271012179,3.42997128422181,0.450501001647266));
#1697=CARTESIAN_POINT('',(-12.8008271012179,5.95865162848079E-14,0.4769593349806));
#1698=CARTESIAN_POINT('',(-12.800827101218,-3.42997128422174,0.503417668313933));
#1699=CARTESIAN_POINT('',(-11.0858414591071,-6.40041355060895,0.529876001647266));
#1700=CARTESIAN_POINT('',(-9.3708558169962,-9.37085581699613,0.5563343349806));
#1701=CARTESIAN_POINT('',(-6.400413550609,-11.085841459107,0.582792668313933));
#1702=CARTESIAN_POINT('',(-3.42997128422183,-12.8008271012179,0.609251001647266));
#1703=CARTESIAN_POINT('',(-3.76315041103766E-14,-12.8008271012179,0.6357093349806));
#1704=CARTESIAN_POINT('',(3.42997128422171,-12.800827101218,0.662167668313933));
#1705=CARTESIAN_POINT('',(6.40041355060893,-11.0858414591071,0.688626001647266));
#1706=CARTESIAN_POINT('',(9.37085581699615,-9.37085581699619,0.7150843349806));
#1707=CARTESIAN_POINT('',(11.085841459107,-6.40041355060902,0.741542668313933));
#1708=CARTESIAN_POINT('',(12.8008271012179,-3.42997128422181,0.768001001647266));
#1709=CARTESIAN_POINT('',(12.8008271012179,-6.11541654784024E-14,0.7944593349806));
#1710=CARTESIAN_POINT('',(12.800827101218,3.42997128422173,0.820917668313933));
#1711=CARTESIAN_POINT('',(11.0858414591071,6.40041355060895,0.847376001647266));
#1712=CARTESIAN_POINT('',(9.3708558169962,9.37085581699613,0.8738343349806));
#1713=CARTESIAN_POINT('',(6.400413550609,11.085841459107,0.900292668313933));
#1714=CARTESIAN_POINT('',(3.42997128422179,12.8008271012179,0.926751001647267));
#1715=CARTESIAN_POINT('',(8.46768268464282E-14,12.8008271012179,0.9532093349806));
#1716=CARTESIAN_POINT('',(-3.42997128422171,12.800827101218,0.979667668313933));
#1717=CARTESIAN_POINT('',(-6.40041355060893,11.0858414591071,1.00612600164727));
#1718=CARTESIAN_POINT('',(-9.37085581699614,9.37085581699619,1.0325843349806));
#1719=CARTESIAN_POINT('',(-11.085841459107,6.40041355060898,1.05904266831393));
#1720=CARTESIAN_POINT('',(-12.8008271012179,3.42997128422186,1.08550100164727));
#1721=CARTESIAN_POINT('',(-12.8008271012179,6.27218146719969E-14,1.1119593349806));
#1722=CARTESIAN_POINT('',(-12.800827101218,-3.42997128422173,1.13841766831393));
#1723=CARTESIAN_POINT('',(-11.0858414591071,-6.40041355060895,1.16487600164727));
#1724=CARTESIAN_POINT('',(-9.37085581699617,-9.37085581699616,1.1913343349806));
#1725=CARTESIAN_POINT('',(-6.40041355060904,-11.085841459107,1.21779266831393));
#1726=CARTESIAN_POINT('',(-3.42997128422184,-12.8008271012179,1.24425100164727));
#1727=CARTESIAN_POINT('',(-4.07668024975656E-14,-12.8008271012179,1.2707093349806));
#1728=CARTESIAN_POINT('',(3.42997128422176,-12.8008271012179,1.29716766831393));
#1729=CARTESIAN_POINT('',(6.40041355060889,-11.0858414591071,1.32362600164727));
#1730=CARTESIAN_POINT('',(9.37085581699611,-9.37085581699622,1.3500843349806));
#1731=CARTESIAN_POINT('',(11.085841459107,-6.40041355060902,1.37654266831393));
#1732=CARTESIAN_POINT('',(12.8008271012179,-3.42997128422181,1.40300100164727));
#1733=CARTESIAN_POINT('',(12.8008271012179,-1.88117903231343E-14,1.4294593349806));
#1734=CARTESIAN_POINT('',(12.800827101218,3.42997128422169,1.45591766831393));
#1735=CARTESIAN_POINT('',(11.0858414591071,6.40041355060891,1.48237600164727));
#1736=CARTESIAN_POINT('',(9.3708558169962,9.37085581699612,1.5088343349806));
#1737=CARTESIAN_POINT('',(6.400413550609,11.085841459107,1.53529266831393));
#1738=CARTESIAN_POINT('',(3.42997128422179,12.8008271012179,1.56175100164727));
#1739=CARTESIAN_POINT('',(8.78121252336173E-14,12.8008271012179,1.5882093349806));
#1740=CARTESIAN_POINT('',(-3.42997128422171,12.800827101218,1.61466766831393));
#1741=CARTESIAN_POINT('',(-6.40041355060893,11.0858414591071,1.64112600164727));
#1742=CARTESIAN_POINT('',(-9.37085581699614,9.37085581699619,1.6675843349806));
#1743=CARTESIAN_POINT('',(-11.085841459107,6.40041355060898,1.69404266831393));
#1744=CARTESIAN_POINT('',(-12.8008271012179,3.42997128422186,1.72050100164727));
#1745=CARTESIAN_POINT('',(-12.8008271012179,6.5857113059186E-14,1.7469593349806));
#1746=CARTESIAN_POINT('',(-12.800827101218,-3.42997128422173,1.77341766831393));
#1747=CARTESIAN_POINT('',(-11.0858414591071,-6.40041355060895,1.79987600164727));
#1748=CARTESIAN_POINT('',(-9.37085581699624,-9.37085581699609,1.8263343349806));
#1749=CARTESIAN_POINT('',(-6.40041355060904,-11.085841459107,1.85279266831393));
#1750=CARTESIAN_POINT('',(-3.42997128422184,-12.8008271012179,1.87925100164727));
#1751=CARTESIAN_POINT('',(-4.39021008847546E-14,-12.8008271012179,1.9057093349806));
#1752=CARTESIAN_POINT('',(3.42997128422175,-12.8008271012179,1.93216766831393));
#1753=CARTESIAN_POINT('',(6.40041355060889,-11.0858414591071,1.95862600164727));
#1754=CARTESIAN_POINT('',(9.37085581699611,-9.37085581699622,1.9850843349806));
#1755=CARTESIAN_POINT('',(11.085841459107,-6.40041355060902,2.01154266831393));
#1756=CARTESIAN_POINT('',(12.8008271012179,-3.42997128422182,2.03800100164727));
#1757=CARTESIAN_POINT('',(12.8008271012179,-2.19470887103233E-14,2.0644593349806));
#1758=CARTESIAN_POINT('',(12.800827101218,3.42997128422168,2.09091766831393));
#1759=CARTESIAN_POINT('',(11.0858414591071,6.40041355060891,2.11737600164727));
#1760=CARTESIAN_POINT('',(9.37085581699621,9.37085581699612,2.1438343349806));
#1761=CARTESIAN_POINT('',(6.400413550609,11.085841459107,2.17029266831393));
#1762=CARTESIAN_POINT('',(3.4299712842218,12.8008271012179,2.19675100164727));
#1763=CARTESIAN_POINT('',(9.09474236208063E-14,12.8008271012179,2.2232093349806));
#1764=CARTESIAN_POINT('',(-3.4299712842217,12.800827101218,2.24966766831393));
#1765=CARTESIAN_POINT('',(-6.40041355060892,11.0858414591071,2.27612600164727));
#1766=CARTESIAN_POINT('',(-9.37085581699614,9.37085581699619,2.3025843349806));
#1767=CARTESIAN_POINT('',(-11.085841459107,6.40041355060906,2.32904266831393));
#1768=CARTESIAN_POINT('',(-12.8008271012179,3.42997128422186,2.35550100164727));
#1769=CARTESIAN_POINT('',(-12.8008271012179,6.8992411446375E-14,2.3819593349806));
#1770=CARTESIAN_POINT('',(-12.800827101218,-3.42997128422173,2.40841766831393));
#1771=CARTESIAN_POINT('',(-11.0858414591071,-6.40041355060894,2.43487600164727));
#1772=CARTESIAN_POINT('',(-9.37085581699624,-9.37085581699609,2.4613343349806));
#1773=CARTESIAN_POINT('',(-6.40041355060904,-11.085841459107,2.48779266831393));
#1774=CARTESIAN_POINT('',(-3.42997128422184,-12.8008271012179,2.51425100164727));
#1775=CARTESIAN_POINT('',(-4.70373992719437E-14,-12.8008271012179,2.5407093349806));
#1776=CARTESIAN_POINT('',(3.42997128422175,-12.8008271012179,2.56716766831393));
#1777=CARTESIAN_POINT('',(6.40041355060888,-11.0858414591071,2.59362600164727));
#1778=CARTESIAN_POINT('',(9.37085581699611,-9.37085581699622,2.6200843349806));
#1779=CARTESIAN_POINT('',(11.085841459107,-6.40041355060902,2.64654266831393));
#1780=CARTESIAN_POINT('',(12.8008271012179,-3.42997128422182,2.67300100164727));
#1781=CARTESIAN_POINT('',(12.8008271012179,-2.50823870975124E-14,2.6994593349806));
#1782=CARTESIAN_POINT('',(12.800827101218,3.42997128422168,2.72591766831393));
#1783=CARTESIAN_POINT('',(11.0858414591071,6.4004135506089,2.75237600164727));
#1784=CARTESIAN_POINT('',(9.37085581699621,9.37085581699612,2.7788343349806));
#1785=CARTESIAN_POINT('',(6.40041355060901,11.085841459107,2.80529266831393));
#1786=CARTESIAN_POINT('',(3.42997128422189,12.8008271012179,2.83175100164727));
#1787=CARTESIAN_POINT('',(9.40827220079954E-14,12.8008271012179,2.8582093349806));
#1788=CARTESIAN_POINT('',(-3.4299712842217,12.800827101218,2.88466766831393));
#1789=CARTESIAN_POINT('',(-6.40041355060892,11.0858414591071,2.91112600164727));
#1790=CARTESIAN_POINT('',(-9.37085581699614,9.37085581699619,2.9375843349806));
#1791=CARTESIAN_POINT('',(-11.085841459107,6.40041355060907,2.96404266831393));
#1792=CARTESIAN_POINT('',(-12.8008271012179,3.42997128422187,2.99050100164727));
#1793=CARTESIAN_POINT('',(-12.8008271012179,7.21277098335641E-14,3.0169593349806));
#1794=CARTESIAN_POINT('',(-12.800827101218,-3.42997128422172,3.04341766831393));
#1795=CARTESIAN_POINT('',(-11.0858414591071,-6.40041355060894,3.06987600164727));
#1796=CARTESIAN_POINT('',(-9.37085581699624,-9.37085581699609,3.0963343349806));
#1797=CARTESIAN_POINT('',(-6.40041355060905,-11.085841459107,3.12279266831393));
#1798=CARTESIAN_POINT('',(-3.42997128422185,-12.8008271012179,3.14925100164727));
#1799=CARTESIAN_POINT('',(-5.01726976591328E-14,-12.8008271012179,3.1757093349806));
#1800=CARTESIAN_POINT('',(3.42997128422165,-12.800827101218,3.20216766831393));
#1801=CARTESIAN_POINT('',(6.40041355060888,-11.0858414591071,3.22862600164727));
#1802=CARTESIAN_POINT('',(9.3708558169961,-9.37085581699623,3.2550843349806));
#1803=CARTESIAN_POINT('',(11.085841459107,-6.40041355060903,3.28154266831393));
#1804=CARTESIAN_POINT('',(12.8008271012179,-3.42997128422182,3.30800100164727));
#1805=CARTESIAN_POINT('',(12.8008271012179,-1.19173032569616E-13,3.3344593349806));
#1806=CARTESIAN_POINT('',(12.800827101218,3.42997128422168,3.36091766831393));
#1807=CARTESIAN_POINT('',(11.0858414591071,6.4004135506089,3.38737600164727));
#1808=CARTESIAN_POINT('',(9.37085581699621,9.37085581699612,3.4138343349806));
#1809=CARTESIAN_POINT('',(6.40041355060901,11.085841459107,3.44029266831393));
#1810=CARTESIAN_POINT('',(3.42997128422189,12.8008271012179,3.46675100164727));
#1811=CARTESIAN_POINT('',(9.72180203951844E-14,12.8008271012179,3.4932093349806));
#1812=CARTESIAN_POINT('',(-3.4299712842217,12.800827101218,3.51966766831393));
#1813=CARTESIAN_POINT('',(-6.40041355060892,11.0858414591071,3.54612600164727));
#1814=CARTESIAN_POINT('',(-9.37085581699613,9.37085581699619,3.5725843349806));
#1815=CARTESIAN_POINT('',(-11.085841459107,6.40041355060907,3.59904266831393));
#1816=CARTESIAN_POINT('',(-12.8008271012179,3.42997128422187,3.62550100164727));
#1817=CARTESIAN_POINT('',(-12.8008271012179,7.52630082207531E-14,3.6519593349806));
#1818=CARTESIAN_POINT('',(-12.800827101218,-3.42997128422172,3.67841766831393));
#1819=CARTESIAN_POINT('',(-11.0858414591071,-6.40041355060886,3.70487600164727));
#1820=CARTESIAN_POINT('',(-9.37085581699624,-9.37085581699608,3.7313343349806));
#1821=CARTESIAN_POINT('',(-6.40041355060905,-11.085841459107,3.75779266831393));
#1822=CARTESIAN_POINT('',(-3.42997128422185,-12.8008271012179,3.78425100164727));
#1823=CARTESIAN_POINT('',(-5.33079960463218E-14,-12.8008271012179,3.8107093349806));
#1824=CARTESIAN_POINT('',(3.42997128422165,-12.800827101218,3.83716766831393));
#1825=CARTESIAN_POINT('',(6.40041355060888,-11.0858414591071,3.86362600164727));
#1826=CARTESIAN_POINT('',(9.3708558169961,-9.37085581699623,3.8900843349806));
#1827=CARTESIAN_POINT('',(11.085841459107,-6.40041355060903,3.91654266831393));
#1828=CARTESIAN_POINT('',(12.8008271012179,-3.42997128422183,3.94300100164727));
#1829=CARTESIAN_POINT('',(12.8008271012179,-1.22308330956805E-13,3.9694593349806));
#1830=CARTESIAN_POINT('',(12.800827101218,3.42997128422167,3.99591766831393));
#1831=CARTESIAN_POINT('',(11.0858414591071,6.4004135506089,4.02237600164727));
#1832=CARTESIAN_POINT('',(9.37085581699621,9.37085581699612,4.0488343349806));
#1833=CARTESIAN_POINT('',(6.40041355060901,11.085841459107,4.07529266831393));
#1834=CARTESIAN_POINT('',(3.4299712842218,12.8008271012179,4.10175100164727));
#1835=CARTESIAN_POINT('',(1.00353318782373E-13,12.8008271012179,4.1282093349806));
#1836=CARTESIAN_POINT('',(-3.4299712842216,12.800827101218,4.15466766831393));
#1837=CARTESIAN_POINT('',(-6.40041355060892,11.0858414591071,4.18112600164727));
#1838=CARTESIAN_POINT('',(-9.37085581699607,9.37085581699627,4.2075843349806));
#1839=CARTESIAN_POINT('',(-11.085841459107,6.40041355060899,4.23404266831393));
#1840=CARTESIAN_POINT('',(-12.8008271012179,3.42997128422187,4.26050100164727));
#1841=CARTESIAN_POINT('',(-12.8008271012179,1.69353653692856E-13,4.2869593349806));
#1842=CARTESIAN_POINT('',(-12.800827101218,-3.42997128422172,4.31341766831393));
#1843=CARTESIAN_POINT('',(-11.0858414591071,-6.40041355060886,4.33987600164727));
#1844=CARTESIAN_POINT('',(-9.37085581699618,-9.37085581699615,4.3663343349806));
#1845=CARTESIAN_POINT('',(-6.40041355060905,-11.085841459107,4.39279266831393));
#1846=CARTESIAN_POINT('',(-3.42997128422194,-12.8008271012179,4.41925100164727));
#1847=CARTESIAN_POINT('',(-5.64432944335108E-14,-12.8008271012179,4.4457093349806));
#1848=CARTESIAN_POINT('',(3.42997128422165,-12.800827101218,4.47216766831393));
#1849=CARTESIAN_POINT('',(6.40041355060895,-11.0858414591071,4.49862600164727));
#1850=CARTESIAN_POINT('',(9.3708558169961,-9.37085581699623,4.5250843349806));
#1851=CARTESIAN_POINT('',(11.085841459107,-6.40041355060911,4.55154266831393));
#1852=CARTESIAN_POINT('',(12.8008271012179,-3.42997128422183,4.57800100164727));
#1853=CARTESIAN_POINT('',(12.8008271012179,-1.25443629343994E-13,4.6044593349806));
#1854=CARTESIAN_POINT('',(12.8008271012179,3.42997128422176,4.63091766831394));
#1855=CARTESIAN_POINT('',(11.0858414591071,6.40041355060889,4.65737600164727));
#1856=CARTESIAN_POINT('',(9.37085581699628,9.37085581699605,4.6838343349806));
#1857=CARTESIAN_POINT('',(6.40041355060901,11.085841459107,4.71029266831393));
#1858=CARTESIAN_POINT('',(3.4299712842219,12.8008271012179,4.73675100164727));
#1859=CARTESIAN_POINT('',(1.25332700846482E-14,12.8008271012179,4.7632093349806));
#1860=CARTESIAN_POINT('',(-3.42997128422169,12.800827101218,4.78966766831393));
#1861=CARTESIAN_POINT('',(-6.40041355060884,11.0858414591071,4.81612600164727));
#1862=CARTESIAN_POINT('',(-9.37085581699613,9.3708558169962,4.8425843349806));
#1863=CARTESIAN_POINT('',(-11.085841459107,6.40041355060907,4.86904266831393));
#1864=CARTESIAN_POINT('',(-12.8008271012179,3.42997128422197,4.89550100164727));
#1865=CARTESIAN_POINT('',(-12.8008271012179,8.15336049951312E-14,4.9219593349806));
#1866=CARTESIAN_POINT('',(-12.800827101218,-3.42997128422162,4.94841766831393));
#1867=CARTESIAN_POINT('',(-11.0858414591071,-6.40041355060893,4.97487600164727));
#1868=CARTESIAN_POINT('',(-9.37085581699625,-9.37085581699608,5.0013343349806));
#1869=CARTESIAN_POINT('',(-6.40041355060913,-11.085841459107,5.02779266831393));
#1870=CARTESIAN_POINT('',(-3.42997128422185,-12.8008271012179,5.05425100164727));
#1871=CARTESIAN_POINT('',(-1.50533939905614E-13,-12.8008271012179,5.0807093349806));
#1872=CARTESIAN_POINT('',(3.42997128422174,-12.800827101218,5.10716766831393));
#1873=CARTESIAN_POINT('',(6.40041355060887,-11.0858414591071,5.13362600164727));
#1874=CARTESIAN_POINT('',(9.37085581699603,-9.3708558169963,5.1600843349806));
#1875=CARTESIAN_POINT('',(11.085841459107,-6.40041355060904,5.18654266831393));
#1876=CARTESIAN_POINT('',(12.8008271012179,-3.42997128422192,5.21300100164727));
#1877=CARTESIAN_POINT('',(12.8008271012179,-3.76235806462686E-14,5.2394593349806));
#1878=CARTESIAN_POINT('',(12.8008271012179,0.,-2.3805406650194));
#1879=CARTESIAN_POINT('',(12.8008271012179,3.42997128422178,-2.35408233168607));
#1880=CARTESIAN_POINT('',(11.0858414591071,6.40041355060897,-2.32762399835273));
#1881=CARTESIAN_POINT('',(9.37085581699616,9.37085581699616,-2.3011656650194));
#1882=CARTESIAN_POINT('',(6.40041355060897,11.0858414591071,-2.27470733168607));
#1883=CARTESIAN_POINT('',(3.42997128422178,12.8008271012179,-2.24824899835273));
#1884=CARTESIAN_POINT('',(7.83824596797262E-16,12.8008271012179,-2.2217906650194));
#1885=CARTESIAN_POINT('',(-3.42997128422178,12.8008271012179,-2.19533233168607));
#1886=CARTESIAN_POINT('',(-6.40041355060897,11.0858414591071,-2.16887399835273));
#1887=CARTESIAN_POINT('',(-9.37085581699616,9.37085581699616,-2.1424156650194));
#1888=CARTESIAN_POINT('',(-11.085841459107,6.40041355060897,-2.11595733168607));
#1889=CARTESIAN_POINT('',(-12.8008271012179,3.42997128422178,-2.08949899835273));
#1890=CARTESIAN_POINT('',(-12.8008271012179,1.56764919359452E-15,-2.0630406650194));
#1891=CARTESIAN_POINT('',(-12.8008271012179,-3.42997128422177,-2.03658233168607));
#1892=CARTESIAN_POINT('',(-11.0858414591071,-6.40041355060897,-2.01012399835273));
#1893=CARTESIAN_POINT('',(-9.37085581699617,-9.37085581699616,-1.9836656650194));
#1894=CARTESIAN_POINT('',(-6.40041355060898,-11.085841459107,-1.95720733168607));
#1895=CARTESIAN_POINT('',(-3.42997128422179,-12.8008271012179,-1.93074899835273));
#1896=CARTESIAN_POINT('',(-2.35147379039179E-15,-12.8008271012179,-1.9042906650194));
#1897=CARTESIAN_POINT('',(3.42997128422177,-12.8008271012179,-1.87783233168607));
#1898=CARTESIAN_POINT('',(6.40041355060896,-11.0858414591071,-1.85137399835273));
#1899=CARTESIAN_POINT('',(9.37085581699616,-9.37085581699617,-1.8249156650194));
#1900=CARTESIAN_POINT('',(11.085841459107,-6.40041355060898,-1.79845733168607));
#1901=CARTESIAN_POINT('',(12.8008271012179,-3.42997128422179,-1.77199899835273));
#1902=CARTESIAN_POINT('',(12.8008271012179,0.,-1.7455406650194));
#1903=CARTESIAN_POINT('',(12.8008271012179,3.42997128422178,-1.71908233168607));
#1904=CARTESIAN_POINT('',(11.0858414591071,6.40041355060897,-1.69262399835273));
#1905=CARTESIAN_POINT('',(9.37085581699616,9.37085581699616,-1.6661656650194));
#1906=CARTESIAN_POINT('',(6.40041355060897,11.0858414591071,-1.63970733168607));
#1907=CARTESIAN_POINT('',(3.42997128422178,12.8008271012179,-1.61324899835273));
#1908=CARTESIAN_POINT('',(7.83824596797262E-16,12.8008271012179,-1.5867906650194));
#1909=CARTESIAN_POINT('',(-3.42997128422178,12.8008271012179,-1.56033233168607));
#1910=CARTESIAN_POINT('',(-6.40041355060897,11.0858414591071,-1.53387399835273));
#1911=CARTESIAN_POINT('',(-9.37085581699616,9.37085581699616,-1.5074156650194));
#1912=CARTESIAN_POINT('',(-11.085841459107,6.40041355060897,-1.48095733168607));
#1913=CARTESIAN_POINT('',(-12.8008271012179,3.42997128422178,-1.45449899835273));
#1914=CARTESIAN_POINT('',(-12.8008271012179,1.56764919359452E-15,-1.4280406650194));
#1915=CARTESIAN_POINT('',(-12.8008271012179,-3.42997128422177,-1.40158233168607));
#1916=CARTESIAN_POINT('',(-11.0858414591071,-6.40041355060897,-1.37512399835273));
#1917=CARTESIAN_POINT('',(-9.37085581699617,-9.37085581699616,-1.3486656650194));
#1918=CARTESIAN_POINT('',(-6.40041355060898,-11.085841459107,-1.32220733168607));
#1919=CARTESIAN_POINT('',(-3.42997128422179,-12.8008271012179,-1.29574899835273));
#1920=CARTESIAN_POINT('',(-2.35147379039179E-15,-12.8008271012179,-1.2692906650194));
#1921=CARTESIAN_POINT('',(3.42997128422177,-12.8008271012179,-1.24283233168607));
#1922=CARTESIAN_POINT('',(6.40041355060896,-11.0858414591071,-1.21637399835273));
#1923=CARTESIAN_POINT('',(9.37085581699616,-9.37085581699617,-1.1899156650194));
#1924=CARTESIAN_POINT('',(11.085841459107,-6.40041355060898,-1.16345733168607));
#1925=CARTESIAN_POINT('',(12.8008271012179,-3.42997128422179,-1.13699899835273));
#1926=CARTESIAN_POINT('',(12.8008271012179,0.,-1.1105406650194));
#1927=CARTESIAN_POINT('',(12.8008271012179,3.42997128422178,-1.08408233168607));
#1928=CARTESIAN_POINT('',(11.0858414591071,6.40041355060897,-1.05762399835273));
#1929=CARTESIAN_POINT('',(9.37085581699616,9.37085581699616,-1.0311656650194));
#1930=CARTESIAN_POINT('',(6.40041355060897,11.0858414591071,-1.00470733168607));
#1931=CARTESIAN_POINT('',(3.42997128422178,12.8008271012179,-0.978248998352734));
#1932=CARTESIAN_POINT('',(7.83824596797262E-16,12.8008271012179,-0.951790665019401));
#1933=CARTESIAN_POINT('',(-3.42997128422178,12.8008271012179,-0.925332331686067));
#1934=CARTESIAN_POINT('',(-6.40041355060897,11.0858414591071,-0.898873998352734));
#1935=CARTESIAN_POINT('',(-9.37085581699616,9.37085581699616,-0.872415665019401));
#1936=CARTESIAN_POINT('',(-11.085841459107,6.40041355060897,-0.845957331686067));
#1937=CARTESIAN_POINT('',(-12.8008271012179,3.42997128422178,-0.819498998352734));
#1938=CARTESIAN_POINT('',(-12.8008271012179,1.56764919359452E-15,-0.793040665019401));
#1939=CARTESIAN_POINT('',(-12.8008271012179,-3.42997128422177,-0.766582331686067));
#1940=CARTESIAN_POINT('',(-11.0858414591071,-6.40041355060897,-0.740123998352734));
#1941=CARTESIAN_POINT('',(-9.37085581699617,-9.37085581699616,-0.713665665019401));
#1942=CARTESIAN_POINT('',(-6.40041355060898,-11.085841459107,-0.687207331686067));
#1943=CARTESIAN_POINT('',(-3.42997128422179,-12.8008271012179,-0.660748998352734));
#1944=CARTESIAN_POINT('',(-2.35147379039179E-15,-12.8008271012179,-0.634290665019401));
#1945=CARTESIAN_POINT('',(3.42997128422177,-12.8008271012179,-0.607832331686067));
#1946=CARTESIAN_POINT('',(6.40041355060896,-11.0858414591071,-0.581373998352734));
#1947=CARTESIAN_POINT('',(9.37085581699616,-9.37085581699617,-0.554915665019401));
#1948=CARTESIAN_POINT('',(11.085841459107,-6.40041355060898,-0.528457331686067));
#1949=CARTESIAN_POINT('',(12.8008271012179,-3.42997128422179,-0.501998998352734));
#1950=CARTESIAN_POINT('',(12.8008271012179,0.,-0.475540665019401));
#1951=CARTESIAN_POINT('',(12.8008271012179,3.42997128422178,-0.449082331686067));
#1952=CARTESIAN_POINT('',(11.0858414591071,6.40041355060897,-0.422623998352734));
#1953=CARTESIAN_POINT('',(9.37085581699616,9.37085581699616,-0.396165665019401));
#1954=CARTESIAN_POINT('',(6.40041355060897,11.0858414591071,-0.369707331686067));
#1955=CARTESIAN_POINT('',(3.42997128422178,12.8008271012179,-0.343248998352734));
#1956=CARTESIAN_POINT('',(7.83824596797262E-16,12.8008271012179,-0.316790665019401));
#1957=CARTESIAN_POINT('',(-3.42997128422178,12.8008271012179,-0.290332331686067));
#1958=CARTESIAN_POINT('',(-6.40041355060897,11.0858414591071,-0.263873998352734));
#1959=CARTESIAN_POINT('',(-9.37085581699616,9.37085581699616,-0.237415665019401));
#1960=CARTESIAN_POINT('',(-11.085841459107,6.40041355060897,-0.210957331686067));
#1961=CARTESIAN_POINT('',(-12.8008271012179,3.42997128422178,-0.184498998352734));
#1962=CARTESIAN_POINT('',(-12.8008271012179,1.56764919359452E-15,-0.158040665019401));
#1963=CARTESIAN_POINT('',(-12.8008271012179,-3.42997128422177,-0.131582331686067));
#1964=CARTESIAN_POINT('',(-11.0858414591071,-6.40041355060897,-0.105123998352734));
#1965=CARTESIAN_POINT('',(-9.37085581699617,-9.37085581699616,-0.0786656650194006));
#1966=CARTESIAN_POINT('',(-6.40041355060898,-11.085841459107,-0.0522073316860669));
#1967=CARTESIAN_POINT('',(-3.42997128422179,-12.8008271012179,-0.0257489983527337));
#1968=CARTESIAN_POINT('',(-2.35147379039179E-15,-12.8008271012179,0.000709334980599462));
#1969=CARTESIAN_POINT('',(3.42997128422177,-12.8008271012179,0.0271676683139331));
#1970=CARTESIAN_POINT('',(6.40041355060896,-11.0858414591071,0.0536260016472663));
#1971=CARTESIAN_POINT('',(9.37085581699616,-9.37085581699617,0.0800843349805995));
#1972=CARTESIAN_POINT('',(11.085841459107,-6.40041355060898,0.106542668313933));
#1973=CARTESIAN_POINT('',(12.8008271012179,-3.42997128422179,0.133001001647266));
#1974=CARTESIAN_POINT('',(12.8008271012179,0.,0.159459334980599));
#1975=CARTESIAN_POINT('',(12.8008271012179,3.42997128422178,0.185917668313933));
#1976=CARTESIAN_POINT('',(11.0858414591071,6.40041355060897,0.212376001647266));
#1977=CARTESIAN_POINT('',(9.37085581699616,9.37085581699616,0.2388343349806));
#1978=CARTESIAN_POINT('',(6.40041355060897,11.0858414591071,0.265292668313933));
#1979=CARTESIAN_POINT('',(3.42997128422178,12.8008271012179,0.291751001647266));
#1980=CARTESIAN_POINT('',(7.83824596797262E-16,12.8008271012179,0.3182093349806));
#1981=CARTESIAN_POINT('',(-3.42997128422178,12.8008271012179,0.344667668313933));
#1982=CARTESIAN_POINT('',(-6.40041355060897,11.0858414591071,0.371126001647266));
#1983=CARTESIAN_POINT('',(-9.37085581699616,9.37085581699616,0.3975843349806));
#1984=CARTESIAN_POINT('',(-11.085841459107,6.40041355060897,0.424042668313933));
#1985=CARTESIAN_POINT('',(-12.8008271012179,3.42997128422178,0.450501001647266));
#1986=CARTESIAN_POINT('',(-12.8008271012179,1.56764919359452E-15,0.4769593349806));
#1987=CARTESIAN_POINT('',(-12.8008271012179,-3.42997128422177,0.503417668313933));
#1988=CARTESIAN_POINT('',(-11.0858414591071,-6.40041355060897,0.529876001647266));
#1989=CARTESIAN_POINT('',(-9.37085581699617,-9.37085581699616,0.5563343349806));
#1990=CARTESIAN_POINT('',(-6.40041355060898,-11.085841459107,0.582792668313933));
#1991=CARTESIAN_POINT('',(-3.42997128422179,-12.8008271012179,0.609251001647266));
#1992=CARTESIAN_POINT('',(-2.35147379039179E-15,-12.8008271012179,0.6357093349806));
#1993=CARTESIAN_POINT('',(3.42997128422177,-12.8008271012179,0.662167668313933));
#1994=CARTESIAN_POINT('',(6.40041355060896,-11.0858414591071,0.688626001647266));
#1995=CARTESIAN_POINT('',(9.37085581699616,-9.37085581699617,0.7150843349806));
#1996=CARTESIAN_POINT('',(11.085841459107,-6.40041355060898,0.741542668313933));
#1997=CARTESIAN_POINT('',(12.8008271012179,-3.42997128422179,0.768001001647266));
#1998=CARTESIAN_POINT('',(12.8008271012179,0.,0.7944593349806));
#1999=CARTESIAN_POINT('',(12.8008271012179,3.42997128422178,0.820917668313933));
#2000=CARTESIAN_POINT('',(11.0858414591071,6.40041355060897,0.847376001647266));
#2001=CARTESIAN_POINT('',(9.37085581699616,9.37085581699616,0.8738343349806));
#2002=CARTESIAN_POINT('',(6.40041355060897,11.0858414591071,0.900292668313933));
#2003=CARTESIAN_POINT('',(3.42997128422178,12.8008271012179,0.926751001647267));
#2004=CARTESIAN_POINT('',(7.83824596797262E-16,12.8008271012179,0.9532093349806));
#2005=CARTESIAN_POINT('',(-3.42997128422178,12.8008271012179,0.979667668313933));
#2006=CARTESIAN_POINT('',(-6.40041355060897,11.0858414591071,1.00612600164727));
#2007=CARTESIAN_POINT('',(-9.37085581699616,9.37085581699616,1.0325843349806));
#2008=CARTESIAN_POINT('',(-11.085841459107,6.40041355060897,1.05904266831393));
#2009=CARTESIAN_POINT('',(-12.8008271012179,3.42997128422178,1.08550100164727));
#2010=CARTESIAN_POINT('',(-12.8008271012179,1.56764919359452E-15,1.1119593349806));
#2011=CARTESIAN_POINT('',(-12.8008271012179,-3.42997128422177,1.13841766831393));
#2012=CARTESIAN_POINT('',(-11.0858414591071,-6.40041355060897,1.16487600164727));
#2013=CARTESIAN_POINT('',(-9.37085581699617,-9.37085581699616,1.1913343349806));
#2014=CARTESIAN_POINT('',(-6.40041355060898,-11.085841459107,1.21779266831393));
#2015=CARTESIAN_POINT('',(-3.42997128422179,-12.8008271012179,1.24425100164727));
#2016=CARTESIAN_POINT('',(-2.35147379039179E-15,-12.8008271012179,1.2707093349806));
#2017=CARTESIAN_POINT('',(3.42997128422177,-12.8008271012179,1.29716766831393));
#2018=CARTESIAN_POINT('',(6.40041355060896,-11.0858414591071,1.32362600164727));
#2019=CARTESIAN_POINT('',(9.37085581699616,-9.37085581699617,1.3500843349806));
#2020=CARTESIAN_POINT('',(11.085841459107,-6.40041355060898,1.37654266831393));
#2021=CARTESIAN_POINT('',(12.8008271012179,-3.42997128422179,1.40300100164727));
#2022=CARTESIAN_POINT('',(12.8008271012179,0.,1.4294593349806));
#2023=CARTESIAN_POINT('',(12.8008271012179,3.42997128422178,1.45591766831393));
#2024=CARTESIAN_POINT('',(11.0858414591071,6.40041355060897,1.48237600164727));
#2025=CARTESIAN_POINT('',(9.37085581699616,9.37085581699616,1.5088343349806));
#2026=CARTESIAN_POINT('',(6.40041355060897,11.0858414591071,1.53529266831393));
#2027=CARTESIAN_POINT('',(3.42997128422178,12.8008271012179,1.56175100164727));
#2028=CARTESIAN_POINT('',(7.83824596797262E-16,12.8008271012179,1.5882093349806));
#2029=CARTESIAN_POINT('',(-3.42997128422178,12.8008271012179,1.61466766831393));
#2030=CARTESIAN_POINT('',(-6.40041355060897,11.0858414591071,1.64112600164727));
#2031=CARTESIAN_POINT('',(-9.37085581699616,9.37085581699616,1.6675843349806));
#2032=CARTESIAN_POINT('',(-11.085841459107,6.40041355060897,1.69404266831393));
#2033=CARTESIAN_POINT('',(-12.8008271012179,3.42997128422178,1.72050100164727));
#2034=CARTESIAN_POINT('',(-12.8008271012179,1.56764919359452E-15,1.7469593349806));
#2035=CARTESIAN_POINT('',(-12.8008271012179,-3.42997128422177,1.77341766831393));
#2036=CARTESIAN_POINT('',(-11.0858414591071,-6.40041355060897,1.79987600164727));
#2037=CARTESIAN_POINT('',(-9.37085581699617,-9.37085581699616,1.8263343349806));
#2038=CARTESIAN_POINT('',(-6.40041355060898,-11.085841459107,1.85279266831393));
#2039=CARTESIAN_POINT('',(-3.42997128422179,-12.8008271012179,1.87925100164727));
#2040=CARTESIAN_POINT('',(-2.35147379039179E-15,-12.8008271012179,1.9057093349806));
#2041=CARTESIAN_POINT('',(3.42997128422177,-12.8008271012179,1.93216766831393));
#2042=CARTESIAN_POINT('',(6.40041355060896,-11.0858414591071,1.95862600164727));
#2043=CARTESIAN_POINT('',(9.37085581699616,-9.37085581699617,1.9850843349806));
#2044=CARTESIAN_POINT('',(11.085841459107,-6.40041355060898,2.01154266831393));
#2045=CARTESIAN_POINT('',(12.8008271012179,-3.42997128422179,2.03800100164727));
#2046=CARTESIAN_POINT('',(12.8008271012179,0.,2.0644593349806));
#2047=CARTESIAN_POINT('',(12.8008271012179,3.42997128422178,2.09091766831393));
#2048=CARTESIAN_POINT('',(11.0858414591071,6.40041355060897,2.11737600164727));
#2049=CARTESIAN_POINT('',(9.37085581699616,9.37085581699616,2.1438343349806));
#2050=CARTESIAN_POINT('',(6.40041355060897,11.0858414591071,2.17029266831393));
#2051=CARTESIAN_POINT('',(3.42997128422178,12.8008271012179,2.19675100164727));
#2052=CARTESIAN_POINT('',(7.83824596797262E-16,12.8008271012179,2.2232093349806));
#2053=CARTESIAN_POINT('',(-3.42997128422178,12.8008271012179,2.24966766831393));
#2054=CARTESIAN_POINT('',(-6.40041355060897,11.0858414591071,2.27612600164727));
#2055=CARTESIAN_POINT('',(-9.37085581699616,9.37085581699616,2.3025843349806));
#2056=CARTESIAN_POINT('',(-11.085841459107,6.40041355060897,2.32904266831393));
#2057=CARTESIAN_POINT('',(-12.8008271012179,3.42997128422178,2.35550100164727));
#2058=CARTESIAN_POINT('',(-12.8008271012179,1.56764919359452E-15,2.3819593349806));
#2059=CARTESIAN_POINT('',(-12.8008271012179,-3.42997128422177,2.40841766831393));
#2060=CARTESIAN_POINT('',(-11.0858414591071,-6.40041355060897,2.43487600164727));
#2061=CARTESIAN_POINT('',(-9.37085581699617,-9.37085581699616,2.4613343349806));
#2062=CARTESIAN_POINT('',(-6.40041355060898,-11.085841459107,2.48779266831393));
#2063=CARTESIAN_POINT('',(-3.42997128422179,-12.8008271012179,2.51425100164727));
#2064=CARTESIAN_POINT('',(-2.35147379039179E-15,-12.8008271012179,2.5407093349806));
#2065=CARTESIAN_POINT('',(3.42997128422177,-12.8008271012179,2.56716766831393));
#2066=CARTESIAN_POINT('',(6.40041355060896,-11.0858414591071,2.59362600164727));
#2067=CARTESIAN_POINT('',(9.37085581699616,-9.37085581699617,2.6200843349806));
#2068=CARTESIAN_POINT('',(11.085841459107,-6.40041355060898,2.64654266831393));
#2069=CARTESIAN_POINT('',(12.8008271012179,-3.42997128422179,2.67300100164727));
#2070=CARTESIAN_POINT('',(12.8008271012179,0.,2.6994593349806));
#2071=CARTESIAN_POINT('',(12.8008271012179,3.42997128422178,2.72591766831393));
#2072=CARTESIAN_POINT('',(11.0858414591071,6.40041355060897,2.75237600164727));
#2073=CARTESIAN_POINT('',(9.37085581699616,9.37085581699616,2.7788343349806));
#2074=CARTESIAN_POINT('',(6.40041355060897,11.0858414591071,2.80529266831393));
#2075=CARTESIAN_POINT('',(3.94792017034143,12.5017891723903,2.82713752558895));
#2076=CARTESIAN_POINT('',(1.1270218881184,12.7511174466781,2.84941289491123));
#2077=CARTESIAN_POINT('',(13.1445,0.,-2.1821210243944));
#2078=CARTESIAN_POINT('',(13.1445,3.52205815991089,-2.15566269106107));
#2079=CARTESIAN_POINT('',(11.3834709200446,6.57225,-2.12920435772773));
#2080=CARTESIAN_POINT('',(9.62244184008911,9.62244184008911,-2.1027460243944));
#2081=CARTESIAN_POINT('',(6.57225,11.3834709200446,-2.07628769106107));
#2082=CARTESIAN_POINT('',(3.52205815991089,13.1445,-2.04982935772773));
#2083=CARTESIAN_POINT('',(8.04868492569619E-16,13.1445,-2.0233710243944));
#2084=CARTESIAN_POINT('',(-3.52205815991089,13.1445,-1.99691269106107));
#2085=CARTESIAN_POINT('',(-6.57225,11.3834709200446,-1.97045435772773));
#2086=CARTESIAN_POINT('',(-9.6224418400891,9.62244184008911,-1.9439960243944));
#2087=CARTESIAN_POINT('',(-11.3834709200445,6.57225,-1.91753769106107));
#2088=CARTESIAN_POINT('',(-13.1445,3.5220581599109,-1.89107935772773));
#2089=CARTESIAN_POINT('',(-13.1445,1.60973698513924E-15,-1.8646210243944));
#2090=CARTESIAN_POINT('',(-13.1445,-3.52205815991089,-1.83816269106107));
#2091=CARTESIAN_POINT('',(-11.3834709200446,-6.57225,-1.81170435772773));
#2092=CARTESIAN_POINT('',(-9.62244184008911,-9.6224418400891,-1.7852460243944));
#2093=CARTESIAN_POINT('',(-6.57225,-11.3834709200445,-1.75878769106107));
#2094=CARTESIAN_POINT('',(-3.5220581599109,-13.1445,-1.73232935772773));
#2095=CARTESIAN_POINT('',(-2.41460547770886E-15,-13.1445,-1.7058710243944));
#2096=CARTESIAN_POINT('',(3.52205815991088,-13.1445,-1.67941269106107));
#2097=CARTESIAN_POINT('',(6.57224999999999,-11.3834709200446,-1.65295435772773));
#2098=CARTESIAN_POINT('',(9.6224418400891,-9.62244184008911,-1.6264960243944));
#2099=CARTESIAN_POINT('',(11.3834709200445,-6.57225,-1.60003769106107));
#2100=CARTESIAN_POINT('',(13.1445,-3.5220581599109,-1.57357935772773));
#2101=CARTESIAN_POINT('',(13.1445,0.,-1.5471210243944));
#2102=CARTESIAN_POINT('',(13.1445,3.52205815991089,-1.52066269106107));
#2103=CARTESIAN_POINT('',(11.3834709200446,6.57225,-1.49420435772773));
#2104=CARTESIAN_POINT('',(9.62244184008911,9.62244184008911,-1.4677460243944));
#2105=CARTESIAN_POINT('',(6.57225,11.3834709200446,-1.44128769106107));
#2106=CARTESIAN_POINT('',(3.52205815991089,13.1445,-1.41482935772773));
#2107=CARTESIAN_POINT('',(8.04868492569619E-16,13.1445,-1.3883710243944));
#2108=CARTESIAN_POINT('',(-3.52205815991089,13.1445,-1.36191269106107));
#2109=CARTESIAN_POINT('',(-6.57225,11.3834709200446,-1.33545435772773));
#2110=CARTESIAN_POINT('',(-9.6224418400891,9.62244184008911,-1.3089960243944));
#2111=CARTESIAN_POINT('',(-11.3834709200445,6.57225,-1.28253769106107));
#2112=CARTESIAN_POINT('',(-13.1445,3.5220581599109,-1.25607935772773));
#2113=CARTESIAN_POINT('',(-13.1445,1.60973698513924E-15,-1.2296210243944));
#2114=CARTESIAN_POINT('',(-13.1445,-3.52205815991089,-1.20316269106107));
#2115=CARTESIAN_POINT('',(-11.3834709200446,-6.57225,-1.17670435772773));
#2116=CARTESIAN_POINT('',(-9.62244184008911,-9.6224418400891,-1.1502460243944));
#2117=CARTESIAN_POINT('',(-6.57225,-11.3834709200445,-1.12378769106107));
#2118=CARTESIAN_POINT('',(-3.5220581599109,-13.1445,-1.09732935772773));
#2119=CARTESIAN_POINT('',(-2.41460547770886E-15,-13.1445,-1.0708710243944));
#2120=CARTESIAN_POINT('',(3.52205815991088,-13.1445,-1.04441269106107));
#2121=CARTESIAN_POINT('',(6.57224999999999,-11.3834709200446,-1.01795435772773));
#2122=CARTESIAN_POINT('',(9.6224418400891,-9.62244184008911,-0.991496024394401));
#2123=CARTESIAN_POINT('',(11.3834709200445,-6.57225,-0.965037691061068));
#2124=CARTESIAN_POINT('',(13.1445,-3.5220581599109,-0.938579357727734));
#2125=CARTESIAN_POINT('',(13.1445,0.,-0.912121024394401));
#2126=CARTESIAN_POINT('',(13.1445,3.52205815991089,-0.885662691061068));
#2127=CARTESIAN_POINT('',(11.3834709200446,6.57225,-0.859204357727734));
#2128=CARTESIAN_POINT('',(9.62244184008911,9.62244184008911,-0.832746024394401));
#2129=CARTESIAN_POINT('',(6.57225,11.3834709200446,-0.806287691061068));
#2130=CARTESIAN_POINT('',(3.52205815991089,13.1445,-0.779829357727734));
#2131=CARTESIAN_POINT('',(8.04868492569619E-16,13.1445,-0.753371024394401));
#2132=CARTESIAN_POINT('',(-3.52205815991089,13.1445,-0.726912691061068));
#2133=CARTESIAN_POINT('',(-6.57225,11.3834709200446,-0.700454357727734));
#2134=CARTESIAN_POINT('',(-9.6224418400891,9.62244184008911,-0.673996024394401));
#2135=CARTESIAN_POINT('',(-11.3834709200445,6.57225,-0.647537691061068));
#2136=CARTESIAN_POINT('',(-13.1445,3.5220581599109,-0.621079357727734));
#2137=CARTESIAN_POINT('',(-13.1445,1.60973698513924E-15,-0.594621024394401));
#2138=CARTESIAN_POINT('',(-13.1445,-3.52205815991089,-0.568162691061068));
#2139=CARTESIAN_POINT('',(-11.3834709200446,-6.57225,-0.541704357727734));
#2140=CARTESIAN_POINT('',(-9.62244184008911,-9.6224418400891,-0.515246024394401));
#2141=CARTESIAN_POINT('',(-6.57225,-11.3834709200445,-0.488787691061068));
#2142=CARTESIAN_POINT('',(-3.5220581599109,-13.1445,-0.462329357727734));
#2143=CARTESIAN_POINT('',(-2.41460547770886E-15,-13.1445,-0.435871024394401));
#2144=CARTESIAN_POINT('',(3.52205815991088,-13.1445,-0.409412691061068));
#2145=CARTESIAN_POINT('',(6.57224999999999,-11.3834709200446,-0.382954357727734));
#2146=CARTESIAN_POINT('',(9.6224418400891,-9.62244184008911,-0.356496024394401));
#2147=CARTESIAN_POINT('',(11.3834709200445,-6.57225,-0.330037691061068));
#2148=CARTESIAN_POINT('',(13.1445,-3.5220581599109,-0.303579357727734));
#2149=CARTESIAN_POINT('',(13.1445,0.,-0.277121024394401));
#2150=CARTESIAN_POINT('',(13.1445,3.52205815991089,-0.250662691061068));
#2151=CARTESIAN_POINT('',(11.3834709200446,6.57225,-0.224204357727734));
#2152=CARTESIAN_POINT('',(9.62244184008911,9.62244184008911,-0.197746024394401));
#2153=CARTESIAN_POINT('',(6.57225,11.3834709200446,-0.171287691061067));
#2154=CARTESIAN_POINT('',(3.52205815991089,13.1445,-0.144829357727734));
#2155=CARTESIAN_POINT('',(8.04868492569619E-16,13.1445,-0.118371024394401));
#2156=CARTESIAN_POINT('',(-3.52205815991089,13.1445,-0.0919126910610673));
#2157=CARTESIAN_POINT('',(-6.57225,11.3834709200446,-0.0654543577277341));
#2158=CARTESIAN_POINT('',(-9.6224418400891,9.62244184008911,-0.0389960243944009));
#2159=CARTESIAN_POINT('',(-11.3834709200445,6.57225,-0.0125376910610673));
#2160=CARTESIAN_POINT('',(-13.1445,3.5220581599109,0.0139206422722659));
#2161=CARTESIAN_POINT('',(-13.1445,1.60973698513924E-15,0.0403789756055991));
#2162=CARTESIAN_POINT('',(-13.1445,-3.52205815991089,0.0668373089389327));
#2163=CARTESIAN_POINT('',(-11.3834709200446,-6.57225,0.0932956422722659));
#2164=CARTESIAN_POINT('',(-9.62244184008911,-9.6224418400891,0.119753975605599));
#2165=CARTESIAN_POINT('',(-6.57225,-11.3834709200445,0.146212308938933));
#2166=CARTESIAN_POINT('',(-3.5220581599109,-13.1445,0.172670642272266));
#2167=CARTESIAN_POINT('',(-2.41460547770886E-15,-13.1445,0.199128975605599));
#2168=CARTESIAN_POINT('',(3.52205815991088,-13.1445,0.225587308938933));
#2169=CARTESIAN_POINT('',(6.57224999999999,-11.3834709200446,0.252045642272266));
#2170=CARTESIAN_POINT('',(9.6224418400891,-9.62244184008911,0.278503975605599));
#2171=CARTESIAN_POINT('',(11.3834709200445,-6.57225,0.304962308938933));
#2172=CARTESIAN_POINT('',(13.1445,-3.5220581599109,0.331420642272266));
#2173=CARTESIAN_POINT('',(13.1445,0.,0.357878975605599));
#2174=CARTESIAN_POINT('',(13.1445,3.52205815991089,0.384337308938933));
#2175=CARTESIAN_POINT('',(11.3834709200446,6.57225,0.410795642272266));
#2176=CARTESIAN_POINT('',(9.62244184008911,9.62244184008911,0.437253975605599));
#2177=CARTESIAN_POINT('',(6.57225,11.3834709200446,0.463712308938933));
#2178=CARTESIAN_POINT('',(3.52205815991089,13.1445,0.490170642272266));
#2179=CARTESIAN_POINT('',(8.04868492569619E-16,13.1445,0.516628975605599));
#2180=CARTESIAN_POINT('',(-3.52205815991089,13.1445,0.543087308938933));
#2181=CARTESIAN_POINT('',(-6.57225,11.3834709200446,0.569545642272266));
#2182=CARTESIAN_POINT('',(-9.6224418400891,9.62244184008911,0.596003975605599));
#2183=CARTESIAN_POINT('',(-11.3834709200445,6.57225,0.622462308938933));
#2184=CARTESIAN_POINT('',(-13.1445,3.5220581599109,0.648920642272266));
#2185=CARTESIAN_POINT('',(-13.1445,1.60973698513924E-15,0.675378975605599));
#2186=CARTESIAN_POINT('',(-13.1445,-3.52205815991089,0.701837308938933));
#2187=CARTESIAN_POINT('',(-11.3834709200446,-6.57225,0.728295642272266));
#2188=CARTESIAN_POINT('',(-9.62244184008911,-9.6224418400891,0.754753975605599));
#2189=CARTESIAN_POINT('',(-6.57225,-11.3834709200445,0.781212308938933));
#2190=CARTESIAN_POINT('',(-3.5220581599109,-13.1445,0.807670642272266));
#2191=CARTESIAN_POINT('',(-2.41460547770886E-15,-13.1445,0.834128975605599));
#2192=CARTESIAN_POINT('',(3.52205815991088,-13.1445,0.860587308938933));
#2193=CARTESIAN_POINT('',(6.57224999999999,-11.3834709200446,0.887045642272266));
#2194=CARTESIAN_POINT('',(9.6224418400891,-9.62244184008911,0.913503975605599));
#2195=CARTESIAN_POINT('',(11.3834709200445,-6.57225,0.939962308938933));
#2196=CARTESIAN_POINT('',(13.1445,-3.5220581599109,0.966420642272266));
#2197=CARTESIAN_POINT('',(13.1445,0.,0.992878975605599));
#2198=CARTESIAN_POINT('',(13.1445,3.52205815991089,1.01933730893893));
#2199=CARTESIAN_POINT('',(11.3834709200446,6.57225,1.04579564227227));
#2200=CARTESIAN_POINT('',(9.62244184008911,9.62244184008911,1.0722539756056));
#2201=CARTESIAN_POINT('',(6.57225,11.3834709200446,1.09871230893893));
#2202=CARTESIAN_POINT('',(3.52205815991089,13.1445,1.12517064227227));
#2203=CARTESIAN_POINT('',(8.04868492569619E-16,13.1445,1.1516289756056));
#2204=CARTESIAN_POINT('',(-3.52205815991089,13.1445,1.17808730893893));
#2205=CARTESIAN_POINT('',(-6.57225,11.3834709200446,1.20454564227227));
#2206=CARTESIAN_POINT('',(-9.6224418400891,9.62244184008911,1.2310039756056));
#2207=CARTESIAN_POINT('',(-11.3834709200445,6.57225,1.25746230893893));
#2208=CARTESIAN_POINT('',(-13.1445,3.5220581599109,1.28392064227227));
#2209=CARTESIAN_POINT('',(-13.1445,1.60973698513924E-15,1.3103789756056));
#2210=CARTESIAN_POINT('',(-13.1445,-3.52205815991089,1.33683730893893));
#2211=CARTESIAN_POINT('',(-11.3834709200446,-6.57225,1.36329564227227));
#2212=CARTESIAN_POINT('',(-9.62244184008911,-9.6224418400891,1.3897539756056));
#2213=CARTESIAN_POINT('',(-6.57225,-11.3834709200445,1.41621230893893));
#2214=CARTESIAN_POINT('',(-3.5220581599109,-13.1445,1.44267064227227));
#2215=CARTESIAN_POINT('',(-2.41460547770886E-15,-13.1445,1.4691289756056));
#2216=CARTESIAN_POINT('',(3.52205815991088,-13.1445,1.49558730893893));
#2217=CARTESIAN_POINT('',(6.57224999999999,-11.3834709200446,1.52204564227227));
#2218=CARTESIAN_POINT('',(9.6224418400891,-9.62244184008911,1.5485039756056));
#2219=CARTESIAN_POINT('',(11.3834709200445,-6.57225,1.57496230893893));
#2220=CARTESIAN_POINT('',(13.1445,-3.5220581599109,1.60142064227227));
#2221=CARTESIAN_POINT('',(13.1445,0.,1.6278789756056));
#2222=CARTESIAN_POINT('',(13.1445,3.52205815991089,1.65433730893893));
#2223=CARTESIAN_POINT('',(11.3834709200446,6.57225,1.68079564227227));
#2224=CARTESIAN_POINT('',(9.62244184008911,9.62244184008911,1.7072539756056));
#2225=CARTESIAN_POINT('',(6.57225,11.3834709200446,1.73371230893893));
#2226=CARTESIAN_POINT('',(3.52205815991089,13.1445,1.76017064227227));
#2227=CARTESIAN_POINT('',(8.04868492569619E-16,13.1445,1.7866289756056));
#2228=CARTESIAN_POINT('',(-3.52205815991089,13.1445,1.81308730893893));
#2229=CARTESIAN_POINT('',(-6.57225,11.3834709200446,1.83954564227227));
#2230=CARTESIAN_POINT('',(-9.6224418400891,9.62244184008911,1.8660039756056));
#2231=CARTESIAN_POINT('',(-11.3834709200445,6.57225,1.89246230893893));
#2232=CARTESIAN_POINT('',(-13.1445,3.5220581599109,1.91892064227227));
#2233=CARTESIAN_POINT('',(-13.1445,1.60973698513924E-15,1.9453789756056));
#2234=CARTESIAN_POINT('',(-13.1445,-3.52205815991089,1.97183730893893));
#2235=CARTESIAN_POINT('',(-11.3834709200446,-6.57225,1.99829564227227));
#2236=CARTESIAN_POINT('',(-9.62244184008911,-9.6224418400891,2.0247539756056));
#2237=CARTESIAN_POINT('',(-6.57225,-11.3834709200445,2.05121230893893));
#2238=CARTESIAN_POINT('',(-3.5220581599109,-13.1445,2.07767064227227));
#2239=CARTESIAN_POINT('',(-2.41460547770886E-15,-13.1445,2.1041289756056));
#2240=CARTESIAN_POINT('',(3.52205815991088,-13.1445,2.13058730893893));
#2241=CARTESIAN_POINT('',(6.57224999999999,-11.3834709200446,2.15704564227227));
#2242=CARTESIAN_POINT('',(9.6224418400891,-9.62244184008911,2.1835039756056));
#2243=CARTESIAN_POINT('',(11.3834709200445,-6.57225,2.20996230893893));
#2244=CARTESIAN_POINT('',(13.1445,-3.5220581599109,2.23642064227227));
#2245=CARTESIAN_POINT('',(13.1445,0.,2.2628789756056));
#2246=CARTESIAN_POINT('',(13.1445,3.52205815991089,2.28933730893893));
#2247=CARTESIAN_POINT('',(11.3834709200446,6.57225,2.31579564227227));
#2248=CARTESIAN_POINT('',(9.62244184008911,9.62244184008911,2.3422539756056));
#2249=CARTESIAN_POINT('',(6.57225,11.3834709200446,2.36871230893893));
#2250=CARTESIAN_POINT('',(3.52205815991089,13.1445,2.39517064227227));
#2251=CARTESIAN_POINT('',(8.04868492569619E-16,13.1445,2.4216289756056));
#2252=CARTESIAN_POINT('',(-3.52205815991089,13.1445,2.44808730893893));
#2253=CARTESIAN_POINT('',(-6.57225,11.3834709200446,2.47454564227227));
#2254=CARTESIAN_POINT('',(-9.6224418400891,9.62244184008911,2.5010039756056));
#2255=CARTESIAN_POINT('',(-11.3834709200445,6.57225,2.52746230893893));
#2256=CARTESIAN_POINT('',(-13.1445,3.5220581599109,2.55392064227227));
#2257=CARTESIAN_POINT('',(-13.1445,1.60973698513924E-15,2.5803789756056));
#2258=CARTESIAN_POINT('',(-13.1445,-3.52205815991089,2.60683730893893));
#2259=CARTESIAN_POINT('',(-11.3834709200446,-6.57225,2.63329564227227));
#2260=CARTESIAN_POINT('',(-9.62244184008911,-9.6224418400891,2.6597539756056));
#2261=CARTESIAN_POINT('',(-6.57225,-11.3834709200445,2.68621230893893));
#2262=CARTESIAN_POINT('',(-3.5220581599109,-13.1445,2.71267064227227));
#2263=CARTESIAN_POINT('',(-2.41460547770886E-15,-13.1445,2.7391289756056));
#2264=CARTESIAN_POINT('',(3.52205815991088,-13.1445,2.76558730893893));
#2265=CARTESIAN_POINT('',(6.57224999999999,-11.3834709200446,2.79204564227227));
#2266=CARTESIAN_POINT('',(9.6224418400891,-9.62244184008911,2.8185039756056));
#2267=CARTESIAN_POINT('',(11.3834709200445,-6.57225,2.84496230893893));
#2268=CARTESIAN_POINT('',(13.1445,-3.5220581599109,2.87142064227227));
#2269=CARTESIAN_POINT('',(13.1445,0.,2.8978789756056));
#2270=CARTESIAN_POINT('',(13.1445,3.52205815991089,2.92433730893893));
#2271=CARTESIAN_POINT('',(11.3834709200446,6.57225,2.95079564227227));
#2272=CARTESIAN_POINT('',(9.62244184008911,9.62244184008911,2.9772539756056));
#2273=CARTESIAN_POINT('',(6.57225,11.3834709200446,3.00371230893893));
#2274=CARTESIAN_POINT('',(4.05391278772256,12.8374335874632,3.02555716621395));
#2275=CARTESIAN_POINT('',(1.15727984537521,13.0934557550514,3.04783253553623));
#2276=CARTESIAN_POINT('',(0.,0.,2.4778789756056));
#2277=CARTESIAN_POINT('',(0.,0.,2.4778789756056));
#2278=CARTESIAN_POINT('',(4.,0.,2.4778789756056));
#2279=CARTESIAN_POINT('',(0.,0.,2.4778789756056));
#2280=CARTESIAN_POINT('',(1.24683249835833E-15,10.15,29.7218383516026));
#2281=CARTESIAN_POINT('',(0.,-10.15,29.7218383516026));
#2282=MECHANICAL_DESIGN_GEOMETRIC_PRESENTATION_REPRESENTATION('',(#183),
#2283);
#2283=(
GEOMETRIC_REPRESENTATION_CONTEXT(3)
GLOBAL_UNCERTAINTY_ASSIGNED_CONTEXT((#2284))
GLOBAL_UNIT_ASSIGNED_CONTEXT((#2287,#2286,#2285))
REPRESENTATION_CONTEXT('29_FDML_stimfix_collimator_lens_holder_tube',
'TOP_LEVEL_ASSEMBLY_PART')
);
#2284=UNCERTAINTY_MEASURE_WITH_UNIT(LENGTH_MEASURE(0.005),#2287,
'DISTANCE_ACCURACY_VALUE','Maximum Tolerance applied to model');
#2285=(
NAMED_UNIT(*)
SI_UNIT($,.STERADIAN.)
SOLID_ANGLE_UNIT()
);
#2286=(
NAMED_UNIT(*)
PLANE_ANGLE_UNIT()
SI_UNIT($,.RADIAN.)
);
#2287=(
LENGTH_UNIT()
NAMED_UNIT(*)
SI_UNIT(.MILLI.,.METRE.)
);
#2288=PRODUCT_DEFINITION_SHAPE('','',#2289);
#2289=PRODUCT_DEFINITION('','',#2291,#2290);
#2290=PRODUCT_DEFINITION_CONTEXT('',#2297,'design');
#2291=PRODUCT_DEFINITION_FORMATION_WITH_SPECIFIED_SOURCE('','',#2293,
 .NOT_KNOWN.);
#2292=PRODUCT_RELATED_PRODUCT_CATEGORY('','',(#2293));
#2293=PRODUCT('29_FDML_stimfix_collimator_lens_holder_tube',
'29_FDML_stimfix_collimator_lens_holder_tube',
'29_FDML_stimfix_collimator_lens_holder_tube',(#2295));
#2294=PRODUCT_CATEGORY('','');
#2295=PRODUCT_CONTEXT('',#2297,'mechanical');
#2296=APPLICATION_PROTOCOL_DEFINITION('international standard',
'automotive_design',2010,#2297);
#2297=APPLICATION_CONTEXT(
'core data for automotive mechanical design processes');
ENDSEC;
END-ISO-10303-21;
