ISO-10303-21;
HEADER;
/* Generated by software containing ST-Developer
 * from STEP Tools, Inc. (www.steptools.com) 
 */
/* OPTION: strings as raw bytes, not using required /X/ escapes */

FILE_DESCRIPTION(
/* description */ ('Unknown'),
/* implementation_level */ '2;1');

FILE_NAME(
/* name */ '17_FDML_stimfix_Badal_screw_8mm_end_cap',
/* time_stamp */ '2026-09-07T15:01:07+02:00',
/* author */ ('Unknown'),
/* organization */ ('Unknown'),
/* preprocessor_version */ 'ST-DEVELOPER v16.7',
/* originating_system */ 'Solid Edge',
/* authorisation */ 'Unknown');

FILE_SCHEMA (('AUTOMOTIVE_DESIGN {1 0 10303 214 3 1 1}'));
ENDSEC;

DATA;
#10=PROPERTY_DEFINITION_REPRESENTATION(#14,#12);
#11=PROPERTY_DEFINITION_REPRESENTATION(#15,#13);
#12=REPRESENTATION('',(#16),#3013);
#13=REPRESENTATION('',(#17),#3013);
#14=PROPERTY_DEFINITION('pmi validation property','',#3018);
#15=PROPERTY_DEFINITION('pmi validation property','',#3018);
#16=VALUE_REPRESENTATION_ITEM('number of annotations',COUNT_MEASURE(0.));
#17=VALUE_REPRESENTATION_ITEM('number of views',COUNT_MEASURE(0.));
#18=SHAPE_REPRESENTATION_RELATIONSHIP('','',#155,#19);
#19=ADVANCED_BREP_SHAPE_REPRESENTATION('',(#153),#3013);
#20=CYLINDRICAL_SURFACE('',#163,3.3235);
#21=CYLINDRICAL_SURFACE('',#165,4.00008234670659);
#22=CYLINDRICAL_SURFACE('',#169,6.);
#23=CYLINDRICAL_SURFACE('',#172,4.);
#24=(
BOUNDED_CURVE()
B_SPLINE_CURVE(2,(#708,#709,#710,#711,#712,#713,#714,#715,#716,#717,#718,
#719,#720,#721,#722,#723,#724,#725,#726,#727,#728,#729,#730,#731,#732,#733,
#734,#735,#736,#737,#738,#739,#740,#741,#742,#743,#744,#745,#746,#747,#748,
#749,#750,#751,#752,#753,#754,#755,#756,#757,#758,#759,#760,#761,#762,#763,
#764,#765,#766,#767,#768,#769,#770,#771,#772,#773,#774,#775,#776,#777,#778,
#779,#780,#781,#782,#783,#784,#785,#786,#787,#788,#789,#790,#791,#792,#793,
#794,#795,#796,#797,#798,#799,#800,#801,#802,#803,#804,#805,#806,#807,#808,
#809,#810,#811,#812,#813,#814,#815,#816,#817,#818,#819,#820,#821,#822,#823,
#824,#825,#826,#827,#828,#829,#830,#831,#832,#833,#834,#835,#836,#837,#838,
#839,#840,#841,#842,#843,#844,#845,#846,#847,#848,#849,#850,#851,#852,#853,
#854,#855,#856,#857,#858,#859,#860,#861,#862,#863,#864,#865,#866,#867,#868,
#869,#870,#871,#872,#873,#874,#875,#876,#877,#878,#879,#880,#881,#882,#883,
#884,#885,#886,#887,#888,#889,#890,#891,#892,#893,#894,#895,#896,#897,#898,
#899,#900,#901,#902,#903,#904,#905,#906,#907,#908,#909,#910,#911,#912,#913,
#914,#915,#916,#917,#918,#919,#920,#921,#922,#923,#924,#925,#926,#927,#928,
#929,#930,#931,#932,#933,#934,#935,#936,#937,#938,#939,#940,#941,#942,#943,
#944,#945,#946,#947,#948,#949,#950,#951,#952,#953,#954,#955,#956,#957,#958,
#959,#960,#961,#962,#963,#964,#965,#966,#967,#968,#969,#970,#971,#972,#973,
#974,#975,#976,#977,#978,#979,#980,#981,#982,#983,#984,#985,#986,#987,#988,
#989,#990,#991,#992,#993,#994,#995,#996,#997,#998,#999,#1000,#1001,#1002,
#1003,#1004,#1005,#1006,#1007,#1008,#1009,#1010,#1011,#1012,#1013,#1014,
#1015,#1016,#1017,#1018,#1019,#1020,#1021,#1022,#1023,#1024,#1025,#1026,
#1027,#1028,#1029,#1030,#1031,#1032,#1033,#1034,#1035,#1036,#1037,#1038,
#1039,#1040,#1041,#1042,#1043,#1044,#1045,#1046,#1047,#1048,#1049,#1050,
#1051,#1052,#1053,#1054,#1055,#1056,#1057,#1058,#1059,#1060,#1061,#1062,
#1063,#1064,#1065,#1066,#1067,#1068,#1069,#1070,#1071,#1072,#1073,#1074,
#1075,#1076,#1077,#1078,#1079,#1080,#1081,#1082,#1083,#1084,#1085,#1086,
#1087,#1088,#1089,#1090,#1091,#1092,#1093,#1094,#1095,#1096,#1097,#1098,
#1099,#1100,#1101,#1102,#1103,#1104,#1105,#1106,#1107,#1108,#1109,#1110,
#1111,#1112,#1113,#1114,#1115,#1116,#1117,#1118,#1119,#1120,#1121,#1122,
#1123,#1124,#1125,#1126,#1127,#1128,#1129,#1130,#1131,#1132,#1133,#1134,
#1135,#1136,#1137,#1138,#1139,#1140,#1141,#1142,#1143,#1144,#1145,#1146,
#1147,#1148,#1149,#1150,#1151,#1152,#1153,#1154,#1155,#1156),
 .UNSPECIFIED.,.F.,.F.)
B_SPLINE_CURVE_WITH_KNOTS((3,2,2,2,2,2,2,2,2,2,2,2,2,2,2,2,2,2,2,2,2,2,
2,2,2,2,2,2,2,2,2,2,2,2,2,2,2,2,2,2,2,2,2,2,2,2,2,2,2,2,2,2,2,2,2,2,2,2,
2,2,2,2,2,2,2,2,2,2,2,2,2,2,2,2,2,2,2,2,2,2,2,2,2,2,2,2,2,2,2,2,2,2,2,2,
2,2,2,2,2,2,2,2,2,2,2,2,2,2,2,2,2,2,2,2,2,2,2,2,2,2,2,2,2,2,2,2,2,2,2,2,
2,2,2,2,2,2,2,2,2,2,2,2,2,2,2,2,2,2,2,2,2,2,2,2,2,2,2,2,2,2,2,2,2,2,2,2,
2,2,2,2,2,2,2,2,2,2,2,2,2,2,2,2,2,2,2,2,2,2,2,2,2,2,2,2,2,2,2,2,2,2,2,2,
2,2,2,2,2,2,2,2,2,2,2,2,2,2,2,2,2,2,2,2,2,2,3),(0.,0.00446428571428571,
0.00892857142857143,0.0133928571428571,0.0178571428571429,0.0223214285714286,
0.0267857142857143,0.03125,0.0357142857142857,0.0401785714285714,0.0446428571428571,
0.0491071428571429,0.0535714285714286,0.0580357142857143,0.0625,0.0669642857142857,
0.0714285714285714,0.0758928571428571,0.0803571428571429,0.0848214285714286,
0.0892857142857143,0.09375,0.0982142857142857,0.102678571428571,0.107142857142857,
0.111607142857143,0.116071428571429,0.120535714285714,0.125,0.129464285714286,
0.133928571428571,0.138392857142857,0.142857142857143,0.147321428571429,
0.151785714285714,0.15625,0.160714285714286,0.165178571428571,0.169642857142857,
0.174107142857143,0.178571428571429,0.183035714285714,0.1875,0.191964285714286,
0.196428571428571,0.200892857142857,0.205357142857143,0.209821428571429,
0.214285714285714,0.21875,0.223214285714286,0.227678571428571,0.232142857142857,
0.236607142857143,0.241071428571429,0.245535714285714,0.25,0.254464285714286,
0.258928571428571,0.263392857142857,0.267857142857143,0.272321428571429,
0.276785714285714,0.28125,0.285714285714286,0.290178571428571,0.294642857142857,
0.299107142857143,0.303571428571429,0.308035714285714,0.3125,0.316964285714286,
0.321428571428571,0.325892857142857,0.330357142857143,0.334821428571429,
0.339285714285714,0.34375,0.348214285714286,0.352678571428571,0.357142857142857,
0.361607142857143,0.366071428571429,0.370535714285714,0.375,0.379464285714286,
0.383928571428571,0.388392857142857,0.392857142857143,0.397321428571429,
0.401785714285714,0.40625,0.410714285714286,0.415178571428571,0.419642857142857,
0.424107142857143,0.428571428571429,0.433035714285714,0.4375,0.441964285714286,
0.446428571428571,0.450892857142857,0.455357142857143,0.459821428571429,
0.464285714285714,0.46875,0.473214285714286,0.477678571428571,0.482142857142857,
0.486607142857143,0.491071428571429,0.495535714285714,0.5,0.504464285714286,
0.508928571428571,0.513392857142857,0.517857142857143,0.522321428571429,
0.526785714285714,0.53125,0.535714285714286,0.540178571428571,0.544642857142857,
0.549107142857143,0.553571428571429,0.558035714285714,0.5625,0.566964285714286,
0.571428571428571,0.575892857142857,0.580357142857143,0.584821428571429,
0.589285714285714,0.59375,0.598214285714286,0.602678571428571,0.607142857142857,
0.611607142857143,0.616071428571429,0.620535714285714,0.625,0.629464285714286,
0.633928571428571,0.638392857142857,0.642857142857143,0.647321428571429,
0.651785714285714,0.65625,0.660714285714286,0.665178571428571,0.669642857142857,
0.674107142857143,0.678571428571429,0.683035714285714,0.6875,0.691964285714286,
0.696428571428571,0.700892857142857,0.705357142857143,0.709821428571429,
0.714285714285714,0.71875,0.723214285714286,0.727678571428571,0.732142857142857,
0.736607142857143,0.741071428571429,0.745535714285714,0.75,0.754464285714286,
0.758928571428571,0.763392857142857,0.767857142857143,0.772321428571429,
0.776785714285714,0.78125,0.785714285714286,0.790178571428571,0.794642857142857,
0.799107142857143,0.803571428571429,0.808035714285714,0.8125,0.816964285714286,
0.821428571428571,0.825892857142857,0.830357142857143,0.834821428571429,
0.839285714285714,0.84375,0.848214285714286,0.852678571428571,0.857142857142857,
0.861607142857143,0.866071428571429,0.870535714285714,0.875,0.879464285714286,
0.883928571428571,0.888392857142857,0.892857142857143,0.897321428571429,
0.901785714285714,0.90625,0.910714285714286,0.915178571428571,0.919642857142857,
0.924107142857143,0.928571428571429,0.933035714285714,0.9375,0.941964285714286,
0.946428571428571,0.950892857142857,0.955357142857143,0.959821428571429,
0.964285714285714,0.96875,0.973214285714286,0.977678571428571,0.982142857142857,
0.986607142857143,0.991071428571429,0.995535714285714,1.),.UNSPECIFIED.)
CURVE()
GEOMETRIC_REPRESENTATION_ITEM()
RATIONAL_B_SPLINE_CURVE((1.,0.974927912181824,1.,0.974927912181824,1.,0.974927912181824,
1.,0.974927912181824,1.,0.974927912181824,1.,0.974927912181824,1.,0.974927912181824,
1.,0.974927912181824,1.,0.974927912181824,1.,0.974927912181824,1.,0.974927912181824,
1.,0.974927912181824,1.,0.974927912181824,1.,0.974927912181824,1.,0.974927912181824,
1.,0.974927912181824,1.,0.974927912181824,1.,0.974927912181824,1.,0.974927912181824,
1.,0.974927912181824,1.,0.974927912181824,1.,0.974927912181824,1.,0.974927912181824,
1.,0.974927912181824,1.,0.974927912181824,1.,0.974927912181824,1.,0.974927912181824,
1.,0.974927912181824,1.,0.974927912181824,1.,0.974927912181824,1.,0.974927912181824,
1.,0.974927912181824,1.,0.974927912181824,1.,0.974927912181824,1.,0.974927912181824,
1.,0.974927912181824,1.,0.974927912181824,1.,0.974927912181824,1.,0.974927912181824,
1.,0.974927912181824,1.,0.974927912181824,1.,0.974927912181824,1.,0.974927912181824,
1.,0.974927912181824,1.,0.974927912181824,1.,0.974927912181824,1.,0.974927912181824,
1.,0.974927912181824,1.,0.974927912181824,1.,0.974927912181824,1.,0.974927912181824,
1.,0.974927912181824,1.,0.974927912181824,1.,0.974927912181824,1.,0.974927912181824,
1.,0.974927912181824,1.,0.974927912181824,1.,0.974927912181824,1.,0.974927912181824,
1.,0.974927912181824,1.,0.974927912181824,1.,0.974927912181824,1.,0.974927912181824,
1.,0.974927912181824,1.,0.974927912181824,1.,0.974927912181824,1.,0.974927912181824,
1.,0.974927912181824,1.,0.974927912181824,1.,0.974927912181824,1.,0.974927912181824,
1.,0.974927912181824,1.,0.974927912181824,1.,0.974927912181824,1.,0.974927912181824,
1.,0.974927912181824,1.,0.974927912181824,1.,0.974927912181824,1.,0.974927912181824,
1.,0.974927912181824,1.,0.974927912181824,1.,0.974927912181824,1.,0.974927912181824,
1.,0.974927912181824,1.,0.974927912181824,1.,0.974927912181824,1.,0.974927912181824,
1.,0.974927912181824,1.,0.974927912181824,1.,0.974927912181824,1.,0.974927912181824,
1.,0.974927912181824,1.,0.974927912181824,1.,0.974927912181824,1.,0.974927912181824,
1.,0.974927912181824,1.,0.974927912181824,1.,0.974927912181824,1.,0.974927912181824,
1.,0.974927912181824,1.,0.974927912181824,1.,0.974927912181824,1.,0.974927912181824,
1.,0.974927912181824,1.,0.974927912181824,1.,0.974927912181824,1.,0.974927912181824,
1.,0.974927912181824,1.,0.974927912181824,1.,0.974927912181824,1.,0.974927912181824,
1.,0.974927912181824,1.,0.974927912181824,1.,0.974927912181824,1.,0.974927912181824,
1.,0.974927912181824,1.,0.974927912181824,1.,0.974927912181824,1.,0.974927912181824,
1.,0.974927912181824,1.,0.974927912181824,1.,0.974927912181824,1.,0.974927912181824,
1.,0.974927912181824,1.,0.974927912181824,1.,0.974927912181824,1.,0.974927912181824,
1.,0.974927912181824,1.,0.974927912181824,1.,0.974927912181824,1.,0.974927912181824,
1.,0.974927912181824,1.,0.974927912181824,1.,0.974927912181824,1.,0.974927912181824,
1.,0.974927912181824,1.,0.974927912181824,1.,0.974927912181824,1.,0.974927912181824,
1.,0.974927912181824,1.,0.974927912181824,1.,0.974927912181824,1.,0.974927912181824,
1.,0.974927912181824,1.,0.974927912181824,1.,0.974927912181824,1.,0.974927912181824,
1.,0.974927912181824,1.,0.974927912181824,1.,0.974927912181824,1.,0.974927912181824,
1.,0.974927912181824,1.,0.974927912181824,1.,0.974927912181824,1.,0.974927912181824,
1.,0.974927912181824,1.,0.974927912181824,1.,0.974927912181824,1.,0.974927912181824,
1.,0.974927912181824,1.,0.974927912181824,1.,0.974927912181824,1.,0.974927912181824,
1.,0.974927912181824,1.,0.974927912181824,1.,0.974927912181824,1.,0.974927912181824,
1.,0.974927912181824,1.,0.974927912181824,1.,0.974927912181824,1.,0.974927912181824,
1.,0.974927912181824,1.,0.974927912181824,1.,0.974927912181824,1.,0.974927912181824,
1.,0.974927912181824,1.,0.974927912181824,1.,0.974927912181824,1.,0.974927912181824,
1.,0.974927912181824,1.,0.974927912181824,1.,0.974927912181824,1.,0.974927912181824,
1.,0.974927912181824,1.,0.974927912181824,1.,0.974927912181824,1.,0.974927912181824,
1.,0.974927912181824,1.,0.974927912181824,1.,0.974927912181824,1.,0.974927912181824,
1.,0.974927912181824,1.,0.974927912181824,1.,0.974927912181824,1.,0.974927912181824,
1.,0.974927912181824,1.,0.974927912181824,1.,0.974927912181824,1.,0.974927912181824,
1.,0.974927912181824,1.,0.974927912181824,1.,0.974927912181824,1.,0.974927912181824,
1.,0.974927912181824,1.,0.974927912181824,1.,0.974927912181824,1.,0.974927912181824,
1.,0.974927912181824,1.,0.974927912181824,1.,0.974927912181824,1.,0.974927912181824,
1.,0.974927912181824,1.,0.974927912181824,1.,0.974927912181824,1.,0.974927912181824,
1.,0.974927912181824,1.,0.974927912181824,1.,0.974927912181824,1.,0.974927912181824,
1.,0.974927912181824,1.,0.974927912181824,1.,0.974927912181824,1.,0.974927912181824,
1.,0.974927912181824,1.))
REPRESENTATION_ITEM('')
);
#25=(
BOUNDED_CURVE()
B_SPLINE_CURVE(2,(#1166,#1167,#1168,#1169,#1170,#1171,#1172,#1173,#1174,
#1175,#1176,#1177,#1178,#1179,#1180,#1181,#1182,#1183,#1184,#1185,#1186,
#1187,#1188,#1189,#1190,#1191,#1192,#1193,#1194,#1195,#1196,#1197,#1198,
#1199,#1200,#1201,#1202,#1203,#1204,#1205,#1206,#1207,#1208,#1209,#1210,
#1211,#1212,#1213,#1214,#1215,#1216,#1217,#1218,#1219,#1220,#1221,#1222,
#1223,#1224,#1225,#1226,#1227,#1228,#1229,#1230,#1231,#1232,#1233,#1234,
#1235,#1236,#1237,#1238,#1239,#1240,#1241,#1242,#1243,#1244,#1245,#1246,
#1247,#1248,#1249,#1250,#1251,#1252,#1253,#1254,#1255,#1256,#1257,#1258,
#1259,#1260,#1261,#1262,#1263,#1264,#1265,#1266,#1267,#1268,#1269,#1270,
#1271,#1272,#1273,#1274,#1275,#1276,#1277,#1278,#1279,#1280,#1281,#1282,
#1283,#1284,#1285,#1286,#1287,#1288,#1289,#1290,#1291,#1292,#1293,#1294,
#1295,#1296,#1297,#1298,#1299,#1300,#1301,#1302,#1303,#1304,#1305,#1306,
#1307,#1308,#1309,#1310,#1311,#1312,#1313,#1314,#1315,#1316,#1317,#1318,
#1319,#1320,#1321,#1322,#1323,#1324,#1325,#1326,#1327,#1328,#1329,#1330,
#1331,#1332,#1333,#1334,#1335,#1336,#1337,#1338,#1339,#1340,#1341,#1342,
#1343,#1344,#1345,#1346,#1347,#1348,#1349,#1350,#1351,#1352,#1353,#1354,
#1355,#1356,#1357,#1358,#1359,#1360,#1361,#1362,#1363,#1364,#1365,#1366,
#1367,#1368,#1369,#1370,#1371,#1372,#1373,#1374,#1375,#1376,#1377,#1378,
#1379,#1380,#1381,#1382,#1383,#1384,#1385,#1386,#1387,#1388,#1389,#1390,
#1391,#1392,#1393,#1394,#1395,#1396,#1397,#1398,#1399,#1400,#1401,#1402,
#1403,#1404,#1405,#1406,#1407,#1408,#1409,#1410,#1411,#1412,#1413,#1414,
#1415,#1416,#1417,#1418,#1419,#1420,#1421,#1422,#1423,#1424,#1425,#1426,
#1427,#1428,#1429,#1430,#1431,#1432,#1433,#1434,#1435,#1436,#1437,#1438,
#1439,#1440,#1441,#1442,#1443,#1444,#1445,#1446,#1447,#1448,#1449,#1450,
#1451,#1452,#1453,#1454,#1455,#1456,#1457,#1458,#1459,#1460,#1461,#1462,
#1463,#1464,#1465,#1466,#1467,#1468,#1469,#1470,#1471,#1472,#1473,#1474,
#1475,#1476,#1477,#1478,#1479,#1480,#1481,#1482,#1483,#1484,#1485,#1486,
#1487,#1488,#1489,#1490,#1491,#1492,#1493,#1494,#1495,#1496,#1497,#1498,
#1499,#1500,#1501,#1502,#1503,#1504,#1505,#1506,#1507,#1508,#1509,#1510,
#1511,#1512,#1513,#1514,#1515,#1516,#1517,#1518,#1519,#1520,#1521,#1522,
#1523,#1524,#1525,#1526,#1527,#1528,#1529,#1530,#1531,#1532,#1533,#1534,
#1535,#1536,#1537,#1538,#1539,#1540,#1541,#1542,#1543,#1544,#1545,#1546,
#1547,#1548,#1549,#1550,#1551,#1552,#1553,#1554,#1555,#1556,#1557,#1558,
#1559,#1560,#1561,#1562,#1563,#1564,#1565,#1566,#1567,#1568,#1569,#1570,
#1571,#1572,#1573,#1574,#1575,#1576,#1577,#1578,#1579,#1580,#1581,#1582,
#1583,#1584,#1585,#1586,#1587,#1588,#1589,#1590,#1591,#1592,#1593,#1594,
#1595,#1596,#1597,#1598,#1599,#1600,#1601,#1602,#1603,#1604,#1605,#1606,
#1607,#1608,#1609,#1610,#1611,#1612,#1613,#1614),.UNSPECIFIED.,.F.,.F.)
B_SPLINE_CURVE_WITH_KNOTS((3,2,2,2,2,2,2,2,2,2,2,2,2,2,2,2,2,2,2,2,2,2,
2,2,2,2,2,2,2,2,2,2,2,2,2,2,2,2,2,2,2,2,2,2,2,2,2,2,2,2,2,2,2,2,2,2,2,2,
2,2,2,2,2,2,2,2,2,2,2,2,2,2,2,2,2,2,2,2,2,2,2,2,2,2,2,2,2,2,2,2,2,2,2,2,
2,2,2,2,2,2,2,2,2,2,2,2,2,2,2,2,2,2,2,2,2,2,2,2,2,2,2,2,2,2,2,2,2,2,2,2,
2,2,2,2,2,2,2,2,2,2,2,2,2,2,2,2,2,2,2,2,2,2,2,2,2,2,2,2,2,2,2,2,2,2,2,2,
2,2,2,2,2,2,2,2,2,2,2,2,2,2,2,2,2,2,2,2,2,2,2,2,2,2,2,2,2,2,2,2,2,2,2,2,
2,2,2,2,2,2,2,2,2,2,2,2,2,2,2,2,2,2,2,2,2,2,3),(0.,0.00446428571428571,
0.00892857142857143,0.0133928571428571,0.0178571428571429,0.0223214285714286,
0.0267857142857143,0.03125,0.0357142857142857,0.0401785714285714,0.0446428571428571,
0.0491071428571429,0.0535714285714286,0.0580357142857143,0.0625,0.0669642857142857,
0.0714285714285714,0.0758928571428571,0.0803571428571429,0.0848214285714286,
0.0892857142857143,0.09375,0.0982142857142857,0.102678571428571,0.107142857142857,
0.111607142857143,0.116071428571429,0.120535714285714,0.125,0.129464285714286,
0.133928571428571,0.138392857142857,0.142857142857143,0.147321428571429,
0.151785714285714,0.15625,0.160714285714286,0.165178571428571,0.169642857142857,
0.174107142857143,0.178571428571429,0.183035714285714,0.1875,0.191964285714286,
0.196428571428571,0.200892857142857,0.205357142857143,0.209821428571429,
0.214285714285714,0.21875,0.223214285714286,0.227678571428571,0.232142857142857,
0.236607142857143,0.241071428571429,0.245535714285714,0.25,0.254464285714286,
0.258928571428571,0.263392857142857,0.267857142857143,0.272321428571429,
0.276785714285714,0.28125,0.285714285714286,0.290178571428571,0.294642857142857,
0.299107142857143,0.303571428571429,0.308035714285714,0.3125,0.316964285714286,
0.321428571428571,0.325892857142857,0.330357142857143,0.334821428571429,
0.339285714285714,0.34375,0.348214285714286,0.352678571428571,0.357142857142857,
0.361607142857143,0.366071428571429,0.370535714285714,0.375,0.379464285714286,
0.383928571428571,0.388392857142857,0.392857142857143,0.397321428571429,
0.401785714285714,0.40625,0.410714285714286,0.415178571428571,0.419642857142857,
0.424107142857143,0.428571428571429,0.433035714285714,0.4375,0.441964285714286,
0.446428571428571,0.450892857142857,0.455357142857143,0.459821428571429,
0.464285714285714,0.46875,0.473214285714286,0.477678571428571,0.482142857142857,
0.486607142857143,0.491071428571429,0.495535714285714,0.5,0.504464285714286,
0.508928571428571,0.513392857142857,0.517857142857143,0.522321428571429,
0.526785714285714,0.53125,0.535714285714286,0.540178571428571,0.544642857142857,
0.549107142857143,0.553571428571429,0.558035714285714,0.5625,0.566964285714286,
0.571428571428571,0.575892857142857,0.580357142857143,0.584821428571429,
0.589285714285714,0.59375,0.598214285714286,0.602678571428571,0.607142857142857,
0.611607142857143,0.616071428571429,0.620535714285714,0.625,0.629464285714286,
0.633928571428571,0.638392857142857,0.642857142857143,0.647321428571429,
0.651785714285714,0.65625,0.660714285714286,0.665178571428571,0.669642857142857,
0.674107142857143,0.678571428571429,0.683035714285714,0.6875,0.691964285714286,
0.696428571428571,0.700892857142857,0.705357142857143,0.709821428571429,
0.714285714285714,0.71875,0.723214285714286,0.727678571428571,0.732142857142857,
0.736607142857143,0.741071428571429,0.745535714285714,0.75,0.754464285714286,
0.758928571428571,0.763392857142857,0.767857142857143,0.772321428571429,
0.776785714285714,0.78125,0.785714285714286,0.790178571428571,0.794642857142857,
0.799107142857143,0.803571428571429,0.808035714285714,0.8125,0.816964285714286,
0.821428571428571,0.825892857142857,0.830357142857143,0.834821428571429,
0.839285714285714,0.84375,0.848214285714286,0.852678571428571,0.857142857142857,
0.861607142857143,0.866071428571429,0.870535714285714,0.875,0.879464285714286,
0.883928571428571,0.888392857142857,0.892857142857143,0.897321428571429,
0.901785714285714,0.90625,0.910714285714286,0.915178571428571,0.919642857142857,
0.924107142857143,0.928571428571429,0.933035714285714,0.9375,0.941964285714286,
0.946428571428571,0.950892857142857,0.955357142857143,0.959821428571429,
0.964285714285714,0.96875,0.973214285714286,0.977678571428571,0.982142857142857,
0.986607142857143,0.991071428571429,0.995535714285714,1.),.UNSPECIFIED.)
CURVE()
GEOMETRIC_REPRESENTATION_ITEM()
RATIONAL_B_SPLINE_CURVE((1.,0.974927912181824,1.,0.974927912181824,1.,0.974927912181824,
1.,0.974927912181824,1.,0.974927912181824,1.,0.974927912181824,1.,0.974927912181824,
1.,0.974927912181824,1.,0.974927912181824,1.,0.974927912181824,1.,0.974927912181824,
1.,0.974927912181824,1.,0.974927912181824,1.,0.974927912181824,1.,0.974927912181824,
1.,0.974927912181824,1.,0.974927912181824,1.,0.974927912181824,1.,0.974927912181824,
1.,0.974927912181824,1.,0.974927912181824,1.,0.974927912181824,1.,0.974927912181824,
1.,0.974927912181824,1.,0.974927912181824,1.,0.974927912181824,1.,0.974927912181824,
1.,0.974927912181824,1.,0.974927912181824,1.,0.974927912181824,1.,0.974927912181824,
1.,0.974927912181824,1.,0.974927912181824,1.,0.974927912181824,1.,0.974927912181824,
1.,0.974927912181824,1.,0.974927912181824,1.,0.974927912181824,1.,0.974927912181824,
1.,0.974927912181824,1.,0.974927912181824,1.,0.974927912181824,1.,0.974927912181824,
1.,0.974927912181824,1.,0.974927912181824,1.,0.974927912181824,1.,0.974927912181824,
1.,0.974927912181824,1.,0.974927912181824,1.,0.974927912181824,1.,0.974927912181824,
1.,0.974927912181824,1.,0.974927912181824,1.,0.974927912181824,1.,0.974927912181824,
1.,0.974927912181824,1.,0.974927912181824,1.,0.974927912181824,1.,0.974927912181824,
1.,0.974927912181824,1.,0.974927912181824,1.,0.974927912181824,1.,0.974927912181824,
1.,0.974927912181824,1.,0.974927912181824,1.,0.974927912181824,1.,0.974927912181824,
1.,0.974927912181824,1.,0.974927912181824,1.,0.974927912181824,1.,0.974927912181824,
1.,0.974927912181824,1.,0.974927912181824,1.,0.974927912181824,1.,0.974927912181824,
1.,0.974927912181824,1.,0.974927912181824,1.,0.974927912181824,1.,0.974927912181824,
1.,0.974927912181824,1.,0.974927912181824,1.,0.974927912181824,1.,0.974927912181824,
1.,0.974927912181824,1.,0.974927912181824,1.,0.974927912181824,1.,0.974927912181824,
1.,0.974927912181824,1.,0.974927912181824,1.,0.974927912181824,1.,0.974927912181824,
1.,0.974927912181824,1.,0.974927912181824,1.,0.974927912181824,1.,0.974927912181824,
1.,0.974927912181824,1.,0.974927912181824,1.,0.974927912181824,1.,0.974927912181824,
1.,0.974927912181824,1.,0.974927912181824,1.,0.974927912181824,1.,0.974927912181824,
1.,0.974927912181824,1.,0.974927912181824,1.,0.974927912181824,1.,0.974927912181824,
1.,0.974927912181824,1.,0.974927912181824,1.,0.974927912181824,1.,0.974927912181824,
1.,0.974927912181824,1.,0.974927912181824,1.,0.974927912181824,1.,0.974927912181824,
1.,0.974927912181824,1.,0.974927912181824,1.,0.974927912181824,1.,0.974927912181824,
1.,0.974927912181824,1.,0.974927912181824,1.,0.974927912181824,1.,0.974927912181824,
1.,0.974927912181824,1.,0.974927912181824,1.,0.974927912181824,1.,0.974927912181824,
1.,0.974927912181824,1.,0.974927912181824,1.,0.974927912181824,1.,0.974927912181824,
1.,0.974927912181824,1.,0.974927912181824,1.,0.974927912181824,1.,0.974927912181824,
1.,0.974927912181824,1.,0.974927912181824,1.,0.974927912181824,1.,0.974927912181824,
1.,0.974927912181824,1.,0.974927912181824,1.,0.974927912181824,1.,0.974927912181824,
1.,0.974927912181824,1.,0.974927912181824,1.,0.974927912181824,1.,0.974927912181824,
1.,0.974927912181824,1.,0.974927912181824,1.,0.974927912181824,1.,0.974927912181824,
1.,0.974927912181824,1.,0.974927912181824,1.,0.974927912181824,1.,0.974927912181824,
1.,0.974927912181824,1.,0.974927912181824,1.,0.974927912181824,1.,0.974927912181824,
1.,0.974927912181824,1.,0.974927912181824,1.,0.974927912181824,1.,0.974927912181824,
1.,0.974927912181824,1.,0.974927912181824,1.,0.974927912181824,1.,0.974927912181824,
1.,0.974927912181824,1.,0.974927912181824,1.,0.974927912181824,1.,0.974927912181824,
1.,0.974927912181824,1.,0.974927912181824,1.,0.974927912181824,1.,0.974927912181824,
1.,0.974927912181824,1.,0.974927912181824,1.,0.974927912181824,1.,0.974927912181824,
1.,0.974927912181824,1.,0.974927912181824,1.,0.974927912181824,1.,0.974927912181824,
1.,0.974927912181824,1.,0.974927912181824,1.,0.974927912181824,1.,0.974927912181824,
1.,0.974927912181824,1.,0.974927912181824,1.,0.974927912181824,1.,0.974927912181824,
1.,0.974927912181824,1.,0.974927912181824,1.,0.974927912181824,1.,0.974927912181824,
1.,0.974927912181824,1.,0.974927912181824,1.,0.974927912181824,1.,0.974927912181824,
1.,0.974927912181824,1.,0.974927912181824,1.,0.974927912181824,1.,0.974927912181824,
1.,0.974927912181824,1.,0.974927912181824,1.,0.974927912181824,1.,0.974927912181824,
1.,0.974927912181824,1.,0.974927912181824,1.,0.974927912181824,1.,0.974927912181824,
1.,0.974927912181824,1.,0.974927912181824,1.,0.974927912181824,1.,0.974927912181824,
1.,0.974927912181824,1.,0.974927912181824,1.,0.974927912181824,1.,0.974927912181824,
1.,0.974927912181824,1.,0.974927912181824,1.,0.974927912181824,1.,0.974927912181824,
1.,0.974927912181824,1.))
REPRESENTATION_ITEM('')
);
#26=(
BOUNDED_CURVE()
B_SPLINE_CURVE(2,(#1618,#1619,#1620,#1621,#1622,#1623,#1624,#1625,#1626,
#1627,#1628,#1629,#1630,#1631,#1632,#1633,#1634,#1635,#1636,#1637,#1638,
#1639,#1640,#1641,#1642,#1643,#1644,#1645,#1646,#1647,#1648,#1649,#1650,
#1651,#1652,#1653,#1654,#1655,#1656,#1657,#1658,#1659,#1660,#1661,#1662,
#1663,#1664,#1665,#1666,#1667,#1668,#1669,#1670,#1671,#1672,#1673,#1674,
#1675,#1676,#1677,#1678,#1679,#1680,#1681,#1682,#1683,#1684,#1685,#1686,
#1687,#1688,#1689,#1690,#1691,#1692,#1693,#1694,#1695,#1696,#1697,#1698,
#1699,#1700,#1701,#1702,#1703,#1704,#1705,#1706,#1707,#1708,#1709,#1710,
#1711,#1712,#1713,#1714,#1715,#1716,#1717,#1718,#1719,#1720,#1721,#1722,
#1723,#1724,#1725,#1726,#1727,#1728,#1729,#1730,#1731,#1732,#1733,#1734,
#1735,#1736,#1737,#1738,#1739,#1740,#1741,#1742,#1743,#1744,#1745,#1746,
#1747,#1748,#1749,#1750,#1751,#1752,#1753,#1754,#1755,#1756,#1757,#1758,
#1759,#1760,#1761,#1762,#1763,#1764,#1765,#1766,#1767,#1768,#1769,#1770,
#1771,#1772,#1773,#1774,#1775,#1776,#1777,#1778,#1779,#1780,#1781,#1782,
#1783,#1784,#1785,#1786,#1787,#1788,#1789,#1790,#1791,#1792,#1793,#1794,
#1795,#1796,#1797,#1798,#1799,#1800,#1801,#1802,#1803,#1804,#1805,#1806,
#1807,#1808,#1809,#1810,#1811,#1812,#1813,#1814,#1815,#1816,#1817,#1818,
#1819,#1820,#1821,#1822,#1823,#1824,#1825,#1826,#1827,#1828,#1829,#1830,
#1831,#1832,#1833,#1834,#1835,#1836,#1837,#1838,#1839,#1840,#1841,#1842,
#1843,#1844,#1845,#1846,#1847,#1848,#1849,#1850,#1851,#1852,#1853,#1854,
#1855,#1856,#1857,#1858,#1859,#1860,#1861,#1862,#1863,#1864,#1865,#1866,
#1867,#1868,#1869,#1870,#1871,#1872,#1873,#1874,#1875,#1876,#1877,#1878,
#1879,#1880,#1881,#1882,#1883,#1884,#1885,#1886,#1887,#1888,#1889,#1890,
#1891,#1892,#1893,#1894,#1895,#1896,#1897,#1898,#1899,#1900,#1901,#1902,
#1903,#1904,#1905,#1906,#1907,#1908,#1909,#1910,#1911,#1912,#1913,#1914,
#1915,#1916,#1917,#1918,#1919,#1920,#1921,#1922,#1923,#1924,#1925,#1926,
#1927,#1928,#1929,#1930,#1931,#1932,#1933,#1934,#1935,#1936,#1937,#1938,
#1939,#1940,#1941,#1942,#1943,#1944,#1945,#1946,#1947,#1948,#1949,#1950,
#1951,#1952,#1953,#1954,#1955,#1956,#1957,#1958,#1959,#1960,#1961,#1962,
#1963,#1964,#1965,#1966,#1967,#1968,#1969,#1970,#1971,#1972,#1973,#1974,
#1975,#1976,#1977,#1978,#1979,#1980,#1981,#1982,#1983,#1984,#1985,#1986,
#1987,#1988,#1989,#1990,#1991,#1992,#1993,#1994,#1995,#1996,#1997,#1998,
#1999,#2000,#2001,#2002,#2003,#2004,#2005,#2006,#2007,#2008,#2009,#2010,
#2011,#2012,#2013,#2014,#2015,#2016,#2017,#2018,#2019,#2020,#2021,#2022,
#2023,#2024,#2025,#2026,#2027,#2028,#2029,#2030,#2031,#2032,#2033,#2034,
#2035,#2036,#2037,#2038,#2039,#2040,#2041,#2042,#2043,#2044,#2045,#2046,
#2047,#2048,#2049,#2050,#2051,#2052,#2053,#2054,#2055,#2056,#2057,#2058,
#2059,#2060,#2061,#2062,#2063,#2064,#2065,#2066),.UNSPECIFIED.,.F.,.F.)
B_SPLINE_CURVE_WITH_KNOTS((3,2,2,2,2,2,2,2,2,2,2,2,2,2,2,2,2,2,2,2,2,2,
2,2,2,2,2,2,2,2,2,2,2,2,2,2,2,2,2,2,2,2,2,2,2,2,2,2,2,2,2,2,2,2,2,2,2,2,
2,2,2,2,2,2,2,2,2,2,2,2,2,2,2,2,2,2,2,2,2,2,2,2,2,2,2,2,2,2,2,2,2,2,2,2,
2,2,2,2,2,2,2,2,2,2,2,2,2,2,2,2,2,2,2,2,2,2,2,2,2,2,2,2,2,2,2,2,2,2,2,2,
2,2,2,2,2,2,2,2,2,2,2,2,2,2,2,2,2,2,2,2,2,2,2,2,2,2,2,2,2,2,2,2,2,2,2,2,
2,2,2,2,2,2,2,2,2,2,2,2,2,2,2,2,2,2,2,2,2,2,2,2,2,2,2,2,2,2,2,2,2,2,2,2,
2,2,2,2,2,2,2,2,2,2,2,2,2,2,2,2,2,2,2,2,2,2,3),(0.,0.00446428571428571,
0.00892857142857143,0.0133928571428571,0.0178571428571429,0.0223214285714286,
0.0267857142857143,0.03125,0.0357142857142857,0.0401785714285714,0.0446428571428571,
0.0491071428571429,0.0535714285714286,0.0580357142857143,0.0625,0.0669642857142857,
0.0714285714285714,0.0758928571428571,0.0803571428571429,0.0848214285714286,
0.0892857142857143,0.09375,0.0982142857142857,0.102678571428571,0.107142857142857,
0.111607142857143,0.116071428571429,0.120535714285714,0.125,0.129464285714286,
0.133928571428571,0.138392857142857,0.142857142857143,0.147321428571429,
0.151785714285714,0.15625,0.160714285714286,0.165178571428571,0.169642857142857,
0.174107142857143,0.178571428571429,0.183035714285714,0.1875,0.191964285714286,
0.196428571428571,0.200892857142857,0.205357142857143,0.209821428571429,
0.214285714285714,0.21875,0.223214285714286,0.227678571428571,0.232142857142857,
0.236607142857143,0.241071428571429,0.245535714285714,0.25,0.254464285714286,
0.258928571428571,0.263392857142857,0.267857142857143,0.272321428571429,
0.276785714285714,0.28125,0.285714285714286,0.290178571428571,0.294642857142857,
0.299107142857143,0.303571428571429,0.308035714285714,0.3125,0.316964285714286,
0.321428571428571,0.325892857142857,0.330357142857143,0.334821428571429,
0.339285714285714,0.34375,0.348214285714286,0.352678571428571,0.357142857142857,
0.361607142857143,0.366071428571429,0.370535714285714,0.375,0.379464285714286,
0.383928571428571,0.388392857142857,0.392857142857143,0.397321428571429,
0.401785714285714,0.40625,0.410714285714286,0.415178571428571,0.419642857142857,
0.424107142857143,0.428571428571429,0.433035714285714,0.4375,0.441964285714286,
0.446428571428571,0.450892857142857,0.455357142857143,0.459821428571429,
0.464285714285714,0.46875,0.473214285714286,0.477678571428571,0.482142857142857,
0.486607142857143,0.491071428571429,0.495535714285714,0.5,0.504464285714286,
0.508928571428571,0.513392857142857,0.517857142857143,0.522321428571429,
0.526785714285714,0.53125,0.535714285714286,0.540178571428571,0.544642857142857,
0.549107142857143,0.553571428571429,0.558035714285714,0.5625,0.566964285714286,
0.571428571428571,0.575892857142857,0.580357142857143,0.584821428571429,
0.589285714285714,0.59375,0.598214285714286,0.602678571428571,0.607142857142857,
0.611607142857143,0.616071428571429,0.620535714285714,0.625,0.629464285714286,
0.633928571428571,0.638392857142857,0.642857142857143,0.647321428571429,
0.651785714285714,0.65625,0.660714285714286,0.665178571428571,0.669642857142857,
0.674107142857143,0.678571428571429,0.683035714285714,0.6875,0.691964285714286,
0.696428571428571,0.700892857142857,0.705357142857143,0.709821428571429,
0.714285714285714,0.71875,0.723214285714286,0.727678571428571,0.732142857142857,
0.736607142857143,0.741071428571429,0.745535714285714,0.75,0.754464285714286,
0.758928571428571,0.763392857142857,0.767857142857143,0.772321428571429,
0.776785714285714,0.78125,0.785714285714286,0.790178571428571,0.794642857142857,
0.799107142857143,0.803571428571429,0.808035714285714,0.8125,0.816964285714286,
0.821428571428571,0.825892857142857,0.830357142857143,0.834821428571429,
0.839285714285714,0.84375,0.848214285714286,0.852678571428571,0.857142857142857,
0.861607142857143,0.866071428571429,0.870535714285714,0.875,0.879464285714286,
0.883928571428571,0.888392857142857,0.892857142857143,0.897321428571429,
0.901785714285714,0.90625,0.910714285714286,0.915178571428571,0.919642857142857,
0.924107142857143,0.928571428571429,0.933035714285714,0.9375,0.941964285714286,
0.946428571428571,0.950892857142857,0.955357142857143,0.959821428571429,
0.964285714285714,0.96875,0.973214285714286,0.977678571428571,0.982142857142857,
0.986607142857143,0.991071428571429,0.995535714285714,1.),.UNSPECIFIED.)
CURVE()
GEOMETRIC_REPRESENTATION_ITEM()
RATIONAL_B_SPLINE_CURVE((1.,0.974927912181824,1.,0.974927912181824,1.,0.974927912181824,
1.,0.974927912181824,1.,0.974927912181824,1.,0.974927912181824,1.,0.974927912181824,
1.,0.974927912181824,1.,0.974927912181824,1.,0.974927912181824,1.,0.974927912181824,
1.,0.974927912181824,1.,0.974927912181824,1.,0.974927912181824,1.,0.974927912181824,
1.,0.974927912181824,1.,0.974927912181824,1.,0.974927912181824,1.,0.974927912181824,
1.,0.974927912181824,1.,0.974927912181824,1.,0.974927912181824,1.,0.974927912181824,
1.,0.974927912181824,1.,0.974927912181824,1.,0.974927912181824,1.,0.974927912181824,
1.,0.974927912181824,1.,0.974927912181824,1.,0.974927912181824,1.,0.974927912181824,
1.,0.974927912181824,1.,0.974927912181824,1.,0.974927912181824,1.,0.974927912181824,
1.,0.974927912181824,1.,0.974927912181824,1.,0.974927912181824,1.,0.974927912181824,
1.,0.974927912181824,1.,0.974927912181824,1.,0.974927912181824,1.,0.974927912181824,
1.,0.974927912181824,1.,0.974927912181824,1.,0.974927912181824,1.,0.974927912181824,
1.,0.974927912181824,1.,0.974927912181824,1.,0.974927912181824,1.,0.974927912181824,
1.,0.974927912181824,1.,0.974927912181824,1.,0.974927912181824,1.,0.974927912181824,
1.,0.974927912181824,1.,0.974927912181824,1.,0.974927912181824,1.,0.974927912181824,
1.,0.974927912181824,1.,0.974927912181824,1.,0.974927912181824,1.,0.974927912181824,
1.,0.974927912181824,1.,0.974927912181824,1.,0.974927912181824,1.,0.974927912181824,
1.,0.974927912181824,1.,0.974927912181824,1.,0.974927912181824,1.,0.974927912181824,
1.,0.974927912181824,1.,0.974927912181824,1.,0.974927912181824,1.,0.974927912181824,
1.,0.974927912181824,1.,0.974927912181824,1.,0.974927912181824,1.,0.974927912181824,
1.,0.974927912181824,1.,0.974927912181824,1.,0.974927912181824,1.,0.974927912181824,
1.,0.974927912181824,1.,0.974927912181824,1.,0.974927912181824,1.,0.974927912181824,
1.,0.974927912181824,1.,0.974927912181824,1.,0.974927912181824,1.,0.974927912181824,
1.,0.974927912181824,1.,0.974927912181824,1.,0.974927912181824,1.,0.974927912181824,
1.,0.974927912181824,1.,0.974927912181824,1.,0.974927912181824,1.,0.974927912181824,
1.,0.974927912181824,1.,0.974927912181824,1.,0.974927912181824,1.,0.974927912181824,
1.,0.974927912181824,1.,0.974927912181824,1.,0.974927912181824,1.,0.974927912181824,
1.,0.974927912181824,1.,0.974927912181824,1.,0.974927912181824,1.,0.974927912181824,
1.,0.974927912181824,1.,0.974927912181824,1.,0.974927912181824,1.,0.974927912181824,
1.,0.974927912181824,1.,0.974927912181824,1.,0.974927912181824,1.,0.974927912181824,
1.,0.974927912181824,1.,0.974927912181824,1.,0.974927912181824,1.,0.974927912181824,
1.,0.974927912181824,1.,0.974927912181824,1.,0.974927912181824,1.,0.974927912181824,
1.,0.974927912181824,1.,0.974927912181824,1.,0.974927912181824,1.,0.974927912181824,
1.,0.974927912181824,1.,0.974927912181824,1.,0.974927912181824,1.,0.974927912181824,
1.,0.974927912181824,1.,0.974927912181824,1.,0.974927912181824,1.,0.974927912181824,
1.,0.974927912181824,1.,0.974927912181824,1.,0.974927912181824,1.,0.974927912181824,
1.,0.974927912181824,1.,0.974927912181824,1.,0.974927912181824,1.,0.974927912181824,
1.,0.974927912181824,1.,0.974927912181824,1.,0.974927912181824,1.,0.974927912181824,
1.,0.974927912181824,1.,0.974927912181824,1.,0.974927912181824,1.,0.974927912181824,
1.,0.974927912181824,1.,0.974927912181824,1.,0.974927912181824,1.,0.974927912181824,
1.,0.974927912181824,1.,0.974927912181824,1.,0.974927912181824,1.,0.974927912181824,
1.,0.974927912181824,1.,0.974927912181824,1.,0.974927912181824,1.,0.974927912181824,
1.,0.974927912181824,1.,0.974927912181824,1.,0.974927912181824,1.,0.974927912181824,
1.,0.974927912181824,1.,0.974927912181824,1.,0.974927912181824,1.,0.974927912181824,
1.,0.974927912181824,1.,0.974927912181824,1.,0.974927912181824,1.,0.974927912181824,
1.,0.974927912181824,1.,0.974927912181824,1.,0.974927912181824,1.,0.974927912181824,
1.,0.974927912181824,1.,0.974927912181824,1.,0.974927912181824,1.,0.974927912181824,
1.,0.974927912181824,1.,0.974927912181824,1.,0.974927912181824,1.,0.974927912181824,
1.,0.974927912181824,1.,0.974927912181824,1.,0.974927912181824,1.,0.974927912181824,
1.,0.974927912181824,1.,0.974927912181824,1.,0.974927912181824,1.,0.974927912181824,
1.,0.974927912181824,1.,0.974927912181824,1.,0.974927912181824,1.,0.974927912181824,
1.,0.974927912181824,1.,0.974927912181824,1.,0.974927912181824,1.,0.974927912181824,
1.,0.974927912181824,1.,0.974927912181824,1.,0.974927912181824,1.,0.974927912181824,
1.,0.974927912181824,1.,0.974927912181824,1.,0.974927912181824,1.,0.974927912181824,
1.,0.974927912181824,1.,0.974927912181824,1.,0.974927912181824,1.,0.974927912181824,
1.,0.974927912181824,1.,0.974927912181824,1.,0.974927912181824,1.,0.974927912181824,
1.,0.974927912181824,1.))
REPRESENTATION_ITEM('')
);
#27=(
BOUNDED_CURVE()
B_SPLINE_CURVE(2,(#2553,#2554,#2555,#2556,#2557,#2558,#2559,#2560,#2561,
#2562,#2563,#2564,#2565,#2566,#2567,#2568,#2569,#2570,#2571,#2572,#2573,
#2574,#2575,#2576,#2577,#2578,#2579,#2580,#2581,#2582,#2583,#2584,#2585,
#2586,#2587,#2588,#2589,#2590,#2591,#2592,#2593,#2594,#2595,#2596,#2597,
#2598,#2599,#2600,#2601,#2602,#2603,#2604,#2605,#2606,#2607,#2608,#2609,
#2610,#2611,#2612,#2613,#2614,#2615,#2616,#2617,#2618,#2619,#2620,#2621,
#2622,#2623,#2624,#2625,#2626,#2627,#2628,#2629,#2630,#2631,#2632,#2633,
#2634,#2635,#2636,#2637,#2638,#2639,#2640,#2641,#2642,#2643,#2644,#2645,
#2646,#2647,#2648,#2649,#2650,#2651,#2652,#2653,#2654,#2655,#2656,#2657,
#2658,#2659,#2660,#2661,#2662,#2663,#2664,#2665,#2666,#2667,#2668,#2669,
#2670,#2671,#2672,#2673,#2674,#2675,#2676,#2677,#2678,#2679,#2680,#2681,
#2682,#2683,#2684,#2685,#2686,#2687,#2688,#2689,#2690,#2691,#2692,#2693,
#2694,#2695,#2696,#2697,#2698,#2699,#2700,#2701,#2702,#2703,#2704,#2705,
#2706,#2707,#2708,#2709,#2710,#2711,#2712,#2713,#2714,#2715,#2716,#2717,
#2718,#2719,#2720,#2721,#2722,#2723,#2724,#2725,#2726,#2727,#2728,#2729,
#2730,#2731,#2732,#2733,#2734,#2735,#2736,#2737,#2738,#2739,#2740,#2741,
#2742,#2743,#2744,#2745,#2746,#2747,#2748,#2749,#2750,#2751,#2752,#2753,
#2754,#2755,#2756,#2757,#2758,#2759,#2760,#2761,#2762,#2763,#2764,#2765,
#2766,#2767,#2768,#2769,#2770,#2771,#2772,#2773,#2774,#2775,#2776,#2777,
#2778,#2779,#2780,#2781,#2782,#2783,#2784,#2785,#2786,#2787,#2788,#2789,
#2790,#2791,#2792,#2793,#2794,#2795,#2796,#2797,#2798,#2799,#2800,#2801,
#2802,#2803,#2804,#2805,#2806,#2807,#2808,#2809,#2810,#2811,#2812,#2813,
#2814,#2815,#2816,#2817,#2818,#2819,#2820,#2821,#2822,#2823,#2824,#2825,
#2826,#2827,#2828,#2829,#2830,#2831,#2832,#2833,#2834,#2835,#2836,#2837,
#2838,#2839,#2840,#2841,#2842,#2843,#2844,#2845,#2846,#2847,#2848,#2849,
#2850,#2851,#2852,#2853,#2854,#2855,#2856,#2857,#2858,#2859,#2860,#2861,
#2862,#2863,#2864,#2865,#2866,#2867,#2868,#2869,#2870,#2871,#2872,#2873,
#2874,#2875,#2876,#2877,#2878,#2879,#2880,#2881,#2882,#2883,#2884,#2885,
#2886,#2887,#2888,#2889,#2890,#2891,#2892,#2893,#2894,#2895,#2896,#2897,
#2898,#2899,#2900,#2901,#2902,#2903,#2904,#2905,#2906,#2907,#2908,#2909,
#2910,#2911,#2912,#2913,#2914,#2915,#2916,#2917,#2918,#2919,#2920,#2921,
#2922,#2923,#2924,#2925,#2926,#2927,#2928,#2929,#2930,#2931,#2932,#2933,
#2934,#2935,#2936,#2937,#2938,#2939,#2940,#2941,#2942,#2943,#2944,#2945,
#2946,#2947,#2948,#2949,#2950,#2951,#2952,#2953,#2954,#2955,#2956,#2957,
#2958,#2959,#2960,#2961,#2962,#2963,#2964,#2965,#2966,#2967,#2968,#2969,
#2970,#2971,#2972,#2973,#2974,#2975,#2976,#2977,#2978,#2979,#2980,#2981,
#2982,#2983,#2984,#2985,#2986,#2987,#2988,#2989,#2990,#2991,#2992,#2993,
#2994,#2995,#2996,#2997,#2998,#2999,#3000,#3001),.UNSPECIFIED.,.F.,.F.)
B_SPLINE_CURVE_WITH_KNOTS((3,2,2,2,2,2,2,2,2,2,2,2,2,2,2,2,2,2,2,2,2,2,
2,2,2,2,2,2,2,2,2,2,2,2,2,2,2,2,2,2,2,2,2,2,2,2,2,2,2,2,2,2,2,2,2,2,2,2,
2,2,2,2,2,2,2,2,2,2,2,2,2,2,2,2,2,2,2,2,2,2,2,2,2,2,2,2,2,2,2,2,2,2,2,2,
2,2,2,2,2,2,2,2,2,2,2,2,2,2,2,2,2,2,2,2,2,2,2,2,2,2,2,2,2,2,2,2,2,2,2,2,
2,2,2,2,2,2,2,2,2,2,2,2,2,2,2,2,2,2,2,2,2,2,2,2,2,2,2,2,2,2,2,2,2,2,2,2,
2,2,2,2,2,2,2,2,2,2,2,2,2,2,2,2,2,2,2,2,2,2,2,2,2,2,2,2,2,2,2,2,2,2,2,2,
2,2,2,2,2,2,2,2,2,2,2,2,2,2,2,2,2,2,2,2,2,2,3),(0.,0.00446428571428571,
0.00892857142857143,0.0133928571428571,0.0178571428571429,0.0223214285714286,
0.0267857142857143,0.03125,0.0357142857142857,0.0401785714285714,0.0446428571428571,
0.0491071428571429,0.0535714285714286,0.0580357142857143,0.0625,0.0669642857142857,
0.0714285714285714,0.0758928571428571,0.0803571428571429,0.0848214285714286,
0.0892857142857143,0.09375,0.0982142857142857,0.102678571428571,0.107142857142857,
0.111607142857143,0.116071428571429,0.120535714285714,0.125,0.129464285714286,
0.133928571428571,0.138392857142857,0.142857142857143,0.147321428571429,
0.151785714285714,0.15625,0.160714285714286,0.165178571428571,0.169642857142857,
0.174107142857143,0.178571428571429,0.183035714285714,0.1875,0.191964285714286,
0.196428571428571,0.200892857142857,0.205357142857143,0.209821428571429,
0.214285714285714,0.21875,0.223214285714286,0.227678571428571,0.232142857142857,
0.236607142857143,0.241071428571429,0.245535714285714,0.25,0.254464285714286,
0.258928571428571,0.263392857142857,0.267857142857143,0.272321428571429,
0.276785714285714,0.28125,0.285714285714286,0.290178571428571,0.294642857142857,
0.299107142857143,0.303571428571429,0.308035714285714,0.3125,0.316964285714286,
0.321428571428571,0.325892857142857,0.330357142857143,0.334821428571429,
0.339285714285714,0.34375,0.348214285714286,0.352678571428571,0.357142857142857,
0.361607142857143,0.366071428571429,0.370535714285714,0.375,0.379464285714286,
0.383928571428571,0.388392857142857,0.392857142857143,0.397321428571429,
0.401785714285714,0.40625,0.410714285714286,0.415178571428571,0.419642857142857,
0.424107142857143,0.428571428571429,0.433035714285714,0.4375,0.441964285714286,
0.446428571428571,0.450892857142857,0.455357142857143,0.459821428571429,
0.464285714285714,0.46875,0.473214285714286,0.477678571428571,0.482142857142857,
0.486607142857143,0.491071428571429,0.495535714285714,0.5,0.504464285714286,
0.508928571428571,0.513392857142857,0.517857142857143,0.522321428571429,
0.526785714285714,0.53125,0.535714285714286,0.540178571428571,0.544642857142857,
0.549107142857143,0.553571428571429,0.558035714285714,0.5625,0.566964285714286,
0.571428571428571,0.575892857142857,0.580357142857143,0.584821428571429,
0.589285714285714,0.59375,0.598214285714286,0.602678571428571,0.607142857142857,
0.611607142857143,0.616071428571429,0.620535714285714,0.625,0.629464285714286,
0.633928571428571,0.638392857142857,0.642857142857143,0.647321428571429,
0.651785714285714,0.65625,0.660714285714286,0.665178571428571,0.669642857142857,
0.674107142857143,0.678571428571429,0.683035714285714,0.6875,0.691964285714286,
0.696428571428571,0.700892857142857,0.705357142857143,0.709821428571429,
0.714285714285714,0.71875,0.723214285714286,0.727678571428571,0.732142857142857,
0.736607142857143,0.741071428571429,0.745535714285714,0.75,0.754464285714286,
0.758928571428571,0.763392857142857,0.767857142857143,0.772321428571429,
0.776785714285714,0.78125,0.785714285714286,0.790178571428571,0.794642857142857,
0.799107142857143,0.803571428571429,0.808035714285714,0.8125,0.816964285714286,
0.821428571428571,0.825892857142857,0.830357142857143,0.834821428571429,
0.839285714285714,0.84375,0.848214285714286,0.852678571428571,0.857142857142857,
0.861607142857143,0.866071428571429,0.870535714285714,0.875,0.879464285714286,
0.883928571428571,0.888392857142857,0.892857142857143,0.897321428571429,
0.901785714285714,0.90625,0.910714285714286,0.915178571428571,0.919642857142857,
0.924107142857143,0.928571428571429,0.933035714285714,0.9375,0.941964285714286,
0.946428571428571,0.950892857142857,0.955357142857143,0.959821428571429,
0.964285714285714,0.96875,0.973214285714286,0.977678571428571,0.982142857142857,
0.986607142857143,0.991071428571429,0.995535714285714,1.),.UNSPECIFIED.)
CURVE()
GEOMETRIC_REPRESENTATION_ITEM()
RATIONAL_B_SPLINE_CURVE((1.,0.974927912181824,1.,0.974927912181824,1.,0.974927912181824,
1.,0.974927912181824,1.,0.974927912181824,1.,0.974927912181824,1.,0.974927912181824,
1.,0.974927912181824,1.,0.974927912181824,1.,0.974927912181824,1.,0.974927912181824,
1.,0.974927912181824,1.,0.974927912181824,1.,0.974927912181824,1.,0.974927912181824,
1.,0.974927912181824,1.,0.974927912181824,1.,0.974927912181824,1.,0.974927912181824,
1.,0.974927912181824,1.,0.974927912181824,1.,0.974927912181824,1.,0.974927912181824,
1.,0.974927912181824,1.,0.974927912181824,1.,0.974927912181824,1.,0.974927912181824,
1.,0.974927912181824,1.,0.974927912181824,1.,0.974927912181824,1.,0.974927912181824,
1.,0.974927912181824,1.,0.974927912181824,1.,0.974927912181824,1.,0.974927912181824,
1.,0.974927912181824,1.,0.974927912181824,1.,0.974927912181824,1.,0.974927912181824,
1.,0.974927912181824,1.,0.974927912181824,1.,0.974927912181824,1.,0.974927912181824,
1.,0.974927912181824,1.,0.974927912181824,1.,0.974927912181824,1.,0.974927912181824,
1.,0.974927912181824,1.,0.974927912181824,1.,0.974927912181824,1.,0.974927912181824,
1.,0.974927912181824,1.,0.974927912181824,1.,0.974927912181824,1.,0.974927912181824,
1.,0.974927912181824,1.,0.974927912181824,1.,0.974927912181824,1.,0.974927912181824,
1.,0.974927912181824,1.,0.974927912181824,1.,0.974927912181824,1.,0.974927912181824,
1.,0.974927912181824,1.,0.974927912181824,1.,0.974927912181824,1.,0.974927912181824,
1.,0.974927912181824,1.,0.974927912181824,1.,0.974927912181824,1.,0.974927912181824,
1.,0.974927912181824,1.,0.974927912181824,1.,0.974927912181824,1.,0.974927912181824,
1.,0.974927912181824,1.,0.974927912181824,1.,0.974927912181824,1.,0.974927912181824,
1.,0.974927912181824,1.,0.974927912181824,1.,0.974927912181824,1.,0.974927912181824,
1.,0.974927912181824,1.,0.974927912181824,1.,0.974927912181824,1.,0.974927912181824,
1.,0.974927912181824,1.,0.974927912181824,1.,0.974927912181824,1.,0.974927912181824,
1.,0.974927912181824,1.,0.974927912181824,1.,0.974927912181824,1.,0.974927912181824,
1.,0.974927912181824,1.,0.974927912181824,1.,0.974927912181824,1.,0.974927912181824,
1.,0.974927912181824,1.,0.974927912181824,1.,0.974927912181824,1.,0.974927912181824,
1.,0.974927912181824,1.,0.974927912181824,1.,0.974927912181824,1.,0.974927912181824,
1.,0.974927912181824,1.,0.974927912181824,1.,0.974927912181824,1.,0.974927912181824,
1.,0.974927912181824,1.,0.974927912181824,1.,0.974927912181824,1.,0.974927912181824,
1.,0.974927912181824,1.,0.974927912181824,1.,0.974927912181824,1.,0.974927912181824,
1.,0.974927912181824,1.,0.974927912181824,1.,0.974927912181824,1.,0.974927912181824,
1.,0.974927912181824,1.,0.974927912181824,1.,0.974927912181824,1.,0.974927912181824,
1.,0.974927912181824,1.,0.974927912181824,1.,0.974927912181824,1.,0.974927912181824,
1.,0.974927912181824,1.,0.974927912181824,1.,0.974927912181824,1.,0.974927912181824,
1.,0.974927912181824,1.,0.974927912181824,1.,0.974927912181824,1.,0.974927912181824,
1.,0.974927912181824,1.,0.974927912181824,1.,0.974927912181824,1.,0.974927912181824,
1.,0.974927912181824,1.,0.974927912181824,1.,0.974927912181824,1.,0.974927912181824,
1.,0.974927912181824,1.,0.974927912181824,1.,0.974927912181824,1.,0.974927912181824,
1.,0.974927912181824,1.,0.974927912181824,1.,0.974927912181824,1.,0.974927912181824,
1.,0.974927912181824,1.,0.974927912181824,1.,0.974927912181824,1.,0.974927912181824,
1.,0.974927912181824,1.,0.974927912181824,1.,0.974927912181824,1.,0.974927912181824,
1.,0.974927912181824,1.,0.974927912181824,1.,0.974927912181824,1.,0.974927912181824,
1.,0.974927912181824,1.,0.974927912181824,1.,0.974927912181824,1.,0.974927912181824,
1.,0.974927912181824,1.,0.974927912181824,1.,0.974927912181824,1.,0.974927912181824,
1.,0.974927912181824,1.,0.974927912181824,1.,0.974927912181824,1.,0.974927912181824,
1.,0.974927912181824,1.,0.974927912181824,1.,0.974927912181824,1.,0.974927912181824,
1.,0.974927912181824,1.,0.974927912181824,1.,0.974927912181824,1.,0.974927912181824,
1.,0.974927912181824,1.,0.974927912181824,1.,0.974927912181824,1.,0.974927912181824,
1.,0.974927912181824,1.,0.974927912181824,1.,0.974927912181824,1.,0.974927912181824,
1.,0.974927912181824,1.,0.974927912181824,1.,0.974927912181824,1.,0.974927912181824,
1.,0.974927912181824,1.,0.974927912181824,1.,0.974927912181824,1.,0.974927912181824,
1.,0.974927912181824,1.,0.974927912181824,1.,0.974927912181824,1.,0.974927912181824,
1.,0.974927912181824,1.,0.974927912181824,1.,0.974927912181824,1.,0.974927912181824,
1.,0.974927912181824,1.,0.974927912181824,1.,0.974927912181824,1.,0.974927912181824,
1.,0.974927912181824,1.,0.974927912181824,1.,0.974927912181824,1.,0.974927912181824,
1.,0.974927912181824,1.,0.974927912181824,1.,0.974927912181824,1.,0.974927912181824,
1.,0.974927912181824,1.))
REPRESENTATION_ITEM('')
);
#28=(
BOUNDED_SURFACE()
B_SPLINE_SURFACE(1,2,((#234,#235,#236,#237,#238,#239,#240,#241,#242,#243,
#244,#245,#246,#247,#248,#249,#250,#251,#252,#253,#254,#255,#256,#257,#258,
#259,#260,#261,#262,#263,#264,#265,#266,#267,#268,#269,#270,#271,#272,#273,
#274,#275,#276,#277,#278,#279,#280,#281,#282,#283,#284,#285,#286,#287,#288,
#289,#290,#291,#292,#293,#294,#295,#296,#297,#298,#299,#300,#301,#302,#303,
#304,#305,#306,#307,#308,#309,#310,#311,#312,#313,#314,#315,#316,#317,#318,
#319,#320,#321,#322,#323,#324,#325,#326,#327,#328,#329,#330,#331,#332,#333,
#334,#335,#336,#337,#338,#339,#340,#341,#342,#343,#344,#345,#346,#347,#348,
#349,#350,#351,#352,#353,#354,#355,#356,#357,#358,#359,#360,#361,#362,#363,
#364,#365,#366,#367,#368,#369,#370,#371,#372,#373,#374,#375,#376,#377,#378,
#379,#380,#381,#382,#383,#384,#385,#386,#387,#388,#389,#390,#391,#392,#393,
#394,#395,#396,#397,#398,#399,#400,#401,#402,#403,#404,#405,#406,#407,#408,
#409,#410,#411,#412,#413,#414,#415,#416,#417,#418,#419,#420,#421,#422,#423,
#424,#425,#426,#427,#428,#429,#430,#431,#432,#433,#434,#435,#436,#437,#438,
#439,#440,#441,#442,#443,#444,#445,#446,#447,#448,#449,#450,#451,#452,#453,
#454,#455,#456,#457,#458,#459,#460,#461,#462,#463,#464,#465,#466,#467,#468,
#469,#470),(#471,#472,#473,#474,#475,#476,#477,#478,#479,#480,#481,#482,
#483,#484,#485,#486,#487,#488,#489,#490,#491,#492,#493,#494,#495,#496,#497,
#498,#499,#500,#501,#502,#503,#504,#505,#506,#507,#508,#509,#510,#511,#512,
#513,#514,#515,#516,#517,#518,#519,#520,#521,#522,#523,#524,#525,#526,#527,
#528,#529,#530,#531,#532,#533,#534,#535,#536,#537,#538,#539,#540,#541,#542,
#543,#544,#545,#546,#547,#548,#549,#550,#551,#552,#553,#554,#555,#556,#557,
#558,#559,#560,#561,#562,#563,#564,#565,#566,#567,#568,#569,#570,#571,#572,
#573,#574,#575,#576,#577,#578,#579,#580,#581,#582,#583,#584,#585,#586,#587,
#588,#589,#590,#591,#592,#593,#594,#595,#596,#597,#598,#599,#600,#601,#602,
#603,#604,#605,#606,#607,#608,#609,#610,#611,#612,#613,#614,#615,#616,#617,
#618,#619,#620,#621,#622,#623,#624,#625,#626,#627,#628,#629,#630,#631,#632,
#633,#634,#635,#636,#637,#638,#639,#640,#641,#642,#643,#644,#645,#646,#647,
#648,#649,#650,#651,#652,#653,#654,#655,#656,#657,#658,#659,#660,#661,#662,
#663,#664,#665,#666,#667,#668,#669,#670,#671,#672,#673,#674,#675,#676,#677,
#678,#679,#680,#681,#682,#683,#684,#685,#686,#687,#688,#689,#690,#691,#692,
#693,#694,#695,#696,#697,#698,#699,#700,#701,#702,#703,#704,#705,#706,#707)),
 .UNSPECIFIED.,.F.,.F.,.F.)
B_SPLINE_SURFACE_WITH_KNOTS((2,2),(3,2,2,2,2,2,2,2,2,2,2,2,2,2,2,2,2,2,
2,2,2,2,2,2,2,2,2,2,2,2,2,2,2,2,2,2,2,2,2,2,2,2,2,2,2,2,2,2,2,2,2,2,2,2,
2,2,2,2,2,2,2,2,2,2,2,2,2,2,2,2,2,2,2,2,2,2,2,2,2,2,2,2,2,2,2,2,2,2,2,2,
2,2,2,2,2,2,2,2,2,2,2,2,2,2,2,2,2,2,2,2,2,2,2,2,2,2,2,2,3),(0.,1.),(0.,
0.00446428571428571,0.00892857142857143,0.0133928571428571,0.0178571428571429,
0.0223214285714286,0.0267857142857143,0.03125,0.0357142857142857,0.0401785714285714,
0.0446428571428571,0.0491071428571429,0.0535714285714286,0.0580357142857143,
0.0625,0.0669642857142857,0.0714285714285714,0.0758928571428571,0.0803571428571429,
0.0848214285714286,0.0892857142857143,0.09375,0.0982142857142857,0.102678571428571,
0.107142857142857,0.111607142857143,0.116071428571429,0.120535714285714,
0.125,0.129464285714286,0.133928571428571,0.138392857142857,0.142857142857143,
0.147321428571429,0.151785714285714,0.15625,0.160714285714286,0.165178571428571,
0.169642857142857,0.174107142857143,0.178571428571429,0.183035714285714,
0.1875,0.191964285714286,0.196428571428571,0.200892857142857,0.205357142857143,
0.209821428571429,0.214285714285714,0.21875,0.223214285714286,0.227678571428571,
0.232142857142857,0.236607142857143,0.241071428571429,0.245535714285714,
0.25,0.254464285714286,0.258928571428571,0.263392857142857,0.267857142857143,
0.272321428571429,0.276785714285714,0.28125,0.285714285714286,0.290178571428571,
0.294642857142857,0.299107142857143,0.303571428571429,0.308035714285714,
0.3125,0.316964285714286,0.321428571428571,0.325892857142857,0.330357142857143,
0.334821428571429,0.339285714285714,0.34375,0.348214285714286,0.352678571428571,
0.357142857142857,0.361607142857143,0.366071428571429,0.370535714285714,
0.375,0.379464285714286,0.383928571428571,0.388392857142857,0.392857142857143,
0.397321428571429,0.401785714285714,0.40625,0.410714285714286,0.415178571428571,
0.419642857142857,0.424107142857143,0.428571428571429,0.433035714285714,
0.4375,0.441964285714286,0.446428571428571,0.450892857142857,0.455357142857143,
0.459821428571429,0.464285714285714,0.46875,0.473214285714286,0.477678571428571,
0.482142857142857,0.486607142857143,0.491071428571429,0.495535714285714,
0.5,0.504464285714286,0.508928571428571,0.513392857142857,0.517857142857143,
0.522321428571429,0.522655045481531),.PIECEWISE_BEZIER_KNOTS.)
GEOMETRIC_REPRESENTATION_ITEM()
RATIONAL_B_SPLINE_SURFACE(((1.,0.974927912181824,1.,0.974927912181824,1.,
0.974927912181824,1.,0.974927912181824,1.,0.974927912181824,1.,0.974927912181824,
1.,0.974927912181824,1.,0.974927912181824,1.,0.974927912181824,1.,0.974927912181824,
1.,0.974927912181824,1.,0.974927912181824,1.,0.974927912181824,1.,0.974927912181824,
1.,0.974927912181824,1.,0.974927912181824,1.,0.974927912181824,1.,0.974927912181824,
1.,0.974927912181824,1.,0.974927912181824,1.,0.974927912181824,1.,0.974927912181824,
1.,0.974927912181824,1.,0.974927912181824,1.,0.974927912181824,1.,0.974927912181824,
1.,0.974927912181824,1.,0.974927912181824,1.,0.974927912181824,1.,0.974927912181824,
1.,0.974927912181824,1.,0.974927912181824,1.,0.974927912181824,1.,0.974927912181824,
1.,0.974927912181824,1.,0.974927912181824,1.,0.974927912181824,1.,0.974927912181824,
1.,0.974927912181824,1.,0.974927912181824,1.,0.974927912181824,1.,0.974927912181824,
1.,0.974927912181824,1.,0.974927912181824,1.,0.974927912181824,1.,0.974927912181824,
1.,0.974927912181824,1.,0.974927912181824,1.,0.974927912181824,1.,0.974927912181824,
1.,0.974927912181824,1.,0.974927912181824,1.,0.974927912181824,1.,0.974927912181824,
1.,0.974927912181824,1.,0.974927912181824,1.,0.974927912181824,1.,0.974927912181824,
1.,0.974927912181824,1.,0.974927912181824,1.,0.974927912181824,1.,0.974927912181824,
1.,0.974927912181824,1.,0.974927912181824,1.,0.974927912181824,1.,0.974927912181824,
1.,0.974927912181824,1.,0.974927912181824,1.,0.974927912181824,1.,0.974927912181824,
1.,0.974927912181824,1.,0.974927912181824,1.,0.974927912181824,1.,0.974927912181824,
1.,0.974927912181824,1.,0.974927912181824,1.,0.974927912181824,1.,0.974927912181824,
1.,0.974927912181824,1.,0.974927912181824,1.,0.974927912181824,1.,0.974927912181824,
1.,0.974927912181824,1.,0.974927912181824,1.,0.974927912181824,1.,0.974927912181824,
1.,0.974927912181824,1.,0.974927912181824,1.,0.974927912181824,1.,0.974927912181824,
1.,0.974927912181824,1.,0.974927912181824,1.,0.974927912181824,1.,0.974927912181824,
1.,0.974927912181824,1.,0.974927912181824,1.,0.974927912181824,1.,0.974927912181824,
1.,0.974927912181824,1.,0.974927912181824,1.,0.974927912181824,1.,0.974927912181824,
1.,0.974927912181824,1.,0.974927912181824,1.,0.974927912181824,1.,0.974927912181824,
1.,0.974927912181824,1.,0.974927912181824,1.,0.974927912181824,1.,0.974927912181824,
1.,0.974927912181824,1.,0.974927912181824,1.,0.974927912181824,1.,0.974927912181824,
1.,0.974927912181824,1.,0.974927912181824,1.,0.974927912181824,1.,0.998126358167231,
0.996532751546764),(1.,0.974927912181824,1.,0.974927912181824,1.,0.974927912181824,
1.,0.974927912181824,1.,0.974927912181824,1.,0.974927912181824,1.,0.974927912181824,
1.,0.974927912181824,1.,0.974927912181824,1.,0.974927912181824,1.,0.974927912181824,
1.,0.974927912181824,1.,0.974927912181824,1.,0.974927912181824,1.,0.974927912181824,
1.,0.974927912181824,1.,0.974927912181824,1.,0.974927912181824,1.,0.974927912181824,
1.,0.974927912181824,1.,0.974927912181824,1.,0.974927912181824,1.,0.974927912181824,
1.,0.974927912181824,1.,0.974927912181824,1.,0.974927912181824,1.,0.974927912181824,
1.,0.974927912181824,1.,0.974927912181824,1.,0.974927912181824,1.,0.974927912181824,
1.,0.974927912181824,1.,0.974927912181824,1.,0.974927912181824,1.,0.974927912181824,
1.,0.974927912181824,1.,0.974927912181824,1.,0.974927912181824,1.,0.974927912181824,
1.,0.974927912181824,1.,0.974927912181824,1.,0.974927912181824,1.,0.974927912181824,
1.,0.974927912181824,1.,0.974927912181824,1.,0.974927912181824,1.,0.974927912181824,
1.,0.974927912181824,1.,0.974927912181824,1.,0.974927912181824,1.,0.974927912181824,
1.,0.974927912181824,1.,0.974927912181824,1.,0.974927912181824,1.,0.974927912181824,
1.,0.974927912181824,1.,0.974927912181824,1.,0.974927912181824,1.,0.974927912181824,
1.,0.974927912181824,1.,0.974927912181824,1.,0.974927912181824,1.,0.974927912181824,
1.,0.974927912181824,1.,0.974927912181824,1.,0.974927912181824,1.,0.974927912181824,
1.,0.974927912181824,1.,0.974927912181824,1.,0.974927912181824,1.,0.974927912181824,
1.,0.974927912181824,1.,0.974927912181824,1.,0.974927912181824,1.,0.974927912181824,
1.,0.974927912181824,1.,0.974927912181824,1.,0.974927912181824,1.,0.974927912181824,
1.,0.974927912181824,1.,0.974927912181824,1.,0.974927912181824,1.,0.974927912181824,
1.,0.974927912181824,1.,0.974927912181824,1.,0.974927912181824,1.,0.974927912181824,
1.,0.974927912181824,1.,0.974927912181824,1.,0.974927912181824,1.,0.974927912181824,
1.,0.974927912181824,1.,0.974927912181824,1.,0.974927912181824,1.,0.974927912181824,
1.,0.974927912181824,1.,0.974927912181824,1.,0.974927912181824,1.,0.974927912181824,
1.,0.974927912181824,1.,0.974927912181824,1.,0.974927912181824,1.,0.974927912181824,
1.,0.974927912181824,1.,0.974927912181824,1.,0.974927912181824,1.,0.974927912181824,
1.,0.974927912181824,1.,0.974927912181824,1.,0.974927912181824,1.,0.974927912181824,
1.,0.974927912181824,1.,0.974927912181824,1.,0.974927912181824,1.,0.974927912181824,
1.,0.974927912181824,1.,0.974927912181824,1.,0.998126358167231,0.996532751546764)))
REPRESENTATION_ITEM('')
SURFACE()
);
#29=(
BOUNDED_SURFACE()
B_SPLINE_SURFACE(1,2,((#2067,#2068,#2069,#2070,#2071,#2072,#2073,#2074,
#2075,#2076,#2077,#2078,#2079,#2080,#2081,#2082,#2083,#2084,#2085,#2086,
#2087,#2088,#2089,#2090,#2091,#2092,#2093,#2094,#2095,#2096,#2097,#2098,
#2099,#2100,#2101,#2102,#2103,#2104,#2105,#2106,#2107,#2108,#2109,#2110,
#2111,#2112,#2113,#2114,#2115,#2116,#2117,#2118,#2119,#2120,#2121,#2122,
#2123,#2124,#2125,#2126,#2127,#2128,#2129,#2130,#2131,#2132,#2133,#2134,
#2135,#2136,#2137,#2138,#2139,#2140,#2141,#2142,#2143,#2144,#2145,#2146,
#2147,#2148,#2149,#2150,#2151,#2152,#2153,#2154,#2155,#2156,#2157,#2158,
#2159,#2160,#2161,#2162,#2163,#2164,#2165,#2166,#2167,#2168,#2169,#2170,
#2171,#2172,#2173,#2174,#2175,#2176,#2177,#2178,#2179,#2180,#2181,#2182,
#2183,#2184,#2185,#2186,#2187,#2188,#2189,#2190,#2191,#2192,#2193,#2194,
#2195,#2196,#2197,#2198,#2199,#2200,#2201,#2202,#2203,#2204,#2205,#2206,
#2207,#2208,#2209,#2210,#2211,#2212,#2213,#2214,#2215,#2216,#2217,#2218,
#2219,#2220,#2221,#2222,#2223,#2224,#2225,#2226,#2227,#2228,#2229,#2230,
#2231,#2232,#2233,#2234,#2235,#2236,#2237,#2238,#2239,#2240,#2241,#2242,
#2243,#2244,#2245,#2246,#2247,#2248,#2249,#2250,#2251,#2252,#2253,#2254,
#2255,#2256,#2257,#2258,#2259,#2260,#2261,#2262,#2263,#2264,#2265,#2266,
#2267,#2268,#2269,#2270,#2271,#2272,#2273,#2274,#2275,#2276,#2277,#2278,
#2279,#2280,#2281,#2282,#2283,#2284,#2285,#2286,#2287,#2288,#2289,#2290,
#2291,#2292,#2293,#2294,#2295,#2296,#2297,#2298,#2299,#2300,#2301,#2302,
#2303,#2304,#2305),(#2306,#2307,#2308,#2309,#2310,#2311,#2312,#2313,#2314,
#2315,#2316,#2317,#2318,#2319,#2320,#2321,#2322,#2323,#2324,#2325,#2326,
#2327,#2328,#2329,#2330,#2331,#2332,#2333,#2334,#2335,#2336,#2337,#2338,
#2339,#2340,#2341,#2342,#2343,#2344,#2345,#2346,#2347,#2348,#2349,#2350,
#2351,#2352,#2353,#2354,#2355,#2356,#2357,#2358,#2359,#2360,#2361,#2362,
#2363,#2364,#2365,#2366,#2367,#2368,#2369,#2370,#2371,#2372,#2373,#2374,
#2375,#2376,#2377,#2378,#2379,#2380,#2381,#2382,#2383,#2384,#2385,#2386,
#2387,#2388,#2389,#2390,#2391,#2392,#2393,#2394,#2395,#2396,#2397,#2398,
#2399,#2400,#2401,#2402,#2403,#2404,#2405,#2406,#2407,#2408,#2409,#2410,
#2411,#2412,#2413,#2414,#2415,#2416,#2417,#2418,#2419,#2420,#2421,#2422,
#2423,#2424,#2425,#2426,#2427,#2428,#2429,#2430,#2431,#2432,#2433,#2434,
#2435,#2436,#2437,#2438,#2439,#2440,#2441,#2442,#2443,#2444,#2445,#2446,
#2447,#2448,#2449,#2450,#2451,#2452,#2453,#2454,#2455,#2456,#2457,#2458,
#2459,#2460,#2461,#2462,#2463,#2464,#2465,#2466,#2467,#2468,#2469,#2470,
#2471,#2472,#2473,#2474,#2475,#2476,#2477,#2478,#2479,#2480,#2481,#2482,
#2483,#2484,#2485,#2486,#2487,#2488,#2489,#2490,#2491,#2492,#2493,#2494,
#2495,#2496,#2497,#2498,#2499,#2500,#2501,#2502,#2503,#2504,#2505,#2506,
#2507,#2508,#2509,#2510,#2511,#2512,#2513,#2514,#2515,#2516,#2517,#2518,
#2519,#2520,#2521,#2522,#2523,#2524,#2525,#2526,#2527,#2528,#2529,#2530,
#2531,#2532,#2533,#2534,#2535,#2536,#2537,#2538,#2539,#2540,#2541,#2542,
#2543,#2544)),.UNSPECIFIED.,.F.,.F.,.F.)
B_SPLINE_SURFACE_WITH_KNOTS((2,2),(3,2,2,2,2,2,2,2,2,2,2,2,2,2,2,2,2,2,
2,2,2,2,2,2,2,2,2,2,2,2,2,2,2,2,2,2,2,2,2,2,2,2,2,2,2,2,2,2,2,2,2,2,2,2,
2,2,2,2,2,2,2,2,2,2,2,2,2,2,2,2,2,2,2,2,2,2,2,2,2,2,2,2,2,2,2,2,2,2,2,2,
2,2,2,2,2,2,2,2,2,2,2,2,2,2,2,2,2,2,2,2,2,2,2,2,2,2,2,2,2,3),(0.,1.),(0.024235931020034,
0.0267857142857143,0.03125,0.0357142857142857,0.0401785714285714,0.0446428571428571,
0.0491071428571429,0.0535714285714286,0.0580357142857143,0.0625,0.0669642857142857,
0.0714285714285714,0.0758928571428571,0.0803571428571429,0.0848214285714286,
0.0892857142857143,0.09375,0.0982142857142857,0.102678571428571,0.107142857142857,
0.111607142857143,0.116071428571429,0.120535714285714,0.125,0.129464285714286,
0.133928571428571,0.138392857142857,0.142857142857143,0.147321428571429,
0.151785714285714,0.15625,0.160714285714286,0.165178571428571,0.169642857142857,
0.174107142857143,0.178571428571429,0.183035714285714,0.1875,0.191964285714286,
0.196428571428571,0.200892857142857,0.205357142857143,0.209821428571429,
0.214285714285714,0.21875,0.223214285714286,0.227678571428571,0.232142857142857,
0.236607142857143,0.241071428571429,0.245535714285714,0.25,0.254464285714286,
0.258928571428571,0.263392857142857,0.267857142857143,0.272321428571429,
0.276785714285714,0.28125,0.285714285714286,0.290178571428571,0.294642857142857,
0.299107142857143,0.303571428571429,0.308035714285714,0.3125,0.316964285714286,
0.321428571428571,0.325892857142857,0.330357142857143,0.334821428571429,
0.339285714285714,0.34375,0.348214285714286,0.352678571428571,0.357142857142857,
0.361607142857143,0.366071428571429,0.370535714285714,0.375,0.379464285714286,
0.383928571428571,0.388392857142857,0.392857142857143,0.397321428571429,
0.401785714285714,0.40625,0.410714285714286,0.415178571428571,0.419642857142857,
0.424107142857143,0.428571428571429,0.433035714285714,0.4375,0.441964285714286,
0.446428571428571,0.450892857142857,0.455357142857143,0.459821428571429,
0.464285714285714,0.46875,0.473214285714286,0.477678571428571,0.482142857142857,
0.486607142857143,0.491071428571429,0.495535714285714,0.5,0.504464285714286,
0.508928571428571,0.513392857142857,0.517857142857143,0.522321428571429,
0.526785714285714,0.53125,0.535714285714286,0.540178571428571,0.544642857142857,
0.549107142857143,0.549992131624135),.PIECEWISE_BEZIER_KNOTS.)
GEOMETRIC_REPRESENTATION_ITEM()
RATIONAL_B_SPLINE_SURFACE(((0.987717812436876,0.985680040650202,1.,0.974927912181824,
1.,0.974927912181824,1.,0.974927912181824,1.,0.974927912181824,1.,0.974927912181824,
1.,0.974927912181824,1.,0.974927912181824,1.,0.974927912181824,1.,0.974927912181824,
1.,0.974927912181824,1.,0.974927912181824,1.,0.974927912181824,1.,0.974927912181824,
1.,0.974927912181824,1.,0.974927912181824,1.,0.974927912181824,1.,0.974927912181824,
1.,0.974927912181824,1.,0.974927912181824,1.,0.974927912181824,1.,0.974927912181824,
1.,0.974927912181824,1.,0.974927912181824,1.,0.974927912181824,1.,0.974927912181824,
1.,0.974927912181824,1.,0.974927912181824,1.,0.974927912181824,1.,0.974927912181824,
1.,0.974927912181824,1.,0.974927912181824,1.,0.974927912181824,1.,0.974927912181824,
1.,0.974927912181824,1.,0.974927912181824,1.,0.974927912181824,1.,0.974927912181824,
1.,0.974927912181824,1.,0.974927912181824,1.,0.974927912181824,1.,0.974927912181824,
1.,0.974927912181824,1.,0.974927912181824,1.,0.974927912181824,1.,0.974927912181824,
1.,0.974927912181824,1.,0.974927912181824,1.,0.974927912181824,1.,0.974927912181824,
1.,0.974927912181824,1.,0.974927912181824,1.,0.974927912181824,1.,0.974927912181824,
1.,0.974927912181824,1.,0.974927912181824,1.,0.974927912181824,1.,0.974927912181824,
1.,0.974927912181824,1.,0.974927912181824,1.,0.974927912181824,1.,0.974927912181824,
1.,0.974927912181824,1.,0.974927912181824,1.,0.974927912181824,1.,0.974927912181824,
1.,0.974927912181824,1.,0.974927912181824,1.,0.974927912181824,1.,0.974927912181824,
1.,0.974927912181824,1.,0.974927912181824,1.,0.974927912181824,1.,0.974927912181824,
1.,0.974927912181824,1.,0.974927912181824,1.,0.974927912181824,1.,0.974927912181824,
1.,0.974927912181824,1.,0.974927912181824,1.,0.974927912181824,1.,0.974927912181824,
1.,0.974927912181824,1.,0.974927912181824,1.,0.974927912181824,1.,0.974927912181824,
1.,0.974927912181824,1.,0.974927912181824,1.,0.974927912181824,1.,0.974927912181824,
1.,0.974927912181824,1.,0.974927912181824,1.,0.974927912181824,1.,0.974927912181824,
1.,0.974927912181824,1.,0.974927912181824,1.,0.974927912181824,1.,0.974927912181824,
1.,0.974927912181824,1.,0.974927912181824,1.,0.974927912181824,1.,0.974927912181824,
1.,0.974927912181824,1.,0.974927912181824,1.,0.974927912181824,1.,0.974927912181824,
1.,0.974927912181824,1.,0.974927912181824,1.,0.974927912181824,1.,0.974927912181824,
1.,0.974927912181824,1.,0.974927912181824,1.,0.974927912181824,1.,0.974927912181824,
1.,0.974927912181824,1.,0.974927912181824,1.,0.974927912181824,1.,0.974927912181824,
1.,0.995029772397156,0.992030115622176),(0.987717812436876,0.985680040650202,
1.,0.974927912181824,1.,0.974927912181824,1.,0.974927912181824,1.,0.974927912181824,
1.,0.974927912181824,1.,0.974927912181824,1.,0.974927912181824,1.,0.974927912181824,
1.,0.974927912181824,1.,0.974927912181824,1.,0.974927912181824,1.,0.974927912181824,
1.,0.974927912181824,1.,0.974927912181824,1.,0.974927912181824,1.,0.974927912181824,
1.,0.974927912181824,1.,0.974927912181824,1.,0.974927912181824,1.,0.974927912181824,
1.,0.974927912181824,1.,0.974927912181824,1.,0.974927912181824,1.,0.974927912181824,
1.,0.974927912181824,1.,0.974927912181824,1.,0.974927912181824,1.,0.974927912181824,
1.,0.974927912181824,1.,0.974927912181824,1.,0.974927912181824,1.,0.974927912181824,
1.,0.974927912181824,1.,0.974927912181824,1.,0.974927912181824,1.,0.974927912181824,
1.,0.974927912181824,1.,0.974927912181824,1.,0.974927912181824,1.,0.974927912181824,
1.,0.974927912181824,1.,0.974927912181824,1.,0.974927912181824,1.,0.974927912181824,
1.,0.974927912181824,1.,0.974927912181824,1.,0.974927912181824,1.,0.974927912181824,
1.,0.974927912181824,1.,0.974927912181824,1.,0.974927912181824,1.,0.974927912181824,
1.,0.974927912181824,1.,0.974927912181824,1.,0.974927912181824,1.,0.974927912181824,
1.,0.974927912181824,1.,0.974927912181824,1.,0.974927912181824,1.,0.974927912181824,
1.,0.974927912181824,1.,0.974927912181824,1.,0.974927912181824,1.,0.974927912181824,
1.,0.974927912181824,1.,0.974927912181824,1.,0.974927912181824,1.,0.974927912181824,
1.,0.974927912181824,1.,0.974927912181824,1.,0.974927912181824,1.,0.974927912181824,
1.,0.974927912181824,1.,0.974927912181824,1.,0.974927912181824,1.,0.974927912181824,
1.,0.974927912181824,1.,0.974927912181824,1.,0.974927912181824,1.,0.974927912181824,
1.,0.974927912181824,1.,0.974927912181824,1.,0.974927912181824,1.,0.974927912181824,
1.,0.974927912181824,1.,0.974927912181824,1.,0.974927912181824,1.,0.974927912181824,
1.,0.974927912181824,1.,0.974927912181824,1.,0.974927912181824,1.,0.974927912181824,
1.,0.974927912181824,1.,0.974927912181824,1.,0.974927912181824,1.,0.974927912181824,
1.,0.974927912181824,1.,0.974927912181824,1.,0.974927912181824,1.,0.974927912181824,
1.,0.974927912181824,1.,0.974927912181824,1.,0.974927912181824,1.,0.974927912181824,
1.,0.974927912181824,1.,0.974927912181824,1.,0.974927912181824,1.,0.974927912181824,
1.,0.974927912181824,1.,0.974927912181824,1.,0.974927912181824,1.,0.974927912181824,
1.,0.974927912181824,1.,0.974927912181824,1.,0.974927912181824,1.,0.974927912181824,
1.,0.974927912181824,1.,0.995029772397156,0.992030115622176)))
REPRESENTATION_ITEM('')
SURFACE()
);
#30=B_SPLINE_CURVE_WITH_KNOTS('',3,(#214,#215,#216,#217,#218,#219,#220),
 .UNSPECIFIED.,.F.,.F.,(4,1,1,1,4),(1.24810460848027E-17,0.00179534264872849,
0.00359068529745697,0.00538602794618545,0.00718137059491394),
 .UNSPECIFIED.);
#31=B_SPLINE_CURVE_WITH_KNOTS('',3,(#225,#226,#227,#228,#229,#230,#231),
 .UNSPECIFIED.,.F.,.F.,(4,1,1,1,4),(6.57585717244951E-18,0.00179738291864604,
0.00359476583729206,0.00539214875593809,0.00718953167458412),
 .UNSPECIFIED.);
#32=B_SPLINE_CURVE_WITH_KNOTS('',3,(#1158,#1159,#1160,#1161,#1162,#1163,
#1164),.UNSPECIFIED.,.F.,.F.,(4,1,1,1,4),(5.80228281070159E-20,0.00179802483577157,
0.00359604967154315,0.00539407450731472,0.00719209934308629),
 .UNSPECIFIED.);
#33=B_SPLINE_CURVE_WITH_KNOTS('',3,(#2545,#2546,#2547,#2548,#2549,#2550,
#2551),.UNSPECIFIED.,.F.,.F.,(4,1,1,1,4),(8.73673225936191E-17,0.00179479923919997,
0.00358959847839985,0.00538439771759973,0.00717919695679962),
 .UNSPECIFIED.);
#34=ORIENTED_EDGE('',*,*,#66,.T.);
#35=ORIENTED_EDGE('',*,*,#67,.T.);
#36=ORIENTED_EDGE('',*,*,#68,.T.);
#37=ORIENTED_EDGE('',*,*,#69,.T.);
#38=ORIENTED_EDGE('',*,*,#70,.T.);
#39=ORIENTED_EDGE('',*,*,#71,.T.);
#40=ORIENTED_EDGE('',*,*,#68,.F.);
#41=ORIENTED_EDGE('',*,*,#72,.F.);
#42=ORIENTED_EDGE('',*,*,#73,.F.);
#43=ORIENTED_EDGE('',*,*,#74,.T.);
#44=ORIENTED_EDGE('',*,*,#69,.F.);
#45=ORIENTED_EDGE('',*,*,#74,.F.);
#46=ORIENTED_EDGE('',*,*,#75,.F.);
#47=ORIENTED_EDGE('',*,*,#76,.T.);
#48=ORIENTED_EDGE('',*,*,#70,.F.);
#49=ORIENTED_EDGE('',*,*,#76,.F.);
#50=ORIENTED_EDGE('',*,*,#77,.F.);
#51=ORIENTED_EDGE('',*,*,#78,.T.);
#52=ORIENTED_EDGE('',*,*,#71,.F.);
#53=ORIENTED_EDGE('',*,*,#78,.F.);
#54=ORIENTED_EDGE('',*,*,#79,.F.);
#55=ORIENTED_EDGE('',*,*,#72,.T.);
#56=ORIENTED_EDGE('',*,*,#80,.F.);
#57=ORIENTED_EDGE('',*,*,#79,.T.);
#58=ORIENTED_EDGE('',*,*,#77,.T.);
#59=ORIENTED_EDGE('',*,*,#75,.T.);
#60=ORIENTED_EDGE('',*,*,#73,.T.);
#61=ORIENTED_EDGE('',*,*,#80,.T.);
#62=ORIENTED_EDGE('',*,*,#66,.F.);
#63=ORIENTED_EDGE('',*,*,#81,.F.);
#64=ORIENTED_EDGE('',*,*,#81,.T.);
#65=ORIENTED_EDGE('',*,*,#67,.F.);
#66=EDGE_CURVE('',#82,#82,#94,.T.);
#67=EDGE_CURVE('',#83,#83,#95,.T.);
#68=EDGE_CURVE('',#84,#85,#30,.T.);
#69=EDGE_CURVE('',#85,#86,#96,.T.);
#70=EDGE_CURVE('',#86,#87,#31,.T.);
#71=EDGE_CURVE('',#87,#84,#97,.T.);
#72=EDGE_CURVE('',#88,#84,#24,.T.);
#73=EDGE_CURVE('',#89,#88,#32,.T.);
#74=EDGE_CURVE('',#89,#85,#25,.T.);
#75=EDGE_CURVE('',#90,#89,#98,.T.);
#76=EDGE_CURVE('',#90,#86,#26,.T.);
#77=EDGE_CURVE('',#91,#90,#33,.T.);
#78=EDGE_CURVE('',#91,#87,#27,.T.);
#79=EDGE_CURVE('',#88,#91,#99,.T.);
#80=EDGE_CURVE('',#92,#92,#100,.T.);
#81=EDGE_CURVE('',#93,#93,#101,.T.);
#82=VERTEX_POINT('',#210);
#83=VERTEX_POINT('',#212);
#84=VERTEX_POINT('',#221);
#85=VERTEX_POINT('',#222);
#86=VERTEX_POINT('',#224);
#87=VERTEX_POINT('',#232);
#88=VERTEX_POINT('',#1157);
#89=VERTEX_POINT('',#1165);
#90=VERTEX_POINT('',#1617);
#91=VERTEX_POINT('',#2552);
#92=VERTEX_POINT('',#3006);
#93=VERTEX_POINT('',#3010);
#94=CIRCLE('',#158,6.);
#95=CIRCLE('',#159,4.);
#96=CIRCLE('',#161,3.3235);
#97=CIRCLE('',#162,4.00008234670659);
#98=CIRCLE('',#164,3.3235);
#99=CIRCLE('',#166,4.00008234670659);
#100=CIRCLE('',#168,6.);
#101=CIRCLE('',#171,4.);
#102=EDGE_LOOP('',(#34));
#103=EDGE_LOOP('',(#35));
#104=EDGE_LOOP('',(#36,#37,#38,#39));
#105=EDGE_LOOP('',(#40,#41,#42,#43));
#106=EDGE_LOOP('',(#44,#45,#46,#47));
#107=EDGE_LOOP('',(#48,#49,#50,#51));
#108=EDGE_LOOP('',(#52,#53,#54,#55));
#109=EDGE_LOOP('',(#56));
#110=EDGE_LOOP('',(#57,#58,#59,#60));
#111=EDGE_LOOP('',(#61));
#112=EDGE_LOOP('',(#62));
#113=EDGE_LOOP('',(#63));
#114=EDGE_LOOP('',(#64));
#115=EDGE_LOOP('',(#65));
#116=FACE_BOUND('',#102,.T.);
#117=FACE_BOUND('',#103,.T.);
#118=FACE_BOUND('',#104,.T.);
#119=FACE_BOUND('',#105,.T.);
#120=FACE_BOUND('',#106,.T.);
#121=FACE_BOUND('',#107,.T.);
#122=FACE_BOUND('',#108,.T.);
#123=FACE_BOUND('',#109,.T.);
#124=FACE_BOUND('',#110,.T.);
#125=FACE_BOUND('',#111,.T.);
#126=FACE_BOUND('',#112,.T.);
#127=FACE_BOUND('',#113,.T.);
#128=FACE_BOUND('',#114,.T.);
#129=FACE_BOUND('',#115,.T.);
#130=PLANE('',#157);
#131=PLANE('',#160);
#132=PLANE('',#167);
#133=PLANE('',#170);
#134=ADVANCED_FACE('',(#116,#117),#130,.T.);
#135=ADVANCED_FACE('',(#118),#131,.T.);
#136=ADVANCED_FACE('',(#119),#28,.T.);
#137=ADVANCED_FACE('',(#120),#20,.F.);
#138=ADVANCED_FACE('',(#121),#29,.T.);
#139=ADVANCED_FACE('',(#122),#21,.F.);
#140=ADVANCED_FACE('',(#123,#124),#132,.F.);
#141=ADVANCED_FACE('',(#125,#126),#22,.T.);
#142=ADVANCED_FACE('',(#127),#133,.F.);
#143=ADVANCED_FACE('',(#128,#129),#23,.T.);
#144=CLOSED_SHELL('',(#134,#135,#136,#137,#138,#139,#140,#141,#142,#143));
#145=STYLED_ITEM('',(#146),#153);
#146=PRESENTATION_STYLE_ASSIGNMENT((#147));
#147=SURFACE_STYLE_USAGE(.BOTH.,#148);
#148=SURFACE_SIDE_STYLE('',(#149));
#149=SURFACE_STYLE_FILL_AREA(#150);
#150=FILL_AREA_STYLE('',(#151));
#151=FILL_AREA_STYLE_COLOUR('',#152);
#152=COLOUR_RGB('',0.506983280181885,0.531564235687256,0.550000011920929);
#153=MANIFOLD_SOLID_BREP('',#144);
#154=SHAPE_DEFINITION_REPRESENTATION(#3018,#155);
#155=SHAPE_REPRESENTATION('17_FDML_stimfix_Badal_screw_8mm_end_cap',(#156),
#3013);
#156=AXIS2_PLACEMENT_3D('',#207,#173,#174);
#157=AXIS2_PLACEMENT_3D('',#208,#175,#176);
#158=AXIS2_PLACEMENT_3D('',#209,#177,#178);
#159=AXIS2_PLACEMENT_3D('',#211,#179,#180);
#160=AXIS2_PLACEMENT_3D('',#213,#181,#182);
#161=AXIS2_PLACEMENT_3D('',#223,#183,#184);
#162=AXIS2_PLACEMENT_3D('',#233,#185,#186);
#163=AXIS2_PLACEMENT_3D('',#1615,#187,#188);
#164=AXIS2_PLACEMENT_3D('',#1616,#189,#190);
#165=AXIS2_PLACEMENT_3D('',#3002,#191,#192);
#166=AXIS2_PLACEMENT_3D('',#3003,#193,#194);
#167=AXIS2_PLACEMENT_3D('',#3004,#195,#196);
#168=AXIS2_PLACEMENT_3D('',#3005,#197,#198);
#169=AXIS2_PLACEMENT_3D('',#3007,#199,#200);
#170=AXIS2_PLACEMENT_3D('',#3008,#201,#202);
#171=AXIS2_PLACEMENT_3D('',#3009,#203,#204);
#172=AXIS2_PLACEMENT_3D('',#3011,#205,#206);
#173=DIRECTION('',(0.,0.,1.));
#174=DIRECTION('',(1.,0.,0.));
#175=DIRECTION('',(0.,0.,-1.));
#176=DIRECTION('',(-1.,0.,0.));
#177=DIRECTION('',(0.,0.,-1.));
#178=DIRECTION('',(1.,0.,0.));
#179=DIRECTION('',(0.,0.,1.));
#180=DIRECTION('',(1.,0.,0.));
#181=DIRECTION('',(0.,0.,1.));
#182=DIRECTION('',(1.,0.,0.));
#183=DIRECTION('',(0.,0.,1.));
#184=DIRECTION('',(1.,0.,0.));
#185=DIRECTION('',(0.,0.,1.));
#186=DIRECTION('',(1.,0.,0.));
#187=DIRECTION('',(0.,0.,1.));
#188=DIRECTION('',(1.,0.,0.));
#189=DIRECTION('',(0.,0.,-1.));
#190=DIRECTION('',(-1.,0.,0.));
#191=DIRECTION('',(0.,0.,-1.));
#192=DIRECTION('',(-1.,0.,0.));
#193=DIRECTION('',(0.,0.,-1.));
#194=DIRECTION('',(-1.,0.,0.));
#195=DIRECTION('',(0.,0.,-1.));
#196=DIRECTION('',(-1.,0.,0.));
#197=DIRECTION('',(0.,0.,-1.));
#198=DIRECTION('',(1.,0.,0.));
#199=DIRECTION('',(0.,0.,1.));
#200=DIRECTION('',(1.,0.,0.));
#201=DIRECTION('',(0.,0.,1.));
#202=DIRECTION('',(1.,0.,0.));
#203=DIRECTION('',(0.,0.,1.));
#204=DIRECTION('',(1.,0.,0.));
#205=DIRECTION('',(0.,0.,1.));
#206=DIRECTION('',(1.,0.,0.));
#207=CARTESIAN_POINT('',(0.,0.,0.));
#208=CARTESIAN_POINT('',(0.,0.,13.));
#209=CARTESIAN_POINT('',(0.,0.,13.));
#210=CARTESIAN_POINT('',(6.,0.,13.));
#211=CARTESIAN_POINT('',(0.,0.,13.));
#212=CARTESIAN_POINT('',(4.,0.,13.));
#213=CARTESIAN_POINT('',(0.,0.,15.5));
#214=CARTESIAN_POINT('',(1.53239448797105,3.69491893194826,15.5));
#215=CARTESIAN_POINT('',(0.953581357835001,3.87817417285667,15.5));
#216=CARTESIAN_POINT('',(-0.271291661394492,3.97516277284506,15.5));
#217=CARTESIAN_POINT('',(-1.98766890915241,3.27268269350794,15.5));
#218=CARTESIAN_POINT('',(-3.17377645962004,1.82881881153338,15.5));
#219=CARTESIAN_POINT('',(-3.38518312344691,0.605128769104014,15.5));
#220=CARTESIAN_POINT('',(-3.3235,0.,15.5));
#221=CARTESIAN_POINT('',(1.53239448797103,3.69491893194827,15.5));
#222=CARTESIAN_POINT('',(-3.3235,0.,15.5));
#223=CARTESIAN_POINT('',(0.,0.,15.5));
#224=CARTESIAN_POINT('',(-3.00568281897453E-14,-3.3235,15.5));
#225=CARTESIAN_POINT('',(-3.65897278328132E-14,-3.3235,15.5));
#226=CARTESIAN_POINT('',(0.604421940659334,-3.38669551723886,15.5));
#227=CARTESIAN_POINT('',(1.82350854477609,-3.1756222488896,15.5));
#228=CARTESIAN_POINT('',(3.2714638674816,-1.99138298195701,15.5));
#229=CARTESIAN_POINT('',(3.9747805111849,-0.273669682219707,15.5));
#230=CARTESIAN_POINT('',(3.87969713859234,0.950004706448558,15.5));
#231=CARTESIAN_POINT('',(3.69654916196757,1.52845774347563,15.5));
#232=CARTESIAN_POINT('',(3.69654916196755,1.52845774347568,15.5));
#233=CARTESIAN_POINT('',(0.,0.,15.5));
#234=CARTESIAN_POINT('',(-4.00008234670659,0.,25.890625));
#235=CARTESIAN_POINT('',(-4.00008234670659,0.912992692659017,25.8459821428571));
#236=CARTESIAN_POINT('',(-3.60394966342869,1.73557068536719,25.8013392857143));
#237=CARTESIAN_POINT('',(-3.20781698015079,2.55814867807537,25.7566964285714));
#238=CARTESIAN_POINT('',(-2.49401054976671,3.12739031111981,25.7120535714286));
#239=CARTESIAN_POINT('',(-1.78020411938263,3.69663194416425,25.6674107142857));
#240=CARTESIAN_POINT('',(-0.890102059691317,3.89979193083003,25.6227678571429));
#241=CARTESIAN_POINT('',(-2.51233346640836E-16,4.1029519174958,25.578125));
#242=CARTESIAN_POINT('',(0.890102059691317,3.89979193083003,25.5334821428571));
#243=CARTESIAN_POINT('',(1.78020411938263,3.69663194416425,25.4888392857143));
#244=CARTESIAN_POINT('',(2.49401054976671,3.12739031111981,25.4441964285714));
#245=CARTESIAN_POINT('',(3.20781698015079,2.55814867807537,25.3995535714286));
#246=CARTESIAN_POINT('',(3.60394966342869,1.73557068536719,25.3549107142857));
#247=CARTESIAN_POINT('',(4.00008234670659,0.912992692659017,25.3102678571429));
#248=CARTESIAN_POINT('',(4.00008234670659,4.89868804222006E-16,25.265625));
#249=CARTESIAN_POINT('',(4.00008234670659,-0.912992692659017,25.2209821428571));
#250=CARTESIAN_POINT('',(3.60394966342869,-1.73557068536719,25.1763392857143));
#251=CARTESIAN_POINT('',(3.20781698015079,-2.55814867807537,25.1316964285714));
#252=CARTESIAN_POINT('',(2.49401054976671,-3.12739031111981,25.0870535714286));
#253=CARTESIAN_POINT('',(1.78020411938263,-3.69663194416425,25.0424107142857));
#254=CARTESIAN_POINT('',(0.890102059691318,-3.89979193083003,24.9977678571429));
#255=CARTESIAN_POINT('',(7.53700039922509E-16,-4.1029519174958,24.953125));
#256=CARTESIAN_POINT('',(-0.890102059691316,-3.89979193083003,24.9084821428571));
#257=CARTESIAN_POINT('',(-1.78020411938263,-3.69663194416425,24.8638392857143));
#258=CARTESIAN_POINT('',(-2.49401054976671,-3.12739031111981,24.8191964285714));
#259=CARTESIAN_POINT('',(-3.20781698015079,-2.55814867807537,24.7745535714286));
#260=CARTESIAN_POINT('',(-3.60394966342869,-1.73557068536719,24.7299107142857));
#261=CARTESIAN_POINT('',(-4.00008234670659,-0.912992692659018,24.6852678571429));
#262=CARTESIAN_POINT('',(-4.00008234670659,0.,24.640625));
#263=CARTESIAN_POINT('',(-4.00008234670659,0.912992692659017,24.5959821428571));
#264=CARTESIAN_POINT('',(-3.60394966342869,1.73557068536719,24.5513392857143));
#265=CARTESIAN_POINT('',(-3.20781698015079,2.55814867807537,24.5066964285714));
#266=CARTESIAN_POINT('',(-2.49401054976671,3.12739031111981,24.4620535714286));
#267=CARTESIAN_POINT('',(-1.78020411938263,3.69663194416425,24.4174107142857));
#268=CARTESIAN_POINT('',(-0.890102059691317,3.89979193083003,24.3727678571429));
#269=CARTESIAN_POINT('',(-2.51233346640836E-16,4.1029519174958,24.328125));
#270=CARTESIAN_POINT('',(0.890102059691317,3.89979193083003,24.2834821428571));
#271=CARTESIAN_POINT('',(1.78020411938263,3.69663194416425,24.2388392857143));
#272=CARTESIAN_POINT('',(2.49401054976671,3.12739031111981,24.1941964285714));
#273=CARTESIAN_POINT('',(3.20781698015079,2.55814867807537,24.1495535714286));
#274=CARTESIAN_POINT('',(3.60394966342869,1.73557068536719,24.1049107142857));
#275=CARTESIAN_POINT('',(4.00008234670659,0.912992692659017,24.0602678571429));
#276=CARTESIAN_POINT('',(4.00008234670659,4.89868804222006E-16,24.015625));
#277=CARTESIAN_POINT('',(4.00008234670659,-0.912992692659017,23.9709821428571));
#278=CARTESIAN_POINT('',(3.60394966342869,-1.73557068536719,23.9263392857143));
#279=CARTESIAN_POINT('',(3.20781698015079,-2.55814867807537,23.8816964285714));
#280=CARTESIAN_POINT('',(2.49401054976671,-3.12739031111981,23.8370535714286));
#281=CARTESIAN_POINT('',(1.78020411938263,-3.69663194416425,23.7924107142857));
#282=CARTESIAN_POINT('',(0.890102059691318,-3.89979193083003,23.7477678571429));
#283=CARTESIAN_POINT('',(7.53700039922509E-16,-4.1029519174958,23.703125));
#284=CARTESIAN_POINT('',(-0.890102059691316,-3.89979193083003,23.6584821428571));
#285=CARTESIAN_POINT('',(-1.78020411938263,-3.69663194416425,23.6138392857143));
#286=CARTESIAN_POINT('',(-2.49401054976671,-3.12739031111981,23.5691964285714));
#287=CARTESIAN_POINT('',(-3.20781698015079,-2.55814867807537,23.5245535714286));
#288=CARTESIAN_POINT('',(-3.60394966342869,-1.73557068536719,23.4799107142857));
#289=CARTESIAN_POINT('',(-4.00008234670659,-0.912992692659018,23.4352678571429));
#290=CARTESIAN_POINT('',(-4.00008234670659,0.,23.390625));
#291=CARTESIAN_POINT('',(-4.00008234670659,0.912992692659017,23.3459821428571));
#292=CARTESIAN_POINT('',(-3.60394966342869,1.73557068536719,23.3013392857143));
#293=CARTESIAN_POINT('',(-3.20781698015079,2.55814867807537,23.2566964285714));
#294=CARTESIAN_POINT('',(-2.49401054976671,3.12739031111981,23.2120535714286));
#295=CARTESIAN_POINT('',(-1.78020411938263,3.69663194416425,23.1674107142857));
#296=CARTESIAN_POINT('',(-0.890102059691317,3.89979193083003,23.1227678571429));
#297=CARTESIAN_POINT('',(-2.51233346640836E-16,4.1029519174958,23.078125));
#298=CARTESIAN_POINT('',(0.890102059691317,3.89979193083003,23.0334821428571));
#299=CARTESIAN_POINT('',(1.78020411938263,3.69663194416425,22.9888392857143));
#300=CARTESIAN_POINT('',(2.49401054976671,3.12739031111981,22.9441964285714));
#301=CARTESIAN_POINT('',(3.20781698015079,2.55814867807537,22.8995535714286));
#302=CARTESIAN_POINT('',(3.60394966342869,1.73557068536719,22.8549107142857));
#303=CARTESIAN_POINT('',(4.00008234670659,0.912992692659017,22.8102678571429));
#304=CARTESIAN_POINT('',(4.00008234670659,4.89868804222006E-16,22.765625));
#305=CARTESIAN_POINT('',(4.00008234670659,-0.912992692659017,22.7209821428571));
#306=CARTESIAN_POINT('',(3.60394966342869,-1.73557068536719,22.6763392857143));
#307=CARTESIAN_POINT('',(3.20781698015079,-2.55814867807537,22.6316964285714));
#308=CARTESIAN_POINT('',(2.49401054976671,-3.12739031111981,22.5870535714286));
#309=CARTESIAN_POINT('',(1.78020411938263,-3.69663194416425,22.5424107142857));
#310=CARTESIAN_POINT('',(0.890102059691318,-3.89979193083003,22.4977678571429));
#311=CARTESIAN_POINT('',(7.53700039922509E-16,-4.1029519174958,22.453125));
#312=CARTESIAN_POINT('',(-0.890102059691316,-3.89979193083003,22.4084821428571));
#313=CARTESIAN_POINT('',(-1.78020411938263,-3.69663194416425,22.3638392857143));
#314=CARTESIAN_POINT('',(-2.49401054976671,-3.12739031111981,22.3191964285714));
#315=CARTESIAN_POINT('',(-3.20781698015079,-2.55814867807537,22.2745535714286));
#316=CARTESIAN_POINT('',(-3.60394966342869,-1.73557068536719,22.2299107142857));
#317=CARTESIAN_POINT('',(-4.00008234670659,-0.912992692659018,22.1852678571429));
#318=CARTESIAN_POINT('',(-4.00008234670659,0.,22.140625));
#319=CARTESIAN_POINT('',(-4.00008234670659,0.912992692659017,22.0959821428571));
#320=CARTESIAN_POINT('',(-3.60394966342869,1.73557068536719,22.0513392857143));
#321=CARTESIAN_POINT('',(-3.20781698015079,2.55814867807537,22.0066964285714));
#322=CARTESIAN_POINT('',(-2.49401054976671,3.12739031111981,21.9620535714286));
#323=CARTESIAN_POINT('',(-1.78020411938263,3.69663194416425,21.9174107142857));
#324=CARTESIAN_POINT('',(-0.890102059691317,3.89979193083003,21.8727678571429));
#325=CARTESIAN_POINT('',(-2.51233346640836E-16,4.1029519174958,21.828125));
#326=CARTESIAN_POINT('',(0.890102059691317,3.89979193083003,21.7834821428571));
#327=CARTESIAN_POINT('',(1.78020411938263,3.69663194416425,21.7388392857143));
#328=CARTESIAN_POINT('',(2.49401054976671,3.12739031111981,21.6941964285714));
#329=CARTESIAN_POINT('',(3.20781698015079,2.55814867807537,21.6495535714286));
#330=CARTESIAN_POINT('',(3.60394966342869,1.73557068536719,21.6049107142857));
#331=CARTESIAN_POINT('',(4.00008234670659,0.912992692659017,21.5602678571429));
#332=CARTESIAN_POINT('',(4.00008234670659,4.89868804222006E-16,21.515625));
#333=CARTESIAN_POINT('',(4.00008234670659,-0.912992692659017,21.4709821428571));
#334=CARTESIAN_POINT('',(3.60394966342869,-1.73557068536719,21.4263392857143));
#335=CARTESIAN_POINT('',(3.20781698015079,-2.55814867807537,21.3816964285714));
#336=CARTESIAN_POINT('',(2.49401054976671,-3.12739031111981,21.3370535714286));
#337=CARTESIAN_POINT('',(1.78020411938263,-3.69663194416425,21.2924107142857));
#338=CARTESIAN_POINT('',(0.890102059691318,-3.89979193083003,21.2477678571429));
#339=CARTESIAN_POINT('',(7.53700039922509E-16,-4.1029519174958,21.203125));
#340=CARTESIAN_POINT('',(-0.890102059691316,-3.89979193083003,21.1584821428571));
#341=CARTESIAN_POINT('',(-1.78020411938263,-3.69663194416425,21.1138392857143));
#342=CARTESIAN_POINT('',(-2.49401054976671,-3.12739031111981,21.0691964285714));
#343=CARTESIAN_POINT('',(-3.20781698015079,-2.55814867807537,21.0245535714286));
#344=CARTESIAN_POINT('',(-3.60394966342869,-1.73557068536719,20.9799107142857));
#345=CARTESIAN_POINT('',(-4.00008234670659,-0.912992692659018,20.9352678571429));
#346=CARTESIAN_POINT('',(-4.00008234670659,0.,20.890625));
#347=CARTESIAN_POINT('',(-4.00008234670659,0.912992692659017,20.8459821428571));
#348=CARTESIAN_POINT('',(-3.60394966342869,1.73557068536719,20.8013392857143));
#349=CARTESIAN_POINT('',(-3.20781698015079,2.55814867807537,20.7566964285714));
#350=CARTESIAN_POINT('',(-2.49401054976671,3.12739031111981,20.7120535714286));
#351=CARTESIAN_POINT('',(-1.78020411938263,3.69663194416425,20.6674107142857));
#352=CARTESIAN_POINT('',(-0.890102059691317,3.89979193083003,20.6227678571429));
#353=CARTESIAN_POINT('',(-2.51233346640836E-16,4.1029519174958,20.578125));
#354=CARTESIAN_POINT('',(0.890102059691317,3.89979193083003,20.5334821428571));
#355=CARTESIAN_POINT('',(1.78020411938263,3.69663194416425,20.4888392857143));
#356=CARTESIAN_POINT('',(2.49401054976671,3.12739031111981,20.4441964285714));
#357=CARTESIAN_POINT('',(3.20781698015079,2.55814867807537,20.3995535714286));
#358=CARTESIAN_POINT('',(3.60394966342869,1.73557068536719,20.3549107142857));
#359=CARTESIAN_POINT('',(4.00008234670659,0.912992692659017,20.3102678571429));
#360=CARTESIAN_POINT('',(4.00008234670659,4.89868804222006E-16,20.265625));
#361=CARTESIAN_POINT('',(4.00008234670659,-0.912992692659017,20.2209821428571));
#362=CARTESIAN_POINT('',(3.60394966342869,-1.73557068536719,20.1763392857143));
#363=CARTESIAN_POINT('',(3.20781698015079,-2.55814867807537,20.1316964285714));
#364=CARTESIAN_POINT('',(2.49401054976671,-3.12739031111981,20.0870535714286));
#365=CARTESIAN_POINT('',(1.78020411938263,-3.69663194416425,20.0424107142857));
#366=CARTESIAN_POINT('',(0.890102059691318,-3.89979193083003,19.9977678571429));
#367=CARTESIAN_POINT('',(7.53700039922509E-16,-4.1029519174958,19.953125));
#368=CARTESIAN_POINT('',(-0.890102059691316,-3.89979193083003,19.9084821428571));
#369=CARTESIAN_POINT('',(-1.78020411938263,-3.69663194416425,19.8638392857143));
#370=CARTESIAN_POINT('',(-2.49401054976671,-3.12739031111981,19.8191964285714));
#371=CARTESIAN_POINT('',(-3.20781698015079,-2.55814867807537,19.7745535714286));
#372=CARTESIAN_POINT('',(-3.60394966342869,-1.73557068536719,19.7299107142857));
#373=CARTESIAN_POINT('',(-4.00008234670659,-0.912992692659018,19.6852678571429));
#374=CARTESIAN_POINT('',(-4.00008234670659,0.,19.640625));
#375=CARTESIAN_POINT('',(-4.00008234670659,0.912992692659017,19.5959821428571));
#376=CARTESIAN_POINT('',(-3.60394966342869,1.73557068536719,19.5513392857143));
#377=CARTESIAN_POINT('',(-3.20781698015079,2.55814867807537,19.5066964285714));
#378=CARTESIAN_POINT('',(-2.49401054976671,3.12739031111981,19.4620535714286));
#379=CARTESIAN_POINT('',(-1.78020411938263,3.69663194416425,19.4174107142857));
#380=CARTESIAN_POINT('',(-0.890102059691317,3.89979193083003,19.3727678571429));
#381=CARTESIAN_POINT('',(-2.51233346640836E-16,4.1029519174958,19.328125));
#382=CARTESIAN_POINT('',(0.890102059691317,3.89979193083003,19.2834821428571));
#383=CARTESIAN_POINT('',(1.78020411938263,3.69663194416425,19.2388392857143));
#384=CARTESIAN_POINT('',(2.49401054976671,3.12739031111981,19.1941964285714));
#385=CARTESIAN_POINT('',(3.20781698015079,2.55814867807537,19.1495535714286));
#386=CARTESIAN_POINT('',(3.60394966342869,1.73557068536719,19.1049107142857));
#387=CARTESIAN_POINT('',(4.00008234670659,0.912992692659017,19.0602678571429));
#388=CARTESIAN_POINT('',(4.00008234670659,4.89868804222006E-16,19.015625));
#389=CARTESIAN_POINT('',(4.00008234670659,-0.912992692659017,18.9709821428571));
#390=CARTESIAN_POINT('',(3.60394966342869,-1.73557068536719,18.9263392857143));
#391=CARTESIAN_POINT('',(3.20781698015079,-2.55814867807537,18.8816964285714));
#392=CARTESIAN_POINT('',(2.49401054976671,-3.12739031111981,18.8370535714286));
#393=CARTESIAN_POINT('',(1.78020411938263,-3.69663194416425,18.7924107142857));
#394=CARTESIAN_POINT('',(0.890102059691318,-3.89979193083003,18.7477678571429));
#395=CARTESIAN_POINT('',(7.53700039922509E-16,-4.1029519174958,18.703125));
#396=CARTESIAN_POINT('',(-0.890102059691316,-3.89979193083003,18.6584821428571));
#397=CARTESIAN_POINT('',(-1.78020411938263,-3.69663194416425,18.6138392857143));
#398=CARTESIAN_POINT('',(-2.49401054976671,-3.12739031111981,18.5691964285714));
#399=CARTESIAN_POINT('',(-3.20781698015079,-2.55814867807537,18.5245535714286));
#400=CARTESIAN_POINT('',(-3.60394966342869,-1.73557068536719,18.4799107142857));
#401=CARTESIAN_POINT('',(-4.00008234670659,-0.912992692659018,18.4352678571429));
#402=CARTESIAN_POINT('',(-4.00008234670659,0.,18.390625));
#403=CARTESIAN_POINT('',(-4.00008234670659,0.912992692659017,18.3459821428571));
#404=CARTESIAN_POINT('',(-3.60394966342869,1.73557068536719,18.3013392857143));
#405=CARTESIAN_POINT('',(-3.20781698015079,2.55814867807537,18.2566964285714));
#406=CARTESIAN_POINT('',(-2.49401054976671,3.12739031111981,18.2120535714286));
#407=CARTESIAN_POINT('',(-1.78020411938263,3.69663194416425,18.1674107142857));
#408=CARTESIAN_POINT('',(-0.890102059691317,3.89979193083003,18.1227678571429));
#409=CARTESIAN_POINT('',(-2.51233346640836E-16,4.1029519174958,18.078125));
#410=CARTESIAN_POINT('',(0.890102059691317,3.89979193083003,18.0334821428571));
#411=CARTESIAN_POINT('',(1.78020411938263,3.69663194416425,17.9888392857143));
#412=CARTESIAN_POINT('',(2.49401054976671,3.12739031111981,17.9441964285714));
#413=CARTESIAN_POINT('',(3.20781698015079,2.55814867807537,17.8995535714286));
#414=CARTESIAN_POINT('',(3.60394966342869,1.73557068536719,17.8549107142857));
#415=CARTESIAN_POINT('',(4.00008234670659,0.912992692659017,17.8102678571429));
#416=CARTESIAN_POINT('',(4.00008234670659,4.89868804222006E-16,17.765625));
#417=CARTESIAN_POINT('',(4.00008234670659,-0.912992692659017,17.7209821428571));
#418=CARTESIAN_POINT('',(3.60394966342869,-1.73557068536719,17.6763392857143));
#419=CARTESIAN_POINT('',(3.20781698015079,-2.55814867807537,17.6316964285714));
#420=CARTESIAN_POINT('',(2.49401054976671,-3.12739031111981,17.5870535714286));
#421=CARTESIAN_POINT('',(1.78020411938263,-3.69663194416425,17.5424107142857));
#422=CARTESIAN_POINT('',(0.890102059691318,-3.89979193083003,17.4977678571429));
#423=CARTESIAN_POINT('',(7.53700039922509E-16,-4.1029519174958,17.453125));
#424=CARTESIAN_POINT('',(-0.890102059691316,-3.89979193083003,17.4084821428571));
#425=CARTESIAN_POINT('',(-1.78020411938263,-3.69663194416425,17.3638392857143));
#426=CARTESIAN_POINT('',(-2.49401054976671,-3.12739031111981,17.3191964285714));
#427=CARTESIAN_POINT('',(-3.20781698015079,-2.55814867807537,17.2745535714286));
#428=CARTESIAN_POINT('',(-3.60394966342869,-1.73557068536719,17.2299107142857));
#429=CARTESIAN_POINT('',(-4.00008234670659,-0.912992692659018,17.1852678571429));
#430=CARTESIAN_POINT('',(-4.00008234670659,0.,17.140625));
#431=CARTESIAN_POINT('',(-4.00008234670659,0.912992692659017,17.0959821428571));
#432=CARTESIAN_POINT('',(-3.60394966342869,1.73557068536719,17.0513392857143));
#433=CARTESIAN_POINT('',(-3.20781698015079,2.55814867807537,17.0066964285714));
#434=CARTESIAN_POINT('',(-2.49401054976671,3.12739031111981,16.9620535714286));
#435=CARTESIAN_POINT('',(-1.78020411938263,3.69663194416425,16.9174107142857));
#436=CARTESIAN_POINT('',(-0.890102059691317,3.89979193083003,16.8727678571429));
#437=CARTESIAN_POINT('',(-2.51233346640836E-16,4.1029519174958,16.828125));
#438=CARTESIAN_POINT('',(0.890102059691317,3.89979193083003,16.7834821428571));
#439=CARTESIAN_POINT('',(1.78020411938263,3.69663194416425,16.7388392857143));
#440=CARTESIAN_POINT('',(2.49401054976671,3.12739031111981,16.6941964285714));
#441=CARTESIAN_POINT('',(3.20781698015079,2.55814867807537,16.6495535714286));
#442=CARTESIAN_POINT('',(3.60394966342869,1.73557068536719,16.6049107142857));
#443=CARTESIAN_POINT('',(4.00008234670659,0.912992692659017,16.5602678571429));
#444=CARTESIAN_POINT('',(4.00008234670659,4.89868804222006E-16,16.515625));
#445=CARTESIAN_POINT('',(4.00008234670659,-0.912992692659017,16.4709821428571));
#446=CARTESIAN_POINT('',(3.60394966342869,-1.73557068536719,16.4263392857143));
#447=CARTESIAN_POINT('',(3.20781698015079,-2.55814867807537,16.3816964285714));
#448=CARTESIAN_POINT('',(2.49401054976671,-3.12739031111981,16.3370535714286));
#449=CARTESIAN_POINT('',(1.78020411938263,-3.69663194416425,16.2924107142857));
#450=CARTESIAN_POINT('',(0.890102059691318,-3.89979193083003,16.2477678571429));
#451=CARTESIAN_POINT('',(7.53700039922509E-16,-4.1029519174958,16.203125));
#452=CARTESIAN_POINT('',(-0.890102059691316,-3.89979193083003,16.1584821428571));
#453=CARTESIAN_POINT('',(-1.78020411938263,-3.69663194416425,16.1138392857143));
#454=CARTESIAN_POINT('',(-2.49401054976671,-3.12739031111981,16.0691964285714));
#455=CARTESIAN_POINT('',(-3.20781698015079,-2.55814867807537,16.0245535714286));
#456=CARTESIAN_POINT('',(-3.60394966342869,-1.73557068536719,15.9799107142857));
#457=CARTESIAN_POINT('',(-4.00008234670659,-0.912992692659018,15.9352678571429));
#458=CARTESIAN_POINT('',(-4.00008234670659,0.,15.890625));
#459=CARTESIAN_POINT('',(-4.00008234670659,0.912992692659017,15.8459821428571));
#460=CARTESIAN_POINT('',(-3.60394966342869,1.73557068536719,15.8013392857143));
#461=CARTESIAN_POINT('',(-3.20781698015079,2.55814867807537,15.7566964285714));
#462=CARTESIAN_POINT('',(-2.49401054976671,3.12739031111981,15.7120535714286));
#463=CARTESIAN_POINT('',(-1.78020411938263,3.69663194416425,15.6674107142857));
#464=CARTESIAN_POINT('',(-0.890102059691317,3.89979193083003,15.6227678571429));
#465=CARTESIAN_POINT('',(-2.51233346640836E-16,4.1029519174958,15.578125));
#466=CARTESIAN_POINT('',(0.890102059691317,3.89979193083003,15.5334821428571));
#467=CARTESIAN_POINT('',(1.78020411938263,3.69663194416425,15.4888392857143));
#468=CARTESIAN_POINT('',(2.49401054976671,3.12739031111981,15.4441964285714));
#469=CARTESIAN_POINT('',(2.54611364335439,3.08583948050518,15.4409377986898));
#470=CARTESIAN_POINT('',(2.59680371111674,3.04257609048058,15.4376562016551));
#471=CARTESIAN_POINT('',(-3.3235,0.,25.5));
#472=CARTESIAN_POINT('',(-3.3235,0.758567187135663,25.4553571428571));
#473=CARTESIAN_POINT('',(-2.99437003247369,1.4420126069572,25.4107142857143));
#474=CARTESIAN_POINT('',(-2.66524006494738,2.12545802677874,25.3660714285714));
#475=CARTESIAN_POINT('',(-2.0721683564775,2.5984169319825,25.3214285714286));
#476=CARTESIAN_POINT('',(-1.47909664800762,3.07137583718625,25.2767857142857));
#477=CARTESIAN_POINT('',(-0.739548324003811,3.24017291613629,25.2321428571429));
#478=CARTESIAN_POINT('',(-2.08739209643592E-16,3.40896999508633,25.1875));
#479=CARTESIAN_POINT('',(0.739548324003811,3.24017291613629,25.1428571428571));
#480=CARTESIAN_POINT('',(1.47909664800762,3.07137583718625,25.0982142857143));
#481=CARTESIAN_POINT('',(2.0721683564775,2.5984169319825,25.0535714285714));
#482=CARTESIAN_POINT('',(2.66524006494738,2.12545802677875,25.0089285714286));
#483=CARTESIAN_POINT('',(2.99437003247369,1.4420126069572,24.9642857142857));
#484=CARTESIAN_POINT('',(3.3235,0.758567187135663,24.9196428571429));
#485=CARTESIAN_POINT('',(3.3235,4.07011363696623E-16,24.875));
#486=CARTESIAN_POINT('',(3.3235,-0.758567187135663,24.8303571428571));
#487=CARTESIAN_POINT('',(2.99437003247369,-1.4420126069572,24.7857142857143));
#488=CARTESIAN_POINT('',(2.66524006494738,-2.12545802677874,24.7410714285714));
#489=CARTESIAN_POINT('',(2.0721683564775,-2.5984169319825,24.6964285714286));
#490=CARTESIAN_POINT('',(1.47909664800762,-3.07137583718625,24.6517857142857));
#491=CARTESIAN_POINT('',(0.739548324003811,-3.24017291613629,24.6071428571429));
#492=CARTESIAN_POINT('',(6.26217628930777E-16,-3.40896999508633,24.5625));
#493=CARTESIAN_POINT('',(-0.73954832400381,-3.24017291613629,24.5178571428571));
#494=CARTESIAN_POINT('',(-1.47909664800762,-3.07137583718625,24.4732142857143));
#495=CARTESIAN_POINT('',(-2.0721683564775,-2.5984169319825,24.4285714285714));
#496=CARTESIAN_POINT('',(-2.66524006494738,-2.12545802677875,24.3839285714286));
#497=CARTESIAN_POINT('',(-2.99437003247369,-1.4420126069572,24.3392857142857));
#498=CARTESIAN_POINT('',(-3.3235,-0.758567187135664,24.2946428571429));
#499=CARTESIAN_POINT('',(-3.3235,0.,24.25));
#500=CARTESIAN_POINT('',(-3.3235,0.758567187135663,24.2053571428571));
#501=CARTESIAN_POINT('',(-2.99437003247369,1.4420126069572,24.1607142857143));
#502=CARTESIAN_POINT('',(-2.66524006494738,2.12545802677874,24.1160714285714));
#503=CARTESIAN_POINT('',(-2.0721683564775,2.5984169319825,24.0714285714286));
#504=CARTESIAN_POINT('',(-1.47909664800762,3.07137583718625,24.0267857142857));
#505=CARTESIAN_POINT('',(-0.739548324003811,3.24017291613629,23.9821428571429));
#506=CARTESIAN_POINT('',(-2.08739209643592E-16,3.40896999508633,23.9375));
#507=CARTESIAN_POINT('',(0.739548324003811,3.24017291613629,23.8928571428571));
#508=CARTESIAN_POINT('',(1.47909664800762,3.07137583718625,23.8482142857143));
#509=CARTESIAN_POINT('',(2.0721683564775,2.5984169319825,23.8035714285714));
#510=CARTESIAN_POINT('',(2.66524006494738,2.12545802677875,23.7589285714286));
#511=CARTESIAN_POINT('',(2.99437003247369,1.4420126069572,23.7142857142857));
#512=CARTESIAN_POINT('',(3.3235,0.758567187135663,23.6696428571429));
#513=CARTESIAN_POINT('',(3.3235,4.07011363696623E-16,23.625));
#514=CARTESIAN_POINT('',(3.3235,-0.758567187135663,23.5803571428571));
#515=CARTESIAN_POINT('',(2.99437003247369,-1.4420126069572,23.5357142857143));
#516=CARTESIAN_POINT('',(2.66524006494738,-2.12545802677874,23.4910714285714));
#517=CARTESIAN_POINT('',(2.0721683564775,-2.5984169319825,23.4464285714286));
#518=CARTESIAN_POINT('',(1.47909664800762,-3.07137583718625,23.4017857142857));
#519=CARTESIAN_POINT('',(0.739548324003811,-3.24017291613629,23.3571428571429));
#520=CARTESIAN_POINT('',(6.26217628930777E-16,-3.40896999508633,23.3125));
#521=CARTESIAN_POINT('',(-0.73954832400381,-3.24017291613629,23.2678571428571));
#522=CARTESIAN_POINT('',(-1.47909664800762,-3.07137583718625,23.2232142857143));
#523=CARTESIAN_POINT('',(-2.0721683564775,-2.5984169319825,23.1785714285714));
#524=CARTESIAN_POINT('',(-2.66524006494738,-2.12545802677875,23.1339285714286));
#525=CARTESIAN_POINT('',(-2.99437003247369,-1.4420126069572,23.0892857142857));
#526=CARTESIAN_POINT('',(-3.3235,-0.758567187135664,23.0446428571429));
#527=CARTESIAN_POINT('',(-3.3235,0.,23.));
#528=CARTESIAN_POINT('',(-3.3235,0.758567187135663,22.9553571428571));
#529=CARTESIAN_POINT('',(-2.99437003247369,1.4420126069572,22.9107142857143));
#530=CARTESIAN_POINT('',(-2.66524006494738,2.12545802677874,22.8660714285714));
#531=CARTESIAN_POINT('',(-2.0721683564775,2.5984169319825,22.8214285714286));
#532=CARTESIAN_POINT('',(-1.47909664800762,3.07137583718625,22.7767857142857));
#533=CARTESIAN_POINT('',(-0.739548324003811,3.24017291613629,22.7321428571429));
#534=CARTESIAN_POINT('',(-2.08739209643592E-16,3.40896999508633,22.6875));
#535=CARTESIAN_POINT('',(0.739548324003811,3.24017291613629,22.6428571428571));
#536=CARTESIAN_POINT('',(1.47909664800762,3.07137583718625,22.5982142857143));
#537=CARTESIAN_POINT('',(2.0721683564775,2.5984169319825,22.5535714285714));
#538=CARTESIAN_POINT('',(2.66524006494738,2.12545802677875,22.5089285714286));
#539=CARTESIAN_POINT('',(2.99437003247369,1.4420126069572,22.4642857142857));
#540=CARTESIAN_POINT('',(3.3235,0.758567187135663,22.4196428571429));
#541=CARTESIAN_POINT('',(3.3235,4.07011363696623E-16,22.375));
#542=CARTESIAN_POINT('',(3.3235,-0.758567187135663,22.3303571428571));
#543=CARTESIAN_POINT('',(2.99437003247369,-1.4420126069572,22.2857142857143));
#544=CARTESIAN_POINT('',(2.66524006494738,-2.12545802677874,22.2410714285714));
#545=CARTESIAN_POINT('',(2.0721683564775,-2.5984169319825,22.1964285714286));
#546=CARTESIAN_POINT('',(1.47909664800762,-3.07137583718625,22.1517857142857));
#547=CARTESIAN_POINT('',(0.739548324003811,-3.24017291613629,22.1071428571429));
#548=CARTESIAN_POINT('',(6.26217628930777E-16,-3.40896999508633,22.0625));
#549=CARTESIAN_POINT('',(-0.73954832400381,-3.24017291613629,22.0178571428571));
#550=CARTESIAN_POINT('',(-1.47909664800762,-3.07137583718625,21.9732142857143));
#551=CARTESIAN_POINT('',(-2.0721683564775,-2.5984169319825,21.9285714285714));
#552=CARTESIAN_POINT('',(-2.66524006494738,-2.12545802677875,21.8839285714286));
#553=CARTESIAN_POINT('',(-2.99437003247369,-1.4420126069572,21.8392857142857));
#554=CARTESIAN_POINT('',(-3.3235,-0.758567187135664,21.7946428571429));
#555=CARTESIAN_POINT('',(-3.3235,0.,21.75));
#556=CARTESIAN_POINT('',(-3.3235,0.758567187135663,21.7053571428571));
#557=CARTESIAN_POINT('',(-2.99437003247369,1.4420126069572,21.6607142857143));
#558=CARTESIAN_POINT('',(-2.66524006494738,2.12545802677874,21.6160714285714));
#559=CARTESIAN_POINT('',(-2.0721683564775,2.5984169319825,21.5714285714286));
#560=CARTESIAN_POINT('',(-1.47909664800762,3.07137583718625,21.5267857142857));
#561=CARTESIAN_POINT('',(-0.739548324003811,3.24017291613629,21.4821428571429));
#562=CARTESIAN_POINT('',(-2.08739209643592E-16,3.40896999508633,21.4375));
#563=CARTESIAN_POINT('',(0.739548324003811,3.24017291613629,21.3928571428571));
#564=CARTESIAN_POINT('',(1.47909664800762,3.07137583718625,21.3482142857143));
#565=CARTESIAN_POINT('',(2.0721683564775,2.5984169319825,21.3035714285714));
#566=CARTESIAN_POINT('',(2.66524006494738,2.12545802677875,21.2589285714286));
#567=CARTESIAN_POINT('',(2.99437003247369,1.4420126069572,21.2142857142857));
#568=CARTESIAN_POINT('',(3.3235,0.758567187135663,21.1696428571429));
#569=CARTESIAN_POINT('',(3.3235,4.07011363696623E-16,21.125));
#570=CARTESIAN_POINT('',(3.3235,-0.758567187135663,21.0803571428571));
#571=CARTESIAN_POINT('',(2.99437003247369,-1.4420126069572,21.0357142857143));
#572=CARTESIAN_POINT('',(2.66524006494738,-2.12545802677874,20.9910714285714));
#573=CARTESIAN_POINT('',(2.0721683564775,-2.5984169319825,20.9464285714286));
#574=CARTESIAN_POINT('',(1.47909664800762,-3.07137583718625,20.9017857142857));
#575=CARTESIAN_POINT('',(0.739548324003811,-3.24017291613629,20.8571428571429));
#576=CARTESIAN_POINT('',(6.26217628930777E-16,-3.40896999508633,20.8125));
#577=CARTESIAN_POINT('',(-0.73954832400381,-3.24017291613629,20.7678571428571));
#578=CARTESIAN_POINT('',(-1.47909664800762,-3.07137583718625,20.7232142857143));
#579=CARTESIAN_POINT('',(-2.0721683564775,-2.5984169319825,20.6785714285714));
#580=CARTESIAN_POINT('',(-2.66524006494738,-2.12545802677875,20.6339285714286));
#581=CARTESIAN_POINT('',(-2.99437003247369,-1.4420126069572,20.5892857142857));
#582=CARTESIAN_POINT('',(-3.3235,-0.758567187135664,20.5446428571429));
#583=CARTESIAN_POINT('',(-3.3235,0.,20.5));
#584=CARTESIAN_POINT('',(-3.3235,0.758567187135663,20.4553571428571));
#585=CARTESIAN_POINT('',(-2.99437003247369,1.4420126069572,20.4107142857143));
#586=CARTESIAN_POINT('',(-2.66524006494738,2.12545802677874,20.3660714285714));
#587=CARTESIAN_POINT('',(-2.0721683564775,2.5984169319825,20.3214285714286));
#588=CARTESIAN_POINT('',(-1.47909664800762,3.07137583718625,20.2767857142857));
#589=CARTESIAN_POINT('',(-0.739548324003811,3.24017291613629,20.2321428571429));
#590=CARTESIAN_POINT('',(-2.08739209643592E-16,3.40896999508633,20.1875));
#591=CARTESIAN_POINT('',(0.739548324003811,3.24017291613629,20.1428571428571));
#592=CARTESIAN_POINT('',(1.47909664800762,3.07137583718625,20.0982142857143));
#593=CARTESIAN_POINT('',(2.0721683564775,2.5984169319825,20.0535714285714));
#594=CARTESIAN_POINT('',(2.66524006494738,2.12545802677875,20.0089285714286));
#595=CARTESIAN_POINT('',(2.99437003247369,1.4420126069572,19.9642857142857));
#596=CARTESIAN_POINT('',(3.3235,0.758567187135663,19.9196428571429));
#597=CARTESIAN_POINT('',(3.3235,4.07011363696623E-16,19.875));
#598=CARTESIAN_POINT('',(3.3235,-0.758567187135663,19.8303571428571));
#599=CARTESIAN_POINT('',(2.99437003247369,-1.4420126069572,19.7857142857143));
#600=CARTESIAN_POINT('',(2.66524006494738,-2.12545802677874,19.7410714285714));
#601=CARTESIAN_POINT('',(2.0721683564775,-2.5984169319825,19.6964285714286));
#602=CARTESIAN_POINT('',(1.47909664800762,-3.07137583718625,19.6517857142857));
#603=CARTESIAN_POINT('',(0.739548324003811,-3.24017291613629,19.6071428571429));
#604=CARTESIAN_POINT('',(6.26217628930777E-16,-3.40896999508633,19.5625));
#605=CARTESIAN_POINT('',(-0.73954832400381,-3.24017291613629,19.5178571428571));
#606=CARTESIAN_POINT('',(-1.47909664800762,-3.07137583718625,19.4732142857143));
#607=CARTESIAN_POINT('',(-2.0721683564775,-2.5984169319825,19.4285714285714));
#608=CARTESIAN_POINT('',(-2.66524006494738,-2.12545802677875,19.3839285714286));
#609=CARTESIAN_POINT('',(-2.99437003247369,-1.4420126069572,19.3392857142857));
#610=CARTESIAN_POINT('',(-3.3235,-0.758567187135664,19.2946428571429));
#611=CARTESIAN_POINT('',(-3.3235,0.,19.25));
#612=CARTESIAN_POINT('',(-3.3235,0.758567187135663,19.2053571428571));
#613=CARTESIAN_POINT('',(-2.99437003247369,1.4420126069572,19.1607142857143));
#614=CARTESIAN_POINT('',(-2.66524006494738,2.12545802677874,19.1160714285714));
#615=CARTESIAN_POINT('',(-2.0721683564775,2.5984169319825,19.0714285714286));
#616=CARTESIAN_POINT('',(-1.47909664800762,3.07137583718625,19.0267857142857));
#617=CARTESIAN_POINT('',(-0.739548324003811,3.24017291613629,18.9821428571429));
#618=CARTESIAN_POINT('',(-2.08739209643592E-16,3.40896999508633,18.9375));
#619=CARTESIAN_POINT('',(0.739548324003811,3.24017291613629,18.8928571428571));
#620=CARTESIAN_POINT('',(1.47909664800762,3.07137583718625,18.8482142857143));
#621=CARTESIAN_POINT('',(2.0721683564775,2.5984169319825,18.8035714285714));
#622=CARTESIAN_POINT('',(2.66524006494738,2.12545802677875,18.7589285714286));
#623=CARTESIAN_POINT('',(2.99437003247369,1.4420126069572,18.7142857142857));
#624=CARTESIAN_POINT('',(3.3235,0.758567187135663,18.6696428571429));
#625=CARTESIAN_POINT('',(3.3235,4.07011363696623E-16,18.625));
#626=CARTESIAN_POINT('',(3.3235,-0.758567187135663,18.5803571428571));
#627=CARTESIAN_POINT('',(2.99437003247369,-1.4420126069572,18.5357142857143));
#628=CARTESIAN_POINT('',(2.66524006494738,-2.12545802677874,18.4910714285714));
#629=CARTESIAN_POINT('',(2.0721683564775,-2.5984169319825,18.4464285714286));
#630=CARTESIAN_POINT('',(1.47909664800762,-3.07137583718625,18.4017857142857));
#631=CARTESIAN_POINT('',(0.739548324003811,-3.24017291613629,18.3571428571429));
#632=CARTESIAN_POINT('',(6.26217628930777E-16,-3.40896999508633,18.3125));
#633=CARTESIAN_POINT('',(-0.73954832400381,-3.24017291613629,18.2678571428571));
#634=CARTESIAN_POINT('',(-1.47909664800762,-3.07137583718625,18.2232142857143));
#635=CARTESIAN_POINT('',(-2.0721683564775,-2.5984169319825,18.1785714285714));
#636=CARTESIAN_POINT('',(-2.66524006494738,-2.12545802677875,18.1339285714286));
#637=CARTESIAN_POINT('',(-2.99437003247369,-1.4420126069572,18.0892857142857));
#638=CARTESIAN_POINT('',(-3.3235,-0.758567187135664,18.0446428571429));
#639=CARTESIAN_POINT('',(-3.3235,0.,18.));
#640=CARTESIAN_POINT('',(-3.3235,0.758567187135663,17.9553571428571));
#641=CARTESIAN_POINT('',(-2.99437003247369,1.4420126069572,17.9107142857143));
#642=CARTESIAN_POINT('',(-2.66524006494738,2.12545802677874,17.8660714285714));
#643=CARTESIAN_POINT('',(-2.0721683564775,2.5984169319825,17.8214285714286));
#644=CARTESIAN_POINT('',(-1.47909664800762,3.07137583718625,17.7767857142857));
#645=CARTESIAN_POINT('',(-0.739548324003811,3.24017291613629,17.7321428571429));
#646=CARTESIAN_POINT('',(-2.08739209643592E-16,3.40896999508633,17.6875));
#647=CARTESIAN_POINT('',(0.739548324003811,3.24017291613629,17.6428571428571));
#648=CARTESIAN_POINT('',(1.47909664800762,3.07137583718625,17.5982142857143));
#649=CARTESIAN_POINT('',(2.0721683564775,2.5984169319825,17.5535714285714));
#650=CARTESIAN_POINT('',(2.66524006494738,2.12545802677875,17.5089285714286));
#651=CARTESIAN_POINT('',(2.99437003247369,1.4420126069572,17.4642857142857));
#652=CARTESIAN_POINT('',(3.3235,0.758567187135663,17.4196428571429));
#653=CARTESIAN_POINT('',(3.3235,4.07011363696623E-16,17.375));
#654=CARTESIAN_POINT('',(3.3235,-0.758567187135663,17.3303571428571));
#655=CARTESIAN_POINT('',(2.99437003247369,-1.4420126069572,17.2857142857143));
#656=CARTESIAN_POINT('',(2.66524006494738,-2.12545802677874,17.2410714285714));
#657=CARTESIAN_POINT('',(2.0721683564775,-2.5984169319825,17.1964285714286));
#658=CARTESIAN_POINT('',(1.47909664800762,-3.07137583718625,17.1517857142857));
#659=CARTESIAN_POINT('',(0.739548324003811,-3.24017291613629,17.1071428571429));
#660=CARTESIAN_POINT('',(6.26217628930777E-16,-3.40896999508633,17.0625));
#661=CARTESIAN_POINT('',(-0.73954832400381,-3.24017291613629,17.0178571428571));
#662=CARTESIAN_POINT('',(-1.47909664800762,-3.07137583718625,16.9732142857143));
#663=CARTESIAN_POINT('',(-2.0721683564775,-2.5984169319825,16.9285714285714));
#664=CARTESIAN_POINT('',(-2.66524006494738,-2.12545802677875,16.8839285714286));
#665=CARTESIAN_POINT('',(-2.99437003247369,-1.4420126069572,16.8392857142857));
#666=CARTESIAN_POINT('',(-3.3235,-0.758567187135664,16.7946428571429));
#667=CARTESIAN_POINT('',(-3.3235,0.,16.75));
#668=CARTESIAN_POINT('',(-3.3235,0.758567187135663,16.7053571428571));
#669=CARTESIAN_POINT('',(-2.99437003247369,1.4420126069572,16.6607142857143));
#670=CARTESIAN_POINT('',(-2.66524006494738,2.12545802677874,16.6160714285714));
#671=CARTESIAN_POINT('',(-2.0721683564775,2.5984169319825,16.5714285714286));
#672=CARTESIAN_POINT('',(-1.47909664800762,3.07137583718625,16.5267857142857));
#673=CARTESIAN_POINT('',(-0.739548324003811,3.24017291613629,16.4821428571429));
#674=CARTESIAN_POINT('',(-2.08739209643592E-16,3.40896999508633,16.4375));
#675=CARTESIAN_POINT('',(0.739548324003811,3.24017291613629,16.3928571428571));
#676=CARTESIAN_POINT('',(1.47909664800762,3.07137583718625,16.3482142857143));
#677=CARTESIAN_POINT('',(2.0721683564775,2.5984169319825,16.3035714285714));
#678=CARTESIAN_POINT('',(2.66524006494738,2.12545802677875,16.2589285714286));
#679=CARTESIAN_POINT('',(2.99437003247369,1.4420126069572,16.2142857142857));
#680=CARTESIAN_POINT('',(3.3235,0.758567187135663,16.1696428571429));
#681=CARTESIAN_POINT('',(3.3235,4.07011363696623E-16,16.125));
#682=CARTESIAN_POINT('',(3.3235,-0.758567187135663,16.0803571428571));
#683=CARTESIAN_POINT('',(2.99437003247369,-1.4420126069572,16.0357142857143));
#684=CARTESIAN_POINT('',(2.66524006494738,-2.12545802677874,15.9910714285714));
#685=CARTESIAN_POINT('',(2.0721683564775,-2.5984169319825,15.9464285714286));
#686=CARTESIAN_POINT('',(1.47909664800762,-3.07137583718625,15.9017857142857));
#687=CARTESIAN_POINT('',(0.739548324003811,-3.24017291613629,15.8571428571429));
#688=CARTESIAN_POINT('',(6.26217628930777E-16,-3.40896999508633,15.8125));
#689=CARTESIAN_POINT('',(-0.73954832400381,-3.24017291613629,15.7678571428571));
#690=CARTESIAN_POINT('',(-1.47909664800762,-3.07137583718625,15.7232142857143));
#691=CARTESIAN_POINT('',(-2.0721683564775,-2.5984169319825,15.6785714285714));
#692=CARTESIAN_POINT('',(-2.66524006494738,-2.12545802677875,15.6339285714286));
#693=CARTESIAN_POINT('',(-2.99437003247369,-1.4420126069572,15.5892857142857));
#694=CARTESIAN_POINT('',(-3.3235,-0.758567187135664,15.5446428571429));
#695=CARTESIAN_POINT('',(-3.3235,0.,15.5));
#696=CARTESIAN_POINT('',(-3.3235,0.758567187135663,15.4553571428571));
#697=CARTESIAN_POINT('',(-2.99437003247369,1.4420126069572,15.4107142857143));
#698=CARTESIAN_POINT('',(-2.66524006494738,2.12545802677874,15.3660714285714));
#699=CARTESIAN_POINT('',(-2.0721683564775,2.5984169319825,15.3214285714286));
#700=CARTESIAN_POINT('',(-1.47909664800762,3.07137583718625,15.2767857142857));
#701=CARTESIAN_POINT('',(-0.739548324003811,3.24017291613629,15.2321428571429));
#702=CARTESIAN_POINT('',(-2.08739209643592E-16,3.40896999508633,15.1875));
#703=CARTESIAN_POINT('',(0.739548324003811,3.24017291613629,15.1428571428571));
#704=CARTESIAN_POINT('',(1.47909664800762,3.07137583718625,15.0982142857143));
#705=CARTESIAN_POINT('',(2.0721683564775,2.5984169319825,15.0535714285714));
#706=CARTESIAN_POINT('',(2.11545862315944,2.56389409630602,15.0503127986898));
#707=CARTESIAN_POINT('',(2.157574866178,2.52794836712243,15.0470312016551));
#708=CARTESIAN_POINT('',(-4.00008234670659,0.,25.890625));
#709=CARTESIAN_POINT('',(-4.00008234670659,0.912992692659017,25.8459821428571));
#710=CARTESIAN_POINT('',(-3.60394966342869,1.73557068536719,25.8013392857143));
#711=CARTESIAN_POINT('',(-3.20781698015079,2.55814867807537,25.7566964285714));
#712=CARTESIAN_POINT('',(-2.49401054976671,3.12739031111981,25.7120535714286));
#713=CARTESIAN_POINT('',(-1.78020411938263,3.69663194416425,25.6674107142857));
#714=CARTESIAN_POINT('',(-0.890102059691317,3.89979193083003,25.6227678571429));
#715=CARTESIAN_POINT('',(-2.51233346640836E-16,4.1029519174958,25.578125));
#716=CARTESIAN_POINT('',(0.890102059691317,3.89979193083003,25.5334821428571));
#717=CARTESIAN_POINT('',(1.78020411938263,3.69663194416425,25.4888392857143));
#718=CARTESIAN_POINT('',(2.49401054976671,3.12739031111981,25.4441964285714));
#719=CARTESIAN_POINT('',(3.20781698015079,2.55814867807537,25.3995535714286));
#720=CARTESIAN_POINT('',(3.60394966342869,1.73557068536719,25.3549107142857));
#721=CARTESIAN_POINT('',(4.00008234670659,0.912992692659017,25.3102678571429));
#722=CARTESIAN_POINT('',(4.00008234670659,4.89868804222006E-16,25.265625));
#723=CARTESIAN_POINT('',(4.00008234670659,-0.912992692659017,25.2209821428571));
#724=CARTESIAN_POINT('',(3.60394966342869,-1.73557068536719,25.1763392857143));
#725=CARTESIAN_POINT('',(3.20781698015079,-2.55814867807537,25.1316964285714));
#726=CARTESIAN_POINT('',(2.49401054976671,-3.12739031111981,25.0870535714286));
#727=CARTESIAN_POINT('',(1.78020411938263,-3.69663194416425,25.0424107142857));
#728=CARTESIAN_POINT('',(0.890102059691318,-3.89979193083003,24.9977678571429));
#729=CARTESIAN_POINT('',(7.53700039922509E-16,-4.1029519174958,24.953125));
#730=CARTESIAN_POINT('',(-0.890102059691316,-3.89979193083003,24.9084821428571));
#731=CARTESIAN_POINT('',(-1.78020411938263,-3.69663194416425,24.8638392857143));
#732=CARTESIAN_POINT('',(-2.49401054976671,-3.12739031111981,24.8191964285714));
#733=CARTESIAN_POINT('',(-3.20781698015079,-2.55814867807537,24.7745535714286));
#734=CARTESIAN_POINT('',(-3.60394966342869,-1.73557068536719,24.7299107142857));
#735=CARTESIAN_POINT('',(-4.00008234670659,-0.912992692659018,24.6852678571429));
#736=CARTESIAN_POINT('',(-4.00008234670659,-9.79737608444012E-16,24.640625));
#737=CARTESIAN_POINT('',(-4.00008234670659,0.912992692659016,24.5959821428571));
#738=CARTESIAN_POINT('',(-3.60394966342869,1.73557068536719,24.5513392857143));
#739=CARTESIAN_POINT('',(-3.20781698015079,2.55814867807537,24.5066964285714));
#740=CARTESIAN_POINT('',(-2.49401054976671,3.12739031111981,24.4620535714286));
#741=CARTESIAN_POINT('',(-1.78020411938263,3.69663194416425,24.4174107142857));
#742=CARTESIAN_POINT('',(-0.890102059691318,3.89979193083003,24.3727678571429));
#743=CARTESIAN_POINT('',(-1.25616673320418E-15,4.1029519174958,24.328125));
#744=CARTESIAN_POINT('',(0.890102059691316,3.89979193083003,24.2834821428571));
#745=CARTESIAN_POINT('',(1.78020411938263,3.69663194416425,24.2388392857143));
#746=CARTESIAN_POINT('',(2.49401054976671,3.12739031111981,24.1941964285714));
#747=CARTESIAN_POINT('',(3.20781698015079,2.55814867807537,24.1495535714286));
#748=CARTESIAN_POINT('',(3.60394966342869,1.73557068536719,24.1049107142857));
#749=CARTESIAN_POINT('',(4.00008234670659,0.912992692659019,24.0602678571429));
#750=CARTESIAN_POINT('',(4.00008234670659,1.46960641266602E-15,24.015625));
#751=CARTESIAN_POINT('',(4.00008234670659,-0.912992692659016,23.9709821428571));
#752=CARTESIAN_POINT('',(3.60394966342869,-1.73557068536719,23.9263392857143));
#753=CARTESIAN_POINT('',(3.20781698015079,-2.55814867807537,23.8816964285714));
#754=CARTESIAN_POINT('',(2.49401054976671,-3.12739031111981,23.8370535714286));
#755=CARTESIAN_POINT('',(1.78020411938264,-3.69663194416425,23.7924107142857));
#756=CARTESIAN_POINT('',(0.890102059691318,-3.89979193083003,23.7477678571429));
#757=CARTESIAN_POINT('',(1.75863342648586E-15,-4.1029519174958,23.703125));
#758=CARTESIAN_POINT('',(-0.890102059691315,-3.89979193083003,23.6584821428571));
#759=CARTESIAN_POINT('',(-1.78020411938263,-3.69663194416425,23.6138392857143));
#760=CARTESIAN_POINT('',(-2.49401054976671,-3.12739031111981,23.5691964285714));
#761=CARTESIAN_POINT('',(-3.20781698015079,-2.55814867807537,23.5245535714286));
#762=CARTESIAN_POINT('',(-3.60394966342869,-1.73557068536719,23.4799107142857));
#763=CARTESIAN_POINT('',(-4.00008234670659,-0.912992692659019,23.4352678571429));
#764=CARTESIAN_POINT('',(-4.00008234670659,-1.95947521688802E-15,23.390625));
#765=CARTESIAN_POINT('',(-4.00008234670659,0.912992692659015,23.3459821428571));
#766=CARTESIAN_POINT('',(-3.60394966342869,1.73557068536719,23.3013392857143));
#767=CARTESIAN_POINT('',(-3.20781698015079,2.55814867807537,23.2566964285714));
#768=CARTESIAN_POINT('',(-2.49401054976671,3.12739031111981,23.2120535714286));
#769=CARTESIAN_POINT('',(-1.78020411938264,3.69663194416425,23.1674107142857));
#770=CARTESIAN_POINT('',(-0.890102059691319,3.89979193083003,23.1227678571429));
#771=CARTESIAN_POINT('',(-2.26110011976753E-15,4.1029519174958,23.078125));
#772=CARTESIAN_POINT('',(0.890102059691315,3.89979193083003,23.0334821428571));
#773=CARTESIAN_POINT('',(1.78020411938263,3.69663194416425,22.9888392857143));
#774=CARTESIAN_POINT('',(2.49401054976671,3.12739031111981,22.9441964285714));
#775=CARTESIAN_POINT('',(3.20781698015079,2.55814867807537,22.8995535714286));
#776=CARTESIAN_POINT('',(3.60394966342869,1.7355706853672,22.8549107142857));
#777=CARTESIAN_POINT('',(4.00008234670659,0.91299269265902,22.8102678571429));
#778=CARTESIAN_POINT('',(4.00008234670659,2.44934402111003E-15,22.765625));
#779=CARTESIAN_POINT('',(4.00008234670659,-0.912992692659015,22.7209821428571));
#780=CARTESIAN_POINT('',(3.60394966342869,-1.73557068536719,22.6763392857143));
#781=CARTESIAN_POINT('',(3.2078169801508,-2.55814867807536,22.6316964285714));
#782=CARTESIAN_POINT('',(2.49401054976671,-3.12739031111981,22.5870535714286));
#783=CARTESIAN_POINT('',(1.78020411938263,-3.69663194416425,22.5424107142857));
#784=CARTESIAN_POINT('',(0.890102059691319,-3.89979193083003,22.4977678571429));
#785=CARTESIAN_POINT('',(1.00518735134232E-14,-4.1029519174958,22.453125));
#786=CARTESIAN_POINT('',(-0.890102059691314,-3.89979193083003,22.4084821428571));
#787=CARTESIAN_POINT('',(-1.78020411938264,-3.69663194416425,22.3638392857143));
#788=CARTESIAN_POINT('',(-2.49401054976671,-3.12739031111981,22.3191964285714));
#789=CARTESIAN_POINT('',(-3.20781698015078,-2.55814867807538,22.2745535714286));
#790=CARTESIAN_POINT('',(-3.60394966342869,-1.7355706853672,22.2299107142857));
#791=CARTESIAN_POINT('',(-4.00008234670659,-0.912992692659013,22.1852678571429));
#792=CARTESIAN_POINT('',(-4.00008234670659,-2.93921282533204E-15,22.140625));
#793=CARTESIAN_POINT('',(-4.00008234670659,0.912992692659007,22.0959821428571));
#794=CARTESIAN_POINT('',(-3.60394966342869,1.73557068536719,22.0513392857143));
#795=CARTESIAN_POINT('',(-3.20781698015079,2.55814867807537,22.0066964285714));
#796=CARTESIAN_POINT('',(-2.49401054976671,3.12739031111981,21.9620535714286));
#797=CARTESIAN_POINT('',(-1.78020411938264,3.69663194416425,21.9174107142857));
#798=CARTESIAN_POINT('',(-0.89010205969132,3.89979193083003,21.8727678571429));
#799=CARTESIAN_POINT('',(4.02227319404317E-15,4.1029519174958,21.828125));
#800=CARTESIAN_POINT('',(0.890102059691314,3.89979193083003,21.7834821428571));
#801=CARTESIAN_POINT('',(1.78020411938262,3.69663194416426,21.7388392857143));
#802=CARTESIAN_POINT('',(2.49401054976671,3.12739031111981,21.6941964285714));
#803=CARTESIAN_POINT('',(3.20781698015079,2.55814867807537,21.6495535714286));
#804=CARTESIAN_POINT('',(3.60394966342869,1.7355706853672,21.6049107142857));
#805=CARTESIAN_POINT('',(4.00008234670659,0.912992692659028,21.5602678571429));
#806=CARTESIAN_POINT('',(4.00008234670659,3.42908162955404E-15,21.515625));
#807=CARTESIAN_POINT('',(4.00008234670659,-0.912992692659021,21.4709821428571));
#808=CARTESIAN_POINT('',(3.60394966342869,-1.73557068536719,21.4263392857143));
#809=CARTESIAN_POINT('',(3.2078169801508,-2.55814867807536,21.3816964285714));
#810=CARTESIAN_POINT('',(2.49401054976671,-3.12739031111981,21.3370535714286));
#811=CARTESIAN_POINT('',(1.78020411938263,-3.69663194416425,21.2924107142857));
#812=CARTESIAN_POINT('',(0.89010205969132,-3.89979193083003,21.2477678571429));
#813=CARTESIAN_POINT('',(1.10568068999866E-14,-4.1029519174958,21.203125));
#814=CARTESIAN_POINT('',(-0.890102059691313,-3.89979193083003,21.1584821428571));
#815=CARTESIAN_POINT('',(-1.78020411938264,-3.69663194416425,21.1138392857143));
#816=CARTESIAN_POINT('',(-2.49401054976671,-3.12739031111981,21.0691964285714));
#817=CARTESIAN_POINT('',(-3.20781698015078,-2.55814867807538,21.0245535714286));
#818=CARTESIAN_POINT('',(-3.60394966342869,-1.7355706853672,20.9799107142857));
#819=CARTESIAN_POINT('',(-4.00008234670659,-0.912992692659014,20.9352678571429));
#820=CARTESIAN_POINT('',(-4.00008234670659,-3.91895043377605E-15,20.890625));
#821=CARTESIAN_POINT('',(-4.00008234670659,0.912992692659006,20.8459821428571));
#822=CARTESIAN_POINT('',(-3.60394966342869,1.73557068536719,20.8013392857143));
#823=CARTESIAN_POINT('',(-3.20781698015079,2.55814867807537,20.7566964285714));
#824=CARTESIAN_POINT('',(-2.49401054976671,3.12739031111981,20.7120535714286));
#825=CARTESIAN_POINT('',(-1.78020411938264,3.69663194416425,20.6674107142857));
#826=CARTESIAN_POINT('',(-0.890102059691321,3.89979193083003,20.6227678571429));
#827=CARTESIAN_POINT('',(3.01733980747982E-15,4.1029519174958,20.578125));
#828=CARTESIAN_POINT('',(0.890102059691313,3.89979193083003,20.5334821428571));
#829=CARTESIAN_POINT('',(1.78020411938262,3.69663194416426,20.4888392857143));
#830=CARTESIAN_POINT('',(2.49401054976671,3.12739031111981,20.4441964285714));
#831=CARTESIAN_POINT('',(3.20781698015079,2.55814867807537,20.3995535714286));
#832=CARTESIAN_POINT('',(3.60394966342869,1.7355706853672,20.3549107142857));
#833=CARTESIAN_POINT('',(4.00008234670659,0.912992692659028,20.3102678571429));
#834=CARTESIAN_POINT('',(4.00008234670659,4.40881923799806E-15,20.265625));
#835=CARTESIAN_POINT('',(4.00008234670659,-0.91299269265902,20.2209821428571));
#836=CARTESIAN_POINT('',(3.60394966342869,-1.73557068536719,20.1763392857143));
#837=CARTESIAN_POINT('',(3.2078169801508,-2.55814867807536,20.1316964285714));
#838=CARTESIAN_POINT('',(2.49401054976671,-3.12739031111981,20.0870535714286));
#839=CARTESIAN_POINT('',(1.78020411938263,-3.69663194416425,20.0424107142857));
#840=CARTESIAN_POINT('',(0.890102059691321,-3.89979193083003,19.9977678571429));
#841=CARTESIAN_POINT('',(1.20617402865499E-14,-4.1029519174958,19.953125));
#842=CARTESIAN_POINT('',(-0.890102059691312,-3.89979193083003,19.9084821428571));
#843=CARTESIAN_POINT('',(-1.78020411938264,-3.69663194416425,19.8638392857143));
#844=CARTESIAN_POINT('',(-2.49401054976671,-3.12739031111981,19.8191964285714));
#845=CARTESIAN_POINT('',(-3.20781698015078,-2.55814867807538,19.7745535714286));
#846=CARTESIAN_POINT('',(-3.60394966342869,-1.7355706853672,19.7299107142857));
#847=CARTESIAN_POINT('',(-4.00008234670659,-0.912992692659015,19.6852678571429));
#848=CARTESIAN_POINT('',(-4.00008234670659,-4.89868804222006E-15,19.640625));
#849=CARTESIAN_POINT('',(-4.00008234670659,0.912992692659005,19.5959821428571));
#850=CARTESIAN_POINT('',(-3.60394966342869,1.73557068536719,19.5513392857143));
#851=CARTESIAN_POINT('',(-3.20781698015079,2.55814867807537,19.5066964285714));
#852=CARTESIAN_POINT('',(-2.49401054976671,3.12739031111981,19.4620535714286));
#853=CARTESIAN_POINT('',(-1.78020411938265,3.69663194416425,19.4174107142857));
#854=CARTESIAN_POINT('',(-0.890102059691336,3.89979193083002,19.3727678571429));
#855=CARTESIAN_POINT('',(2.01240642091648E-15,4.1029519174958,19.328125));
#856=CARTESIAN_POINT('',(0.890102059691312,3.89979193083003,19.2834821428571));
#857=CARTESIAN_POINT('',(1.78020411938262,3.69663194416426,19.2388392857143));
#858=CARTESIAN_POINT('',(2.49401054976672,3.12739031111981,19.1941964285714));
#859=CARTESIAN_POINT('',(3.20781698015079,2.55814867807537,19.1495535714286));
#860=CARTESIAN_POINT('',(3.60394966342869,1.7355706853672,19.1049107142857));
#861=CARTESIAN_POINT('',(4.00008234670659,0.912992692659029,19.0602678571429));
#862=CARTESIAN_POINT('',(4.00008234670659,1.9599704115915E-14,19.015625));
#863=CARTESIAN_POINT('',(4.00008234670659,-0.912992692659019,18.9709821428571));
#864=CARTESIAN_POINT('',(3.60394966342869,-1.73557068536719,18.9263392857143));
#865=CARTESIAN_POINT('',(3.2078169801508,-2.55814867807536,18.8816964285714));
#866=CARTESIAN_POINT('',(2.4940105497667,-3.12739031111982,18.8370535714286));
#867=CARTESIAN_POINT('',(1.78020411938263,-3.69663194416425,18.7924107142857));
#868=CARTESIAN_POINT('',(0.890102059691322,-3.89979193083003,18.7477678571429));
#869=CARTESIAN_POINT('',(1.30666736731133E-14,-4.1029519174958,18.703125));
#870=CARTESIAN_POINT('',(-0.890102059691297,-3.89979193083003,18.6584821428571));
#871=CARTESIAN_POINT('',(-1.78020411938264,-3.69663194416425,18.6138392857143));
#872=CARTESIAN_POINT('',(-2.49401054976671,-3.12739031111981,18.5691964285714));
#873=CARTESIAN_POINT('',(-3.20781698015078,-2.55814867807538,18.5245535714286));
#874=CARTESIAN_POINT('',(-3.60394966342869,-1.73557068536719,18.4799107142857));
#875=CARTESIAN_POINT('',(-4.00008234670659,-0.912992692659016,18.4352678571429));
#876=CARTESIAN_POINT('',(-4.00008234670659,-5.87842565066407E-15,18.390625));
#877=CARTESIAN_POINT('',(-4.00008234670659,0.912992692659004,18.3459821428571));
#878=CARTESIAN_POINT('',(-3.6039496634287,1.73557068536717,18.3013392857143));
#879=CARTESIAN_POINT('',(-3.20781698015079,2.55814867807537,18.2566964285714));
#880=CARTESIAN_POINT('',(-2.49401054976672,3.12739031111981,18.2120535714286));
#881=CARTESIAN_POINT('',(-1.78020411938265,3.69663194416425,18.1674107142857));
#882=CARTESIAN_POINT('',(-0.890102059691309,3.89979193083003,18.1227678571429));
#883=CARTESIAN_POINT('',(1.00747303435313E-15,4.1029519174958,18.078125));
#884=CARTESIAN_POINT('',(0.890102059691311,3.89979193083003,18.0334821428571));
#885=CARTESIAN_POINT('',(1.78020411938262,3.69663194416426,17.9888392857143));
#886=CARTESIAN_POINT('',(2.4940105497667,3.12739031111982,17.9441964285714));
#887=CARTESIAN_POINT('',(3.20781698015079,2.55814867807537,17.8995535714286));
#888=CARTESIAN_POINT('',(3.60394966342869,1.7355706853672,17.8549107142857));
#889=CARTESIAN_POINT('',(4.00008234670659,0.91299269265903,17.8102678571429));
#890=CARTESIAN_POINT('',(4.00008234670659,-7.84285281458684E-15,17.765625));
#891=CARTESIAN_POINT('',(4.00008234670659,-0.912992692659018,17.7209821428571));
#892=CARTESIAN_POINT('',(3.60394966342869,-1.73557068536719,17.6763392857143));
#893=CARTESIAN_POINT('',(3.2078169801508,-2.55814867807536,17.6316964285714));
#894=CARTESIAN_POINT('',(2.49401054976673,-3.1273903111198,17.5870535714286));
#895=CARTESIAN_POINT('',(1.78020411938263,-3.69663194416425,17.5424107142857));
#896=CARTESIAN_POINT('',(0.890102059691323,-3.89979193083003,17.4977678571429));
#897=CARTESIAN_POINT('',(1.40716070596766E-14,-4.1029519174958,17.453125));
#898=CARTESIAN_POINT('',(-0.890102059691324,-3.89979193083003,17.4084821428571));
#899=CARTESIAN_POINT('',(-1.78020411938263,-3.69663194416425,17.3638392857143));
#900=CARTESIAN_POINT('',(-2.49401054976671,-3.12739031111981,17.3191964285714));
#901=CARTESIAN_POINT('',(-3.20781698015078,-2.55814867807538,17.2745535714286));
#902=CARTESIAN_POINT('',(-3.60394966342868,-1.73557068536721,17.2299107142857));
#903=CARTESIAN_POINT('',(-4.00008234670659,-0.912992692659017,17.1852678571429));
#904=CARTESIAN_POINT('',(-4.00008234670659,-6.85816325910809E-15,17.140625));
#905=CARTESIAN_POINT('',(-4.0000823467066,0.912992692659003,17.0959821428571));
#906=CARTESIAN_POINT('',(-3.60394966342869,1.7355706853672,17.0513392857143));
#907=CARTESIAN_POINT('',(-3.20781698015079,2.55814867807537,17.0066964285714));
#908=CARTESIAN_POINT('',(-2.49401054976672,3.12739031111981,16.9620535714286));
#909=CARTESIAN_POINT('',(-1.78020411938265,3.69663194416425,16.9174107142857));
#910=CARTESIAN_POINT('',(-0.890102059691337,3.89979193083002,16.8727678571429));
#911=CARTESIAN_POINT('',(2.53964778978297E-18,4.1029519174958,16.828125));
#912=CARTESIAN_POINT('',(0.89010205969131,3.89979193083003,16.7834821428571));
#913=CARTESIAN_POINT('',(1.78020411938262,3.69663194416426,16.7388392857143));
#914=CARTESIAN_POINT('',(2.49401054976672,3.12739031111981,16.6941964285714));
#915=CARTESIAN_POINT('',(3.20781698015079,2.55814867807537,16.6495535714286));
#916=CARTESIAN_POINT('',(3.60394966342869,1.7355706853672,16.6049107142857));
#917=CARTESIAN_POINT('',(4.00008234670659,0.912992692659031,16.5602678571429));
#918=CARTESIAN_POINT('',(4.00008234670659,2.1559179332803E-14,16.515625));
#919=CARTESIAN_POINT('',(4.00008234670659,-0.912992692659017,16.4709821428571));
#920=CARTESIAN_POINT('',(3.60394966342869,-1.73557068536719,16.4263392857143));
#921=CARTESIAN_POINT('',(3.2078169801508,-2.55814867807536,16.3816964285714));
#922=CARTESIAN_POINT('',(2.49401054976671,-3.12739031111981,16.3370535714286));
#923=CARTESIAN_POINT('',(1.78020411938263,-3.69663194416425,16.2924107142857));
#924=CARTESIAN_POINT('',(0.890102059691324,-3.89979193083003,16.2477678571429));
#925=CARTESIAN_POINT('',(1.507654044624E-14,-4.1029519174958,16.203125));
#926=CARTESIAN_POINT('',(-0.890102059691296,-3.89979193083003,16.1584821428571));
#927=CARTESIAN_POINT('',(-1.78020411938263,-3.69663194416425,16.1138392857143));
#928=CARTESIAN_POINT('',(-2.49401054976671,-3.12739031111982,16.0691964285714));
#929=CARTESIAN_POINT('',(-3.20781698015078,-2.55814867807538,16.0245535714286));
#930=CARTESIAN_POINT('',(-3.60394966342869,-1.73557068536719,15.9799107142857));
#931=CARTESIAN_POINT('',(-4.00008234670659,-0.912992692659018,15.9352678571429));
#932=CARTESIAN_POINT('',(-4.00008234670659,-7.8379008675521E-15,15.890625));
#933=CARTESIAN_POINT('',(-4.0000823467066,0.912992692659002,15.8459821428571));
#934=CARTESIAN_POINT('',(-3.6039496634287,1.73557068536717,15.8013392857143));
#935=CARTESIAN_POINT('',(-3.20781698015079,2.55814867807537,15.7566964285714));
#936=CARTESIAN_POINT('',(-2.49401054976672,3.12739031111981,15.7120535714286));
#937=CARTESIAN_POINT('',(-1.78020411938265,3.69663194416425,15.6674107142857));
#938=CARTESIAN_POINT('',(-0.890102059691311,3.89979193083003,15.6227678571429));
#939=CARTESIAN_POINT('',(-1.00239373877356E-15,4.1029519174958,15.578125));
#940=CARTESIAN_POINT('',(0.890102059691309,3.89979193083003,15.5334821428571));
#941=CARTESIAN_POINT('',(1.78020411938262,3.69663194416426,15.4888392857143));
#942=CARTESIAN_POINT('',(2.49401054976669,3.12739031111983,15.4441964285714));
#943=CARTESIAN_POINT('',(3.20781698015079,2.55814867807537,15.3995535714286));
#944=CARTESIAN_POINT('',(3.60394966342869,1.7355706853672,15.3549107142857));
#945=CARTESIAN_POINT('',(4.00008234670659,0.912992692659032,15.3102678571429));
#946=CARTESIAN_POINT('',(4.00008234670659,-5.88337759769881E-15,15.265625));
#947=CARTESIAN_POINT('',(4.00008234670659,-0.912992692659016,15.2209821428571));
#948=CARTESIAN_POINT('',(3.60394966342869,-1.73557068536719,15.1763392857143));
#949=CARTESIAN_POINT('',(3.2078169801508,-2.55814867807536,15.1316964285714));
#950=CARTESIAN_POINT('',(2.49401054976673,-3.1273903111198,15.0870535714286));
#951=CARTESIAN_POINT('',(1.78020411938264,-3.69663194416425,15.0424107142857));
#952=CARTESIAN_POINT('',(0.890102059691325,-3.89979193083003,14.9977678571429));
#953=CARTESIAN_POINT('',(1.60814738328033E-14,-4.1029519174958,14.953125));
#954=CARTESIAN_POINT('',(-0.890102059691322,-3.89979193083003,14.9084821428571));
#955=CARTESIAN_POINT('',(-1.78020411938263,-3.69663194416425,14.8638392857143));
#956=CARTESIAN_POINT('',(-2.4940105497667,-3.12739031111982,14.8191964285714));
#957=CARTESIAN_POINT('',(-3.20781698015078,-2.55814867807538,14.7745535714286));
#958=CARTESIAN_POINT('',(-3.60394966342868,-1.73557068536721,14.7299107142857));
#959=CARTESIAN_POINT('',(-4.00008234670659,-0.912992692659019,14.6852678571429));
#960=CARTESIAN_POINT('',(-4.00008234670659,-8.81763847599611E-15,14.640625));
#961=CARTESIAN_POINT('',(-4.0000823467066,0.912992692659001,14.5959821428571));
#962=CARTESIAN_POINT('',(-3.60394966342869,1.7355706853672,14.5513392857143));
#963=CARTESIAN_POINT('',(-3.20781698015079,2.55814867807537,14.5066964285714));
#964=CARTESIAN_POINT('',(-2.49401054976672,3.12739031111981,14.4620535714286));
#965=CARTESIAN_POINT('',(-1.78020411938265,3.69663194416425,14.4174107142857));
#966=CARTESIAN_POINT('',(-0.890102059691339,3.89979193083002,14.3727678571429));
#967=CARTESIAN_POINT('',(-2.00732712533691E-15,4.1029519174958,14.328125));
#968=CARTESIAN_POINT('',(0.890102059691308,3.89979193083003,14.2834821428571));
#969=CARTESIAN_POINT('',(1.78020411938262,3.69663194416426,14.2388392857143));
#970=CARTESIAN_POINT('',(2.49401054976671,3.12739031111981,14.1941964285714));
#971=CARTESIAN_POINT('',(3.20781698015079,2.55814867807537,14.1495535714286));
#972=CARTESIAN_POINT('',(3.60394966342869,1.7355706853672,14.1049107142857));
#973=CARTESIAN_POINT('',(4.00008234670659,0.912992692659033,14.0602678571429));
#974=CARTESIAN_POINT('',(4.00008234670659,2.3518654549691E-14,14.015625));
#975=CARTESIAN_POINT('',(4.00008234670659,-0.912992692659015,13.9709821428571));
#976=CARTESIAN_POINT('',(3.60394966342869,-1.73557068536718,13.9263392857143));
#977=CARTESIAN_POINT('',(3.2078169801508,-2.55814867807536,13.8816964285714));
#978=CARTESIAN_POINT('',(2.49401054976671,-3.12739031111981,13.8370535714286));
#979=CARTESIAN_POINT('',(1.78020411938264,-3.69663194416425,13.7924107142857));
#980=CARTESIAN_POINT('',(0.890102059691326,-3.89979193083003,13.7477678571429));
#981=CARTESIAN_POINT('',(1.70864072193667E-14,-4.1029519174958,13.703125));
#982=CARTESIAN_POINT('',(-0.890102059691294,-3.89979193083003,13.6584821428571));
#983=CARTESIAN_POINT('',(-1.78020411938263,-3.69663194416425,13.6138392857143));
#984=CARTESIAN_POINT('',(-2.4940105497667,-3.12739031111982,13.5691964285714));
#985=CARTESIAN_POINT('',(-3.20781698015078,-2.55814867807538,13.5245535714286));
#986=CARTESIAN_POINT('',(-3.60394966342869,-1.73557068536719,13.4799107142857));
#987=CARTESIAN_POINT('',(-4.00008234670659,-0.91299269265902,13.4352678571429));
#988=CARTESIAN_POINT('',(-4.00008234670659,-9.79737608444012E-15,13.390625));
#989=CARTESIAN_POINT('',(-4.0000823467066,0.912992692659,13.3459821428571));
#990=CARTESIAN_POINT('',(-3.6039496634287,1.73557068536717,13.3013392857143));
#991=CARTESIAN_POINT('',(-3.20781698015079,2.55814867807537,13.2566964285714));
#992=CARTESIAN_POINT('',(-2.49401054976672,3.1273903111198,13.2120535714286));
#993=CARTESIAN_POINT('',(-1.78020411938265,3.69663194416425,13.1674107142857));
#994=CARTESIAN_POINT('',(-0.890102059691313,3.89979193083003,13.1227678571429));
#995=CARTESIAN_POINT('',(-3.21654873133964E-14,4.1029519174958,13.078125));
#996=CARTESIAN_POINT('',(0.890102059691307,3.89979193083003,13.0334821428571));
#997=CARTESIAN_POINT('',(1.78020411938264,3.69663194416425,12.9888392857143));
#998=CARTESIAN_POINT('',(2.49401054976669,3.12739031111983,12.9441964285714));
#999=CARTESIAN_POINT('',(3.20781698015079,2.55814867807537,12.8995535714286));
#1000=CARTESIAN_POINT('',(3.60394966342867,1.73557068536723,12.8549107142857));
#1001=CARTESIAN_POINT('',(4.00008234670659,0.912992692659034,12.8102678571429));
#1002=CARTESIAN_POINT('',(4.00008234670659,-3.92390238081079E-15,12.765625));
#1003=CARTESIAN_POINT('',(4.0000823467066,-0.912992692658985,12.7209821428571));
#1004=CARTESIAN_POINT('',(3.6039496634287,-1.73557068536718,12.6763392857143));
#1005=CARTESIAN_POINT('',(3.20781698015078,-2.55814867807538,12.6316964285714));
#1006=CARTESIAN_POINT('',(2.49401054976673,-3.12739031111979,12.5870535714286));
#1007=CARTESIAN_POINT('',(1.78020411938264,-3.69663194416425,12.5424107142857));
#1008=CARTESIAN_POINT('',(0.890102059691299,-3.89979193083003,12.4977678571429));
#1009=CARTESIAN_POINT('',(1.809134060593E-14,-4.1029519174958,12.453125));
#1010=CARTESIAN_POINT('',(-0.89010205969132,-3.89979193083003,12.4084821428571));
#1011=CARTESIAN_POINT('',(-1.7802041193826,-3.69663194416427,12.3638392857143));
#1012=CARTESIAN_POINT('',(-2.4940105497667,-3.12739031111982,12.3191964285714));
#1013=CARTESIAN_POINT('',(-3.2078169801508,-2.55814867807536,12.2745535714286));
#1014=CARTESIAN_POINT('',(-3.60394966342868,-1.73557068536722,12.2299107142857));
#1015=CARTESIAN_POINT('',(-4.00008234670659,-0.912992692659021,12.1852678571429));
#1016=CARTESIAN_POINT('',(-4.00008234670659,-3.919940823183E-14,12.140625));
#1017=CARTESIAN_POINT('',(-4.0000823467066,0.912992692658999,12.0959821428571));
#1018=CARTESIAN_POINT('',(-3.60394966342869,1.7355706853672,12.0513392857143));
#1019=CARTESIAN_POINT('',(-3.20781698015081,2.55814867807534,12.0066964285714));
#1020=CARTESIAN_POINT('',(-2.49401054976672,3.1273903111198,11.9620535714286));
#1021=CARTESIAN_POINT('',(-1.78020411938262,3.69663194416426,11.9174107142857));
#1022=CARTESIAN_POINT('',(-0.890102059691341,3.89979193083002,11.8727678571429));
#1023=CARTESIAN_POINT('',(-4.0171938984636E-15,4.1029519174958,11.828125));
#1024=CARTESIAN_POINT('',(0.890102059691334,3.89979193083002,11.7834821428571));
#1025=CARTESIAN_POINT('',(1.78020411938262,3.69663194416426,11.7388392857143));
#1026=CARTESIAN_POINT('',(2.49401054976671,3.12739031111981,11.6941964285714));
#1027=CARTESIAN_POINT('',(3.20781698015077,2.5581486780754,11.6495535714286));
#1028=CARTESIAN_POINT('',(3.60394966342869,1.7355706853672,11.6049107142857));
#1029=CARTESIAN_POINT('',(4.00008234670659,0.912992692659007,11.5602678571429));
#1030=CARTESIAN_POINT('',(4.00008234670659,2.54781297665791E-14,11.515625));
#1031=CARTESIAN_POINT('',(4.00008234670659,-0.912992692659013,11.4709821428571));
#1032=CARTESIAN_POINT('',(3.60394966342871,-1.73557068536716,11.4263392857143));
#1033=CARTESIAN_POINT('',(3.2078169801508,-2.55814867807535,11.3816964285714));
#1034=CARTESIAN_POINT('',(2.49401054976671,-3.12739031111981,11.3370535714286));
#1035=CARTESIAN_POINT('',(1.78020411938266,-3.69663194416424,11.2924107142857));
#1036=CARTESIAN_POINT('',(0.890102059691328,-3.89979193083003,11.2477678571429));
#1037=CARTESIAN_POINT('',(-1.00569528090028E-14,-4.1029519174958,11.203125));
#1038=CARTESIAN_POINT('',(-0.890102059691292,-3.89979193083003,11.1584821428571));
#1039=CARTESIAN_POINT('',(-1.78020411938263,-3.69663194416425,11.1138392857143));
#1040=CARTESIAN_POINT('',(-2.49401054976672,-3.1273903111198,11.0691964285714));
#1041=CARTESIAN_POINT('',(-3.20781698015078,-2.55814867807538,11.0245535714286));
#1042=CARTESIAN_POINT('',(-3.60394966342869,-1.73557068536719,10.9799107142857));
#1043=CARTESIAN_POINT('',(-4.00008234670659,-0.91299269265905,10.9352678571429));
#1044=CARTESIAN_POINT('',(-4.00008234670659,-1.17568513013281E-14,10.890625));
#1045=CARTESIAN_POINT('',(-4.00008234670659,0.912992692659026,10.8459821428571));
#1046=CARTESIAN_POINT('',(-3.6039496634287,1.73557068536717,10.8013392857143));
#1047=CARTESIAN_POINT('',(-3.20781698015079,2.55814867807536,10.7566964285714));
#1048=CARTESIAN_POINT('',(-2.49401054976674,3.12739031111979,10.7120535714286));
#1049=CARTESIAN_POINT('',(-1.78020411938265,3.69663194416424,10.6674107142857));
#1050=CARTESIAN_POINT('',(-0.890102059691315,3.89979193083003,10.6227678571429));
#1051=CARTESIAN_POINT('',(-3.41753540865231E-14,4.1029519174958,10.578125));
#1052=CARTESIAN_POINT('',(0.890102059691305,3.89979193083003,10.5334821428571));
#1053=CARTESIAN_POINT('',(1.78020411938264,3.69663194416425,10.4888392857143));
#1054=CARTESIAN_POINT('',(2.49401054976669,3.12739031111983,10.4441964285714));
#1055=CARTESIAN_POINT('',(3.20781698015079,2.55814867807537,10.3995535714286));
#1056=CARTESIAN_POINT('',(3.6039496634287,1.73557068536718,10.3549107142857));
#1057=CARTESIAN_POINT('',(4.00008234670659,0.912992692659036,10.3102678571429));
#1058=CARTESIAN_POINT('',(4.00008234670659,-1.96442716392277E-15,10.265625));
#1059=CARTESIAN_POINT('',(4.0000823467066,-0.912992692658983,10.2209821428571));
#1060=CARTESIAN_POINT('',(3.6039496634287,-1.73557068536718,10.1763392857143));
#1061=CARTESIAN_POINT('',(3.20781698015078,-2.55814867807538,10.1316964285714));
#1062=CARTESIAN_POINT('',(2.49401054976673,-3.12739031111979,10.0870535714286));
#1063=CARTESIAN_POINT('',(1.78020411938264,-3.69663194416425,10.0424107142857));
#1064=CARTESIAN_POINT('',(0.890102059691357,-3.89979193083002,9.99776785714286));
#1065=CARTESIAN_POINT('',(2.01012073790567E-14,-4.1029519174958,9.953125));
#1066=CARTESIAN_POINT('',(-0.890102059691318,-3.89979193083003,9.90848214285715));
#1067=CARTESIAN_POINT('',(-1.7802041193826,-3.69663194416427,9.86383928571429));
#1068=CARTESIAN_POINT('',(-2.4940105497667,-3.12739031111982,9.81919642857143));
#1069=CARTESIAN_POINT('',(-3.20781698015079,-2.55814867807536,9.77455357142858));
#1070=CARTESIAN_POINT('',(-3.60394966342868,-1.73557068536722,9.72991071428572));
#1071=CARTESIAN_POINT('',(-4.00008234670659,-0.912992692659023,9.68526785714286));
#1072=CARTESIAN_POINT('',(-4.00008234670659,1.56857056291737E-14,9.640625));
#1073=CARTESIAN_POINT('',(-4.0000823467066,0.912992692658997,9.59598214285715));
#1074=CARTESIAN_POINT('',(-3.60394966342869,1.73557068536719,9.55133928571429));
#1075=CARTESIAN_POINT('',(-3.20781698015081,2.55814867807534,9.50669642857143));
#1076=CARTESIAN_POINT('',(-2.49401054976672,3.1273903111198,9.46205357142858));
#1077=CARTESIAN_POINT('',(-1.78020411938263,3.69663194416426,9.41741071428572));
#1078=CARTESIAN_POINT('',(-0.890102059691343,3.89979193083002,9.37276785714286));
#1079=CARTESIAN_POINT('',(-6.02706067159029E-15,4.1029519174958,9.328125));
#1080=CARTESIAN_POINT('',(0.890102059691277,3.89979193083004,9.28348214285715));
#1081=CARTESIAN_POINT('',(1.78020411938262,3.69663194416426,9.23883928571429));
#1082=CARTESIAN_POINT('',(2.49401054976671,3.12739031111981,9.19419642857143));
#1083=CARTESIAN_POINT('',(3.20781698015077,2.5581486780754,9.14955357142858));
#1084=CARTESIAN_POINT('',(3.60394966342868,1.7355706853672,9.10491071428572));
#1085=CARTESIAN_POINT('',(4.00008234670659,0.912992692659009,9.06026785714286));
#1086=CARTESIAN_POINT('',(4.00008234670659,2.74376049834671E-14,9.015625));
#1087=CARTESIAN_POINT('',(4.00008234670659,-0.912992692659011,8.97098214285715));
#1088=CARTESIAN_POINT('',(3.60394966342868,-1.73557068536721,8.92633928571429));
#1089=CARTESIAN_POINT('',(3.2078169801508,-2.55814867807535,8.88169642857143));
#1090=CARTESIAN_POINT('',(2.49401054976671,-3.12739031111981,8.83705357142857));
#1091=CARTESIAN_POINT('',(1.78020411938267,-3.69663194416424,8.79241071428572));
#1092=CARTESIAN_POINT('',(0.89010205969133,-3.89979193083002,8.74776785714286));
#1093=CARTESIAN_POINT('',(-8.04708603587612E-15,-4.1029519174958,8.703125));
#1094=CARTESIAN_POINT('',(-0.89010205969129,-3.89979193083003,8.65848214285715));
#1095=CARTESIAN_POINT('',(-1.78020411938263,-3.69663194416426,8.61383928571429));
#1096=CARTESIAN_POINT('',(-2.49401054976668,-3.12739031111984,8.56919642857143));
#1097=CARTESIAN_POINT('',(-3.20781698015078,-2.55814867807539,8.52455357142857));
#1098=CARTESIAN_POINT('',(-3.60394966342869,-1.73557068536719,8.47991071428572));
#1099=CARTESIAN_POINT('',(-4.00008234670659,-0.912992692659052,8.43526785714286));
#1100=CARTESIAN_POINT('',(-4.00008234670659,-1.37163265182162E-14,8.390625));
#1101=CARTESIAN_POINT('',(-4.00008234670659,0.912992692659025,8.34598214285715));
#1102=CARTESIAN_POINT('',(-3.6039496634287,1.73557068536717,8.30133928571429));
#1103=CARTESIAN_POINT('',(-3.20781698015079,2.55814867807536,8.25669642857143));
#1104=CARTESIAN_POINT('',(-2.4940105497667,3.12739031111982,8.21205357142857));
#1105=CARTESIAN_POINT('',(-1.78020411938265,3.69663194416424,8.16741071428572));
#1106=CARTESIAN_POINT('',(-0.890102059691317,3.89979193083003,8.12276785714286));
#1107=CARTESIAN_POINT('',(-3.61852208596498E-14,4.1029519174958,8.07812500000001));
#1108=CARTESIAN_POINT('',(0.890102059691303,3.89979193083003,8.03348214285715));
#1109=CARTESIAN_POINT('',(1.78020411938264,3.69663194416425,7.98883928571429));
#1110=CARTESIAN_POINT('',(2.49401054976669,3.12739031111983,7.94419642857143));
#1111=CARTESIAN_POINT('',(3.20781698015078,2.55814867807537,7.89955357142857));
#1112=CARTESIAN_POINT('',(3.60394966342867,1.73557068536723,7.85491071428572));
#1113=CARTESIAN_POINT('',(4.00008234670659,0.912992692659038,7.81026785714286));
#1114=CARTESIAN_POINT('',(4.00008234670659,-4.9519470347406E-18,7.76562500000001));
#1115=CARTESIAN_POINT('',(4.0000823467066,-0.912992692658981,7.72098214285715));
#1116=CARTESIAN_POINT('',(3.6039496634287,-1.73557068536718,7.67633928571429));
#1117=CARTESIAN_POINT('',(3.20781698015078,-2.55814867807537,7.63169642857143));
#1118=CARTESIAN_POINT('',(2.49401054976673,-3.12739031111979,7.58705357142857));
#1119=CARTESIAN_POINT('',(1.78020411938264,-3.69663194416425,7.54241071428572));
#1120=CARTESIAN_POINT('',(0.890102059691303,-3.89979193083003,7.49776785714286));
#1121=CARTESIAN_POINT('',(2.21110741521834E-14,-4.1029519174958,7.45312500000001));
#1122=CARTESIAN_POINT('',(-0.890102059691317,-3.89979193083003,7.40848214285715));
#1123=CARTESIAN_POINT('',(-1.7802041193826,-3.69663194416427,7.36383928571429));
#1124=CARTESIAN_POINT('',(-2.4940105497667,-3.12739031111982,7.31919642857143));
#1125=CARTESIAN_POINT('',(-3.20781698015079,-2.55814867807536,7.27455357142857));
#1126=CARTESIAN_POINT('',(-3.60394966342868,-1.73557068536722,7.22991071428572));
#1127=CARTESIAN_POINT('',(-4.00008234670659,-0.912992692659025,7.18526785714286));
#1128=CARTESIAN_POINT('',(-4.00008234670659,-4.3118358665606E-14,7.140625));
#1129=CARTESIAN_POINT('',(-4.0000823467066,0.912992692658995,7.09598214285715));
#1130=CARTESIAN_POINT('',(-3.60394966342869,1.73557068536719,7.05133928571429));
#1131=CARTESIAN_POINT('',(-3.20781698015081,2.55814867807534,7.00669642857143));
#1132=CARTESIAN_POINT('',(-2.49401054976672,3.1273903111198,6.96205357142857));
#1133=CARTESIAN_POINT('',(-1.78020411938263,3.69663194416426,6.91741071428572));
#1134=CARTESIAN_POINT('',(-0.890102059691345,3.89979193083002,6.87276785714286));
#1135=CARTESIAN_POINT('',(-8.03692744471698E-15,4.1029519174958,6.828125));
#1136=CARTESIAN_POINT('',(0.89010205969133,3.89979193083002,6.78348214285715));
#1137=CARTESIAN_POINT('',(1.78020411938261,3.69663194416426,6.73883928571429));
#1138=CARTESIAN_POINT('',(2.49401054976671,3.12739031111981,6.69419642857143));
#1139=CARTESIAN_POINT('',(3.20781698015077,2.5581486780754,6.64955357142858));
#1140=CARTESIAN_POINT('',(3.60394966342868,1.73557068536721,6.60491071428572));
#1141=CARTESIAN_POINT('',(4.00008234670659,0.912992692659011,6.56026785714286));
#1142=CARTESIAN_POINT('',(4.00008234670659,2.93970802003551E-14,6.515625));
#1143=CARTESIAN_POINT('',(4.00008234670659,-0.912992692659009,6.47098214285715));
#1144=CARTESIAN_POINT('',(3.60394966342871,-1.73557068536715,6.42633928571429));
#1145=CARTESIAN_POINT('',(3.2078169801508,-2.55814867807535,6.38169642857143));
#1146=CARTESIAN_POINT('',(2.49401054976671,-3.12739031111981,6.33705357142858));
#1147=CARTESIAN_POINT('',(1.78020411938267,-3.69663194416424,6.29241071428572));
#1148=CARTESIAN_POINT('',(0.890102059691332,-3.89979193083002,6.24776785714286));
#1149=CARTESIAN_POINT('',(-6.03721926274942E-15,-4.1029519174958,6.203125));
#1150=CARTESIAN_POINT('',(-0.890102059691288,-3.89979193083003,6.15848214285715));
#1151=CARTESIAN_POINT('',(-1.78020411938263,-3.69663194416426,6.11383928571429));
#1152=CARTESIAN_POINT('',(-2.49401054976672,-3.1273903111198,6.06919642857143));
#1153=CARTESIAN_POINT('',(-3.20781698015077,-2.55814867807539,6.02455357142858));
#1154=CARTESIAN_POINT('',(-3.60394966342869,-1.73557068536719,5.97991071428572));
#1155=CARTESIAN_POINT('',(-4.00008234670658,-0.912992692659054,5.93526785714286));
#1156=CARTESIAN_POINT('',(-4.00008234670659,-1.56758017351042E-14,5.890625));
#1157=CARTESIAN_POINT('',(1.53239448797099,3.69491893194828,25.5));
#1158=CARTESIAN_POINT('',(-3.3235,0.,25.5));
#1159=CARTESIAN_POINT('',(-3.38515330429116,0.60483623480933,25.5));
#1160=CARTESIAN_POINT('',(-3.17518061569413,1.82463674847654,25.5));
#1161=CARTESIAN_POINT('',(-1.99018009512474,3.27162465582537,25.5));
#1162=CARTESIAN_POINT('',(-0.270791725715794,3.97547909969904,25.5));
#1163=CARTESIAN_POINT('',(0.953818577215711,3.87809906796963,25.5));
#1164=CARTESIAN_POINT('',(1.53239448797099,3.69491893194828,25.5));
#1165=CARTESIAN_POINT('',(-3.3235,0.,25.5));
#1166=CARTESIAN_POINT('',(-3.3235,0.,25.5));
#1167=CARTESIAN_POINT('',(-3.3235,0.758567187135663,25.4553571428571));
#1168=CARTESIAN_POINT('',(-2.99437003247369,1.4420126069572,25.4107142857143));
#1169=CARTESIAN_POINT('',(-2.66524006494738,2.12545802677875,25.3660714285714));
#1170=CARTESIAN_POINT('',(-2.0721683564775,2.5984169319825,25.3214285714286));
#1171=CARTESIAN_POINT('',(-1.47909664800762,3.07137583718625,25.2767857142857));
#1172=CARTESIAN_POINT('',(-0.739548324003811,3.24017291613629,25.2321428571429));
#1173=CARTESIAN_POINT('',(-2.08739209643592E-16,3.40896999508633,25.1875));
#1174=CARTESIAN_POINT('',(0.739548324003811,3.24017291613629,25.1428571428571));
#1175=CARTESIAN_POINT('',(1.47909664800762,3.07137583718625,25.0982142857143));
#1176=CARTESIAN_POINT('',(2.0721683564775,2.5984169319825,25.0535714285714));
#1177=CARTESIAN_POINT('',(2.66524006494738,2.12545802677875,25.0089285714286));
#1178=CARTESIAN_POINT('',(2.99437003247369,1.4420126069572,24.9642857142857));
#1179=CARTESIAN_POINT('',(3.3235,0.758567187135664,24.9196428571429));
#1180=CARTESIAN_POINT('',(3.3235,4.07011363696623E-16,24.875));
#1181=CARTESIAN_POINT('',(3.3235,-0.758567187135663,24.8303571428571));
#1182=CARTESIAN_POINT('',(2.99437003247369,-1.4420126069572,24.7857142857143));
#1183=CARTESIAN_POINT('',(2.66524006494738,-2.12545802677874,24.7410714285714));
#1184=CARTESIAN_POINT('',(2.0721683564775,-2.5984169319825,24.6964285714286));
#1185=CARTESIAN_POINT('',(1.47909664800762,-3.07137583718625,24.6517857142857));
#1186=CARTESIAN_POINT('',(0.739548324003812,-3.24017291613629,24.6071428571429));
#1187=CARTESIAN_POINT('',(6.26217628930777E-16,-3.40896999508633,24.5625));
#1188=CARTESIAN_POINT('',(-0.73954832400381,-3.24017291613629,24.5178571428571));
#1189=CARTESIAN_POINT('',(-1.47909664800762,-3.07137583718625,24.4732142857143));
#1190=CARTESIAN_POINT('',(-2.0721683564775,-2.5984169319825,24.4285714285714));
#1191=CARTESIAN_POINT('',(-2.66524006494738,-2.12545802677875,24.3839285714286));
#1192=CARTESIAN_POINT('',(-2.99437003247369,-1.44201260695721,24.3392857142857));
#1193=CARTESIAN_POINT('',(-3.3235,-0.758567187135664,24.2946428571429));
#1194=CARTESIAN_POINT('',(-3.3235,-8.14022727393246E-16,24.25));
#1195=CARTESIAN_POINT('',(-3.3235,0.758567187135663,24.2053571428571));
#1196=CARTESIAN_POINT('',(-2.99437003247369,1.4420126069572,24.1607142857143));
#1197=CARTESIAN_POINT('',(-2.66524006494738,2.12545802677874,24.1160714285714));
#1198=CARTESIAN_POINT('',(-2.0721683564775,2.5984169319825,24.0714285714286));
#1199=CARTESIAN_POINT('',(-1.47909664800762,3.07137583718625,24.0267857142857));
#1200=CARTESIAN_POINT('',(-0.739548324003812,3.24017291613629,23.9821428571429));
#1201=CARTESIAN_POINT('',(-1.04369604821796E-15,3.40896999508633,23.9375));
#1202=CARTESIAN_POINT('',(0.73954832400381,3.24017291613629,23.8928571428571));
#1203=CARTESIAN_POINT('',(1.47909664800762,3.07137583718625,23.8482142857143));
#1204=CARTESIAN_POINT('',(2.0721683564775,2.5984169319825,23.8035714285714));
#1205=CARTESIAN_POINT('',(2.66524006494738,2.12545802677875,23.7589285714286));
#1206=CARTESIAN_POINT('',(2.99437003247369,1.44201260695721,23.7142857142857));
#1207=CARTESIAN_POINT('',(3.3235,0.758567187135665,23.6696428571429));
#1208=CARTESIAN_POINT('',(3.3235,1.22103409108987E-15,23.625));
#1209=CARTESIAN_POINT('',(3.3235,-0.758567187135662,23.5803571428571));
#1210=CARTESIAN_POINT('',(2.99437003247369,-1.4420126069572,23.5357142857143));
#1211=CARTESIAN_POINT('',(2.66524006494738,-2.12545802677874,23.4910714285714));
#1212=CARTESIAN_POINT('',(2.0721683564775,-2.5984169319825,23.4464285714286));
#1213=CARTESIAN_POINT('',(1.47909664800762,-3.07137583718625,23.4017857142857));
#1214=CARTESIAN_POINT('',(0.739548324003812,-3.24017291613629,23.3571428571429));
#1215=CARTESIAN_POINT('',(1.46117446750515E-15,-3.40896999508633,23.3125));
#1216=CARTESIAN_POINT('',(-0.739548324003809,-3.24017291613629,23.2678571428571));
#1217=CARTESIAN_POINT('',(-1.47909664800762,-3.07137583718625,23.2232142857143));
#1218=CARTESIAN_POINT('',(-2.0721683564775,-2.5984169319825,23.1785714285714));
#1219=CARTESIAN_POINT('',(-2.66524006494738,-2.12545802677875,23.1339285714286));
#1220=CARTESIAN_POINT('',(-2.99437003247369,-1.44201260695721,23.0892857142857));
#1221=CARTESIAN_POINT('',(-3.3235,-0.758567187135665,23.0446428571429));
#1222=CARTESIAN_POINT('',(-3.3235,-1.62804545478649E-15,23.));
#1223=CARTESIAN_POINT('',(-3.3235,0.758567187135662,22.9553571428571));
#1224=CARTESIAN_POINT('',(-2.99437003247369,1.4420126069572,22.9107142857143));
#1225=CARTESIAN_POINT('',(-2.66524006494738,2.12545802677874,22.8660714285714));
#1226=CARTESIAN_POINT('',(-2.0721683564775,2.5984169319825,22.8214285714286));
#1227=CARTESIAN_POINT('',(-1.47909664800762,3.07137583718625,22.7767857142857));
#1228=CARTESIAN_POINT('',(-0.739548324003813,3.24017291613629,22.7321428571429));
#1229=CARTESIAN_POINT('',(-1.87865288679233E-15,3.40896999508633,22.6875));
#1230=CARTESIAN_POINT('',(0.739548324003809,3.24017291613629,22.6428571428571));
#1231=CARTESIAN_POINT('',(1.47909664800762,3.07137583718625,22.5982142857143));
#1232=CARTESIAN_POINT('',(2.0721683564775,2.5984169319825,22.5535714285714));
#1233=CARTESIAN_POINT('',(2.66524006494738,2.12545802677875,22.5089285714286));
#1234=CARTESIAN_POINT('',(2.99437003247369,1.44201260695721,22.4642857142857));
#1235=CARTESIAN_POINT('',(3.3235,0.758567187135665,22.4196428571429));
#1236=CARTESIAN_POINT('',(3.3235,2.03505681848311E-15,22.375));
#1237=CARTESIAN_POINT('',(3.3235,-0.758567187135661,22.3303571428571));
#1238=CARTESIAN_POINT('',(2.99437003247369,-1.4420126069572,22.2857142857143));
#1239=CARTESIAN_POINT('',(2.66524006494739,-2.12545802677874,22.2410714285714));
#1240=CARTESIAN_POINT('',(2.0721683564775,-2.5984169319825,22.1964285714286));
#1241=CARTESIAN_POINT('',(1.47909664800762,-3.07137583718625,22.1517857142857));
#1242=CARTESIAN_POINT('',(0.739548324003813,-3.24017291613629,22.1071428571429));
#1243=CARTESIAN_POINT('',(8.35167847216136E-15,-3.40896999508633,22.0625));
#1244=CARTESIAN_POINT('',(-0.739548324003809,-3.24017291613629,22.0178571428571));
#1245=CARTESIAN_POINT('',(-1.47909664800763,-3.07137583718625,21.9732142857143));
#1246=CARTESIAN_POINT('',(-2.0721683564775,-2.5984169319825,21.9285714285714));
#1247=CARTESIAN_POINT('',(-2.66524006494737,-2.12545802677875,21.8839285714286));
#1248=CARTESIAN_POINT('',(-2.99437003247369,-1.44201260695721,21.8392857142857));
#1249=CARTESIAN_POINT('',(-3.3235,-0.75856718713566,21.7946428571429));
#1250=CARTESIAN_POINT('',(-3.3235,-2.44206818217974E-15,21.75));
#1251=CARTESIAN_POINT('',(-3.3235,0.758567187135655,21.7053571428571));
#1252=CARTESIAN_POINT('',(-2.99437003247369,1.4420126069572,21.6607142857143));
#1253=CARTESIAN_POINT('',(-2.66524006494738,2.12545802677875,21.6160714285714));
#1254=CARTESIAN_POINT('',(-2.0721683564775,2.5984169319825,21.5714285714286));
#1255=CARTESIAN_POINT('',(-1.47909664800763,3.07137583718624,21.5267857142857));
#1256=CARTESIAN_POINT('',(-0.739548324003814,3.24017291613629,21.4821428571429));
#1257=CARTESIAN_POINT('',(3.34193744071515E-15,3.40896999508633,21.4375));
#1258=CARTESIAN_POINT('',(0.739548324003808,3.24017291613629,21.3928571428571));
#1259=CARTESIAN_POINT('',(1.47909664800761,3.07137583718625,21.3482142857143));
#1260=CARTESIAN_POINT('',(2.0721683564775,2.5984169319825,21.3035714285714));
#1261=CARTESIAN_POINT('',(2.66524006494738,2.12545802677874,21.2589285714286));
#1262=CARTESIAN_POINT('',(2.99437003247369,1.44201260695721,21.2142857142857));
#1263=CARTESIAN_POINT('',(3.3235,0.758567187135672,21.1696428571429));
#1264=CARTESIAN_POINT('',(3.3235,2.84907954587636E-15,21.125));
#1265=CARTESIAN_POINT('',(3.3235,-0.758567187135666,21.0803571428571));
#1266=CARTESIAN_POINT('',(2.99437003247369,-1.4420126069572,21.0357142857143));
#1267=CARTESIAN_POINT('',(2.66524006494739,-2.12545802677874,20.9910714285714));
#1268=CARTESIAN_POINT('',(2.0721683564775,-2.5984169319825,20.9464285714286));
#1269=CARTESIAN_POINT('',(1.47909664800762,-3.07137583718625,20.9017857142857));
#1270=CARTESIAN_POINT('',(0.739548324003814,-3.24017291613629,20.8571428571429));
#1271=CARTESIAN_POINT('',(9.18663531073573E-15,-3.40896999508633,20.8125));
#1272=CARTESIAN_POINT('',(-0.739548324003808,-3.24017291613629,20.7678571428571));
#1273=CARTESIAN_POINT('',(-1.47909664800762,-3.07137583718625,20.7232142857143));
#1274=CARTESIAN_POINT('',(-2.0721683564775,-2.5984169319825,20.6785714285714));
#1275=CARTESIAN_POINT('',(-2.66524006494737,-2.12545802677875,20.6339285714286));
#1276=CARTESIAN_POINT('',(-2.99437003247369,-1.44201260695721,20.5892857142857));
#1277=CARTESIAN_POINT('',(-3.3235,-0.758567187135661,20.5446428571429));
#1278=CARTESIAN_POINT('',(-3.3235,-3.25609090957298E-15,20.5));
#1279=CARTESIAN_POINT('',(-3.3235,0.758567187135654,20.4553571428571));
#1280=CARTESIAN_POINT('',(-2.99437003247369,1.4420126069572,20.4107142857143));
#1281=CARTESIAN_POINT('',(-2.66524006494738,2.12545802677875,20.3660714285714));
#1282=CARTESIAN_POINT('',(-2.0721683564775,2.59841693198249,20.3214285714286));
#1283=CARTESIAN_POINT('',(-1.47909664800763,3.07137583718624,20.2767857142857));
#1284=CARTESIAN_POINT('',(-0.739548324003814,3.24017291613629,20.2321428571429));
#1285=CARTESIAN_POINT('',(2.50698060214078E-15,3.40896999508633,20.1875));
#1286=CARTESIAN_POINT('',(0.739548324003808,3.24017291613629,20.1428571428571));
#1287=CARTESIAN_POINT('',(1.47909664800761,3.07137583718625,20.0982142857143));
#1288=CARTESIAN_POINT('',(2.0721683564775,2.5984169319825,20.0535714285714));
#1289=CARTESIAN_POINT('',(2.66524006494738,2.12545802677874,20.0089285714286));
#1290=CARTESIAN_POINT('',(2.99437003247369,1.44201260695721,19.9642857142857));
#1291=CARTESIAN_POINT('',(3.3235,0.758567187135673,19.9196428571429));
#1292=CARTESIAN_POINT('',(3.3235,3.66310227326961E-15,19.875));
#1293=CARTESIAN_POINT('',(3.3235,-0.758567187135666,19.8303571428571));
#1294=CARTESIAN_POINT('',(2.99437003247369,-1.4420126069572,19.7857142857143));
#1295=CARTESIAN_POINT('',(2.66524006494739,-2.12545802677874,19.7410714285714));
#1296=CARTESIAN_POINT('',(2.0721683564775,-2.59841693198249,19.6964285714286));
#1297=CARTESIAN_POINT('',(1.47909664800762,-3.07137583718625,19.6517857142857));
#1298=CARTESIAN_POINT('',(0.739548324003815,-3.24017291613629,19.6071428571429));
#1299=CARTESIAN_POINT('',(1.00215921493101E-14,-3.40896999508633,19.5625));
#1300=CARTESIAN_POINT('',(-0.739548324003807,-3.24017291613629,19.5178571428571));
#1301=CARTESIAN_POINT('',(-1.47909664800762,-3.07137583718625,19.4732142857143));
#1302=CARTESIAN_POINT('',(-2.0721683564775,-2.5984169319825,19.4285714285714));
#1303=CARTESIAN_POINT('',(-2.66524006494737,-2.12545802677875,19.3839285714286));
#1304=CARTESIAN_POINT('',(-2.99437003247369,-1.44201260695721,19.3392857142857));
#1305=CARTESIAN_POINT('',(-3.3235,-0.758567187135662,19.2946428571429));
#1306=CARTESIAN_POINT('',(-3.3235,-4.07011363696623E-15,19.25));
#1307=CARTESIAN_POINT('',(-3.3235,0.758567187135653,19.2053571428571));
#1308=CARTESIAN_POINT('',(-2.99437003247369,1.4420126069572,19.1607142857143));
#1309=CARTESIAN_POINT('',(-2.66524006494738,2.12545802677875,19.1160714285714));
#1310=CARTESIAN_POINT('',(-2.0721683564775,2.59841693198249,19.0714285714286));
#1311=CARTESIAN_POINT('',(-1.47909664800763,3.07137583718624,19.0267857142857));
#1312=CARTESIAN_POINT('',(-0.739548324003827,3.24017291613629,18.9821428571429));
#1313=CARTESIAN_POINT('',(1.67202376356641E-15,3.40896999508633,18.9375));
#1314=CARTESIAN_POINT('',(0.739548324003807,3.24017291613629,18.8928571428571));
#1315=CARTESIAN_POINT('',(1.47909664800761,3.07137583718625,18.8482142857143));
#1316=CARTESIAN_POINT('',(2.07216835647751,2.59841693198249,18.8035714285714));
#1317=CARTESIAN_POINT('',(2.66524006494738,2.12545802677874,18.7589285714286));
#1318=CARTESIAN_POINT('',(2.99437003247369,1.44201260695721,18.7142857142857));
#1319=CARTESIAN_POINT('',(3.3235,0.758567187135674,18.6696428571429));
#1320=CARTESIAN_POINT('',(3.3235,1.62845689121563E-14,18.625));
#1321=CARTESIAN_POINT('',(3.3235,-0.758567187135665,18.5803571428571));
#1322=CARTESIAN_POINT('',(2.99437003247369,-1.4420126069572,18.5357142857143));
#1323=CARTESIAN_POINT('',(2.66524006494739,-2.12545802677874,18.4910714285714));
#1324=CARTESIAN_POINT('',(2.0721683564775,-2.5984169319825,18.4464285714286));
#1325=CARTESIAN_POINT('',(1.47909664800762,-3.07137583718625,18.4017857142857));
#1326=CARTESIAN_POINT('',(0.739548324003816,-3.24017291613629,18.3571428571429));
#1327=CARTESIAN_POINT('',(1.08565489878845E-14,-3.40896999508633,18.3125));
#1328=CARTESIAN_POINT('',(-0.739548324003795,-3.24017291613629,18.2678571428571));
#1329=CARTESIAN_POINT('',(-1.47909664800762,-3.07137583718625,18.2232142857143));
#1330=CARTESIAN_POINT('',(-2.0721683564775,-2.5984169319825,18.1785714285714));
#1331=CARTESIAN_POINT('',(-2.66524006494737,-2.12545802677875,18.1339285714286));
#1332=CARTESIAN_POINT('',(-2.99437003247369,-1.4420126069572,18.0892857142857));
#1333=CARTESIAN_POINT('',(-3.3235,-0.758567187135662,18.0446428571429));
#1334=CARTESIAN_POINT('',(-3.3235,-4.88413636435947E-15,18.));
#1335=CARTESIAN_POINT('',(-3.3235,0.758567187135653,17.9553571428571));
#1336=CARTESIAN_POINT('',(-2.9943700324737,1.44201260695719,17.9107142857143));
#1337=CARTESIAN_POINT('',(-2.66524006494738,2.12545802677875,17.8660714285714));
#1338=CARTESIAN_POINT('',(-2.0721683564775,2.59841693198249,17.8214285714286));
#1339=CARTESIAN_POINT('',(-1.47909664800763,3.07137583718624,17.7767857142857));
#1340=CARTESIAN_POINT('',(-0.739548324003804,3.24017291613629,17.7321428571429));
#1341=CARTESIAN_POINT('',(8.37066924992038E-16,3.40896999508633,17.6875));
#1342=CARTESIAN_POINT('',(0.739548324003806,3.24017291613629,17.6428571428571));
#1343=CARTESIAN_POINT('',(1.47909664800761,3.07137583718625,17.5982142857143));
#1344=CARTESIAN_POINT('',(2.07216835647749,2.59841693198251,17.5535714285714));
#1345=CARTESIAN_POINT('',(2.66524006494738,2.12545802677874,17.5089285714286));
#1346=CARTESIAN_POINT('',(2.99437003247369,1.44201260695721,17.4642857142857));
#1347=CARTESIAN_POINT('',(3.3235,0.758567187135674,17.4196428571429));
#1348=CARTESIAN_POINT('',(3.3235,-6.51629618343737E-15,17.375));
#1349=CARTESIAN_POINT('',(3.3235,-0.758567187135664,17.3303571428571));
#1350=CARTESIAN_POINT('',(2.99437003247369,-1.4420126069572,17.2857142857143));
#1351=CARTESIAN_POINT('',(2.66524006494739,-2.12545802677874,17.2410714285714));
#1352=CARTESIAN_POINT('',(2.07216835647751,-2.59841693198249,17.1964285714286));
#1353=CARTESIAN_POINT('',(1.47909664800762,-3.07137583718625,17.1517857142857));
#1354=CARTESIAN_POINT('',(0.739548324003816,-3.24017291613629,17.1071428571429));
#1355=CARTESIAN_POINT('',(1.16915058264588E-14,-3.40896999508633,17.0625));
#1356=CARTESIAN_POINT('',(-0.739548324003817,-3.24017291613629,17.0178571428571));
#1357=CARTESIAN_POINT('',(-1.47909664800762,-3.07137583718625,16.9732142857143));
#1358=CARTESIAN_POINT('',(-2.0721683564775,-2.5984169319825,16.9285714285714));
#1359=CARTESIAN_POINT('',(-2.66524006494737,-2.12545802677875,16.8839285714286));
#1360=CARTESIAN_POINT('',(-2.99437003247368,-1.44201260695722,16.8392857142857));
#1361=CARTESIAN_POINT('',(-3.3235,-0.758567187135663,16.7946428571429));
#1362=CARTESIAN_POINT('',(-3.3235,-5.69815909175272E-15,16.75));
#1363=CARTESIAN_POINT('',(-3.3235,0.758567187135652,16.7053571428571));
#1364=CARTESIAN_POINT('',(-2.99437003247369,1.44201260695721,16.6607142857143));
#1365=CARTESIAN_POINT('',(-2.66524006494738,2.12545802677875,16.6160714285714));
#1366=CARTESIAN_POINT('',(-2.07216835647751,2.59841693198249,16.5714285714286));
#1367=CARTESIAN_POINT('',(-1.47909664800763,3.07137583718624,16.5267857142857));
#1368=CARTESIAN_POINT('',(-0.739548324003828,3.24017291613629,16.4821428571429));
#1369=CARTESIAN_POINT('',(2.11008641766915E-18,3.40896999508633,16.4375));
#1370=CARTESIAN_POINT('',(0.739548324003805,3.24017291613629,16.3928571428571));
#1371=CARTESIAN_POINT('',(1.47909664800761,3.07137583718625,16.3482142857143));
#1372=CARTESIAN_POINT('',(2.07216835647751,2.59841693198249,16.3035714285714));
#1373=CARTESIAN_POINT('',(2.66524006494738,2.12545802677875,16.2589285714286));
#1374=CARTESIAN_POINT('',(2.99437003247369,1.44201260695721,16.2142857142857));
#1375=CARTESIAN_POINT('',(3.3235,0.758567187135675,16.1696428571429));
#1376=CARTESIAN_POINT('',(3.3235,1.79126143669428E-14,16.125));
#1377=CARTESIAN_POINT('',(3.3235,-0.758567187135663,16.0803571428571));
#1378=CARTESIAN_POINT('',(2.99437003247369,-1.4420126069572,16.0357142857143));
#1379=CARTESIAN_POINT('',(2.66524006494739,-2.12545802677874,15.9910714285714));
#1380=CARTESIAN_POINT('',(2.0721683564775,-2.5984169319825,15.9464285714286));
#1381=CARTESIAN_POINT('',(1.47909664800762,-3.07137583718625,15.9017857142857));
#1382=CARTESIAN_POINT('',(0.739548324003817,-3.24017291613629,15.8571428571429));
#1383=CARTESIAN_POINT('',(1.25264626650332E-14,-3.40896999508633,15.8125));
#1384=CARTESIAN_POINT('',(-0.739548324003793,-3.24017291613629,15.7678571428571));
#1385=CARTESIAN_POINT('',(-1.47909664800762,-3.07137583718625,15.7232142857143));
#1386=CARTESIAN_POINT('',(-2.0721683564775,-2.5984169319825,15.6785714285714));
#1387=CARTESIAN_POINT('',(-2.66524006494737,-2.12545802677876,15.6339285714286));
#1388=CARTESIAN_POINT('',(-2.99437003247369,-1.4420126069572,15.5892857142857));
#1389=CARTESIAN_POINT('',(-3.3235,-0.758567187135664,15.5446428571429));
#1390=CARTESIAN_POINT('',(-3.3235,-6.51218181914597E-15,15.5));
#1391=CARTESIAN_POINT('',(-3.3235,0.758567187135651,15.4553571428571));
#1392=CARTESIAN_POINT('',(-2.9943700324737,1.44201260695719,15.4107142857143));
#1393=CARTESIAN_POINT('',(-2.66524006494738,2.12545802677874,15.3660714285714));
#1394=CARTESIAN_POINT('',(-2.07216835647751,2.59841693198249,15.3214285714286));
#1395=CARTESIAN_POINT('',(-1.47909664800763,3.07137583718624,15.2767857142857));
#1396=CARTESIAN_POINT('',(-0.739548324003806,3.24017291613629,15.2321428571429));
#1397=CARTESIAN_POINT('',(-8.328467521567E-16,3.40896999508633,15.1875));
#1398=CARTESIAN_POINT('',(0.739548324003804,3.24017291613629,15.1428571428571));
#1399=CARTESIAN_POINT('',(1.47909664800761,3.07137583718625,15.0982142857143));
#1400=CARTESIAN_POINT('',(2.07216835647749,2.59841693198251,15.0535714285714));
#1401=CARTESIAN_POINT('',(2.66524006494738,2.12545802677875,15.0089285714286));
#1402=CARTESIAN_POINT('',(2.99437003247369,1.44201260695721,14.9642857142857));
#1403=CARTESIAN_POINT('',(3.3235,0.758567187135676,14.9196428571429));
#1404=CARTESIAN_POINT('',(3.3235,-4.88825072865088E-15,14.875));
#1405=CARTESIAN_POINT('',(3.3235,-0.758567187135662,14.8303571428571));
#1406=CARTESIAN_POINT('',(2.99437003247369,-1.4420126069572,14.7857142857143));
#1407=CARTESIAN_POINT('',(2.66524006494739,-2.12545802677874,14.7410714285714));
#1408=CARTESIAN_POINT('',(2.07216835647752,-2.59841693198249,14.6964285714286));
#1409=CARTESIAN_POINT('',(1.47909664800762,-3.07137583718625,14.6517857142857));
#1410=CARTESIAN_POINT('',(0.739548324003818,-3.24017291613629,14.6071428571429));
#1411=CARTESIAN_POINT('',(1.33614195036076E-14,-3.40896999508633,14.5625));
#1412=CARTESIAN_POINT('',(-0.739548324003816,-3.24017291613629,14.5178571428571));
#1413=CARTESIAN_POINT('',(-1.47909664800762,-3.07137583718625,14.4732142857143));
#1414=CARTESIAN_POINT('',(-2.0721683564775,-2.5984169319825,14.4285714285714));
#1415=CARTESIAN_POINT('',(-2.66524006494737,-2.12545802677876,14.3839285714286));
#1416=CARTESIAN_POINT('',(-2.99437003247368,-1.44201260695722,14.3392857142857));
#1417=CARTESIAN_POINT('',(-3.3235,-0.758567187135665,14.2946428571429));
#1418=CARTESIAN_POINT('',(-3.3235,-7.32620454653921E-15,14.25));
#1419=CARTESIAN_POINT('',(-3.3235,0.75856718713565,14.2053571428571));
#1420=CARTESIAN_POINT('',(-2.99437003247369,1.44201260695721,14.1607142857143));
#1421=CARTESIAN_POINT('',(-2.66524006494738,2.12545802677874,14.1160714285714));
#1422=CARTESIAN_POINT('',(-2.07216835647751,2.59841693198249,14.0714285714286));
#1423=CARTESIAN_POINT('',(-1.47909664800763,3.07137583718624,14.0267857142857));
#1424=CARTESIAN_POINT('',(-0.73954832400383,3.24017291613629,13.9821428571429));
#1425=CARTESIAN_POINT('',(-1.66780359073107E-15,3.40896999508633,13.9375));
#1426=CARTESIAN_POINT('',(0.739548324003804,3.24017291613629,13.8928571428571));
#1427=CARTESIAN_POINT('',(1.47909664800761,3.07137583718625,13.8482142857143));
#1428=CARTESIAN_POINT('',(2.0721683564775,2.59841693198249,13.8035714285714));
#1429=CARTESIAN_POINT('',(2.66524006494738,2.12545802677875,13.7589285714286));
#1430=CARTESIAN_POINT('',(2.99437003247369,1.44201260695721,13.7142857142857));
#1431=CARTESIAN_POINT('',(3.3235,0.758567187135677,13.6696428571429));
#1432=CARTESIAN_POINT('',(3.3235,1.95406598217293E-14,13.625));
#1433=CARTESIAN_POINT('',(3.3235,-0.758567187135662,13.5803571428571));
#1434=CARTESIAN_POINT('',(2.99437003247369,-1.4420126069572,13.5357142857143));
#1435=CARTESIAN_POINT('',(2.66524006494739,-2.12545802677873,13.4910714285714));
#1436=CARTESIAN_POINT('',(2.0721683564775,-2.5984169319825,13.4464285714286));
#1437=CARTESIAN_POINT('',(1.47909664800762,-3.07137583718625,13.4017857142857));
#1438=CARTESIAN_POINT('',(0.739548324003819,-3.24017291613629,13.3571428571429));
#1439=CARTESIAN_POINT('',(1.41963763421819E-14,-3.40896999508633,13.3125));
#1440=CARTESIAN_POINT('',(-0.739548324003792,-3.2401729161363,13.2678571428571));
#1441=CARTESIAN_POINT('',(-1.47909664800762,-3.07137583718625,13.2232142857143));
#1442=CARTESIAN_POINT('',(-2.07216835647749,-2.5984169319825,13.1785714285714));
#1443=CARTESIAN_POINT('',(-2.66524006494737,-2.12545802677876,13.1339285714286));
#1444=CARTESIAN_POINT('',(-2.99437003247369,-1.4420126069572,13.0892857142857));
#1445=CARTESIAN_POINT('',(-3.3235,-0.758567187135666,13.0446428571429));
#1446=CARTESIAN_POINT('',(-3.3235,-8.14022727393246E-15,13.));
#1447=CARTESIAN_POINT('',(-3.3235,0.758567187135649,12.9553571428571));
#1448=CARTESIAN_POINT('',(-2.9943700324737,1.44201260695719,12.9107142857143));
#1449=CARTESIAN_POINT('',(-2.66524006494738,2.12545802677874,12.8660714285714));
#1450=CARTESIAN_POINT('',(-2.07216835647751,2.59841693198249,12.8214285714286));
#1451=CARTESIAN_POINT('',(-1.47909664800763,3.07137583718624,12.7767857142857));
#1452=CARTESIAN_POINT('',(-0.739548324003808,3.24017291613629,12.7321428571429));
#1453=CARTESIAN_POINT('',(-2.67249490936328E-14,3.40896999508633,12.6875));
#1454=CARTESIAN_POINT('',(0.739548324003803,3.24017291613629,12.6428571428571));
#1455=CARTESIAN_POINT('',(1.47909664800763,3.07137583718624,12.5982142857143));
#1456=CARTESIAN_POINT('',(2.07216835647748,2.59841693198251,12.5535714285714));
#1457=CARTESIAN_POINT('',(2.66524006494738,2.12545802677875,12.5089285714286));
#1458=CARTESIAN_POINT('',(2.99437003247368,1.44201260695723,12.4642857142857));
#1459=CARTESIAN_POINT('',(3.3235,0.758567187135678,12.4196428571429));
#1460=CARTESIAN_POINT('',(3.3235,-3.26020527386439E-15,12.375));
#1461=CARTESIAN_POINT('',(3.32350000000001,-0.758567187135637,12.3303571428571));
#1462=CARTESIAN_POINT('',(2.99437003247369,-1.4420126069572,12.2857142857143));
#1463=CARTESIAN_POINT('',(2.66524006494737,-2.12545802677875,12.2410714285714));
#1464=CARTESIAN_POINT('',(2.07216835647752,-2.59841693198248,12.1964285714286));
#1465=CARTESIAN_POINT('',(1.47909664800762,-3.07137583718625,12.1517857142857));
#1466=CARTESIAN_POINT('',(0.739548324003796,-3.24017291613629,12.1071428571429));
#1467=CARTESIAN_POINT('',(1.50313331807563E-14,-3.40896999508633,12.0625));
#1468=CARTESIAN_POINT('',(-0.739548324003814,-3.24017291613629,12.0178571428571));
#1469=CARTESIAN_POINT('',(-1.4790966480076,-3.07137583718626,11.9732142857143));
#1470=CARTESIAN_POINT('',(-2.07216835647749,-2.5984169319825,11.9285714285714));
#1471=CARTESIAN_POINT('',(-2.66524006494739,-2.12545802677874,11.8839285714286));
#1472=CARTESIAN_POINT('',(-2.99437003247368,-1.44201260695722,11.8392857142857));
#1473=CARTESIAN_POINT('',(-3.3235,-0.758567187135666,11.7946428571429));
#1474=CARTESIAN_POINT('',(-3.3235,-3.25691378243126E-14,11.75));
#1475=CARTESIAN_POINT('',(-3.3235,0.758567187135648,11.7053571428571));
#1476=CARTESIAN_POINT('',(-2.99437003247369,1.44201260695721,11.6607142857143));
#1477=CARTESIAN_POINT('',(-2.6652400649474,2.12545802677872,11.6160714285714));
#1478=CARTESIAN_POINT('',(-2.07216835647751,2.59841693198249,11.5714285714286));
#1479=CARTESIAN_POINT('',(-1.47909664800761,3.07137583718625,11.5267857142857));
#1480=CARTESIAN_POINT('',(-0.739548324003831,3.24017291613629,11.4821428571429));
#1481=CARTESIAN_POINT('',(-3.33771726787981E-15,3.40896999508633,11.4375));
#1482=CARTESIAN_POINT('',(0.739548324003825,3.24017291613629,11.3928571428571));
#1483=CARTESIAN_POINT('',(1.47909664800761,3.07137583718626,11.3482142857143));
#1484=CARTESIAN_POINT('',(2.0721683564775,2.5984169319825,11.3035714285714));
#1485=CARTESIAN_POINT('',(2.66524006494736,2.12545802677877,11.2589285714286));
#1486=CARTESIAN_POINT('',(2.99437003247369,1.44201260695721,11.2142857142857));
#1487=CARTESIAN_POINT('',(3.3235,0.758567187135655,11.1696428571429));
#1488=CARTESIAN_POINT('',(3.3235,2.11687052765158E-14,11.125));
#1489=CARTESIAN_POINT('',(3.3235,-0.75856718713566,11.0803571428571));
#1490=CARTESIAN_POINT('',(2.9943700324737,-1.44201260695717,11.0357142857143));
#1491=CARTESIAN_POINT('',(2.66524006494739,-2.12545802677873,10.9910714285714));
#1492=CARTESIAN_POINT('',(2.0721683564775,-2.5984169319825,10.9464285714286));
#1493=CARTESIAN_POINT('',(1.47909664800765,-3.07137583718624,10.9017857142857));
#1494=CARTESIAN_POINT('',(0.73954832400382,-3.24017291613629,10.8571428571429));
#1495=CARTESIAN_POINT('',(-8.3558986449967E-15,-3.40896999508633,10.8125));
#1496=CARTESIAN_POINT('',(-0.73954832400379,-3.2401729161363,10.7678571428571));
#1497=CARTESIAN_POINT('',(-1.47909664800762,-3.07137583718625,10.7232142857143));
#1498=CARTESIAN_POINT('',(-2.07216835647751,-2.59841693198249,10.6785714285714));
#1499=CARTESIAN_POINT('',(-2.66524006494737,-2.12545802677876,10.6339285714286));
#1500=CARTESIAN_POINT('',(-2.99437003247369,-1.4420126069572,10.5892857142857));
#1501=CARTESIAN_POINT('',(-3.32349999999999,-0.758567187135691,10.5446428571429));
#1502=CARTESIAN_POINT('',(-3.3235,-9.76827272871895E-15,10.5));
#1503=CARTESIAN_POINT('',(-3.3235,0.758567187135671,10.4553571428571));
#1504=CARTESIAN_POINT('',(-2.9943700324737,1.44201260695719,10.4107142857143));
#1505=CARTESIAN_POINT('',(-2.66524006494738,2.12545802677874,10.3660714285714));
#1506=CARTESIAN_POINT('',(-2.07216835647753,2.59841693198248,10.3214285714286));
#1507=CARTESIAN_POINT('',(-1.47909664800764,3.07137583718624,10.2767857142857));
#1508=CARTESIAN_POINT('',(-0.739548324003809,3.24017291613629,10.2321428571429));
#1509=CARTESIAN_POINT('',(-2.83948627707816E-14,3.40896999508633,10.1875));
#1510=CARTESIAN_POINT('',(0.739548324003801,3.24017291613629,10.1428571428571));
#1511=CARTESIAN_POINT('',(1.47909664800763,3.07137583718624,10.0982142857143));
#1512=CARTESIAN_POINT('',(2.07216835647748,2.59841693198251,10.0535714285714));
#1513=CARTESIAN_POINT('',(2.66524006494738,2.12545802677875,10.0089285714286));
#1514=CARTESIAN_POINT('',(2.9943700324737,1.44201260695719,9.96428571428572));
#1515=CARTESIAN_POINT('',(3.3235,0.758567187135679,9.91964285714286));
#1516=CARTESIAN_POINT('',(3.3235,-1.63215981907789E-15,9.875));
#1517=CARTESIAN_POINT('',(3.32350000000001,-0.758567187135635,9.83035714285715));
#1518=CARTESIAN_POINT('',(2.99437003247369,-1.4420126069572,9.78571428571429));
#1519=CARTESIAN_POINT('',(2.66524006494737,-2.12545802677875,9.74107142857143));
#1520=CARTESIAN_POINT('',(2.07216835647752,-2.59841693198248,9.69642857142857));
#1521=CARTESIAN_POINT('',(1.47909664800763,-3.07137583718625,9.65178571428572));
#1522=CARTESIAN_POINT('',(0.739548324003844,-3.24017291613628,9.60714285714286));
#1523=CARTESIAN_POINT('',(1.67012468579051E-14,-3.40896999508633,9.5625));
#1524=CARTESIAN_POINT('',(-0.739548324003812,-3.24017291613629,9.51785714285714));
#1525=CARTESIAN_POINT('',(-1.4790966480076,-3.07137583718626,9.47321428571429));
#1526=CARTESIAN_POINT('',(-2.07216835647749,-2.5984169319825,9.42857142857143));
#1527=CARTESIAN_POINT('',(-2.66524006494738,-2.12545802677874,9.38392857142857));
#1528=CARTESIAN_POINT('',(-2.99437003247368,-1.44201260695722,9.33928571428572));
#1529=CARTESIAN_POINT('',(-3.3235,-0.758567187135668,9.29464285714286));
#1530=CARTESIAN_POINT('',(-3.3235,1.30325923668747E-14,9.25));
#1531=CARTESIAN_POINT('',(-3.3235,0.758567187135647,9.20535714285714));
#1532=CARTESIAN_POINT('',(-2.99437003247369,1.44201260695721,9.16071428571429));
#1533=CARTESIAN_POINT('',(-2.6652400649474,2.12545802677872,9.11607142857143));
#1534=CARTESIAN_POINT('',(-2.07216835647751,2.59841693198249,9.07142857142857));
#1535=CARTESIAN_POINT('',(-1.47909664800762,3.07137583718625,9.02678571428572));
#1536=CARTESIAN_POINT('',(-0.739548324003833,3.24017291613629,8.98214285714286));
#1537=CARTESIAN_POINT('',(-5.00763094502855E-15,3.40896999508633,8.9375));
#1538=CARTESIAN_POINT('',(0.739548324003777,3.2401729161363,8.89285714285714));
#1539=CARTESIAN_POINT('',(1.47909664800761,3.07137583718626,8.84821428571429));
#1540=CARTESIAN_POINT('',(2.0721683564775,2.5984169319825,8.80357142857143));
#1541=CARTESIAN_POINT('',(2.66524006494736,2.12545802677877,8.75892857142857));
#1542=CARTESIAN_POINT('',(2.99437003247369,1.44201260695721,8.71428571428572));
#1543=CARTESIAN_POINT('',(3.3235,0.758567187135657,8.66964285714286));
#1544=CARTESIAN_POINT('',(3.3235,2.27967507313023E-14,8.625));
#1545=CARTESIAN_POINT('',(3.3235,-0.758567187135658,8.58035714285714));
#1546=CARTESIAN_POINT('',(2.99437003247368,-1.44201260695722,8.53571428571429));
#1547=CARTESIAN_POINT('',(2.66524006494739,-2.12545802677873,8.49107142857143));
#1548=CARTESIAN_POINT('',(2.0721683564775,-2.5984169319825,8.44642857142857));
#1549=CARTESIAN_POINT('',(1.47909664800765,-3.07137583718624,8.40178571428572));
#1550=CARTESIAN_POINT('',(0.739548324003822,-3.24017291613629,8.35714285714286));
#1551=CARTESIAN_POINT('',(-6.68598496784796E-15,-3.40896999508633,8.3125));
#1552=CARTESIAN_POINT('',(-0.739548324003788,-3.2401729161363,8.26785714285715));
#1553=CARTESIAN_POINT('',(-1.47909664800762,-3.07137583718625,8.22321428571429));
#1554=CARTESIAN_POINT('',(-2.07216835647747,-2.59841693198252,8.17857142857143));
#1555=CARTESIAN_POINT('',(-2.66524006494737,-2.12545802677876,8.13392857142857));
#1556=CARTESIAN_POINT('',(-2.99437003247369,-1.4420126069572,8.08928571428572));
#1557=CARTESIAN_POINT('',(-3.32349999999999,-0.758567187135692,8.04464285714286));
#1558=CARTESIAN_POINT('',(-3.3235,-1.13963181835054E-14,8.));
#1559=CARTESIAN_POINT('',(-3.3235,0.75856718713567,7.95535714285715));
#1560=CARTESIAN_POINT('',(-2.9943700324737,1.44201260695718,7.91071428571429));
#1561=CARTESIAN_POINT('',(-2.66524006494738,2.12545802677874,7.86607142857143));
#1562=CARTESIAN_POINT('',(-2.07216835647749,2.5984169319825,7.82142857142857));
#1563=CARTESIAN_POINT('',(-1.47909664800764,3.07137583718624,7.77678571428572));
#1564=CARTESIAN_POINT('',(-0.739548324003811,3.24017291613629,7.73214285714286));
#1565=CARTESIAN_POINT('',(-3.00647764479303E-14,3.40896999508633,7.6875));
#1566=CARTESIAN_POINT('',(0.7395483240038,3.24017291613629,7.64285714285715));
#1567=CARTESIAN_POINT('',(1.47909664800763,3.07137583718625,7.59821428571429));
#1568=CARTESIAN_POINT('',(2.07216835647748,2.59841693198251,7.55357142857143));
#1569=CARTESIAN_POINT('',(2.66524006494738,2.12545802677875,7.50892857142857));
#1570=CARTESIAN_POINT('',(2.99437003247367,1.44201260695724,7.46428571428572));
#1571=CARTESIAN_POINT('',(3.3235,0.758567187135681,7.41964285714286));
#1572=CARTESIAN_POINT('',(3.3235,-4.11436429140281E-18,7.375));
#1573=CARTESIAN_POINT('',(3.32350000000001,-0.758567187135634,7.33035714285715));
#1574=CARTESIAN_POINT('',(2.9943700324737,-1.44201260695719,7.28571428571429));
#1575=CARTESIAN_POINT('',(2.66524006494738,-2.12545802677875,7.24107142857143));
#1576=CARTESIAN_POINT('',(2.07216835647752,-2.59841693198248,7.19642857142857));
#1577=CARTESIAN_POINT('',(1.47909664800763,-3.07137583718625,7.15178571428571));
#1578=CARTESIAN_POINT('',(0.7395483240038,-3.24017291613629,7.10714285714286));
#1579=CARTESIAN_POINT('',(1.83711605350538E-14,-3.40896999508633,7.0625));
#1580=CARTESIAN_POINT('',(-0.739548324003811,-3.24017291613629,7.01785714285715));
#1581=CARTESIAN_POINT('',(-1.47909664800759,-3.07137583718626,6.97321428571429));
#1582=CARTESIAN_POINT('',(-2.07216835647749,-2.5984169319825,6.92857142857143));
#1583=CARTESIAN_POINT('',(-2.66524006494738,-2.12545802677874,6.88392857142857));
#1584=CARTESIAN_POINT('',(-2.99437003247368,-1.44201260695723,6.83928571428571));
#1585=CARTESIAN_POINT('',(-3.3235,-0.75856718713567,6.79464285714286));
#1586=CARTESIAN_POINT('',(-3.3235,-3.58252287338856E-14,6.75));
#1587=CARTESIAN_POINT('',(-3.3235,0.758567187135645,6.70535714285715));
#1588=CARTESIAN_POINT('',(-2.99437003247369,1.4420126069572,6.66071428571429));
#1589=CARTESIAN_POINT('',(-2.6652400649474,2.12545802677872,6.61607142857143));
#1590=CARTESIAN_POINT('',(-2.07216835647751,2.59841693198249,6.57142857142857));
#1591=CARTESIAN_POINT('',(-1.47909664800762,3.07137583718625,6.52678571428572));
#1592=CARTESIAN_POINT('',(-0.739548324003835,3.24017291613629,6.48214285714286));
#1593=CARTESIAN_POINT('',(-6.67754462217728E-15,3.40896999508633,6.4375));
#1594=CARTESIAN_POINT('',(0.739548324003822,3.24017291613629,6.39285714285714));
#1595=CARTESIAN_POINT('',(1.4790966480076,3.07137583718626,6.34821428571429));
#1596=CARTESIAN_POINT('',(2.0721683564775,2.5984169319825,6.30357142857143));
#1597=CARTESIAN_POINT('',(2.66524006494736,2.12545802677877,6.25892857142857));
#1598=CARTESIAN_POINT('',(2.99437003247368,1.44201260695722,6.21428571428572));
#1599=CARTESIAN_POINT('',(3.3235,0.758567187135658,6.16964285714286));
#1600=CARTESIAN_POINT('',(3.3235,2.44247961860888E-14,6.125));
#1601=CARTESIAN_POINT('',(3.3235,-0.758567187135657,6.08035714285714));
#1602=CARTESIAN_POINT('',(2.99437003247371,-1.44201260695717,6.03571428571429));
#1603=CARTESIAN_POINT('',(2.66524006494739,-2.12545802677873,5.99107142857143));
#1604=CARTESIAN_POINT('',(2.0721683564775,-2.5984169319825,5.94642857142857));
#1605=CARTESIAN_POINT('',(1.47909664800765,-3.07137583718623,5.90178571428572));
#1606=CARTESIAN_POINT('',(0.739548324003823,-3.24017291613629,5.85714285714286));
#1607=CARTESIAN_POINT('',(-5.01607129069922E-15,-3.40896999508633,5.8125));
#1608=CARTESIAN_POINT('',(-0.739548324003787,-3.2401729161363,5.76785714285714));
#1609=CARTESIAN_POINT('',(-1.47909664800762,-3.07137583718625,5.72321428571429));
#1610=CARTESIAN_POINT('',(-2.07216835647751,-2.59841693198249,5.67857142857143));
#1611=CARTESIAN_POINT('',(-2.66524006494737,-2.12545802677876,5.63392857142857));
#1612=CARTESIAN_POINT('',(-2.99437003247369,-1.44201260695721,5.58928571428572));
#1613=CARTESIAN_POINT('',(-3.32349999999999,-0.758567187135694,5.54464285714286));
#1614=CARTESIAN_POINT('',(-3.3235,-1.30243636382919E-14,5.5));
#1615=CARTESIAN_POINT('',(0.,0.,15.5));
#1616=CARTESIAN_POINT('',(0.,0.,25.5));
#1617=CARTESIAN_POINT('',(-1.33128417096132E-14,-3.3235,25.5));
#1618=CARTESIAN_POINT('',(-3.3235,0.,26.4375));
#1619=CARTESIAN_POINT('',(-3.3235,0.758567187135663,26.3928571428571));
#1620=CARTESIAN_POINT('',(-2.99437003247369,1.4420126069572,26.3482142857143));
#1621=CARTESIAN_POINT('',(-2.66524006494738,2.12545802677875,26.3035714285714));
#1622=CARTESIAN_POINT('',(-2.0721683564775,2.5984169319825,26.2589285714286));
#1623=CARTESIAN_POINT('',(-1.47909664800762,3.07137583718625,26.2142857142857));
#1624=CARTESIAN_POINT('',(-0.739548324003811,3.24017291613629,26.1696428571429));
#1625=CARTESIAN_POINT('',(-2.08739209643592E-16,3.40896999508633,26.125));
#1626=CARTESIAN_POINT('',(0.739548324003811,3.24017291613629,26.0803571428571));
#1627=CARTESIAN_POINT('',(1.47909664800762,3.07137583718625,26.0357142857143));
#1628=CARTESIAN_POINT('',(2.0721683564775,2.5984169319825,25.9910714285714));
#1629=CARTESIAN_POINT('',(2.66524006494738,2.12545802677875,25.9464285714286));
#1630=CARTESIAN_POINT('',(2.99437003247369,1.4420126069572,25.9017857142857));
#1631=CARTESIAN_POINT('',(3.3235,0.758567187135664,25.8571428571429));
#1632=CARTESIAN_POINT('',(3.3235,4.07011363696623E-16,25.8125));
#1633=CARTESIAN_POINT('',(3.3235,-0.758567187135663,25.7678571428571));
#1634=CARTESIAN_POINT('',(2.99437003247369,-1.4420126069572,25.7232142857143));
#1635=CARTESIAN_POINT('',(2.66524006494738,-2.12545802677874,25.6785714285714));
#1636=CARTESIAN_POINT('',(2.0721683564775,-2.5984169319825,25.6339285714286));
#1637=CARTESIAN_POINT('',(1.47909664800762,-3.07137583718625,25.5892857142857));
#1638=CARTESIAN_POINT('',(0.739548324003812,-3.24017291613629,25.5446428571429));
#1639=CARTESIAN_POINT('',(6.26217628930777E-16,-3.40896999508633,25.5));
#1640=CARTESIAN_POINT('',(-0.73954832400381,-3.24017291613629,25.4553571428571));
#1641=CARTESIAN_POINT('',(-1.47909664800762,-3.07137583718625,25.4107142857143));
#1642=CARTESIAN_POINT('',(-2.0721683564775,-2.5984169319825,25.3660714285714));
#1643=CARTESIAN_POINT('',(-2.66524006494738,-2.12545802677875,25.3214285714286));
#1644=CARTESIAN_POINT('',(-2.99437003247369,-1.44201260695721,25.2767857142857));
#1645=CARTESIAN_POINT('',(-3.3235,-0.758567187135664,25.2321428571429));
#1646=CARTESIAN_POINT('',(-3.3235,-8.14022727393246E-16,25.1875));
#1647=CARTESIAN_POINT('',(-3.3235,0.758567187135663,25.1428571428571));
#1648=CARTESIAN_POINT('',(-2.99437003247369,1.4420126069572,25.0982142857143));
#1649=CARTESIAN_POINT('',(-2.66524006494738,2.12545802677874,25.0535714285714));
#1650=CARTESIAN_POINT('',(-2.0721683564775,2.5984169319825,25.0089285714286));
#1651=CARTESIAN_POINT('',(-1.47909664800762,3.07137583718625,24.9642857142857));
#1652=CARTESIAN_POINT('',(-0.739548324003812,3.24017291613629,24.9196428571429));
#1653=CARTESIAN_POINT('',(-1.04369604821796E-15,3.40896999508633,24.875));
#1654=CARTESIAN_POINT('',(0.73954832400381,3.24017291613629,24.8303571428571));
#1655=CARTESIAN_POINT('',(1.47909664800762,3.07137583718625,24.7857142857143));
#1656=CARTESIAN_POINT('',(2.0721683564775,2.5984169319825,24.7410714285714));
#1657=CARTESIAN_POINT('',(2.66524006494738,2.12545802677875,24.6964285714286));
#1658=CARTESIAN_POINT('',(2.99437003247369,1.44201260695721,24.6517857142857));
#1659=CARTESIAN_POINT('',(3.3235,0.758567187135665,24.6071428571429));
#1660=CARTESIAN_POINT('',(3.3235,1.22103409108987E-15,24.5625));
#1661=CARTESIAN_POINT('',(3.3235,-0.758567187135662,24.5178571428571));
#1662=CARTESIAN_POINT('',(2.99437003247369,-1.4420126069572,24.4732142857143));
#1663=CARTESIAN_POINT('',(2.66524006494738,-2.12545802677874,24.4285714285714));
#1664=CARTESIAN_POINT('',(2.0721683564775,-2.5984169319825,24.3839285714286));
#1665=CARTESIAN_POINT('',(1.47909664800762,-3.07137583718625,24.3392857142857));
#1666=CARTESIAN_POINT('',(0.739548324003812,-3.24017291613629,24.2946428571429));
#1667=CARTESIAN_POINT('',(1.46117446750515E-15,-3.40896999508633,24.25));
#1668=CARTESIAN_POINT('',(-0.739548324003809,-3.24017291613629,24.2053571428571));
#1669=CARTESIAN_POINT('',(-1.47909664800762,-3.07137583718625,24.1607142857143));
#1670=CARTESIAN_POINT('',(-2.0721683564775,-2.5984169319825,24.1160714285714));
#1671=CARTESIAN_POINT('',(-2.66524006494738,-2.12545802677875,24.0714285714286));
#1672=CARTESIAN_POINT('',(-2.99437003247369,-1.44201260695721,24.0267857142857));
#1673=CARTESIAN_POINT('',(-3.3235,-0.758567187135665,23.9821428571429));
#1674=CARTESIAN_POINT('',(-3.3235,-1.62804545478649E-15,23.9375));
#1675=CARTESIAN_POINT('',(-3.3235,0.758567187135662,23.8928571428571));
#1676=CARTESIAN_POINT('',(-2.99437003247369,1.4420126069572,23.8482142857143));
#1677=CARTESIAN_POINT('',(-2.66524006494738,2.12545802677874,23.8035714285714));
#1678=CARTESIAN_POINT('',(-2.0721683564775,2.5984169319825,23.7589285714286));
#1679=CARTESIAN_POINT('',(-1.47909664800762,3.07137583718625,23.7142857142857));
#1680=CARTESIAN_POINT('',(-0.739548324003813,3.24017291613629,23.6696428571429));
#1681=CARTESIAN_POINT('',(-1.87865288679233E-15,3.40896999508633,23.625));
#1682=CARTESIAN_POINT('',(0.739548324003809,3.24017291613629,23.5803571428571));
#1683=CARTESIAN_POINT('',(1.47909664800762,3.07137583718625,23.5357142857143));
#1684=CARTESIAN_POINT('',(2.0721683564775,2.5984169319825,23.4910714285714));
#1685=CARTESIAN_POINT('',(2.66524006494738,2.12545802677875,23.4464285714286));
#1686=CARTESIAN_POINT('',(2.99437003247369,1.44201260695721,23.4017857142857));
#1687=CARTESIAN_POINT('',(3.3235,0.758567187135665,23.3571428571429));
#1688=CARTESIAN_POINT('',(3.3235,2.03505681848311E-15,23.3125));
#1689=CARTESIAN_POINT('',(3.3235,-0.758567187135661,23.2678571428571));
#1690=CARTESIAN_POINT('',(2.99437003247369,-1.4420126069572,23.2232142857143));
#1691=CARTESIAN_POINT('',(2.66524006494739,-2.12545802677874,23.1785714285714));
#1692=CARTESIAN_POINT('',(2.0721683564775,-2.5984169319825,23.1339285714286));
#1693=CARTESIAN_POINT('',(1.47909664800762,-3.07137583718625,23.0892857142857));
#1694=CARTESIAN_POINT('',(0.739548324003813,-3.24017291613629,23.0446428571429));
#1695=CARTESIAN_POINT('',(8.35167847216136E-15,-3.40896999508633,23.));
#1696=CARTESIAN_POINT('',(-0.739548324003809,-3.24017291613629,22.9553571428571));
#1697=CARTESIAN_POINT('',(-1.47909664800763,-3.07137583718625,22.9107142857143));
#1698=CARTESIAN_POINT('',(-2.0721683564775,-2.5984169319825,22.8660714285714));
#1699=CARTESIAN_POINT('',(-2.66524006494737,-2.12545802677875,22.8214285714286));
#1700=CARTESIAN_POINT('',(-2.99437003247369,-1.44201260695721,22.7767857142857));
#1701=CARTESIAN_POINT('',(-3.3235,-0.75856718713566,22.7321428571429));
#1702=CARTESIAN_POINT('',(-3.3235,-2.44206818217974E-15,22.6875));
#1703=CARTESIAN_POINT('',(-3.3235,0.758567187135655,22.6428571428571));
#1704=CARTESIAN_POINT('',(-2.99437003247369,1.4420126069572,22.5982142857143));
#1705=CARTESIAN_POINT('',(-2.66524006494738,2.12545802677875,22.5535714285714));
#1706=CARTESIAN_POINT('',(-2.0721683564775,2.5984169319825,22.5089285714286));
#1707=CARTESIAN_POINT('',(-1.47909664800763,3.07137583718624,22.4642857142857));
#1708=CARTESIAN_POINT('',(-0.739548324003814,3.24017291613629,22.4196428571429));
#1709=CARTESIAN_POINT('',(3.34193744071515E-15,3.40896999508633,22.375));
#1710=CARTESIAN_POINT('',(0.739548324003808,3.24017291613629,22.3303571428571));
#1711=CARTESIAN_POINT('',(1.47909664800761,3.07137583718625,22.2857142857143));
#1712=CARTESIAN_POINT('',(2.0721683564775,2.5984169319825,22.2410714285714));
#1713=CARTESIAN_POINT('',(2.66524006494738,2.12545802677874,22.1964285714286));
#1714=CARTESIAN_POINT('',(2.99437003247369,1.44201260695721,22.1517857142857));
#1715=CARTESIAN_POINT('',(3.3235,0.758567187135672,22.1071428571429));
#1716=CARTESIAN_POINT('',(3.3235,2.84907954587636E-15,22.0625));
#1717=CARTESIAN_POINT('',(3.3235,-0.758567187135666,22.0178571428571));
#1718=CARTESIAN_POINT('',(2.99437003247369,-1.4420126069572,21.9732142857143));
#1719=CARTESIAN_POINT('',(2.66524006494739,-2.12545802677874,21.9285714285714));
#1720=CARTESIAN_POINT('',(2.0721683564775,-2.5984169319825,21.8839285714286));
#1721=CARTESIAN_POINT('',(1.47909664800762,-3.07137583718625,21.8392857142857));
#1722=CARTESIAN_POINT('',(0.739548324003814,-3.24017291613629,21.7946428571429));
#1723=CARTESIAN_POINT('',(9.18663531073573E-15,-3.40896999508633,21.75));
#1724=CARTESIAN_POINT('',(-0.739548324003808,-3.24017291613629,21.7053571428571));
#1725=CARTESIAN_POINT('',(-1.47909664800762,-3.07137583718625,21.6607142857143));
#1726=CARTESIAN_POINT('',(-2.0721683564775,-2.5984169319825,21.6160714285714));
#1727=CARTESIAN_POINT('',(-2.66524006494737,-2.12545802677875,21.5714285714286));
#1728=CARTESIAN_POINT('',(-2.99437003247369,-1.44201260695721,21.5267857142857));
#1729=CARTESIAN_POINT('',(-3.3235,-0.758567187135661,21.4821428571429));
#1730=CARTESIAN_POINT('',(-3.3235,-3.25609090957298E-15,21.4375));
#1731=CARTESIAN_POINT('',(-3.3235,0.758567187135654,21.3928571428571));
#1732=CARTESIAN_POINT('',(-2.99437003247369,1.4420126069572,21.3482142857143));
#1733=CARTESIAN_POINT('',(-2.66524006494738,2.12545802677875,21.3035714285714));
#1734=CARTESIAN_POINT('',(-2.0721683564775,2.59841693198249,21.2589285714286));
#1735=CARTESIAN_POINT('',(-1.47909664800763,3.07137583718624,21.2142857142857));
#1736=CARTESIAN_POINT('',(-0.739548324003814,3.24017291613629,21.1696428571429));
#1737=CARTESIAN_POINT('',(2.50698060214078E-15,3.40896999508633,21.125));
#1738=CARTESIAN_POINT('',(0.739548324003808,3.24017291613629,21.0803571428571));
#1739=CARTESIAN_POINT('',(1.47909664800761,3.07137583718625,21.0357142857143));
#1740=CARTESIAN_POINT('',(2.0721683564775,2.5984169319825,20.9910714285714));
#1741=CARTESIAN_POINT('',(2.66524006494738,2.12545802677874,20.9464285714286));
#1742=CARTESIAN_POINT('',(2.99437003247369,1.44201260695721,20.9017857142857));
#1743=CARTESIAN_POINT('',(3.3235,0.758567187135673,20.8571428571429));
#1744=CARTESIAN_POINT('',(3.3235,3.66310227326961E-15,20.8125));
#1745=CARTESIAN_POINT('',(3.3235,-0.758567187135666,20.7678571428571));
#1746=CARTESIAN_POINT('',(2.99437003247369,-1.4420126069572,20.7232142857143));
#1747=CARTESIAN_POINT('',(2.66524006494739,-2.12545802677874,20.6785714285714));
#1748=CARTESIAN_POINT('',(2.0721683564775,-2.59841693198249,20.6339285714286));
#1749=CARTESIAN_POINT('',(1.47909664800762,-3.07137583718625,20.5892857142857));
#1750=CARTESIAN_POINT('',(0.739548324003815,-3.24017291613629,20.5446428571429));
#1751=CARTESIAN_POINT('',(1.00215921493101E-14,-3.40896999508633,20.5));
#1752=CARTESIAN_POINT('',(-0.739548324003807,-3.24017291613629,20.4553571428571));
#1753=CARTESIAN_POINT('',(-1.47909664800762,-3.07137583718625,20.4107142857143));
#1754=CARTESIAN_POINT('',(-2.0721683564775,-2.5984169319825,20.3660714285714));
#1755=CARTESIAN_POINT('',(-2.66524006494737,-2.12545802677875,20.3214285714286));
#1756=CARTESIAN_POINT('',(-2.99437003247369,-1.44201260695721,20.2767857142857));
#1757=CARTESIAN_POINT('',(-3.3235,-0.758567187135662,20.2321428571429));
#1758=CARTESIAN_POINT('',(-3.3235,-4.07011363696623E-15,20.1875));
#1759=CARTESIAN_POINT('',(-3.3235,0.758567187135653,20.1428571428571));
#1760=CARTESIAN_POINT('',(-2.99437003247369,1.4420126069572,20.0982142857143));
#1761=CARTESIAN_POINT('',(-2.66524006494738,2.12545802677875,20.0535714285714));
#1762=CARTESIAN_POINT('',(-2.0721683564775,2.59841693198249,20.0089285714286));
#1763=CARTESIAN_POINT('',(-1.47909664800763,3.07137583718624,19.9642857142857));
#1764=CARTESIAN_POINT('',(-0.739548324003827,3.24017291613629,19.9196428571429));
#1765=CARTESIAN_POINT('',(1.67202376356641E-15,3.40896999508633,19.875));
#1766=CARTESIAN_POINT('',(0.739548324003807,3.24017291613629,19.8303571428571));
#1767=CARTESIAN_POINT('',(1.47909664800761,3.07137583718625,19.7857142857143));
#1768=CARTESIAN_POINT('',(2.07216835647751,2.59841693198249,19.7410714285714));
#1769=CARTESIAN_POINT('',(2.66524006494738,2.12545802677874,19.6964285714286));
#1770=CARTESIAN_POINT('',(2.99437003247369,1.44201260695721,19.6517857142857));
#1771=CARTESIAN_POINT('',(3.3235,0.758567187135674,19.6071428571429));
#1772=CARTESIAN_POINT('',(3.3235,1.62845689121563E-14,19.5625));
#1773=CARTESIAN_POINT('',(3.3235,-0.758567187135665,19.5178571428571));
#1774=CARTESIAN_POINT('',(2.99437003247369,-1.4420126069572,19.4732142857143));
#1775=CARTESIAN_POINT('',(2.66524006494739,-2.12545802677874,19.4285714285714));
#1776=CARTESIAN_POINT('',(2.0721683564775,-2.5984169319825,19.3839285714286));
#1777=CARTESIAN_POINT('',(1.47909664800762,-3.07137583718625,19.3392857142857));
#1778=CARTESIAN_POINT('',(0.739548324003816,-3.24017291613629,19.2946428571429));
#1779=CARTESIAN_POINT('',(1.08565489878845E-14,-3.40896999508633,19.25));
#1780=CARTESIAN_POINT('',(-0.739548324003795,-3.24017291613629,19.2053571428571));
#1781=CARTESIAN_POINT('',(-1.47909664800762,-3.07137583718625,19.1607142857143));
#1782=CARTESIAN_POINT('',(-2.0721683564775,-2.5984169319825,19.1160714285714));
#1783=CARTESIAN_POINT('',(-2.66524006494737,-2.12545802677875,19.0714285714286));
#1784=CARTESIAN_POINT('',(-2.99437003247369,-1.4420126069572,19.0267857142857));
#1785=CARTESIAN_POINT('',(-3.3235,-0.758567187135662,18.9821428571429));
#1786=CARTESIAN_POINT('',(-3.3235,-4.88413636435947E-15,18.9375));
#1787=CARTESIAN_POINT('',(-3.3235,0.758567187135653,18.8928571428571));
#1788=CARTESIAN_POINT('',(-2.9943700324737,1.44201260695719,18.8482142857143));
#1789=CARTESIAN_POINT('',(-2.66524006494738,2.12545802677875,18.8035714285714));
#1790=CARTESIAN_POINT('',(-2.0721683564775,2.59841693198249,18.7589285714286));
#1791=CARTESIAN_POINT('',(-1.47909664800763,3.07137583718624,18.7142857142857));
#1792=CARTESIAN_POINT('',(-0.739548324003804,3.24017291613629,18.6696428571429));
#1793=CARTESIAN_POINT('',(8.37066924992038E-16,3.40896999508633,18.625));
#1794=CARTESIAN_POINT('',(0.739548324003806,3.24017291613629,18.5803571428571));
#1795=CARTESIAN_POINT('',(1.47909664800761,3.07137583718625,18.5357142857143));
#1796=CARTESIAN_POINT('',(2.07216835647749,2.59841693198251,18.4910714285714));
#1797=CARTESIAN_POINT('',(2.66524006494738,2.12545802677874,18.4464285714286));
#1798=CARTESIAN_POINT('',(2.99437003247369,1.44201260695721,18.4017857142857));
#1799=CARTESIAN_POINT('',(3.3235,0.758567187135674,18.3571428571429));
#1800=CARTESIAN_POINT('',(3.3235,-6.51629618343737E-15,18.3125));
#1801=CARTESIAN_POINT('',(3.3235,-0.758567187135664,18.2678571428571));
#1802=CARTESIAN_POINT('',(2.99437003247369,-1.4420126069572,18.2232142857143));
#1803=CARTESIAN_POINT('',(2.66524006494739,-2.12545802677874,18.1785714285714));
#1804=CARTESIAN_POINT('',(2.07216835647751,-2.59841693198249,18.1339285714286));
#1805=CARTESIAN_POINT('',(1.47909664800762,-3.07137583718625,18.0892857142857));
#1806=CARTESIAN_POINT('',(0.739548324003816,-3.24017291613629,18.0446428571429));
#1807=CARTESIAN_POINT('',(1.16915058264588E-14,-3.40896999508633,18.));
#1808=CARTESIAN_POINT('',(-0.739548324003817,-3.24017291613629,17.9553571428571));
#1809=CARTESIAN_POINT('',(-1.47909664800762,-3.07137583718625,17.9107142857143));
#1810=CARTESIAN_POINT('',(-2.0721683564775,-2.5984169319825,17.8660714285714));
#1811=CARTESIAN_POINT('',(-2.66524006494737,-2.12545802677875,17.8214285714286));
#1812=CARTESIAN_POINT('',(-2.99437003247368,-1.44201260695722,17.7767857142857));
#1813=CARTESIAN_POINT('',(-3.3235,-0.758567187135663,17.7321428571429));
#1814=CARTESIAN_POINT('',(-3.3235,-5.69815909175272E-15,17.6875));
#1815=CARTESIAN_POINT('',(-3.3235,0.758567187135652,17.6428571428571));
#1816=CARTESIAN_POINT('',(-2.99437003247369,1.44201260695721,17.5982142857143));
#1817=CARTESIAN_POINT('',(-2.66524006494738,2.12545802677875,17.5535714285714));
#1818=CARTESIAN_POINT('',(-2.07216835647751,2.59841693198249,17.5089285714286));
#1819=CARTESIAN_POINT('',(-1.47909664800763,3.07137583718624,17.4642857142857));
#1820=CARTESIAN_POINT('',(-0.739548324003828,3.24017291613629,17.4196428571429));
#1821=CARTESIAN_POINT('',(2.11008641766915E-18,3.40896999508633,17.375));
#1822=CARTESIAN_POINT('',(0.739548324003805,3.24017291613629,17.3303571428571));
#1823=CARTESIAN_POINT('',(1.47909664800761,3.07137583718625,17.2857142857143));
#1824=CARTESIAN_POINT('',(2.07216835647751,2.59841693198249,17.2410714285714));
#1825=CARTESIAN_POINT('',(2.66524006494738,2.12545802677875,17.1964285714286));
#1826=CARTESIAN_POINT('',(2.99437003247369,1.44201260695721,17.1517857142857));
#1827=CARTESIAN_POINT('',(3.3235,0.758567187135675,17.1071428571429));
#1828=CARTESIAN_POINT('',(3.3235,1.79126143669428E-14,17.0625));
#1829=CARTESIAN_POINT('',(3.3235,-0.758567187135663,17.0178571428571));
#1830=CARTESIAN_POINT('',(2.99437003247369,-1.4420126069572,16.9732142857143));
#1831=CARTESIAN_POINT('',(2.66524006494739,-2.12545802677874,16.9285714285714));
#1832=CARTESIAN_POINT('',(2.0721683564775,-2.5984169319825,16.8839285714286));
#1833=CARTESIAN_POINT('',(1.47909664800762,-3.07137583718625,16.8392857142857));
#1834=CARTESIAN_POINT('',(0.739548324003817,-3.24017291613629,16.7946428571429));
#1835=CARTESIAN_POINT('',(1.25264626650332E-14,-3.40896999508633,16.75));
#1836=CARTESIAN_POINT('',(-0.739548324003793,-3.24017291613629,16.7053571428571));
#1837=CARTESIAN_POINT('',(-1.47909664800762,-3.07137583718625,16.6607142857143));
#1838=CARTESIAN_POINT('',(-2.0721683564775,-2.5984169319825,16.6160714285714));
#1839=CARTESIAN_POINT('',(-2.66524006494737,-2.12545802677876,16.5714285714286));
#1840=CARTESIAN_POINT('',(-2.99437003247369,-1.4420126069572,16.5267857142857));
#1841=CARTESIAN_POINT('',(-3.3235,-0.758567187135664,16.4821428571429));
#1842=CARTESIAN_POINT('',(-3.3235,-6.51218181914597E-15,16.4375));
#1843=CARTESIAN_POINT('',(-3.3235,0.758567187135651,16.3928571428571));
#1844=CARTESIAN_POINT('',(-2.9943700324737,1.44201260695719,16.3482142857143));
#1845=CARTESIAN_POINT('',(-2.66524006494738,2.12545802677874,16.3035714285714));
#1846=CARTESIAN_POINT('',(-2.07216835647751,2.59841693198249,16.2589285714286));
#1847=CARTESIAN_POINT('',(-1.47909664800763,3.07137583718624,16.2142857142857));
#1848=CARTESIAN_POINT('',(-0.739548324003806,3.24017291613629,16.1696428571429));
#1849=CARTESIAN_POINT('',(-8.328467521567E-16,3.40896999508633,16.125));
#1850=CARTESIAN_POINT('',(0.739548324003804,3.24017291613629,16.0803571428571));
#1851=CARTESIAN_POINT('',(1.47909664800761,3.07137583718625,16.0357142857143));
#1852=CARTESIAN_POINT('',(2.07216835647749,2.59841693198251,15.9910714285714));
#1853=CARTESIAN_POINT('',(2.66524006494738,2.12545802677875,15.9464285714286));
#1854=CARTESIAN_POINT('',(2.99437003247369,1.44201260695721,15.9017857142857));
#1855=CARTESIAN_POINT('',(3.3235,0.758567187135676,15.8571428571429));
#1856=CARTESIAN_POINT('',(3.3235,-4.88825072865088E-15,15.8125));
#1857=CARTESIAN_POINT('',(3.3235,-0.758567187135662,15.7678571428571));
#1858=CARTESIAN_POINT('',(2.99437003247369,-1.4420126069572,15.7232142857143));
#1859=CARTESIAN_POINT('',(2.66524006494739,-2.12545802677874,15.6785714285714));
#1860=CARTESIAN_POINT('',(2.07216835647752,-2.59841693198249,15.6339285714286));
#1861=CARTESIAN_POINT('',(1.47909664800762,-3.07137583718625,15.5892857142857));
#1862=CARTESIAN_POINT('',(0.739548324003818,-3.24017291613629,15.5446428571429));
#1863=CARTESIAN_POINT('',(1.33614195036076E-14,-3.40896999508633,15.5));
#1864=CARTESIAN_POINT('',(-0.739548324003816,-3.24017291613629,15.4553571428571));
#1865=CARTESIAN_POINT('',(-1.47909664800762,-3.07137583718625,15.4107142857143));
#1866=CARTESIAN_POINT('',(-2.0721683564775,-2.5984169319825,15.3660714285714));
#1867=CARTESIAN_POINT('',(-2.66524006494737,-2.12545802677876,15.3214285714286));
#1868=CARTESIAN_POINT('',(-2.99437003247368,-1.44201260695722,15.2767857142857));
#1869=CARTESIAN_POINT('',(-3.3235,-0.758567187135665,15.2321428571429));
#1870=CARTESIAN_POINT('',(-3.3235,-7.32620454653921E-15,15.1875));
#1871=CARTESIAN_POINT('',(-3.3235,0.75856718713565,15.1428571428571));
#1872=CARTESIAN_POINT('',(-2.99437003247369,1.44201260695721,15.0982142857143));
#1873=CARTESIAN_POINT('',(-2.66524006494738,2.12545802677874,15.0535714285714));
#1874=CARTESIAN_POINT('',(-2.07216835647751,2.59841693198249,15.0089285714286));
#1875=CARTESIAN_POINT('',(-1.47909664800763,3.07137583718624,14.9642857142857));
#1876=CARTESIAN_POINT('',(-0.73954832400383,3.24017291613629,14.9196428571429));
#1877=CARTESIAN_POINT('',(-1.66780359073107E-15,3.40896999508633,14.875));
#1878=CARTESIAN_POINT('',(0.739548324003804,3.24017291613629,14.8303571428571));
#1879=CARTESIAN_POINT('',(1.47909664800761,3.07137583718625,14.7857142857143));
#1880=CARTESIAN_POINT('',(2.0721683564775,2.59841693198249,14.7410714285714));
#1881=CARTESIAN_POINT('',(2.66524006494738,2.12545802677875,14.6964285714286));
#1882=CARTESIAN_POINT('',(2.99437003247369,1.44201260695721,14.6517857142857));
#1883=CARTESIAN_POINT('',(3.3235,0.758567187135677,14.6071428571429));
#1884=CARTESIAN_POINT('',(3.3235,1.95406598217293E-14,14.5625));
#1885=CARTESIAN_POINT('',(3.3235,-0.758567187135662,14.5178571428571));
#1886=CARTESIAN_POINT('',(2.99437003247369,-1.4420126069572,14.4732142857143));
#1887=CARTESIAN_POINT('',(2.66524006494739,-2.12545802677873,14.4285714285714));
#1888=CARTESIAN_POINT('',(2.0721683564775,-2.5984169319825,14.3839285714286));
#1889=CARTESIAN_POINT('',(1.47909664800762,-3.07137583718625,14.3392857142857));
#1890=CARTESIAN_POINT('',(0.739548324003819,-3.24017291613629,14.2946428571429));
#1891=CARTESIAN_POINT('',(1.41963763421819E-14,-3.40896999508633,14.25));
#1892=CARTESIAN_POINT('',(-0.739548324003792,-3.2401729161363,14.2053571428571));
#1893=CARTESIAN_POINT('',(-1.47909664800762,-3.07137583718625,14.1607142857143));
#1894=CARTESIAN_POINT('',(-2.07216835647749,-2.5984169319825,14.1160714285714));
#1895=CARTESIAN_POINT('',(-2.66524006494737,-2.12545802677876,14.0714285714286));
#1896=CARTESIAN_POINT('',(-2.99437003247369,-1.4420126069572,14.0267857142857));
#1897=CARTESIAN_POINT('',(-3.3235,-0.758567187135666,13.9821428571429));
#1898=CARTESIAN_POINT('',(-3.3235,-8.14022727393246E-15,13.9375));
#1899=CARTESIAN_POINT('',(-3.3235,0.758567187135649,13.8928571428571));
#1900=CARTESIAN_POINT('',(-2.9943700324737,1.44201260695719,13.8482142857143));
#1901=CARTESIAN_POINT('',(-2.66524006494738,2.12545802677874,13.8035714285714));
#1902=CARTESIAN_POINT('',(-2.07216835647751,2.59841693198249,13.7589285714286));
#1903=CARTESIAN_POINT('',(-1.47909664800763,3.07137583718624,13.7142857142857));
#1904=CARTESIAN_POINT('',(-0.739548324003808,3.24017291613629,13.6696428571429));
#1905=CARTESIAN_POINT('',(-2.67249490936328E-14,3.40896999508633,13.625));
#1906=CARTESIAN_POINT('',(0.739548324003803,3.24017291613629,13.5803571428571));
#1907=CARTESIAN_POINT('',(1.47909664800763,3.07137583718624,13.5357142857143));
#1908=CARTESIAN_POINT('',(2.07216835647748,2.59841693198251,13.4910714285714));
#1909=CARTESIAN_POINT('',(2.66524006494738,2.12545802677875,13.4464285714286));
#1910=CARTESIAN_POINT('',(2.99437003247368,1.44201260695723,13.4017857142857));
#1911=CARTESIAN_POINT('',(3.3235,0.758567187135678,13.3571428571429));
#1912=CARTESIAN_POINT('',(3.3235,-3.26020527386439E-15,13.3125));
#1913=CARTESIAN_POINT('',(3.32350000000001,-0.758567187135637,13.2678571428571));
#1914=CARTESIAN_POINT('',(2.99437003247369,-1.4420126069572,13.2232142857143));
#1915=CARTESIAN_POINT('',(2.66524006494737,-2.12545802677875,13.1785714285714));
#1916=CARTESIAN_POINT('',(2.07216835647752,-2.59841693198248,13.1339285714286));
#1917=CARTESIAN_POINT('',(1.47909664800762,-3.07137583718625,13.0892857142857));
#1918=CARTESIAN_POINT('',(0.739548324003796,-3.24017291613629,13.0446428571429));
#1919=CARTESIAN_POINT('',(1.50313331807563E-14,-3.40896999508633,13.));
#1920=CARTESIAN_POINT('',(-0.739548324003814,-3.24017291613629,12.9553571428571));
#1921=CARTESIAN_POINT('',(-1.4790966480076,-3.07137583718626,12.9107142857143));
#1922=CARTESIAN_POINT('',(-2.07216835647749,-2.5984169319825,12.8660714285714));
#1923=CARTESIAN_POINT('',(-2.66524006494739,-2.12545802677874,12.8214285714286));
#1924=CARTESIAN_POINT('',(-2.99437003247368,-1.44201260695722,12.7767857142857));
#1925=CARTESIAN_POINT('',(-3.3235,-0.758567187135666,12.7321428571429));
#1926=CARTESIAN_POINT('',(-3.3235,-3.25691378243126E-14,12.6875));
#1927=CARTESIAN_POINT('',(-3.3235,0.758567187135648,12.6428571428571));
#1928=CARTESIAN_POINT('',(-2.99437003247369,1.44201260695721,12.5982142857143));
#1929=CARTESIAN_POINT('',(-2.6652400649474,2.12545802677872,12.5535714285714));
#1930=CARTESIAN_POINT('',(-2.07216835647751,2.59841693198249,12.5089285714286));
#1931=CARTESIAN_POINT('',(-1.47909664800761,3.07137583718625,12.4642857142857));
#1932=CARTESIAN_POINT('',(-0.739548324003831,3.24017291613629,12.4196428571429));
#1933=CARTESIAN_POINT('',(-3.33771726787981E-15,3.40896999508633,12.375));
#1934=CARTESIAN_POINT('',(0.739548324003825,3.24017291613629,12.3303571428571));
#1935=CARTESIAN_POINT('',(1.47909664800761,3.07137583718626,12.2857142857143));
#1936=CARTESIAN_POINT('',(2.0721683564775,2.5984169319825,12.2410714285714));
#1937=CARTESIAN_POINT('',(2.66524006494736,2.12545802677877,12.1964285714286));
#1938=CARTESIAN_POINT('',(2.99437003247369,1.44201260695721,12.1517857142857));
#1939=CARTESIAN_POINT('',(3.3235,0.758567187135655,12.1071428571429));
#1940=CARTESIAN_POINT('',(3.3235,2.11687052765158E-14,12.0625));
#1941=CARTESIAN_POINT('',(3.3235,-0.75856718713566,12.0178571428571));
#1942=CARTESIAN_POINT('',(2.9943700324737,-1.44201260695717,11.9732142857143));
#1943=CARTESIAN_POINT('',(2.66524006494739,-2.12545802677873,11.9285714285714));
#1944=CARTESIAN_POINT('',(2.0721683564775,-2.5984169319825,11.8839285714286));
#1945=CARTESIAN_POINT('',(1.47909664800765,-3.07137583718624,11.8392857142857));
#1946=CARTESIAN_POINT('',(0.73954832400382,-3.24017291613629,11.7946428571429));
#1947=CARTESIAN_POINT('',(-8.3558986449967E-15,-3.40896999508633,11.75));
#1948=CARTESIAN_POINT('',(-0.73954832400379,-3.2401729161363,11.7053571428571));
#1949=CARTESIAN_POINT('',(-1.47909664800762,-3.07137583718625,11.6607142857143));
#1950=CARTESIAN_POINT('',(-2.07216835647751,-2.59841693198249,11.6160714285714));
#1951=CARTESIAN_POINT('',(-2.66524006494737,-2.12545802677876,11.5714285714286));
#1952=CARTESIAN_POINT('',(-2.99437003247369,-1.4420126069572,11.5267857142857));
#1953=CARTESIAN_POINT('',(-3.32349999999999,-0.758567187135691,11.4821428571429));
#1954=CARTESIAN_POINT('',(-3.3235,-9.76827272871895E-15,11.4375));
#1955=CARTESIAN_POINT('',(-3.3235,0.758567187135671,11.3928571428571));
#1956=CARTESIAN_POINT('',(-2.9943700324737,1.44201260695719,11.3482142857143));
#1957=CARTESIAN_POINT('',(-2.66524006494738,2.12545802677874,11.3035714285714));
#1958=CARTESIAN_POINT('',(-2.07216835647753,2.59841693198248,11.2589285714286));
#1959=CARTESIAN_POINT('',(-1.47909664800764,3.07137583718624,11.2142857142857));
#1960=CARTESIAN_POINT('',(-0.739548324003809,3.24017291613629,11.1696428571429));
#1961=CARTESIAN_POINT('',(-2.83948627707816E-14,3.40896999508633,11.125));
#1962=CARTESIAN_POINT('',(0.739548324003801,3.24017291613629,11.0803571428571));
#1963=CARTESIAN_POINT('',(1.47909664800763,3.07137583718624,11.0357142857143));
#1964=CARTESIAN_POINT('',(2.07216835647748,2.59841693198251,10.9910714285714));
#1965=CARTESIAN_POINT('',(2.66524006494738,2.12545802677875,10.9464285714286));
#1966=CARTESIAN_POINT('',(2.9943700324737,1.44201260695719,10.9017857142857));
#1967=CARTESIAN_POINT('',(3.3235,0.758567187135679,10.8571428571429));
#1968=CARTESIAN_POINT('',(3.3235,-1.63215981907789E-15,10.8125));
#1969=CARTESIAN_POINT('',(3.32350000000001,-0.758567187135635,10.7678571428571));
#1970=CARTESIAN_POINT('',(2.99437003247369,-1.4420126069572,10.7232142857143));
#1971=CARTESIAN_POINT('',(2.66524006494737,-2.12545802677875,10.6785714285714));
#1972=CARTESIAN_POINT('',(2.07216835647752,-2.59841693198248,10.6339285714286));
#1973=CARTESIAN_POINT('',(1.47909664800763,-3.07137583718625,10.5892857142857));
#1974=CARTESIAN_POINT('',(0.739548324003844,-3.24017291613628,10.5446428571429));
#1975=CARTESIAN_POINT('',(1.67012468579051E-14,-3.40896999508633,10.5));
#1976=CARTESIAN_POINT('',(-0.739548324003812,-3.24017291613629,10.4553571428571));
#1977=CARTESIAN_POINT('',(-1.4790966480076,-3.07137583718626,10.4107142857143));
#1978=CARTESIAN_POINT('',(-2.07216835647749,-2.5984169319825,10.3660714285714));
#1979=CARTESIAN_POINT('',(-2.66524006494738,-2.12545802677874,10.3214285714286));
#1980=CARTESIAN_POINT('',(-2.99437003247368,-1.44201260695722,10.2767857142857));
#1981=CARTESIAN_POINT('',(-3.3235,-0.758567187135668,10.2321428571429));
#1982=CARTESIAN_POINT('',(-3.3235,1.30325923668747E-14,10.1875));
#1983=CARTESIAN_POINT('',(-3.3235,0.758567187135647,10.1428571428571));
#1984=CARTESIAN_POINT('',(-2.99437003247369,1.44201260695721,10.0982142857143));
#1985=CARTESIAN_POINT('',(-2.6652400649474,2.12545802677872,10.0535714285714));
#1986=CARTESIAN_POINT('',(-2.07216835647751,2.59841693198249,10.0089285714286));
#1987=CARTESIAN_POINT('',(-1.47909664800762,3.07137583718625,9.96428571428572));
#1988=CARTESIAN_POINT('',(-0.739548324003833,3.24017291613629,9.91964285714286));
#1989=CARTESIAN_POINT('',(-5.00763094502855E-15,3.40896999508633,9.875));
#1990=CARTESIAN_POINT('',(0.739548324003777,3.2401729161363,9.83035714285714));
#1991=CARTESIAN_POINT('',(1.47909664800761,3.07137583718626,9.78571428571429));
#1992=CARTESIAN_POINT('',(2.0721683564775,2.5984169319825,9.74107142857143));
#1993=CARTESIAN_POINT('',(2.66524006494736,2.12545802677877,9.69642857142857));
#1994=CARTESIAN_POINT('',(2.99437003247369,1.44201260695721,9.65178571428572));
#1995=CARTESIAN_POINT('',(3.3235,0.758567187135657,9.60714285714286));
#1996=CARTESIAN_POINT('',(3.3235,2.27967507313023E-14,9.5625));
#1997=CARTESIAN_POINT('',(3.3235,-0.758567187135658,9.51785714285714));
#1998=CARTESIAN_POINT('',(2.99437003247368,-1.44201260695722,9.47321428571429));
#1999=CARTESIAN_POINT('',(2.66524006494739,-2.12545802677873,9.42857142857143));
#2000=CARTESIAN_POINT('',(2.0721683564775,-2.5984169319825,9.38392857142857));
#2001=CARTESIAN_POINT('',(1.47909664800765,-3.07137583718624,9.33928571428572));
#2002=CARTESIAN_POINT('',(0.739548324003822,-3.24017291613629,9.29464285714286));
#2003=CARTESIAN_POINT('',(-6.68598496784796E-15,-3.40896999508633,9.25));
#2004=CARTESIAN_POINT('',(-0.739548324003788,-3.2401729161363,9.20535714285715));
#2005=CARTESIAN_POINT('',(-1.47909664800762,-3.07137583718625,9.16071428571429));
#2006=CARTESIAN_POINT('',(-2.07216835647747,-2.59841693198252,9.11607142857143));
#2007=CARTESIAN_POINT('',(-2.66524006494737,-2.12545802677876,9.07142857142857));
#2008=CARTESIAN_POINT('',(-2.99437003247369,-1.4420126069572,9.02678571428572));
#2009=CARTESIAN_POINT('',(-3.32349999999999,-0.758567187135692,8.98214285714286));
#2010=CARTESIAN_POINT('',(-3.3235,-1.13963181835054E-14,8.9375));
#2011=CARTESIAN_POINT('',(-3.3235,0.75856718713567,8.89285714285715));
#2012=CARTESIAN_POINT('',(-2.9943700324737,1.44201260695718,8.84821428571429));
#2013=CARTESIAN_POINT('',(-2.66524006494738,2.12545802677874,8.80357142857143));
#2014=CARTESIAN_POINT('',(-2.07216835647749,2.5984169319825,8.75892857142857));
#2015=CARTESIAN_POINT('',(-1.47909664800764,3.07137583718624,8.71428571428572));
#2016=CARTESIAN_POINT('',(-0.739548324003811,3.24017291613629,8.66964285714286));
#2017=CARTESIAN_POINT('',(-3.00647764479303E-14,3.40896999508633,8.625));
#2018=CARTESIAN_POINT('',(0.7395483240038,3.24017291613629,8.58035714285715));
#2019=CARTESIAN_POINT('',(1.47909664800763,3.07137583718625,8.53571428571429));
#2020=CARTESIAN_POINT('',(2.07216835647748,2.59841693198251,8.49107142857143));
#2021=CARTESIAN_POINT('',(2.66524006494738,2.12545802677875,8.44642857142857));
#2022=CARTESIAN_POINT('',(2.99437003247367,1.44201260695724,8.40178571428572));
#2023=CARTESIAN_POINT('',(3.3235,0.758567187135681,8.35714285714286));
#2024=CARTESIAN_POINT('',(3.3235,-4.11436429140281E-18,8.3125));
#2025=CARTESIAN_POINT('',(3.32350000000001,-0.758567187135634,8.26785714285715));
#2026=CARTESIAN_POINT('',(2.9943700324737,-1.44201260695719,8.22321428571429));
#2027=CARTESIAN_POINT('',(2.66524006494738,-2.12545802677875,8.17857142857143));
#2028=CARTESIAN_POINT('',(2.07216835647752,-2.59841693198248,8.13392857142857));
#2029=CARTESIAN_POINT('',(1.47909664800763,-3.07137583718625,8.08928571428572));
#2030=CARTESIAN_POINT('',(0.7395483240038,-3.24017291613629,8.04464285714286));
#2031=CARTESIAN_POINT('',(1.83711605350538E-14,-3.40896999508633,8.));
#2032=CARTESIAN_POINT('',(-0.739548324003811,-3.24017291613629,7.95535714285715));
#2033=CARTESIAN_POINT('',(-1.47909664800759,-3.07137583718626,7.91071428571429));
#2034=CARTESIAN_POINT('',(-2.07216835647749,-2.5984169319825,7.86607142857143));
#2035=CARTESIAN_POINT('',(-2.66524006494738,-2.12545802677874,7.82142857142857));
#2036=CARTESIAN_POINT('',(-2.99437003247368,-1.44201260695723,7.77678571428572));
#2037=CARTESIAN_POINT('',(-3.3235,-0.75856718713567,7.73214285714286));
#2038=CARTESIAN_POINT('',(-3.3235,-3.58252287338856E-14,7.6875));
#2039=CARTESIAN_POINT('',(-3.3235,0.758567187135645,7.64285714285715));
#2040=CARTESIAN_POINT('',(-2.99437003247369,1.4420126069572,7.59821428571429));
#2041=CARTESIAN_POINT('',(-2.6652400649474,2.12545802677872,7.55357142857143));
#2042=CARTESIAN_POINT('',(-2.07216835647751,2.59841693198249,7.50892857142857));
#2043=CARTESIAN_POINT('',(-1.47909664800762,3.07137583718625,7.46428571428572));
#2044=CARTESIAN_POINT('',(-0.739548324003835,3.24017291613629,7.41964285714286));
#2045=CARTESIAN_POINT('',(-6.67754462217728E-15,3.40896999508633,7.375));
#2046=CARTESIAN_POINT('',(0.739548324003822,3.24017291613629,7.33035714285715));
#2047=CARTESIAN_POINT('',(1.4790966480076,3.07137583718626,7.28571428571429));
#2048=CARTESIAN_POINT('',(2.0721683564775,2.5984169319825,7.24107142857143));
#2049=CARTESIAN_POINT('',(2.66524006494736,2.12545802677877,7.19642857142858));
#2050=CARTESIAN_POINT('',(2.99437003247368,1.44201260695722,7.15178571428572));
#2051=CARTESIAN_POINT('',(3.3235,0.758567187135658,7.10714285714286));
#2052=CARTESIAN_POINT('',(3.3235,2.44247961860888E-14,7.0625));
#2053=CARTESIAN_POINT('',(3.3235,-0.758567187135657,7.01785714285715));
#2054=CARTESIAN_POINT('',(2.99437003247371,-1.44201260695717,6.97321428571429));
#2055=CARTESIAN_POINT('',(2.66524006494739,-2.12545802677873,6.92857142857143));
#2056=CARTESIAN_POINT('',(2.0721683564775,-2.5984169319825,6.88392857142858));
#2057=CARTESIAN_POINT('',(1.47909664800765,-3.07137583718623,6.83928571428572));
#2058=CARTESIAN_POINT('',(0.739548324003823,-3.24017291613629,6.79464285714286));
#2059=CARTESIAN_POINT('',(-5.01607129069922E-15,-3.40896999508633,6.75));
#2060=CARTESIAN_POINT('',(-0.739548324003787,-3.2401729161363,6.70535714285715));
#2061=CARTESIAN_POINT('',(-1.47909664800762,-3.07137583718625,6.66071428571429));
#2062=CARTESIAN_POINT('',(-2.07216835647751,-2.59841693198249,6.61607142857143));
#2063=CARTESIAN_POINT('',(-2.66524006494737,-2.12545802677876,6.57142857142858));
#2064=CARTESIAN_POINT('',(-2.99437003247369,-1.44201260695721,6.52678571428572));
#2065=CARTESIAN_POINT('',(-3.32349999999999,-0.758567187135694,6.48214285714286));
#2066=CARTESIAN_POINT('',(-3.3235,-1.30243636382919E-14,6.4375));
#2067=CARTESIAN_POINT('',(2.53064936087386,2.15440619714777,25.9528603762323));
#2068=CARTESIAN_POINT('',(2.80843755603619,1.82810537259734,25.9270054080322));
#2069=CARTESIAN_POINT('',(2.99437003247369,1.4420126069572,25.9017857142857));
#2070=CARTESIAN_POINT('',(3.3235,0.758567187135664,25.8571428571429));
#2071=CARTESIAN_POINT('',(3.3235,4.07011363696623E-16,25.8125));
#2072=CARTESIAN_POINT('',(3.3235,-0.758567187135663,25.7678571428571));
#2073=CARTESIAN_POINT('',(2.99437003247369,-1.4420126069572,25.7232142857143));
#2074=CARTESIAN_POINT('',(2.66524006494738,-2.12545802677874,25.6785714285714));
#2075=CARTESIAN_POINT('',(2.0721683564775,-2.5984169319825,25.6339285714286));
#2076=CARTESIAN_POINT('',(1.47909664800762,-3.07137583718625,25.5892857142857));
#2077=CARTESIAN_POINT('',(0.739548324003812,-3.24017291613629,25.5446428571429));
#2078=CARTESIAN_POINT('',(6.26217628930777E-16,-3.40896999508633,25.5));
#2079=CARTESIAN_POINT('',(-0.73954832400381,-3.24017291613629,25.4553571428571));
#2080=CARTESIAN_POINT('',(-1.47909664800762,-3.07137583718625,25.4107142857143));
#2081=CARTESIAN_POINT('',(-2.0721683564775,-2.5984169319825,25.3660714285714));
#2082=CARTESIAN_POINT('',(-2.66524006494738,-2.12545802677875,25.3214285714286));
#2083=CARTESIAN_POINT('',(-2.99437003247369,-1.44201260695721,25.2767857142857));
#2084=CARTESIAN_POINT('',(-3.3235,-0.758567187135664,25.2321428571429));
#2085=CARTESIAN_POINT('',(-3.3235,0.,25.1875));
#2086=CARTESIAN_POINT('',(-3.3235,0.758567187135663,25.1428571428571));
#2087=CARTESIAN_POINT('',(-2.99437003247369,1.4420126069572,25.0982142857143));
#2088=CARTESIAN_POINT('',(-2.66524006494738,2.12545802677875,25.0535714285714));
#2089=CARTESIAN_POINT('',(-2.0721683564775,2.5984169319825,25.0089285714286));
#2090=CARTESIAN_POINT('',(-1.47909664800762,3.07137583718625,24.9642857142857));
#2091=CARTESIAN_POINT('',(-0.739548324003811,3.24017291613629,24.9196428571429));
#2092=CARTESIAN_POINT('',(-2.08739209643592E-16,3.40896999508633,24.875));
#2093=CARTESIAN_POINT('',(0.739548324003811,3.24017291613629,24.8303571428571));
#2094=CARTESIAN_POINT('',(1.47909664800762,3.07137583718625,24.7857142857143));
#2095=CARTESIAN_POINT('',(2.0721683564775,2.5984169319825,24.7410714285714));
#2096=CARTESIAN_POINT('',(2.66524006494738,2.12545802677875,24.6964285714286));
#2097=CARTESIAN_POINT('',(2.99437003247369,1.4420126069572,24.6517857142857));
#2098=CARTESIAN_POINT('',(3.3235,0.758567187135664,24.6071428571429));
#2099=CARTESIAN_POINT('',(3.3235,4.07011363696623E-16,24.5625));
#2100=CARTESIAN_POINT('',(3.3235,-0.758567187135663,24.5178571428571));
#2101=CARTESIAN_POINT('',(2.99437003247369,-1.4420126069572,24.4732142857143));
#2102=CARTESIAN_POINT('',(2.66524006494738,-2.12545802677874,24.4285714285714));
#2103=CARTESIAN_POINT('',(2.0721683564775,-2.5984169319825,24.3839285714286));
#2104=CARTESIAN_POINT('',(1.47909664800762,-3.07137583718625,24.3392857142857));
#2105=CARTESIAN_POINT('',(0.739548324003812,-3.24017291613629,24.2946428571429));
#2106=CARTESIAN_POINT('',(6.26217628930777E-16,-3.40896999508633,24.25));
#2107=CARTESIAN_POINT('',(-0.73954832400381,-3.24017291613629,24.2053571428571));
#2108=CARTESIAN_POINT('',(-1.47909664800762,-3.07137583718625,24.1607142857143));
#2109=CARTESIAN_POINT('',(-2.0721683564775,-2.5984169319825,24.1160714285714));
#2110=CARTESIAN_POINT('',(-2.66524006494738,-2.12545802677875,24.0714285714286));
#2111=CARTESIAN_POINT('',(-2.99437003247369,-1.44201260695721,24.0267857142857));
#2112=CARTESIAN_POINT('',(-3.3235,-0.758567187135664,23.9821428571429));
#2113=CARTESIAN_POINT('',(-3.3235,0.,23.9375));
#2114=CARTESIAN_POINT('',(-3.3235,0.758567187135663,23.8928571428571));
#2115=CARTESIAN_POINT('',(-2.99437003247369,1.4420126069572,23.8482142857143));
#2116=CARTESIAN_POINT('',(-2.66524006494738,2.12545802677875,23.8035714285714));
#2117=CARTESIAN_POINT('',(-2.0721683564775,2.5984169319825,23.7589285714286));
#2118=CARTESIAN_POINT('',(-1.47909664800762,3.07137583718625,23.7142857142857));
#2119=CARTESIAN_POINT('',(-0.739548324003811,3.24017291613629,23.6696428571429));
#2120=CARTESIAN_POINT('',(-2.08739209643592E-16,3.40896999508633,23.625));
#2121=CARTESIAN_POINT('',(0.739548324003811,3.24017291613629,23.5803571428571));
#2122=CARTESIAN_POINT('',(1.47909664800762,3.07137583718625,23.5357142857143));
#2123=CARTESIAN_POINT('',(2.0721683564775,2.5984169319825,23.4910714285714));
#2124=CARTESIAN_POINT('',(2.66524006494738,2.12545802677875,23.4464285714286));
#2125=CARTESIAN_POINT('',(2.99437003247369,1.4420126069572,23.4017857142857));
#2126=CARTESIAN_POINT('',(3.3235,0.758567187135664,23.3571428571429));
#2127=CARTESIAN_POINT('',(3.3235,4.07011363696623E-16,23.3125));
#2128=CARTESIAN_POINT('',(3.3235,-0.758567187135663,23.2678571428571));
#2129=CARTESIAN_POINT('',(2.99437003247369,-1.4420126069572,23.2232142857143));
#2130=CARTESIAN_POINT('',(2.66524006494738,-2.12545802677874,23.1785714285714));
#2131=CARTESIAN_POINT('',(2.0721683564775,-2.5984169319825,23.1339285714286));
#2132=CARTESIAN_POINT('',(1.47909664800762,-3.07137583718625,23.0892857142857));
#2133=CARTESIAN_POINT('',(0.739548324003812,-3.24017291613629,23.0446428571429));
#2134=CARTESIAN_POINT('',(6.26217628930777E-16,-3.40896999508633,23.));
#2135=CARTESIAN_POINT('',(-0.73954832400381,-3.24017291613629,22.9553571428571));
#2136=CARTESIAN_POINT('',(-1.47909664800762,-3.07137583718625,22.9107142857143));
#2137=CARTESIAN_POINT('',(-2.0721683564775,-2.5984169319825,22.8660714285714));
#2138=CARTESIAN_POINT('',(-2.66524006494738,-2.12545802677875,22.8214285714286));
#2139=CARTESIAN_POINT('',(-2.99437003247369,-1.44201260695721,22.7767857142857));
#2140=CARTESIAN_POINT('',(-3.3235,-0.758567187135664,22.7321428571429));
#2141=CARTESIAN_POINT('',(-3.3235,0.,22.6875));
#2142=CARTESIAN_POINT('',(-3.3235,0.758567187135663,22.6428571428571));
#2143=CARTESIAN_POINT('',(-2.99437003247369,1.4420126069572,22.5982142857143));
#2144=CARTESIAN_POINT('',(-2.66524006494738,2.12545802677875,22.5535714285714));
#2145=CARTESIAN_POINT('',(-2.0721683564775,2.5984169319825,22.5089285714286));
#2146=CARTESIAN_POINT('',(-1.47909664800762,3.07137583718625,22.4642857142857));
#2147=CARTESIAN_POINT('',(-0.739548324003811,3.24017291613629,22.4196428571429));
#2148=CARTESIAN_POINT('',(-2.08739209643592E-16,3.40896999508633,22.375));
#2149=CARTESIAN_POINT('',(0.739548324003811,3.24017291613629,22.3303571428571));
#2150=CARTESIAN_POINT('',(1.47909664800762,3.07137583718625,22.2857142857143));
#2151=CARTESIAN_POINT('',(2.0721683564775,2.5984169319825,22.2410714285714));
#2152=CARTESIAN_POINT('',(2.66524006494738,2.12545802677875,22.1964285714286));
#2153=CARTESIAN_POINT('',(2.99437003247369,1.4420126069572,22.1517857142857));
#2154=CARTESIAN_POINT('',(3.3235,0.758567187135664,22.1071428571429));
#2155=CARTESIAN_POINT('',(3.3235,4.07011363696623E-16,22.0625));
#2156=CARTESIAN_POINT('',(3.3235,-0.758567187135663,22.0178571428571));
#2157=CARTESIAN_POINT('',(2.99437003247369,-1.4420126069572,21.9732142857143));
#2158=CARTESIAN_POINT('',(2.66524006494738,-2.12545802677874,21.9285714285714));
#2159=CARTESIAN_POINT('',(2.0721683564775,-2.5984169319825,21.8839285714286));
#2160=CARTESIAN_POINT('',(1.47909664800762,-3.07137583718625,21.8392857142857));
#2161=CARTESIAN_POINT('',(0.739548324003812,-3.24017291613629,21.7946428571429));
#2162=CARTESIAN_POINT('',(6.26217628930777E-16,-3.40896999508633,21.75));
#2163=CARTESIAN_POINT('',(-0.73954832400381,-3.24017291613629,21.7053571428571));
#2164=CARTESIAN_POINT('',(-1.47909664800762,-3.07137583718625,21.6607142857143));
#2165=CARTESIAN_POINT('',(-2.0721683564775,-2.5984169319825,21.6160714285714));
#2166=CARTESIAN_POINT('',(-2.66524006494738,-2.12545802677875,21.5714285714286));
#2167=CARTESIAN_POINT('',(-2.99437003247369,-1.44201260695721,21.5267857142857));
#2168=CARTESIAN_POINT('',(-3.3235,-0.758567187135664,21.4821428571429));
#2169=CARTESIAN_POINT('',(-3.3235,0.,21.4375));
#2170=CARTESIAN_POINT('',(-3.3235,0.758567187135663,21.3928571428571));
#2171=CARTESIAN_POINT('',(-2.99437003247369,1.4420126069572,21.3482142857143));
#2172=CARTESIAN_POINT('',(-2.66524006494738,2.12545802677875,21.3035714285714));
#2173=CARTESIAN_POINT('',(-2.0721683564775,2.5984169319825,21.2589285714286));
#2174=CARTESIAN_POINT('',(-1.47909664800762,3.07137583718625,21.2142857142857));
#2175=CARTESIAN_POINT('',(-0.739548324003811,3.24017291613629,21.1696428571429));
#2176=CARTESIAN_POINT('',(-2.08739209643592E-16,3.40896999508633,21.125));
#2177=CARTESIAN_POINT('',(0.739548324003811,3.24017291613629,21.0803571428571));
#2178=CARTESIAN_POINT('',(1.47909664800762,3.07137583718625,21.0357142857143));
#2179=CARTESIAN_POINT('',(2.0721683564775,2.5984169319825,20.9910714285714));
#2180=CARTESIAN_POINT('',(2.66524006494738,2.12545802677875,20.9464285714286));
#2181=CARTESIAN_POINT('',(2.99437003247369,1.4420126069572,20.9017857142857));
#2182=CARTESIAN_POINT('',(3.3235,0.758567187135664,20.8571428571429));
#2183=CARTESIAN_POINT('',(3.3235,4.07011363696623E-16,20.8125));
#2184=CARTESIAN_POINT('',(3.3235,-0.758567187135663,20.7678571428571));
#2185=CARTESIAN_POINT('',(2.99437003247369,-1.4420126069572,20.7232142857143));
#2186=CARTESIAN_POINT('',(2.66524006494738,-2.12545802677874,20.6785714285714));
#2187=CARTESIAN_POINT('',(2.0721683564775,-2.5984169319825,20.6339285714286));
#2188=CARTESIAN_POINT('',(1.47909664800762,-3.07137583718625,20.5892857142857));
#2189=CARTESIAN_POINT('',(0.739548324003812,-3.24017291613629,20.5446428571429));
#2190=CARTESIAN_POINT('',(6.26217628930777E-16,-3.40896999508633,20.5));
#2191=CARTESIAN_POINT('',(-0.73954832400381,-3.24017291613629,20.4553571428571));
#2192=CARTESIAN_POINT('',(-1.47909664800762,-3.07137583718625,20.4107142857143));
#2193=CARTESIAN_POINT('',(-2.0721683564775,-2.5984169319825,20.3660714285714));
#2194=CARTESIAN_POINT('',(-2.66524006494738,-2.12545802677875,20.3214285714286));
#2195=CARTESIAN_POINT('',(-2.99437003247369,-1.44201260695721,20.2767857142857));
#2196=CARTESIAN_POINT('',(-3.3235,-0.758567187135664,20.2321428571429));
#2197=CARTESIAN_POINT('',(-3.3235,0.,20.1875));
#2198=CARTESIAN_POINT('',(-3.3235,0.758567187135663,20.1428571428571));
#2199=CARTESIAN_POINT('',(-2.99437003247369,1.4420126069572,20.0982142857143));
#2200=CARTESIAN_POINT('',(-2.66524006494738,2.12545802677875,20.0535714285714));
#2201=CARTESIAN_POINT('',(-2.0721683564775,2.5984169319825,20.0089285714286));
#2202=CARTESIAN_POINT('',(-1.47909664800762,3.07137583718625,19.9642857142857));
#2203=CARTESIAN_POINT('',(-0.739548324003811,3.24017291613629,19.9196428571429));
#2204=CARTESIAN_POINT('',(-2.08739209643592E-16,3.40896999508633,19.875));
#2205=CARTESIAN_POINT('',(0.739548324003811,3.24017291613629,19.8303571428571));
#2206=CARTESIAN_POINT('',(1.47909664800762,3.07137583718625,19.7857142857143));
#2207=CARTESIAN_POINT('',(2.0721683564775,2.5984169319825,19.7410714285714));
#2208=CARTESIAN_POINT('',(2.66524006494738,2.12545802677875,19.6964285714286));
#2209=CARTESIAN_POINT('',(2.99437003247369,1.4420126069572,19.6517857142857));
#2210=CARTESIAN_POINT('',(3.3235,0.758567187135664,19.6071428571429));
#2211=CARTESIAN_POINT('',(3.3235,4.07011363696623E-16,19.5625));
#2212=CARTESIAN_POINT('',(3.3235,-0.758567187135663,19.5178571428571));
#2213=CARTESIAN_POINT('',(2.99437003247369,-1.4420126069572,19.4732142857143));
#2214=CARTESIAN_POINT('',(2.66524006494738,-2.12545802677874,19.4285714285714));
#2215=CARTESIAN_POINT('',(2.0721683564775,-2.5984169319825,19.3839285714286));
#2216=CARTESIAN_POINT('',(1.47909664800762,-3.07137583718625,19.3392857142857));
#2217=CARTESIAN_POINT('',(0.739548324003812,-3.24017291613629,19.2946428571429));
#2218=CARTESIAN_POINT('',(6.26217628930777E-16,-3.40896999508633,19.25));
#2219=CARTESIAN_POINT('',(-0.73954832400381,-3.24017291613629,19.2053571428571));
#2220=CARTESIAN_POINT('',(-1.47909664800762,-3.07137583718625,19.1607142857143));
#2221=CARTESIAN_POINT('',(-2.0721683564775,-2.5984169319825,19.1160714285714));
#2222=CARTESIAN_POINT('',(-2.66524006494738,-2.12545802677875,19.0714285714286));
#2223=CARTESIAN_POINT('',(-2.99437003247369,-1.44201260695721,19.0267857142857));
#2224=CARTESIAN_POINT('',(-3.3235,-0.758567187135664,18.9821428571429));
#2225=CARTESIAN_POINT('',(-3.3235,0.,18.9375));
#2226=CARTESIAN_POINT('',(-3.3235,0.758567187135663,18.8928571428571));
#2227=CARTESIAN_POINT('',(-2.99437003247369,1.4420126069572,18.8482142857143));
#2228=CARTESIAN_POINT('',(-2.66524006494738,2.12545802677875,18.8035714285714));
#2229=CARTESIAN_POINT('',(-2.0721683564775,2.5984169319825,18.7589285714286));
#2230=CARTESIAN_POINT('',(-1.47909664800762,3.07137583718625,18.7142857142857));
#2231=CARTESIAN_POINT('',(-0.739548324003811,3.24017291613629,18.6696428571429));
#2232=CARTESIAN_POINT('',(-2.08739209643592E-16,3.40896999508633,18.625));
#2233=CARTESIAN_POINT('',(0.739548324003811,3.24017291613629,18.5803571428571));
#2234=CARTESIAN_POINT('',(1.47909664800762,3.07137583718625,18.5357142857143));
#2235=CARTESIAN_POINT('',(2.0721683564775,2.5984169319825,18.4910714285714));
#2236=CARTESIAN_POINT('',(2.66524006494738,2.12545802677875,18.4464285714286));
#2237=CARTESIAN_POINT('',(2.99437003247369,1.4420126069572,18.4017857142857));
#2238=CARTESIAN_POINT('',(3.3235,0.758567187135664,18.3571428571429));
#2239=CARTESIAN_POINT('',(3.3235,4.07011363696623E-16,18.3125));
#2240=CARTESIAN_POINT('',(3.3235,-0.758567187135663,18.2678571428571));
#2241=CARTESIAN_POINT('',(2.99437003247369,-1.4420126069572,18.2232142857143));
#2242=CARTESIAN_POINT('',(2.66524006494738,-2.12545802677874,18.1785714285714));
#2243=CARTESIAN_POINT('',(2.0721683564775,-2.5984169319825,18.1339285714286));
#2244=CARTESIAN_POINT('',(1.47909664800762,-3.07137583718625,18.0892857142857));
#2245=CARTESIAN_POINT('',(0.739548324003812,-3.24017291613629,18.0446428571429));
#2246=CARTESIAN_POINT('',(6.26217628930777E-16,-3.40896999508633,18.));
#2247=CARTESIAN_POINT('',(-0.73954832400381,-3.24017291613629,17.9553571428571));
#2248=CARTESIAN_POINT('',(-1.47909664800762,-3.07137583718625,17.9107142857143));
#2249=CARTESIAN_POINT('',(-2.0721683564775,-2.5984169319825,17.8660714285714));
#2250=CARTESIAN_POINT('',(-2.66524006494738,-2.12545802677875,17.8214285714286));
#2251=CARTESIAN_POINT('',(-2.99437003247369,-1.44201260695721,17.7767857142857));
#2252=CARTESIAN_POINT('',(-3.3235,-0.758567187135664,17.7321428571429));
#2253=CARTESIAN_POINT('',(-3.3235,0.,17.6875));
#2254=CARTESIAN_POINT('',(-3.3235,0.758567187135663,17.6428571428571));
#2255=CARTESIAN_POINT('',(-2.99437003247369,1.4420126069572,17.5982142857143));
#2256=CARTESIAN_POINT('',(-2.66524006494738,2.12545802677875,17.5535714285714));
#2257=CARTESIAN_POINT('',(-2.0721683564775,2.5984169319825,17.5089285714286));
#2258=CARTESIAN_POINT('',(-1.47909664800762,3.07137583718625,17.4642857142857));
#2259=CARTESIAN_POINT('',(-0.739548324003811,3.24017291613629,17.4196428571429));
#2260=CARTESIAN_POINT('',(-2.08739209643592E-16,3.40896999508633,17.375));
#2261=CARTESIAN_POINT('',(0.739548324003811,3.24017291613629,17.3303571428571));
#2262=CARTESIAN_POINT('',(1.47909664800762,3.07137583718625,17.2857142857143));
#2263=CARTESIAN_POINT('',(2.0721683564775,2.5984169319825,17.2410714285714));
#2264=CARTESIAN_POINT('',(2.66524006494738,2.12545802677875,17.1964285714286));
#2265=CARTESIAN_POINT('',(2.99437003247369,1.4420126069572,17.1517857142857));
#2266=CARTESIAN_POINT('',(3.3235,0.758567187135664,17.1071428571429));
#2267=CARTESIAN_POINT('',(3.3235,4.07011363696623E-16,17.0625));
#2268=CARTESIAN_POINT('',(3.3235,-0.758567187135663,17.0178571428571));
#2269=CARTESIAN_POINT('',(2.99437003247369,-1.4420126069572,16.9732142857143));
#2270=CARTESIAN_POINT('',(2.66524006494738,-2.12545802677874,16.9285714285714));
#2271=CARTESIAN_POINT('',(2.0721683564775,-2.5984169319825,16.8839285714286));
#2272=CARTESIAN_POINT('',(1.47909664800762,-3.07137583718625,16.8392857142857));
#2273=CARTESIAN_POINT('',(0.739548324003812,-3.24017291613629,16.7946428571429));
#2274=CARTESIAN_POINT('',(6.26217628930777E-16,-3.40896999508633,16.75));
#2275=CARTESIAN_POINT('',(-0.73954832400381,-3.24017291613629,16.7053571428571));
#2276=CARTESIAN_POINT('',(-1.47909664800762,-3.07137583718625,16.6607142857143));
#2277=CARTESIAN_POINT('',(-2.0721683564775,-2.5984169319825,16.6160714285714));
#2278=CARTESIAN_POINT('',(-2.66524006494738,-2.12545802677875,16.5714285714286));
#2279=CARTESIAN_POINT('',(-2.99437003247369,-1.44201260695721,16.5267857142857));
#2280=CARTESIAN_POINT('',(-3.3235,-0.758567187135664,16.4821428571429));
#2281=CARTESIAN_POINT('',(-3.3235,0.,16.4375));
#2282=CARTESIAN_POINT('',(-3.3235,0.758567187135663,16.3928571428571));
#2283=CARTESIAN_POINT('',(-2.99437003247369,1.4420126069572,16.3482142857143));
#2284=CARTESIAN_POINT('',(-2.66524006494738,2.12545802677875,16.3035714285714));
#2285=CARTESIAN_POINT('',(-2.0721683564775,2.5984169319825,16.2589285714286));
#2286=CARTESIAN_POINT('',(-1.47909664800762,3.07137583718625,16.2142857142857));
#2287=CARTESIAN_POINT('',(-0.739548324003811,3.24017291613629,16.1696428571429));
#2288=CARTESIAN_POINT('',(-2.08739209643592E-16,3.40896999508633,16.125));
#2289=CARTESIAN_POINT('',(0.739548324003811,3.24017291613629,16.0803571428571));
#2290=CARTESIAN_POINT('',(1.47909664800762,3.07137583718625,16.0357142857143));
#2291=CARTESIAN_POINT('',(2.0721683564775,2.5984169319825,15.9910714285714));
#2292=CARTESIAN_POINT('',(2.66524006494738,2.12545802677875,15.9464285714286));
#2293=CARTESIAN_POINT('',(2.99437003247369,1.4420126069572,15.9017857142857));
#2294=CARTESIAN_POINT('',(3.3235,0.758567187135664,15.8571428571429));
#2295=CARTESIAN_POINT('',(3.3235,4.07011363696623E-16,15.8125));
#2296=CARTESIAN_POINT('',(3.3235,-0.758567187135663,15.7678571428571));
#2297=CARTESIAN_POINT('',(2.99437003247369,-1.4420126069572,15.7232142857143));
#2298=CARTESIAN_POINT('',(2.66524006494738,-2.12545802677874,15.6785714285714));
#2299=CARTESIAN_POINT('',(2.0721683564775,-2.5984169319825,15.6339285714286));
#2300=CARTESIAN_POINT('',(1.47909664800762,-3.07137583718625,15.5892857142857));
#2301=CARTESIAN_POINT('',(0.739548324003812,-3.24017291613629,15.5446428571429));
#2302=CARTESIAN_POINT('',(6.26217628930777E-16,-3.40896999508633,15.5));
#2303=CARTESIAN_POINT('',(-0.73954832400381,-3.24017291613629,15.4553571428571));
#2304=CARTESIAN_POINT('',(-0.883192744879482,-3.20738701443887,15.4466860430082));
#2305=CARTESIAN_POINT('',(-1.02337239955996,-3.16201852964509,15.4378738259124));
#2306=CARTESIAN_POINT('',(3.04582693971291,2.59298997949332,25.5622353762323));
#2307=CARTESIAN_POINT('',(3.38016593643093,2.20026238268275,25.5363804080322));
#2308=CARTESIAN_POINT('',(3.60394966342869,1.73557068536719,25.5111607142857));
#2309=CARTESIAN_POINT('',(4.00008234670659,0.912992692659017,25.4665178571429));
#2310=CARTESIAN_POINT('',(4.00008234670659,4.89868804222006E-16,25.421875));
#2311=CARTESIAN_POINT('',(4.00008234670659,-0.912992692659016,25.3772321428571));
#2312=CARTESIAN_POINT('',(3.60394966342869,-1.73557068536719,25.3325892857143));
#2313=CARTESIAN_POINT('',(3.20781698015079,-2.55814867807537,25.2879464285714));
#2314=CARTESIAN_POINT('',(2.49401054976671,-3.12739031111981,25.2433035714286));
#2315=CARTESIAN_POINT('',(1.78020411938263,-3.69663194416425,25.1986607142857));
#2316=CARTESIAN_POINT('',(0.890102059691317,-3.89979193083003,25.1540178571429));
#2317=CARTESIAN_POINT('',(7.53700039922509E-16,-4.1029519174958,25.109375));
#2318=CARTESIAN_POINT('',(-0.890102059691316,-3.89979193083003,25.0647321428571));
#2319=CARTESIAN_POINT('',(-1.78020411938263,-3.69663194416425,25.0200892857143));
#2320=CARTESIAN_POINT('',(-2.49401054976671,-3.12739031111981,24.9754464285714));
#2321=CARTESIAN_POINT('',(-3.20781698015079,-2.55814867807537,24.9308035714286));
#2322=CARTESIAN_POINT('',(-3.60394966342869,-1.73557068536719,24.8861607142857));
#2323=CARTESIAN_POINT('',(-4.00008234670659,-0.912992692659018,24.8415178571429));
#2324=CARTESIAN_POINT('',(-4.00008234670659,0.,24.796875));
#2325=CARTESIAN_POINT('',(-4.00008234670659,0.912992692659017,24.7522321428571));
#2326=CARTESIAN_POINT('',(-3.60394966342869,1.73557068536719,24.7075892857143));
#2327=CARTESIAN_POINT('',(-3.20781698015079,2.55814867807537,24.6629464285714));
#2328=CARTESIAN_POINT('',(-2.49401054976671,3.12739031111981,24.6183035714286));
#2329=CARTESIAN_POINT('',(-1.78020411938263,3.69663194416425,24.5736607142857));
#2330=CARTESIAN_POINT('',(-0.890102059691317,3.89979193083003,24.5290178571429));
#2331=CARTESIAN_POINT('',(-2.51233346640836E-16,4.1029519174958,24.484375));
#2332=CARTESIAN_POINT('',(0.890102059691316,3.89979193083003,24.4397321428571));
#2333=CARTESIAN_POINT('',(1.78020411938263,3.69663194416425,24.3950892857143));
#2334=CARTESIAN_POINT('',(2.49401054976671,3.12739031111981,24.3504464285714));
#2335=CARTESIAN_POINT('',(3.20781698015079,2.55814867807537,24.3058035714286));
#2336=CARTESIAN_POINT('',(3.60394966342869,1.73557068536719,24.2611607142857));
#2337=CARTESIAN_POINT('',(4.00008234670659,0.912992692659017,24.2165178571429));
#2338=CARTESIAN_POINT('',(4.00008234670659,4.89868804222006E-16,24.171875));
#2339=CARTESIAN_POINT('',(4.00008234670659,-0.912992692659016,24.1272321428571));
#2340=CARTESIAN_POINT('',(3.60394966342869,-1.73557068536719,24.0825892857143));
#2341=CARTESIAN_POINT('',(3.20781698015079,-2.55814867807537,24.0379464285714));
#2342=CARTESIAN_POINT('',(2.49401054976671,-3.12739031111981,23.9933035714286));
#2343=CARTESIAN_POINT('',(1.78020411938263,-3.69663194416425,23.9486607142857));
#2344=CARTESIAN_POINT('',(0.890102059691317,-3.89979193083003,23.9040178571429));
#2345=CARTESIAN_POINT('',(7.53700039922509E-16,-4.1029519174958,23.859375));
#2346=CARTESIAN_POINT('',(-0.890102059691316,-3.89979193083003,23.8147321428571));
#2347=CARTESIAN_POINT('',(-1.78020411938263,-3.69663194416425,23.7700892857143));
#2348=CARTESIAN_POINT('',(-2.49401054976671,-3.12739031111981,23.7254464285714));
#2349=CARTESIAN_POINT('',(-3.20781698015079,-2.55814867807537,23.6808035714286));
#2350=CARTESIAN_POINT('',(-3.60394966342869,-1.73557068536719,23.6361607142857));
#2351=CARTESIAN_POINT('',(-4.00008234670659,-0.912992692659018,23.5915178571429));
#2352=CARTESIAN_POINT('',(-4.00008234670659,0.,23.546875));
#2353=CARTESIAN_POINT('',(-4.00008234670659,0.912992692659017,23.5022321428571));
#2354=CARTESIAN_POINT('',(-3.60394966342869,1.73557068536719,23.4575892857143));
#2355=CARTESIAN_POINT('',(-3.20781698015079,2.55814867807537,23.4129464285714));
#2356=CARTESIAN_POINT('',(-2.49401054976671,3.12739031111981,23.3683035714286));
#2357=CARTESIAN_POINT('',(-1.78020411938263,3.69663194416425,23.3236607142857));
#2358=CARTESIAN_POINT('',(-0.890102059691317,3.89979193083003,23.2790178571429));
#2359=CARTESIAN_POINT('',(-2.51233346640836E-16,4.1029519174958,23.234375));
#2360=CARTESIAN_POINT('',(0.890102059691316,3.89979193083003,23.1897321428571));
#2361=CARTESIAN_POINT('',(1.78020411938263,3.69663194416425,23.1450892857143));
#2362=CARTESIAN_POINT('',(2.49401054976671,3.12739031111981,23.1004464285714));
#2363=CARTESIAN_POINT('',(3.20781698015079,2.55814867807537,23.0558035714286));
#2364=CARTESIAN_POINT('',(3.60394966342869,1.73557068536719,23.0111607142857));
#2365=CARTESIAN_POINT('',(4.00008234670659,0.912992692659017,22.9665178571429));
#2366=CARTESIAN_POINT('',(4.00008234670659,4.89868804222006E-16,22.921875));
#2367=CARTESIAN_POINT('',(4.00008234670659,-0.912992692659016,22.8772321428571));
#2368=CARTESIAN_POINT('',(3.60394966342869,-1.73557068536719,22.8325892857143));
#2369=CARTESIAN_POINT('',(3.20781698015079,-2.55814867807537,22.7879464285714));
#2370=CARTESIAN_POINT('',(2.49401054976671,-3.12739031111981,22.7433035714286));
#2371=CARTESIAN_POINT('',(1.78020411938263,-3.69663194416425,22.6986607142857));
#2372=CARTESIAN_POINT('',(0.890102059691317,-3.89979193083003,22.6540178571429));
#2373=CARTESIAN_POINT('',(7.53700039922509E-16,-4.1029519174958,22.609375));
#2374=CARTESIAN_POINT('',(-0.890102059691316,-3.89979193083003,22.5647321428571));
#2375=CARTESIAN_POINT('',(-1.78020411938263,-3.69663194416425,22.5200892857143));
#2376=CARTESIAN_POINT('',(-2.49401054976671,-3.12739031111981,22.4754464285714));
#2377=CARTESIAN_POINT('',(-3.20781698015079,-2.55814867807537,22.4308035714286));
#2378=CARTESIAN_POINT('',(-3.60394966342869,-1.73557068536719,22.3861607142857));
#2379=CARTESIAN_POINT('',(-4.00008234670659,-0.912992692659018,22.3415178571429));
#2380=CARTESIAN_POINT('',(-4.00008234670659,0.,22.296875));
#2381=CARTESIAN_POINT('',(-4.00008234670659,0.912992692659017,22.2522321428571));
#2382=CARTESIAN_POINT('',(-3.60394966342869,1.73557068536719,22.2075892857143));
#2383=CARTESIAN_POINT('',(-3.20781698015079,2.55814867807537,22.1629464285714));
#2384=CARTESIAN_POINT('',(-2.49401054976671,3.12739031111981,22.1183035714286));
#2385=CARTESIAN_POINT('',(-1.78020411938263,3.69663194416425,22.0736607142857));
#2386=CARTESIAN_POINT('',(-0.890102059691317,3.89979193083003,22.0290178571429));
#2387=CARTESIAN_POINT('',(-2.51233346640836E-16,4.1029519174958,21.984375));
#2388=CARTESIAN_POINT('',(0.890102059691316,3.89979193083003,21.9397321428571));
#2389=CARTESIAN_POINT('',(1.78020411938263,3.69663194416425,21.8950892857143));
#2390=CARTESIAN_POINT('',(2.49401054976671,3.12739031111981,21.8504464285714));
#2391=CARTESIAN_POINT('',(3.20781698015079,2.55814867807537,21.8058035714286));
#2392=CARTESIAN_POINT('',(3.60394966342869,1.73557068536719,21.7611607142857));
#2393=CARTESIAN_POINT('',(4.00008234670659,0.912992692659017,21.7165178571429));
#2394=CARTESIAN_POINT('',(4.00008234670659,4.89868804222006E-16,21.671875));
#2395=CARTESIAN_POINT('',(4.00008234670659,-0.912992692659016,21.6272321428571));
#2396=CARTESIAN_POINT('',(3.60394966342869,-1.73557068536719,21.5825892857143));
#2397=CARTESIAN_POINT('',(3.20781698015079,-2.55814867807537,21.5379464285714));
#2398=CARTESIAN_POINT('',(2.49401054976671,-3.12739031111981,21.4933035714286));
#2399=CARTESIAN_POINT('',(1.78020411938263,-3.69663194416425,21.4486607142857));
#2400=CARTESIAN_POINT('',(0.890102059691317,-3.89979193083003,21.4040178571429));
#2401=CARTESIAN_POINT('',(7.53700039922509E-16,-4.1029519174958,21.359375));
#2402=CARTESIAN_POINT('',(-0.890102059691316,-3.89979193083003,21.3147321428571));
#2403=CARTESIAN_POINT('',(-1.78020411938263,-3.69663194416425,21.2700892857143));
#2404=CARTESIAN_POINT('',(-2.49401054976671,-3.12739031111981,21.2254464285714));
#2405=CARTESIAN_POINT('',(-3.20781698015079,-2.55814867807537,21.1808035714286));
#2406=CARTESIAN_POINT('',(-3.60394966342869,-1.73557068536719,21.1361607142857));
#2407=CARTESIAN_POINT('',(-4.00008234670659,-0.912992692659018,21.0915178571429));
#2408=CARTESIAN_POINT('',(-4.00008234670659,0.,21.046875));
#2409=CARTESIAN_POINT('',(-4.00008234670659,0.912992692659017,21.0022321428571));
#2410=CARTESIAN_POINT('',(-3.60394966342869,1.73557068536719,20.9575892857143));
#2411=CARTESIAN_POINT('',(-3.20781698015079,2.55814867807537,20.9129464285714));
#2412=CARTESIAN_POINT('',(-2.49401054976671,3.12739031111981,20.8683035714286));
#2413=CARTESIAN_POINT('',(-1.78020411938263,3.69663194416425,20.8236607142857));
#2414=CARTESIAN_POINT('',(-0.890102059691317,3.89979193083003,20.7790178571429));
#2415=CARTESIAN_POINT('',(-2.51233346640836E-16,4.1029519174958,20.734375));
#2416=CARTESIAN_POINT('',(0.890102059691316,3.89979193083003,20.6897321428571));
#2417=CARTESIAN_POINT('',(1.78020411938263,3.69663194416425,20.6450892857143));
#2418=CARTESIAN_POINT('',(2.49401054976671,3.12739031111981,20.6004464285714));
#2419=CARTESIAN_POINT('',(3.20781698015079,2.55814867807537,20.5558035714286));
#2420=CARTESIAN_POINT('',(3.60394966342869,1.73557068536719,20.5111607142857));
#2421=CARTESIAN_POINT('',(4.00008234670659,0.912992692659017,20.4665178571429));
#2422=CARTESIAN_POINT('',(4.00008234670659,4.89868804222006E-16,20.421875));
#2423=CARTESIAN_POINT('',(4.00008234670659,-0.912992692659016,20.3772321428571));
#2424=CARTESIAN_POINT('',(3.60394966342869,-1.73557068536719,20.3325892857143));
#2425=CARTESIAN_POINT('',(3.20781698015079,-2.55814867807537,20.2879464285714));
#2426=CARTESIAN_POINT('',(2.49401054976671,-3.12739031111981,20.2433035714286));
#2427=CARTESIAN_POINT('',(1.78020411938263,-3.69663194416425,20.1986607142857));
#2428=CARTESIAN_POINT('',(0.890102059691317,-3.89979193083003,20.1540178571429));
#2429=CARTESIAN_POINT('',(7.53700039922509E-16,-4.1029519174958,20.109375));
#2430=CARTESIAN_POINT('',(-0.890102059691316,-3.89979193083003,20.0647321428571));
#2431=CARTESIAN_POINT('',(-1.78020411938263,-3.69663194416425,20.0200892857143));
#2432=CARTESIAN_POINT('',(-2.49401054976671,-3.12739031111981,19.9754464285714));
#2433=CARTESIAN_POINT('',(-3.20781698015079,-2.55814867807537,19.9308035714286));
#2434=CARTESIAN_POINT('',(-3.60394966342869,-1.73557068536719,19.8861607142857));
#2435=CARTESIAN_POINT('',(-4.00008234670659,-0.912992692659018,19.8415178571429));
#2436=CARTESIAN_POINT('',(-4.00008234670659,0.,19.796875));
#2437=CARTESIAN_POINT('',(-4.00008234670659,0.912992692659017,19.7522321428571));
#2438=CARTESIAN_POINT('',(-3.60394966342869,1.73557068536719,19.7075892857143));
#2439=CARTESIAN_POINT('',(-3.20781698015079,2.55814867807537,19.6629464285714));
#2440=CARTESIAN_POINT('',(-2.49401054976671,3.12739031111981,19.6183035714286));
#2441=CARTESIAN_POINT('',(-1.78020411938263,3.69663194416425,19.5736607142857));
#2442=CARTESIAN_POINT('',(-0.890102059691317,3.89979193083003,19.5290178571429));
#2443=CARTESIAN_POINT('',(-2.51233346640836E-16,4.1029519174958,19.484375));
#2444=CARTESIAN_POINT('',(0.890102059691316,3.89979193083003,19.4397321428571));
#2445=CARTESIAN_POINT('',(1.78020411938263,3.69663194416425,19.3950892857143));
#2446=CARTESIAN_POINT('',(2.49401054976671,3.12739031111981,19.3504464285714));
#2447=CARTESIAN_POINT('',(3.20781698015079,2.55814867807537,19.3058035714286));
#2448=CARTESIAN_POINT('',(3.60394966342869,1.73557068536719,19.2611607142857));
#2449=CARTESIAN_POINT('',(4.00008234670659,0.912992692659017,19.2165178571429));
#2450=CARTESIAN_POINT('',(4.00008234670659,4.89868804222006E-16,19.171875));
#2451=CARTESIAN_POINT('',(4.00008234670659,-0.912992692659016,19.1272321428571));
#2452=CARTESIAN_POINT('',(3.60394966342869,-1.73557068536719,19.0825892857143));
#2453=CARTESIAN_POINT('',(3.20781698015079,-2.55814867807537,19.0379464285714));
#2454=CARTESIAN_POINT('',(2.49401054976671,-3.12739031111981,18.9933035714286));
#2455=CARTESIAN_POINT('',(1.78020411938263,-3.69663194416425,18.9486607142857));
#2456=CARTESIAN_POINT('',(0.890102059691317,-3.89979193083003,18.9040178571429));
#2457=CARTESIAN_POINT('',(7.53700039922509E-16,-4.1029519174958,18.859375));
#2458=CARTESIAN_POINT('',(-0.890102059691316,-3.89979193083003,18.8147321428571));
#2459=CARTESIAN_POINT('',(-1.78020411938263,-3.69663194416425,18.7700892857143));
#2460=CARTESIAN_POINT('',(-2.49401054976671,-3.12739031111981,18.7254464285714));
#2461=CARTESIAN_POINT('',(-3.20781698015079,-2.55814867807537,18.6808035714286));
#2462=CARTESIAN_POINT('',(-3.60394966342869,-1.73557068536719,18.6361607142857));
#2463=CARTESIAN_POINT('',(-4.00008234670659,-0.912992692659018,18.5915178571429));
#2464=CARTESIAN_POINT('',(-4.00008234670659,0.,18.546875));
#2465=CARTESIAN_POINT('',(-4.00008234670659,0.912992692659017,18.5022321428571));
#2466=CARTESIAN_POINT('',(-3.60394966342869,1.73557068536719,18.4575892857143));
#2467=CARTESIAN_POINT('',(-3.20781698015079,2.55814867807537,18.4129464285714));
#2468=CARTESIAN_POINT('',(-2.49401054976671,3.12739031111981,18.3683035714286));
#2469=CARTESIAN_POINT('',(-1.78020411938263,3.69663194416425,18.3236607142857));
#2470=CARTESIAN_POINT('',(-0.890102059691317,3.89979193083003,18.2790178571429));
#2471=CARTESIAN_POINT('',(-2.51233346640836E-16,4.1029519174958,18.234375));
#2472=CARTESIAN_POINT('',(0.890102059691316,3.89979193083003,18.1897321428571));
#2473=CARTESIAN_POINT('',(1.78020411938263,3.69663194416425,18.1450892857143));
#2474=CARTESIAN_POINT('',(2.49401054976671,3.12739031111981,18.1004464285714));
#2475=CARTESIAN_POINT('',(3.20781698015079,2.55814867807537,18.0558035714286));
#2476=CARTESIAN_POINT('',(3.60394966342869,1.73557068536719,18.0111607142857));
#2477=CARTESIAN_POINT('',(4.00008234670659,0.912992692659017,17.9665178571429));
#2478=CARTESIAN_POINT('',(4.00008234670659,4.89868804222006E-16,17.921875));
#2479=CARTESIAN_POINT('',(4.00008234670659,-0.912992692659016,17.8772321428571));
#2480=CARTESIAN_POINT('',(3.60394966342869,-1.73557068536719,17.8325892857143));
#2481=CARTESIAN_POINT('',(3.20781698015079,-2.55814867807537,17.7879464285714));
#2482=CARTESIAN_POINT('',(2.49401054976671,-3.12739031111981,17.7433035714286));
#2483=CARTESIAN_POINT('',(1.78020411938263,-3.69663194416425,17.6986607142857));
#2484=CARTESIAN_POINT('',(0.890102059691317,-3.89979193083003,17.6540178571429));
#2485=CARTESIAN_POINT('',(7.53700039922509E-16,-4.1029519174958,17.609375));
#2486=CARTESIAN_POINT('',(-0.890102059691316,-3.89979193083003,17.5647321428571));
#2487=CARTESIAN_POINT('',(-1.78020411938263,-3.69663194416425,17.5200892857143));
#2488=CARTESIAN_POINT('',(-2.49401054976671,-3.12739031111981,17.4754464285714));
#2489=CARTESIAN_POINT('',(-3.20781698015079,-2.55814867807537,17.4308035714286));
#2490=CARTESIAN_POINT('',(-3.60394966342869,-1.73557068536719,17.3861607142857));
#2491=CARTESIAN_POINT('',(-4.00008234670659,-0.912992692659018,17.3415178571429));
#2492=CARTESIAN_POINT('',(-4.00008234670659,0.,17.296875));
#2493=CARTESIAN_POINT('',(-4.00008234670659,0.912992692659017,17.2522321428571));
#2494=CARTESIAN_POINT('',(-3.60394966342869,1.73557068536719,17.2075892857143));
#2495=CARTESIAN_POINT('',(-3.20781698015079,2.55814867807537,17.1629464285714));
#2496=CARTESIAN_POINT('',(-2.49401054976671,3.12739031111981,17.1183035714286));
#2497=CARTESIAN_POINT('',(-1.78020411938263,3.69663194416425,17.0736607142857));
#2498=CARTESIAN_POINT('',(-0.890102059691317,3.89979193083003,17.0290178571429));
#2499=CARTESIAN_POINT('',(-2.51233346640836E-16,4.1029519174958,16.984375));
#2500=CARTESIAN_POINT('',(0.890102059691316,3.89979193083003,16.9397321428571));
#2501=CARTESIAN_POINT('',(1.78020411938263,3.69663194416425,16.8950892857143));
#2502=CARTESIAN_POINT('',(2.49401054976671,3.12739031111981,16.8504464285714));
#2503=CARTESIAN_POINT('',(3.20781698015079,2.55814867807537,16.8058035714286));
#2504=CARTESIAN_POINT('',(3.60394966342869,1.73557068536719,16.7611607142857));
#2505=CARTESIAN_POINT('',(4.00008234670659,0.912992692659017,16.7165178571429));
#2506=CARTESIAN_POINT('',(4.00008234670659,4.89868804222006E-16,16.671875));
#2507=CARTESIAN_POINT('',(4.00008234670659,-0.912992692659016,16.6272321428571));
#2508=CARTESIAN_POINT('',(3.60394966342869,-1.73557068536719,16.5825892857143));
#2509=CARTESIAN_POINT('',(3.20781698015079,-2.55814867807537,16.5379464285714));
#2510=CARTESIAN_POINT('',(2.49401054976671,-3.12739031111981,16.4933035714286));
#2511=CARTESIAN_POINT('',(1.78020411938263,-3.69663194416425,16.4486607142857));
#2512=CARTESIAN_POINT('',(0.890102059691317,-3.89979193083003,16.4040178571429));
#2513=CARTESIAN_POINT('',(7.53700039922509E-16,-4.1029519174958,16.359375));
#2514=CARTESIAN_POINT('',(-0.890102059691316,-3.89979193083003,16.3147321428571));
#2515=CARTESIAN_POINT('',(-1.78020411938263,-3.69663194416425,16.2700892857143));
#2516=CARTESIAN_POINT('',(-2.49401054976671,-3.12739031111981,16.2254464285714));
#2517=CARTESIAN_POINT('',(-3.20781698015079,-2.55814867807537,16.1808035714286));
#2518=CARTESIAN_POINT('',(-3.60394966342869,-1.73557068536719,16.1361607142857));
#2519=CARTESIAN_POINT('',(-4.00008234670659,-0.912992692659018,16.0915178571429));
#2520=CARTESIAN_POINT('',(-4.00008234670659,0.,16.046875));
#2521=CARTESIAN_POINT('',(-4.00008234670659,0.912992692659017,16.0022321428571));
#2522=CARTESIAN_POINT('',(-3.60394966342869,1.73557068536719,15.9575892857143));
#2523=CARTESIAN_POINT('',(-3.20781698015079,2.55814867807537,15.9129464285714));
#2524=CARTESIAN_POINT('',(-2.49401054976671,3.12739031111981,15.8683035714286));
#2525=CARTESIAN_POINT('',(-1.78020411938263,3.69663194416425,15.8236607142857));
#2526=CARTESIAN_POINT('',(-0.890102059691317,3.89979193083003,15.7790178571429));
#2527=CARTESIAN_POINT('',(-2.51233346640836E-16,4.1029519174958,15.734375));
#2528=CARTESIAN_POINT('',(0.890102059691316,3.89979193083003,15.6897321428571));
#2529=CARTESIAN_POINT('',(1.78020411938263,3.69663194416425,15.6450892857143));
#2530=CARTESIAN_POINT('',(2.49401054976671,3.12739031111981,15.6004464285714));
#2531=CARTESIAN_POINT('',(3.20781698015079,2.55814867807537,15.5558035714286));
#2532=CARTESIAN_POINT('',(3.60394966342869,1.73557068536719,15.5111607142857));
#2533=CARTESIAN_POINT('',(4.00008234670659,0.912992692659017,15.4665178571429));
#2534=CARTESIAN_POINT('',(4.00008234670659,4.89868804222006E-16,15.421875));
#2535=CARTESIAN_POINT('',(4.00008234670659,-0.912992692659016,15.3772321428571));
#2536=CARTESIAN_POINT('',(3.60394966342869,-1.73557068536719,15.3325892857143));
#2537=CARTESIAN_POINT('',(3.20781698015079,-2.55814867807537,15.2879464285714));
#2538=CARTESIAN_POINT('',(2.49401054976671,-3.12739031111981,15.2433035714286));
#2539=CARTESIAN_POINT('',(1.78020411938263,-3.69663194416425,15.1986607142857));
#2540=CARTESIAN_POINT('',(0.890102059691317,-3.89979193083003,15.1540178571429));
#2541=CARTESIAN_POINT('',(7.53700039922509E-16,-4.1029519174958,15.109375));
#2542=CARTESIAN_POINT('',(-0.890102059691316,-3.89979193083003,15.0647321428571));
#2543=CARTESIAN_POINT('',(-1.06298892960185,-3.86033163096521,15.0560610430083));
#2544=CARTESIAN_POINT('',(-1.23170569266934,-3.80572724549194,15.0472488259124));
#2545=CARTESIAN_POINT('',(3.69654916196752,1.52845774347574,25.5));
#2546=CARTESIAN_POINT('',(3.87973509348325,0.949884830038694,25.5));
#2547=CARTESIAN_POINT('',(3.97448464517036,-0.274743513029548,25.5));
#2548=CARTESIAN_POINT('',(3.27213768463858,-1.98939170171868,25.5));
#2549=CARTESIAN_POINT('',(1.82707699672447,-3.17444579778328,25.5));
#2550=CARTESIAN_POINT('',(0.604546683190843,-3.38670855973164,25.5));
#2551=CARTESIAN_POINT('',(-1.33402908677773E-14,-3.3235,25.5));
#2552=CARTESIAN_POINT('',(3.69654916196755,1.52845774347566,25.5));
#2553=CARTESIAN_POINT('',(-4.00008234670659,0.,26.046875));
#2554=CARTESIAN_POINT('',(-4.00008234670659,0.912992692659017,26.0022321428571));
#2555=CARTESIAN_POINT('',(-3.60394966342869,1.73557068536719,25.9575892857143));
#2556=CARTESIAN_POINT('',(-3.20781698015079,2.55814867807537,25.9129464285714));
#2557=CARTESIAN_POINT('',(-2.49401054976671,3.12739031111981,25.8683035714286));
#2558=CARTESIAN_POINT('',(-1.78020411938263,3.69663194416425,25.8236607142857));
#2559=CARTESIAN_POINT('',(-0.890102059691317,3.89979193083003,25.7790178571429));
#2560=CARTESIAN_POINT('',(-2.51233346640836E-16,4.1029519174958,25.734375));
#2561=CARTESIAN_POINT('',(0.890102059691317,3.89979193083003,25.6897321428571));
#2562=CARTESIAN_POINT('',(1.78020411938263,3.69663194416425,25.6450892857143));
#2563=CARTESIAN_POINT('',(2.49401054976671,3.12739031111981,25.6004464285714));
#2564=CARTESIAN_POINT('',(3.20781698015079,2.55814867807537,25.5558035714286));
#2565=CARTESIAN_POINT('',(3.60394966342869,1.73557068536719,25.5111607142857));
#2566=CARTESIAN_POINT('',(4.00008234670659,0.912992692659017,25.4665178571429));
#2567=CARTESIAN_POINT('',(4.00008234670659,4.89868804222006E-16,25.421875));
#2568=CARTESIAN_POINT('',(4.00008234670659,-0.912992692659017,25.3772321428571));
#2569=CARTESIAN_POINT('',(3.60394966342869,-1.73557068536719,25.3325892857143));
#2570=CARTESIAN_POINT('',(3.20781698015079,-2.55814867807537,25.2879464285714));
#2571=CARTESIAN_POINT('',(2.49401054976671,-3.12739031111981,25.2433035714286));
#2572=CARTESIAN_POINT('',(1.78020411938263,-3.69663194416425,25.1986607142857));
#2573=CARTESIAN_POINT('',(0.890102059691318,-3.89979193083003,25.1540178571429));
#2574=CARTESIAN_POINT('',(7.53700039922509E-16,-4.1029519174958,25.109375));
#2575=CARTESIAN_POINT('',(-0.890102059691316,-3.89979193083003,25.0647321428571));
#2576=CARTESIAN_POINT('',(-1.78020411938263,-3.69663194416425,25.0200892857143));
#2577=CARTESIAN_POINT('',(-2.49401054976671,-3.12739031111981,24.9754464285714));
#2578=CARTESIAN_POINT('',(-3.20781698015079,-2.55814867807537,24.9308035714286));
#2579=CARTESIAN_POINT('',(-3.60394966342869,-1.73557068536719,24.8861607142857));
#2580=CARTESIAN_POINT('',(-4.00008234670659,-0.912992692659018,24.8415178571429));
#2581=CARTESIAN_POINT('',(-4.00008234670659,-9.79737608444012E-16,24.796875));
#2582=CARTESIAN_POINT('',(-4.00008234670659,0.912992692659016,24.7522321428571));
#2583=CARTESIAN_POINT('',(-3.60394966342869,1.73557068536719,24.7075892857143));
#2584=CARTESIAN_POINT('',(-3.20781698015079,2.55814867807537,24.6629464285714));
#2585=CARTESIAN_POINT('',(-2.49401054976671,3.12739031111981,24.6183035714286));
#2586=CARTESIAN_POINT('',(-1.78020411938263,3.69663194416425,24.5736607142857));
#2587=CARTESIAN_POINT('',(-0.890102059691318,3.89979193083003,24.5290178571429));
#2588=CARTESIAN_POINT('',(-1.25616673320418E-15,4.1029519174958,24.484375));
#2589=CARTESIAN_POINT('',(0.890102059691316,3.89979193083003,24.4397321428571));
#2590=CARTESIAN_POINT('',(1.78020411938263,3.69663194416425,24.3950892857143));
#2591=CARTESIAN_POINT('',(2.49401054976671,3.12739031111981,24.3504464285714));
#2592=CARTESIAN_POINT('',(3.20781698015079,2.55814867807537,24.3058035714286));
#2593=CARTESIAN_POINT('',(3.60394966342869,1.73557068536719,24.2611607142857));
#2594=CARTESIAN_POINT('',(4.00008234670659,0.912992692659019,24.2165178571429));
#2595=CARTESIAN_POINT('',(4.00008234670659,1.46960641266602E-15,24.171875));
#2596=CARTESIAN_POINT('',(4.00008234670659,-0.912992692659016,24.1272321428571));
#2597=CARTESIAN_POINT('',(3.60394966342869,-1.73557068536719,24.0825892857143));
#2598=CARTESIAN_POINT('',(3.20781698015079,-2.55814867807537,24.0379464285714));
#2599=CARTESIAN_POINT('',(2.49401054976671,-3.12739031111981,23.9933035714286));
#2600=CARTESIAN_POINT('',(1.78020411938264,-3.69663194416425,23.9486607142857));
#2601=CARTESIAN_POINT('',(0.890102059691318,-3.89979193083003,23.9040178571429));
#2602=CARTESIAN_POINT('',(1.75863342648586E-15,-4.1029519174958,23.859375));
#2603=CARTESIAN_POINT('',(-0.890102059691315,-3.89979193083003,23.8147321428571));
#2604=CARTESIAN_POINT('',(-1.78020411938263,-3.69663194416425,23.7700892857143));
#2605=CARTESIAN_POINT('',(-2.49401054976671,-3.12739031111981,23.7254464285714));
#2606=CARTESIAN_POINT('',(-3.20781698015079,-2.55814867807537,23.6808035714286));
#2607=CARTESIAN_POINT('',(-3.60394966342869,-1.73557068536719,23.6361607142857));
#2608=CARTESIAN_POINT('',(-4.00008234670659,-0.912992692659019,23.5915178571429));
#2609=CARTESIAN_POINT('',(-4.00008234670659,-1.95947521688802E-15,23.546875));
#2610=CARTESIAN_POINT('',(-4.00008234670659,0.912992692659015,23.5022321428571));
#2611=CARTESIAN_POINT('',(-3.60394966342869,1.73557068536719,23.4575892857143));
#2612=CARTESIAN_POINT('',(-3.20781698015079,2.55814867807537,23.4129464285714));
#2613=CARTESIAN_POINT('',(-2.49401054976671,3.12739031111981,23.3683035714286));
#2614=CARTESIAN_POINT('',(-1.78020411938264,3.69663194416425,23.3236607142857));
#2615=CARTESIAN_POINT('',(-0.890102059691319,3.89979193083003,23.2790178571429));
#2616=CARTESIAN_POINT('',(-2.26110011976753E-15,4.1029519174958,23.234375));
#2617=CARTESIAN_POINT('',(0.890102059691315,3.89979193083003,23.1897321428571));
#2618=CARTESIAN_POINT('',(1.78020411938263,3.69663194416425,23.1450892857143));
#2619=CARTESIAN_POINT('',(2.49401054976671,3.12739031111981,23.1004464285714));
#2620=CARTESIAN_POINT('',(3.20781698015079,2.55814867807537,23.0558035714286));
#2621=CARTESIAN_POINT('',(3.60394966342869,1.7355706853672,23.0111607142857));
#2622=CARTESIAN_POINT('',(4.00008234670659,0.91299269265902,22.9665178571429));
#2623=CARTESIAN_POINT('',(4.00008234670659,2.44934402111003E-15,22.921875));
#2624=CARTESIAN_POINT('',(4.00008234670659,-0.912992692659015,22.8772321428571));
#2625=CARTESIAN_POINT('',(3.60394966342869,-1.73557068536719,22.8325892857143));
#2626=CARTESIAN_POINT('',(3.2078169801508,-2.55814867807536,22.7879464285714));
#2627=CARTESIAN_POINT('',(2.49401054976671,-3.12739031111981,22.7433035714286));
#2628=CARTESIAN_POINT('',(1.78020411938263,-3.69663194416425,22.6986607142857));
#2629=CARTESIAN_POINT('',(0.890102059691319,-3.89979193083003,22.6540178571429));
#2630=CARTESIAN_POINT('',(1.00518735134232E-14,-4.1029519174958,22.609375));
#2631=CARTESIAN_POINT('',(-0.890102059691314,-3.89979193083003,22.5647321428571));
#2632=CARTESIAN_POINT('',(-1.78020411938264,-3.69663194416425,22.5200892857143));
#2633=CARTESIAN_POINT('',(-2.49401054976671,-3.12739031111981,22.4754464285714));
#2634=CARTESIAN_POINT('',(-3.20781698015078,-2.55814867807538,22.4308035714286));
#2635=CARTESIAN_POINT('',(-3.60394966342869,-1.7355706853672,22.3861607142857));
#2636=CARTESIAN_POINT('',(-4.00008234670659,-0.912992692659013,22.3415178571429));
#2637=CARTESIAN_POINT('',(-4.00008234670659,-2.93921282533204E-15,22.296875));
#2638=CARTESIAN_POINT('',(-4.00008234670659,0.912992692659007,22.2522321428571));
#2639=CARTESIAN_POINT('',(-3.60394966342869,1.73557068536719,22.2075892857143));
#2640=CARTESIAN_POINT('',(-3.20781698015079,2.55814867807537,22.1629464285714));
#2641=CARTESIAN_POINT('',(-2.49401054976671,3.12739031111981,22.1183035714286));
#2642=CARTESIAN_POINT('',(-1.78020411938264,3.69663194416425,22.0736607142857));
#2643=CARTESIAN_POINT('',(-0.89010205969132,3.89979193083003,22.0290178571429));
#2644=CARTESIAN_POINT('',(4.02227319404317E-15,4.1029519174958,21.984375));
#2645=CARTESIAN_POINT('',(0.890102059691314,3.89979193083003,21.9397321428571));
#2646=CARTESIAN_POINT('',(1.78020411938262,3.69663194416426,21.8950892857143));
#2647=CARTESIAN_POINT('',(2.49401054976671,3.12739031111981,21.8504464285714));
#2648=CARTESIAN_POINT('',(3.20781698015079,2.55814867807537,21.8058035714286));
#2649=CARTESIAN_POINT('',(3.60394966342869,1.7355706853672,21.7611607142857));
#2650=CARTESIAN_POINT('',(4.00008234670659,0.912992692659028,21.7165178571429));
#2651=CARTESIAN_POINT('',(4.00008234670659,3.42908162955404E-15,21.671875));
#2652=CARTESIAN_POINT('',(4.00008234670659,-0.912992692659021,21.6272321428571));
#2653=CARTESIAN_POINT('',(3.60394966342869,-1.73557068536719,21.5825892857143));
#2654=CARTESIAN_POINT('',(3.2078169801508,-2.55814867807536,21.5379464285714));
#2655=CARTESIAN_POINT('',(2.49401054976671,-3.12739031111981,21.4933035714286));
#2656=CARTESIAN_POINT('',(1.78020411938263,-3.69663194416425,21.4486607142857));
#2657=CARTESIAN_POINT('',(0.89010205969132,-3.89979193083003,21.4040178571429));
#2658=CARTESIAN_POINT('',(1.10568068999866E-14,-4.1029519174958,21.359375));
#2659=CARTESIAN_POINT('',(-0.890102059691313,-3.89979193083003,21.3147321428571));
#2660=CARTESIAN_POINT('',(-1.78020411938264,-3.69663194416425,21.2700892857143));
#2661=CARTESIAN_POINT('',(-2.49401054976671,-3.12739031111981,21.2254464285714));
#2662=CARTESIAN_POINT('',(-3.20781698015078,-2.55814867807538,21.1808035714286));
#2663=CARTESIAN_POINT('',(-3.60394966342869,-1.7355706853672,21.1361607142857));
#2664=CARTESIAN_POINT('',(-4.00008234670659,-0.912992692659014,21.0915178571429));
#2665=CARTESIAN_POINT('',(-4.00008234670659,-3.91895043377605E-15,21.046875));
#2666=CARTESIAN_POINT('',(-4.00008234670659,0.912992692659006,21.0022321428571));
#2667=CARTESIAN_POINT('',(-3.60394966342869,1.73557068536719,20.9575892857143));
#2668=CARTESIAN_POINT('',(-3.20781698015079,2.55814867807537,20.9129464285714));
#2669=CARTESIAN_POINT('',(-2.49401054976671,3.12739031111981,20.8683035714286));
#2670=CARTESIAN_POINT('',(-1.78020411938264,3.69663194416425,20.8236607142857));
#2671=CARTESIAN_POINT('',(-0.890102059691321,3.89979193083003,20.7790178571429));
#2672=CARTESIAN_POINT('',(3.01733980747982E-15,4.1029519174958,20.734375));
#2673=CARTESIAN_POINT('',(0.890102059691313,3.89979193083003,20.6897321428571));
#2674=CARTESIAN_POINT('',(1.78020411938262,3.69663194416426,20.6450892857143));
#2675=CARTESIAN_POINT('',(2.49401054976671,3.12739031111981,20.6004464285714));
#2676=CARTESIAN_POINT('',(3.20781698015079,2.55814867807537,20.5558035714286));
#2677=CARTESIAN_POINT('',(3.60394966342869,1.7355706853672,20.5111607142857));
#2678=CARTESIAN_POINT('',(4.00008234670659,0.912992692659028,20.4665178571429));
#2679=CARTESIAN_POINT('',(4.00008234670659,4.40881923799806E-15,20.421875));
#2680=CARTESIAN_POINT('',(4.00008234670659,-0.91299269265902,20.3772321428571));
#2681=CARTESIAN_POINT('',(3.60394966342869,-1.73557068536719,20.3325892857143));
#2682=CARTESIAN_POINT('',(3.2078169801508,-2.55814867807536,20.2879464285714));
#2683=CARTESIAN_POINT('',(2.49401054976671,-3.12739031111981,20.2433035714286));
#2684=CARTESIAN_POINT('',(1.78020411938263,-3.69663194416425,20.1986607142857));
#2685=CARTESIAN_POINT('',(0.890102059691321,-3.89979193083003,20.1540178571429));
#2686=CARTESIAN_POINT('',(1.20617402865499E-14,-4.1029519174958,20.109375));
#2687=CARTESIAN_POINT('',(-0.890102059691312,-3.89979193083003,20.0647321428571));
#2688=CARTESIAN_POINT('',(-1.78020411938264,-3.69663194416425,20.0200892857143));
#2689=CARTESIAN_POINT('',(-2.49401054976671,-3.12739031111981,19.9754464285714));
#2690=CARTESIAN_POINT('',(-3.20781698015078,-2.55814867807538,19.9308035714286));
#2691=CARTESIAN_POINT('',(-3.60394966342869,-1.7355706853672,19.8861607142857));
#2692=CARTESIAN_POINT('',(-4.00008234670659,-0.912992692659015,19.8415178571429));
#2693=CARTESIAN_POINT('',(-4.00008234670659,-4.89868804222006E-15,19.796875));
#2694=CARTESIAN_POINT('',(-4.00008234670659,0.912992692659005,19.7522321428571));
#2695=CARTESIAN_POINT('',(-3.60394966342869,1.73557068536719,19.7075892857143));
#2696=CARTESIAN_POINT('',(-3.20781698015079,2.55814867807537,19.6629464285714));
#2697=CARTESIAN_POINT('',(-2.49401054976671,3.12739031111981,19.6183035714286));
#2698=CARTESIAN_POINT('',(-1.78020411938265,3.69663194416425,19.5736607142857));
#2699=CARTESIAN_POINT('',(-0.890102059691336,3.89979193083002,19.5290178571429));
#2700=CARTESIAN_POINT('',(2.01240642091648E-15,4.1029519174958,19.484375));
#2701=CARTESIAN_POINT('',(0.890102059691312,3.89979193083003,19.4397321428571));
#2702=CARTESIAN_POINT('',(1.78020411938262,3.69663194416426,19.3950892857143));
#2703=CARTESIAN_POINT('',(2.49401054976672,3.12739031111981,19.3504464285714));
#2704=CARTESIAN_POINT('',(3.20781698015079,2.55814867807537,19.3058035714286));
#2705=CARTESIAN_POINT('',(3.60394966342869,1.7355706853672,19.2611607142857));
#2706=CARTESIAN_POINT('',(4.00008234670659,0.912992692659029,19.2165178571429));
#2707=CARTESIAN_POINT('',(4.00008234670659,1.9599704115915E-14,19.171875));
#2708=CARTESIAN_POINT('',(4.00008234670659,-0.912992692659019,19.1272321428571));
#2709=CARTESIAN_POINT('',(3.60394966342869,-1.73557068536719,19.0825892857143));
#2710=CARTESIAN_POINT('',(3.2078169801508,-2.55814867807536,19.0379464285714));
#2711=CARTESIAN_POINT('',(2.4940105497667,-3.12739031111982,18.9933035714286));
#2712=CARTESIAN_POINT('',(1.78020411938263,-3.69663194416425,18.9486607142857));
#2713=CARTESIAN_POINT('',(0.890102059691322,-3.89979193083003,18.9040178571429));
#2714=CARTESIAN_POINT('',(1.30666736731133E-14,-4.1029519174958,18.859375));
#2715=CARTESIAN_POINT('',(-0.890102059691297,-3.89979193083003,18.8147321428571));
#2716=CARTESIAN_POINT('',(-1.78020411938264,-3.69663194416425,18.7700892857143));
#2717=CARTESIAN_POINT('',(-2.49401054976671,-3.12739031111981,18.7254464285714));
#2718=CARTESIAN_POINT('',(-3.20781698015078,-2.55814867807538,18.6808035714286));
#2719=CARTESIAN_POINT('',(-3.60394966342869,-1.73557068536719,18.6361607142857));
#2720=CARTESIAN_POINT('',(-4.00008234670659,-0.912992692659016,18.5915178571429));
#2721=CARTESIAN_POINT('',(-4.00008234670659,-5.87842565066407E-15,18.546875));
#2722=CARTESIAN_POINT('',(-4.00008234670659,0.912992692659004,18.5022321428571));
#2723=CARTESIAN_POINT('',(-3.6039496634287,1.73557068536717,18.4575892857143));
#2724=CARTESIAN_POINT('',(-3.20781698015079,2.55814867807537,18.4129464285714));
#2725=CARTESIAN_POINT('',(-2.49401054976672,3.12739031111981,18.3683035714286));
#2726=CARTESIAN_POINT('',(-1.78020411938265,3.69663194416425,18.3236607142857));
#2727=CARTESIAN_POINT('',(-0.890102059691309,3.89979193083003,18.2790178571429));
#2728=CARTESIAN_POINT('',(1.00747303435313E-15,4.1029519174958,18.234375));
#2729=CARTESIAN_POINT('',(0.890102059691311,3.89979193083003,18.1897321428571));
#2730=CARTESIAN_POINT('',(1.78020411938262,3.69663194416426,18.1450892857143));
#2731=CARTESIAN_POINT('',(2.4940105497667,3.12739031111982,18.1004464285714));
#2732=CARTESIAN_POINT('',(3.20781698015079,2.55814867807537,18.0558035714286));
#2733=CARTESIAN_POINT('',(3.60394966342869,1.7355706853672,18.0111607142857));
#2734=CARTESIAN_POINT('',(4.00008234670659,0.91299269265903,17.9665178571429));
#2735=CARTESIAN_POINT('',(4.00008234670659,-7.84285281458684E-15,17.921875));
#2736=CARTESIAN_POINT('',(4.00008234670659,-0.912992692659018,17.8772321428571));
#2737=CARTESIAN_POINT('',(3.60394966342869,-1.73557068536719,17.8325892857143));
#2738=CARTESIAN_POINT('',(3.2078169801508,-2.55814867807536,17.7879464285714));
#2739=CARTESIAN_POINT('',(2.49401054976673,-3.1273903111198,17.7433035714286));
#2740=CARTESIAN_POINT('',(1.78020411938263,-3.69663194416425,17.6986607142857));
#2741=CARTESIAN_POINT('',(0.890102059691323,-3.89979193083003,17.6540178571429));
#2742=CARTESIAN_POINT('',(1.40716070596766E-14,-4.1029519174958,17.609375));
#2743=CARTESIAN_POINT('',(-0.890102059691324,-3.89979193083003,17.5647321428571));
#2744=CARTESIAN_POINT('',(-1.78020411938263,-3.69663194416425,17.5200892857143));
#2745=CARTESIAN_POINT('',(-2.49401054976671,-3.12739031111981,17.4754464285714));
#2746=CARTESIAN_POINT('',(-3.20781698015078,-2.55814867807538,17.4308035714286));
#2747=CARTESIAN_POINT('',(-3.60394966342868,-1.73557068536721,17.3861607142857));
#2748=CARTESIAN_POINT('',(-4.00008234670659,-0.912992692659017,17.3415178571429));
#2749=CARTESIAN_POINT('',(-4.00008234670659,-6.85816325910809E-15,17.296875));
#2750=CARTESIAN_POINT('',(-4.0000823467066,0.912992692659003,17.2522321428571));
#2751=CARTESIAN_POINT('',(-3.60394966342869,1.7355706853672,17.2075892857143));
#2752=CARTESIAN_POINT('',(-3.20781698015079,2.55814867807537,17.1629464285714));
#2753=CARTESIAN_POINT('',(-2.49401054976672,3.12739031111981,17.1183035714286));
#2754=CARTESIAN_POINT('',(-1.78020411938265,3.69663194416425,17.0736607142857));
#2755=CARTESIAN_POINT('',(-0.890102059691337,3.89979193083002,17.0290178571429));
#2756=CARTESIAN_POINT('',(2.53964778978297E-18,4.1029519174958,16.984375));
#2757=CARTESIAN_POINT('',(0.89010205969131,3.89979193083003,16.9397321428571));
#2758=CARTESIAN_POINT('',(1.78020411938262,3.69663194416426,16.8950892857143));
#2759=CARTESIAN_POINT('',(2.49401054976672,3.12739031111981,16.8504464285714));
#2760=CARTESIAN_POINT('',(3.20781698015079,2.55814867807537,16.8058035714286));
#2761=CARTESIAN_POINT('',(3.60394966342869,1.7355706853672,16.7611607142857));
#2762=CARTESIAN_POINT('',(4.00008234670659,0.912992692659031,16.7165178571429));
#2763=CARTESIAN_POINT('',(4.00008234670659,2.1559179332803E-14,16.671875));
#2764=CARTESIAN_POINT('',(4.00008234670659,-0.912992692659017,16.6272321428571));
#2765=CARTESIAN_POINT('',(3.60394966342869,-1.73557068536719,16.5825892857143));
#2766=CARTESIAN_POINT('',(3.2078169801508,-2.55814867807536,16.5379464285714));
#2767=CARTESIAN_POINT('',(2.49401054976671,-3.12739031111981,16.4933035714286));
#2768=CARTESIAN_POINT('',(1.78020411938263,-3.69663194416425,16.4486607142857));
#2769=CARTESIAN_POINT('',(0.890102059691324,-3.89979193083003,16.4040178571429));
#2770=CARTESIAN_POINT('',(1.507654044624E-14,-4.1029519174958,16.359375));
#2771=CARTESIAN_POINT('',(-0.890102059691296,-3.89979193083003,16.3147321428571));
#2772=CARTESIAN_POINT('',(-1.78020411938263,-3.69663194416425,16.2700892857143));
#2773=CARTESIAN_POINT('',(-2.49401054976671,-3.12739031111982,16.2254464285714));
#2774=CARTESIAN_POINT('',(-3.20781698015078,-2.55814867807538,16.1808035714286));
#2775=CARTESIAN_POINT('',(-3.60394966342869,-1.73557068536719,16.1361607142857));
#2776=CARTESIAN_POINT('',(-4.00008234670659,-0.912992692659018,16.0915178571429));
#2777=CARTESIAN_POINT('',(-4.00008234670659,-7.8379008675521E-15,16.046875));
#2778=CARTESIAN_POINT('',(-4.0000823467066,0.912992692659002,16.0022321428571));
#2779=CARTESIAN_POINT('',(-3.6039496634287,1.73557068536717,15.9575892857143));
#2780=CARTESIAN_POINT('',(-3.20781698015079,2.55814867807537,15.9129464285714));
#2781=CARTESIAN_POINT('',(-2.49401054976672,3.12739031111981,15.8683035714286));
#2782=CARTESIAN_POINT('',(-1.78020411938265,3.69663194416425,15.8236607142857));
#2783=CARTESIAN_POINT('',(-0.890102059691311,3.89979193083003,15.7790178571429));
#2784=CARTESIAN_POINT('',(-1.00239373877356E-15,4.1029519174958,15.734375));
#2785=CARTESIAN_POINT('',(0.890102059691309,3.89979193083003,15.6897321428571));
#2786=CARTESIAN_POINT('',(1.78020411938262,3.69663194416426,15.6450892857143));
#2787=CARTESIAN_POINT('',(2.49401054976669,3.12739031111983,15.6004464285714));
#2788=CARTESIAN_POINT('',(3.20781698015079,2.55814867807537,15.5558035714286));
#2789=CARTESIAN_POINT('',(3.60394966342869,1.7355706853672,15.5111607142857));
#2790=CARTESIAN_POINT('',(4.00008234670659,0.912992692659032,15.4665178571429));
#2791=CARTESIAN_POINT('',(4.00008234670659,-5.88337759769881E-15,15.421875));
#2792=CARTESIAN_POINT('',(4.00008234670659,-0.912992692659016,15.3772321428571));
#2793=CARTESIAN_POINT('',(3.60394966342869,-1.73557068536719,15.3325892857143));
#2794=CARTESIAN_POINT('',(3.2078169801508,-2.55814867807536,15.2879464285714));
#2795=CARTESIAN_POINT('',(2.49401054976673,-3.1273903111198,15.2433035714286));
#2796=CARTESIAN_POINT('',(1.78020411938264,-3.69663194416425,15.1986607142857));
#2797=CARTESIAN_POINT('',(0.890102059691325,-3.89979193083003,15.1540178571429));
#2798=CARTESIAN_POINT('',(1.60814738328033E-14,-4.1029519174958,15.109375));
#2799=CARTESIAN_POINT('',(-0.890102059691322,-3.89979193083003,15.0647321428571));
#2800=CARTESIAN_POINT('',(-1.78020411938263,-3.69663194416425,15.0200892857143));
#2801=CARTESIAN_POINT('',(-2.4940105497667,-3.12739031111982,14.9754464285714));
#2802=CARTESIAN_POINT('',(-3.20781698015078,-2.55814867807538,14.9308035714286));
#2803=CARTESIAN_POINT('',(-3.60394966342868,-1.73557068536721,14.8861607142857));
#2804=CARTESIAN_POINT('',(-4.00008234670659,-0.912992692659019,14.8415178571429));
#2805=CARTESIAN_POINT('',(-4.00008234670659,-8.81763847599611E-15,14.796875));
#2806=CARTESIAN_POINT('',(-4.0000823467066,0.912992692659001,14.7522321428571));
#2807=CARTESIAN_POINT('',(-3.60394966342869,1.7355706853672,14.7075892857143));
#2808=CARTESIAN_POINT('',(-3.20781698015079,2.55814867807537,14.6629464285714));
#2809=CARTESIAN_POINT('',(-2.49401054976672,3.12739031111981,14.6183035714286));
#2810=CARTESIAN_POINT('',(-1.78020411938265,3.69663194416425,14.5736607142857));
#2811=CARTESIAN_POINT('',(-0.890102059691339,3.89979193083002,14.5290178571429));
#2812=CARTESIAN_POINT('',(-2.00732712533691E-15,4.1029519174958,14.484375));
#2813=CARTESIAN_POINT('',(0.890102059691308,3.89979193083003,14.4397321428571));
#2814=CARTESIAN_POINT('',(1.78020411938262,3.69663194416426,14.3950892857143));
#2815=CARTESIAN_POINT('',(2.49401054976671,3.12739031111981,14.3504464285714));
#2816=CARTESIAN_POINT('',(3.20781698015079,2.55814867807537,14.3058035714286));
#2817=CARTESIAN_POINT('',(3.60394966342869,1.7355706853672,14.2611607142857));
#2818=CARTESIAN_POINT('',(4.00008234670659,0.912992692659033,14.2165178571429));
#2819=CARTESIAN_POINT('',(4.00008234670659,2.3518654549691E-14,14.171875));
#2820=CARTESIAN_POINT('',(4.00008234670659,-0.912992692659015,14.1272321428571));
#2821=CARTESIAN_POINT('',(3.60394966342869,-1.73557068536718,14.0825892857143));
#2822=CARTESIAN_POINT('',(3.2078169801508,-2.55814867807536,14.0379464285714));
#2823=CARTESIAN_POINT('',(2.49401054976671,-3.12739031111981,13.9933035714286));
#2824=CARTESIAN_POINT('',(1.78020411938264,-3.69663194416425,13.9486607142857));
#2825=CARTESIAN_POINT('',(0.890102059691326,-3.89979193083003,13.9040178571429));
#2826=CARTESIAN_POINT('',(1.70864072193667E-14,-4.1029519174958,13.859375));
#2827=CARTESIAN_POINT('',(-0.890102059691294,-3.89979193083003,13.8147321428571));
#2828=CARTESIAN_POINT('',(-1.78020411938263,-3.69663194416425,13.7700892857143));
#2829=CARTESIAN_POINT('',(-2.4940105497667,-3.12739031111982,13.7254464285714));
#2830=CARTESIAN_POINT('',(-3.20781698015078,-2.55814867807538,13.6808035714286));
#2831=CARTESIAN_POINT('',(-3.60394966342869,-1.73557068536719,13.6361607142857));
#2832=CARTESIAN_POINT('',(-4.00008234670659,-0.91299269265902,13.5915178571429));
#2833=CARTESIAN_POINT('',(-4.00008234670659,-9.79737608444012E-15,13.546875));
#2834=CARTESIAN_POINT('',(-4.0000823467066,0.912992692659,13.5022321428571));
#2835=CARTESIAN_POINT('',(-3.6039496634287,1.73557068536717,13.4575892857143));
#2836=CARTESIAN_POINT('',(-3.20781698015079,2.55814867807537,13.4129464285714));
#2837=CARTESIAN_POINT('',(-2.49401054976672,3.1273903111198,13.3683035714286));
#2838=CARTESIAN_POINT('',(-1.78020411938265,3.69663194416425,13.3236607142857));
#2839=CARTESIAN_POINT('',(-0.890102059691313,3.89979193083003,13.2790178571429));
#2840=CARTESIAN_POINT('',(-3.21654873133964E-14,4.1029519174958,13.234375));
#2841=CARTESIAN_POINT('',(0.890102059691307,3.89979193083003,13.1897321428571));
#2842=CARTESIAN_POINT('',(1.78020411938264,3.69663194416425,13.1450892857143));
#2843=CARTESIAN_POINT('',(2.49401054976669,3.12739031111983,13.1004464285714));
#2844=CARTESIAN_POINT('',(3.20781698015079,2.55814867807537,13.0558035714286));
#2845=CARTESIAN_POINT('',(3.60394966342867,1.73557068536723,13.0111607142857));
#2846=CARTESIAN_POINT('',(4.00008234670659,0.912992692659034,12.9665178571429));
#2847=CARTESIAN_POINT('',(4.00008234670659,-3.92390238081079E-15,12.921875));
#2848=CARTESIAN_POINT('',(4.0000823467066,-0.912992692658985,12.8772321428571));
#2849=CARTESIAN_POINT('',(3.6039496634287,-1.73557068536718,12.8325892857143));
#2850=CARTESIAN_POINT('',(3.20781698015078,-2.55814867807538,12.7879464285714));
#2851=CARTESIAN_POINT('',(2.49401054976673,-3.12739031111979,12.7433035714286));
#2852=CARTESIAN_POINT('',(1.78020411938264,-3.69663194416425,12.6986607142857));
#2853=CARTESIAN_POINT('',(0.890102059691299,-3.89979193083003,12.6540178571429));
#2854=CARTESIAN_POINT('',(1.809134060593E-14,-4.1029519174958,12.609375));
#2855=CARTESIAN_POINT('',(-0.89010205969132,-3.89979193083003,12.5647321428571));
#2856=CARTESIAN_POINT('',(-1.7802041193826,-3.69663194416427,12.5200892857143));
#2857=CARTESIAN_POINT('',(-2.4940105497667,-3.12739031111982,12.4754464285714));
#2858=CARTESIAN_POINT('',(-3.2078169801508,-2.55814867807536,12.4308035714286));
#2859=CARTESIAN_POINT('',(-3.60394966342868,-1.73557068536722,12.3861607142857));
#2860=CARTESIAN_POINT('',(-4.00008234670659,-0.912992692659021,12.3415178571429));
#2861=CARTESIAN_POINT('',(-4.00008234670659,-3.919940823183E-14,12.296875));
#2862=CARTESIAN_POINT('',(-4.0000823467066,0.912992692658999,12.2522321428571));
#2863=CARTESIAN_POINT('',(-3.60394966342869,1.7355706853672,12.2075892857143));
#2864=CARTESIAN_POINT('',(-3.20781698015081,2.55814867807534,12.1629464285714));
#2865=CARTESIAN_POINT('',(-2.49401054976672,3.1273903111198,12.1183035714286));
#2866=CARTESIAN_POINT('',(-1.78020411938262,3.69663194416426,12.0736607142857));
#2867=CARTESIAN_POINT('',(-0.890102059691341,3.89979193083002,12.0290178571429));
#2868=CARTESIAN_POINT('',(-4.0171938984636E-15,4.1029519174958,11.984375));
#2869=CARTESIAN_POINT('',(0.890102059691334,3.89979193083002,11.9397321428571));
#2870=CARTESIAN_POINT('',(1.78020411938262,3.69663194416426,11.8950892857143));
#2871=CARTESIAN_POINT('',(2.49401054976671,3.12739031111981,11.8504464285714));
#2872=CARTESIAN_POINT('',(3.20781698015077,2.5581486780754,11.8058035714286));
#2873=CARTESIAN_POINT('',(3.60394966342869,1.7355706853672,11.7611607142857));
#2874=CARTESIAN_POINT('',(4.00008234670659,0.912992692659007,11.7165178571429));
#2875=CARTESIAN_POINT('',(4.00008234670659,2.54781297665791E-14,11.671875));
#2876=CARTESIAN_POINT('',(4.00008234670659,-0.912992692659013,11.6272321428571));
#2877=CARTESIAN_POINT('',(3.60394966342871,-1.73557068536716,11.5825892857143));
#2878=CARTESIAN_POINT('',(3.2078169801508,-2.55814867807535,11.5379464285714));
#2879=CARTESIAN_POINT('',(2.49401054976671,-3.12739031111981,11.4933035714286));
#2880=CARTESIAN_POINT('',(1.78020411938266,-3.69663194416424,11.4486607142857));
#2881=CARTESIAN_POINT('',(0.890102059691328,-3.89979193083003,11.4040178571429));
#2882=CARTESIAN_POINT('',(-1.00569528090028E-14,-4.1029519174958,11.359375));
#2883=CARTESIAN_POINT('',(-0.890102059691292,-3.89979193083003,11.3147321428571));
#2884=CARTESIAN_POINT('',(-1.78020411938263,-3.69663194416425,11.2700892857143));
#2885=CARTESIAN_POINT('',(-2.49401054976672,-3.1273903111198,11.2254464285714));
#2886=CARTESIAN_POINT('',(-3.20781698015078,-2.55814867807538,11.1808035714286));
#2887=CARTESIAN_POINT('',(-3.60394966342869,-1.73557068536719,11.1361607142857));
#2888=CARTESIAN_POINT('',(-4.00008234670659,-0.91299269265905,11.0915178571429));
#2889=CARTESIAN_POINT('',(-4.00008234670659,-1.17568513013281E-14,11.046875));
#2890=CARTESIAN_POINT('',(-4.00008234670659,0.912992692659026,11.0022321428571));
#2891=CARTESIAN_POINT('',(-3.6039496634287,1.73557068536717,10.9575892857143));
#2892=CARTESIAN_POINT('',(-3.20781698015079,2.55814867807536,10.9129464285714));
#2893=CARTESIAN_POINT('',(-2.49401054976674,3.12739031111979,10.8683035714286));
#2894=CARTESIAN_POINT('',(-1.78020411938265,3.69663194416424,10.8236607142857));
#2895=CARTESIAN_POINT('',(-0.890102059691315,3.89979193083003,10.7790178571429));
#2896=CARTESIAN_POINT('',(-3.41753540865231E-14,4.1029519174958,10.734375));
#2897=CARTESIAN_POINT('',(0.890102059691305,3.89979193083003,10.6897321428571));
#2898=CARTESIAN_POINT('',(1.78020411938264,3.69663194416425,10.6450892857143));
#2899=CARTESIAN_POINT('',(2.49401054976669,3.12739031111983,10.6004464285714));
#2900=CARTESIAN_POINT('',(3.20781698015079,2.55814867807537,10.5558035714286));
#2901=CARTESIAN_POINT('',(3.6039496634287,1.73557068536718,10.5111607142857));
#2902=CARTESIAN_POINT('',(4.00008234670659,0.912992692659036,10.4665178571429));
#2903=CARTESIAN_POINT('',(4.00008234670659,-1.96442716392277E-15,10.421875));
#2904=CARTESIAN_POINT('',(4.0000823467066,-0.912992692658983,10.3772321428571));
#2905=CARTESIAN_POINT('',(3.6039496634287,-1.73557068536718,10.3325892857143));
#2906=CARTESIAN_POINT('',(3.20781698015078,-2.55814867807538,10.2879464285714));
#2907=CARTESIAN_POINT('',(2.49401054976673,-3.12739031111979,10.2433035714286));
#2908=CARTESIAN_POINT('',(1.78020411938264,-3.69663194416425,10.1986607142857));
#2909=CARTESIAN_POINT('',(0.890102059691357,-3.89979193083002,10.1540178571429));
#2910=CARTESIAN_POINT('',(2.01012073790567E-14,-4.1029519174958,10.109375));
#2911=CARTESIAN_POINT('',(-0.890102059691318,-3.89979193083003,10.0647321428571));
#2912=CARTESIAN_POINT('',(-1.7802041193826,-3.69663194416427,10.0200892857143));
#2913=CARTESIAN_POINT('',(-2.4940105497667,-3.12739031111982,9.97544642857143));
#2914=CARTESIAN_POINT('',(-3.20781698015079,-2.55814867807536,9.93080357142858));
#2915=CARTESIAN_POINT('',(-3.60394966342868,-1.73557068536722,9.88616071428572));
#2916=CARTESIAN_POINT('',(-4.00008234670659,-0.912992692659023,9.84151785714286));
#2917=CARTESIAN_POINT('',(-4.00008234670659,1.56857056291737E-14,9.796875));
#2918=CARTESIAN_POINT('',(-4.0000823467066,0.912992692658997,9.75223214285715));
#2919=CARTESIAN_POINT('',(-3.60394966342869,1.73557068536719,9.70758928571429));
#2920=CARTESIAN_POINT('',(-3.20781698015081,2.55814867807534,9.66294642857143));
#2921=CARTESIAN_POINT('',(-2.49401054976672,3.1273903111198,9.61830357142858));
#2922=CARTESIAN_POINT('',(-1.78020411938263,3.69663194416426,9.57366071428572));
#2923=CARTESIAN_POINT('',(-0.890102059691343,3.89979193083002,9.52901785714286));
#2924=CARTESIAN_POINT('',(-6.02706067159029E-15,4.1029519174958,9.484375));
#2925=CARTESIAN_POINT('',(0.890102059691277,3.89979193083004,9.43973214285715));
#2926=CARTESIAN_POINT('',(1.78020411938262,3.69663194416426,9.39508928571429));
#2927=CARTESIAN_POINT('',(2.49401054976671,3.12739031111981,9.35044642857143));
#2928=CARTESIAN_POINT('',(3.20781698015077,2.5581486780754,9.30580357142858));
#2929=CARTESIAN_POINT('',(3.60394966342868,1.7355706853672,9.26116071428572));
#2930=CARTESIAN_POINT('',(4.00008234670659,0.912992692659009,9.21651785714286));
#2931=CARTESIAN_POINT('',(4.00008234670659,2.74376049834671E-14,9.171875));
#2932=CARTESIAN_POINT('',(4.00008234670659,-0.912992692659011,9.12723214285715));
#2933=CARTESIAN_POINT('',(3.60394966342868,-1.73557068536721,9.08258928571429));
#2934=CARTESIAN_POINT('',(3.2078169801508,-2.55814867807535,9.03794642857143));
#2935=CARTESIAN_POINT('',(2.49401054976671,-3.12739031111981,8.99330357142858));
#2936=CARTESIAN_POINT('',(1.78020411938267,-3.69663194416424,8.94866071428572));
#2937=CARTESIAN_POINT('',(0.89010205969133,-3.89979193083002,8.90401785714286));
#2938=CARTESIAN_POINT('',(-8.04708603587612E-15,-4.1029519174958,8.859375));
#2939=CARTESIAN_POINT('',(-0.89010205969129,-3.89979193083003,8.81473214285715));
#2940=CARTESIAN_POINT('',(-1.78020411938263,-3.69663194416426,8.77008928571429));
#2941=CARTESIAN_POINT('',(-2.49401054976668,-3.12739031111984,8.72544642857143));
#2942=CARTESIAN_POINT('',(-3.20781698015078,-2.55814867807539,8.68080357142857));
#2943=CARTESIAN_POINT('',(-3.60394966342869,-1.73557068536719,8.63616071428572));
#2944=CARTESIAN_POINT('',(-4.00008234670659,-0.912992692659052,8.59151785714286));
#2945=CARTESIAN_POINT('',(-4.00008234670659,-1.37163265182162E-14,8.546875));
#2946=CARTESIAN_POINT('',(-4.00008234670659,0.912992692659025,8.50223214285715));
#2947=CARTESIAN_POINT('',(-3.6039496634287,1.73557068536717,8.45758928571429));
#2948=CARTESIAN_POINT('',(-3.20781698015079,2.55814867807536,8.41294642857143));
#2949=CARTESIAN_POINT('',(-2.4940105497667,3.12739031111982,8.36830357142857));
#2950=CARTESIAN_POINT('',(-1.78020411938265,3.69663194416424,8.32366071428572));
#2951=CARTESIAN_POINT('',(-0.890102059691317,3.89979193083003,8.27901785714286));
#2952=CARTESIAN_POINT('',(-3.61852208596498E-14,4.1029519174958,8.23437500000001));
#2953=CARTESIAN_POINT('',(0.890102059691303,3.89979193083003,8.18973214285715));
#2954=CARTESIAN_POINT('',(1.78020411938264,3.69663194416425,8.14508928571429));
#2955=CARTESIAN_POINT('',(2.49401054976669,3.12739031111983,8.10044642857143));
#2956=CARTESIAN_POINT('',(3.20781698015078,2.55814867807537,8.05580357142857));
#2957=CARTESIAN_POINT('',(3.60394966342867,1.73557068536723,8.01116071428572));
#2958=CARTESIAN_POINT('',(4.00008234670659,0.912992692659038,7.96651785714286));
#2959=CARTESIAN_POINT('',(4.00008234670659,-4.9519470347406E-18,7.92187500000001));
#2960=CARTESIAN_POINT('',(4.0000823467066,-0.912992692658981,7.87723214285715));
#2961=CARTESIAN_POINT('',(3.6039496634287,-1.73557068536718,7.83258928571429));
#2962=CARTESIAN_POINT('',(3.20781698015078,-2.55814867807537,7.78794642857143));
#2963=CARTESIAN_POINT('',(2.49401054976673,-3.12739031111979,7.74330357142857));
#2964=CARTESIAN_POINT('',(1.78020411938264,-3.69663194416425,7.69866071428572));
#2965=CARTESIAN_POINT('',(0.890102059691303,-3.89979193083003,7.65401785714286));
#2966=CARTESIAN_POINT('',(2.21110741521834E-14,-4.1029519174958,7.60937500000001));
#2967=CARTESIAN_POINT('',(-0.890102059691317,-3.89979193083003,7.56473214285715));
#2968=CARTESIAN_POINT('',(-1.7802041193826,-3.69663194416427,7.52008928571429));
#2969=CARTESIAN_POINT('',(-2.4940105497667,-3.12739031111982,7.47544642857143));
#2970=CARTESIAN_POINT('',(-3.20781698015079,-2.55814867807536,7.43080357142857));
#2971=CARTESIAN_POINT('',(-3.60394966342868,-1.73557068536722,7.38616071428572));
#2972=CARTESIAN_POINT('',(-4.00008234670659,-0.912992692659025,7.34151785714286));
#2973=CARTESIAN_POINT('',(-4.00008234670659,-4.3118358665606E-14,7.296875));
#2974=CARTESIAN_POINT('',(-4.0000823467066,0.912992692658995,7.25223214285715));
#2975=CARTESIAN_POINT('',(-3.60394966342869,1.73557068536719,7.20758928571429));
#2976=CARTESIAN_POINT('',(-3.20781698015081,2.55814867807534,7.16294642857143));
#2977=CARTESIAN_POINT('',(-2.49401054976672,3.1273903111198,7.11830357142857));
#2978=CARTESIAN_POINT('',(-1.78020411938263,3.69663194416426,7.07366071428572));
#2979=CARTESIAN_POINT('',(-0.890102059691345,3.89979193083002,7.02901785714286));
#2980=CARTESIAN_POINT('',(-8.03692744471698E-15,4.1029519174958,6.984375));
#2981=CARTESIAN_POINT('',(0.89010205969133,3.89979193083002,6.93973214285715));
#2982=CARTESIAN_POINT('',(1.78020411938261,3.69663194416426,6.89508928571429));
#2983=CARTESIAN_POINT('',(2.49401054976671,3.12739031111981,6.85044642857143));
#2984=CARTESIAN_POINT('',(3.20781698015077,2.5581486780754,6.80580357142858));
#2985=CARTESIAN_POINT('',(3.60394966342868,1.73557068536721,6.76116071428572));
#2986=CARTESIAN_POINT('',(4.00008234670659,0.912992692659011,6.71651785714286));
#2987=CARTESIAN_POINT('',(4.00008234670659,2.93970802003551E-14,6.671875));
#2988=CARTESIAN_POINT('',(4.00008234670659,-0.912992692659009,6.62723214285715));
#2989=CARTESIAN_POINT('',(3.60394966342871,-1.73557068536715,6.58258928571429));
#2990=CARTESIAN_POINT('',(3.2078169801508,-2.55814867807535,6.53794642857143));
#2991=CARTESIAN_POINT('',(2.49401054976671,-3.12739031111981,6.49330357142858));
#2992=CARTESIAN_POINT('',(1.78020411938267,-3.69663194416424,6.44866071428572));
#2993=CARTESIAN_POINT('',(0.890102059691332,-3.89979193083002,6.40401785714286));
#2994=CARTESIAN_POINT('',(-6.03721926274942E-15,-4.1029519174958,6.359375));
#2995=CARTESIAN_POINT('',(-0.890102059691288,-3.89979193083003,6.31473214285715));
#2996=CARTESIAN_POINT('',(-1.78020411938263,-3.69663194416426,6.27008928571429));
#2997=CARTESIAN_POINT('',(-2.49401054976672,-3.1273903111198,6.22544642857143));
#2998=CARTESIAN_POINT('',(-3.20781698015077,-2.55814867807539,6.18080357142858));
#2999=CARTESIAN_POINT('',(-3.60394966342869,-1.73557068536719,6.13616071428572));
#3000=CARTESIAN_POINT('',(-4.00008234670658,-0.912992692659054,6.09151785714286));
#3001=CARTESIAN_POINT('',(-4.00008234670659,-1.56758017351042E-14,6.046875));
#3002=CARTESIAN_POINT('',(0.,0.,28.));
#3003=CARTESIAN_POINT('',(0.,0.,25.5));
#3004=CARTESIAN_POINT('',(0.,0.,25.5));
#3005=CARTESIAN_POINT('',(0.,0.,25.5));
#3006=CARTESIAN_POINT('',(6.,0.,25.5));
#3007=CARTESIAN_POINT('',(0.,0.,-6.33424671138535));
#3008=CARTESIAN_POINT('',(0.,0.,0.500000000000002));
#3009=CARTESIAN_POINT('',(0.,0.,0.500000000000002));
#3010=CARTESIAN_POINT('',(4.,0.,0.500000000000002));
#3011=CARTESIAN_POINT('',(0.,0.,5.5));
#3012=MECHANICAL_DESIGN_GEOMETRIC_PRESENTATION_REPRESENTATION('',(#145),
#3013);
#3013=(
GEOMETRIC_REPRESENTATION_CONTEXT(3)
GLOBAL_UNCERTAINTY_ASSIGNED_CONTEXT((#3014))
GLOBAL_UNIT_ASSIGNED_CONTEXT((#3017,#3016,#3015))
REPRESENTATION_CONTEXT('17_FDML_stimfix_Badal_screw_8mm_end_cap',
'TOP_LEVEL_ASSEMBLY_PART')
);
#3014=UNCERTAINTY_MEASURE_WITH_UNIT(LENGTH_MEASURE(0.005),#3017,
'DISTANCE_ACCURACY_VALUE','Maximum Tolerance applied to model');
#3015=(
NAMED_UNIT(*)
SI_UNIT($,.STERADIAN.)
SOLID_ANGLE_UNIT()
);
#3016=(
NAMED_UNIT(*)
PLANE_ANGLE_UNIT()
SI_UNIT($,.RADIAN.)
);
#3017=(
LENGTH_UNIT()
NAMED_UNIT(*)
SI_UNIT(.MILLI.,.METRE.)
);
#3018=PRODUCT_DEFINITION_SHAPE('','',#3019);
#3019=PRODUCT_DEFINITION('','',#3021,#3020);
#3020=PRODUCT_DEFINITION_CONTEXT('',#3027,'design');
#3021=PRODUCT_DEFINITION_FORMATION_WITH_SPECIFIED_SOURCE('','',#3023,
 .NOT_KNOWN.);
#3022=PRODUCT_RELATED_PRODUCT_CATEGORY('','',(#3023));
#3023=PRODUCT('17_FDML_stimfix_Badal_screw_8mm_end_cap',
'17_FDML_stimfix_Badal_screw_8mm_end_cap',
'17_FDML_stimfix_Badal_screw_8mm_end_cap',(#3025));
#3024=PRODUCT_CATEGORY('','');
#3025=PRODUCT_CONTEXT('',#3027,'mechanical');
#3026=APPLICATION_PROTOCOL_DEFINITION('international standard',
'automotive_design',2010,#3027);
#3027=APPLICATION_CONTEXT(
'core data for automotive mechanical design processes');
ENDSEC;
END-ISO-10303-21;
