ISO-10303-21;
HEADER;
/* Generated by software containing ST-Developer
 * from STEP Tools, Inc. (www.steptools.com) 
 */
/* OPTION: strings as raw bytes, not using required /X/ escapes */

FILE_DESCRIPTION(
/* description */ ('Unknown'),
/* implementation_level */ '2;1');

FILE_NAME(
/* name */ '18_FDML_stimfix_Badal_screw_8mm_front_cap',
/* time_stamp */ '2026-09-07T15:01:41+02:00',
/* author */ ('Unknown'),
/* organization */ ('Unknown'),
/* preprocessor_version */ 'ST-DEVELOPER v16.7',
/* originating_system */ 'Solid Edge',
/* authorisation */ 'Unknown');

FILE_SCHEMA (('AUTOMOTIVE_DESIGN {1 0 10303 214 3 1 1}'));
ENDSEC;

DATA;
#10=PROPERTY_DEFINITION_REPRESENTATION(#14,#12);
#11=PROPERTY_DEFINITION_REPRESENTATION(#15,#13);
#12=REPRESENTATION('',(#16),#7189);
#13=REPRESENTATION('',(#17),#7189);
#14=PROPERTY_DEFINITION('pmi validation property','',#7194);
#15=PROPERTY_DEFINITION('pmi validation property','',#7194);
#16=VALUE_REPRESENTATION_ITEM('number of annotations',COUNT_MEASURE(0.));
#17=VALUE_REPRESENTATION_ITEM('number of views',COUNT_MEASURE(0.));
#18=SHAPE_REPRESENTATION_RELATIONSHIP('','',#206,#19);
#19=ADVANCED_BREP_SHAPE_REPRESENTATION('',(#204),#7189);
#20=(
BOUNDED_SURFACE()
B_SPLINE_SURFACE(1,2,((#5182,#5183,#5184,#5185,#5186,#5187,#5188,#5189,
#5190,#5191,#5192,#5193,#5194,#5195,#5196,#5197,#5198,#5199,#5200,#5201,
#5202,#5203,#5204,#5205,#5206,#5207,#5208,#5209,#5210,#5211,#5212,#5213,
#5214,#5215,#5216,#5217,#5218,#5219,#5220,#5221,#5222,#5223,#5224,#5225,
#5226,#5227,#5228,#5229,#5230,#5231,#5232,#5233,#5234,#5235,#5236,#5237,
#5238,#5239,#5240,#5241,#5242,#5243,#5244,#5245,#5246,#5247,#5248,#5249,
#5250,#5251,#5252,#5253,#5254,#5255,#5256,#5257,#5258,#5259,#5260,#5261,
#5262,#5263,#5264,#5265,#5266,#5267,#5268,#5269,#5270,#5271,#5272,#5273,
#5274,#5275,#5276,#5277,#5278,#5279,#5280,#5281,#5282,#5283,#5284,#5285,
#5286,#5287,#5288,#5289,#5290,#5291,#5292,#5293,#5294,#5295,#5296,#5297,
#5298,#5299,#5300,#5301,#5302,#5303,#5304,#5305,#5306,#5307,#5308,#5309,
#5310,#5311,#5312,#5313,#5314,#5315,#5316,#5317,#5318,#5319,#5320,#5321,
#5322,#5323,#5324,#5325,#5326,#5327,#5328,#5329,#5330,#5331,#5332,#5333,
#5334,#5335,#5336,#5337,#5338,#5339,#5340,#5341,#5342,#5343,#5344,#5345,
#5346,#5347,#5348,#5349,#5350,#5351,#5352,#5353,#5354,#5355,#5356,#5357,
#5358,#5359,#5360,#5361,#5362,#5363,#5364,#5365,#5366,#5367,#5368,#5369,
#5370,#5371,#5372,#5373,#5374,#5375,#5376,#5377,#5378,#5379,#5380,#5381,
#5382,#5383,#5384,#5385,#5386,#5387,#5388,#5389,#5390,#5391,#5392,#5393,
#5394,#5395,#5396,#5397,#5398,#5399,#5400,#5401,#5402,#5403,#5404,#5405,
#5406,#5407,#5408,#5409,#5410,#5411,#5412,#5413,#5414,#5415,#5416,#5417,
#5418,#5419,#5420,#5421,#5422,#5423,#5424,#5425,#5426,#5427,#5428,#5429,
#5430,#5431,#5432,#5433,#5434,#5435,#5436,#5437,#5438,#5439,#5440,#5441,
#5442,#5443,#5444,#5445,#5446,#5447,#5448,#5449,#5450,#5451,#5452,#5453,
#5454,#5455,#5456,#5457,#5458,#5459,#5460,#5461,#5462,#5463,#5464,#5465,
#5466,#5467,#5468,#5469,#5470,#5471,#5472,#5473,#5474,#5475,#5476,#5477,
#5478,#5479,#5480,#5481,#5482,#5483,#5484,#5485,#5486,#5487,#5488,#5489,
#5490,#5491,#5492,#5493,#5494,#5495,#5496,#5497,#5498,#5499,#5500,#5501,
#5502,#5503,#5504,#5505,#5506,#5507,#5508,#5509,#5510,#5511,#5512,#5513,
#5514,#5515,#5516,#5517,#5518,#5519,#5520,#5521,#5522,#5523,#5524,#5525,
#5526,#5527,#5528,#5529,#5530,#5531,#5532,#5533,#5534,#5535,#5536,#5537,
#5538,#5539,#5540,#5541,#5542,#5543,#5544,#5545,#5546,#5547,#5548,#5549,
#5550,#5551,#5552,#5553,#5554,#5555,#5556,#5557,#5558,#5559,#5560,#5561,
#5562,#5563,#5564,#5565,#5566,#5567,#5568,#5569,#5570,#5571,#5572,#5573,
#5574,#5575,#5576,#5577,#5578,#5579,#5580,#5581,#5582,#5583,#5584,#5585,
#5586,#5587,#5588,#5589,#5590,#5591,#5592,#5593,#5594,#5595,#5596,#5597,
#5598,#5599,#5600,#5601,#5602,#5603,#5604,#5605,#5606,#5607,#5608,#5609,
#5610,#5611,#5612,#5613,#5614,#5615,#5616,#5617,#5618,#5619,#5620,#5621,
#5622,#5623,#5624,#5625,#5626,#5627,#5628,#5629,#5630,#5631,#5632,#5633,
#5634,#5635,#5636,#5637,#5638,#5639,#5640,#5641,#5642,#5643,#5644,#5645,
#5646,#5647,#5648,#5649,#5650,#5651,#5652,#5653,#5654,#5655,#5656,#5657,
#5658,#5659,#5660,#5661,#5662,#5663,#5664,#5665,#5666,#5667,#5668,#5669,
#5670,#5671,#5672,#5673,#5674,#5675,#5676),(#5677,#5678,#5679,#5680,#5681,
#5682,#5683,#5684,#5685,#5686,#5687,#5688,#5689,#5690,#5691,#5692,#5693,
#5694,#5695,#5696,#5697,#5698,#5699,#5700,#5701,#5702,#5703,#5704,#5705,
#5706,#5707,#5708,#5709,#5710,#5711,#5712,#5713,#5714,#5715,#5716,#5717,
#5718,#5719,#5720,#5721,#5722,#5723,#5724,#5725,#5726,#5727,#5728,#5729,
#5730,#5731,#5732,#5733,#5734,#5735,#5736,#5737,#5738,#5739,#5740,#5741,
#5742,#5743,#5744,#5745,#5746,#5747,#5748,#5749,#5750,#5751,#5752,#5753,
#5754,#5755,#5756,#5757,#5758,#5759,#5760,#5761,#5762,#5763,#5764,#5765,
#5766,#5767,#5768,#5769,#5770,#5771,#5772,#5773,#5774,#5775,#5776,#5777,
#5778,#5779,#5780,#5781,#5782,#5783,#5784,#5785,#5786,#5787,#5788,#5789,
#5790,#5791,#5792,#5793,#5794,#5795,#5796,#5797,#5798,#5799,#5800,#5801,
#5802,#5803,#5804,#5805,#5806,#5807,#5808,#5809,#5810,#5811,#5812,#5813,
#5814,#5815,#5816,#5817,#5818,#5819,#5820,#5821,#5822,#5823,#5824,#5825,
#5826,#5827,#5828,#5829,#5830,#5831,#5832,#5833,#5834,#5835,#5836,#5837,
#5838,#5839,#5840,#5841,#5842,#5843,#5844,#5845,#5846,#5847,#5848,#5849,
#5850,#5851,#5852,#5853,#5854,#5855,#5856,#5857,#5858,#5859,#5860,#5861,
#5862,#5863,#5864,#5865,#5866,#5867,#5868,#5869,#5870,#5871,#5872,#5873,
#5874,#5875,#5876,#5877,#5878,#5879,#5880,#5881,#5882,#5883,#5884,#5885,
#5886,#5887,#5888,#5889,#5890,#5891,#5892,#5893,#5894,#5895,#5896,#5897,
#5898,#5899,#5900,#5901,#5902,#5903,#5904,#5905,#5906,#5907,#5908,#5909,
#5910,#5911,#5912,#5913,#5914,#5915,#5916,#5917,#5918,#5919,#5920,#5921,
#5922,#5923,#5924,#5925,#5926,#5927,#5928,#5929,#5930,#5931,#5932,#5933,
#5934,#5935,#5936,#5937,#5938,#5939,#5940,#5941,#5942,#5943,#5944,#5945,
#5946,#5947,#5948,#5949,#5950,#5951,#5952,#5953,#5954,#5955,#5956,#5957,
#5958,#5959,#5960,#5961,#5962,#5963,#5964,#5965,#5966,#5967,#5968,#5969,
#5970,#5971,#5972,#5973,#5974,#5975,#5976,#5977,#5978,#5979,#5980,#5981,
#5982,#5983,#5984,#5985,#5986,#5987,#5988,#5989,#5990,#5991,#5992,#5993,
#5994,#5995,#5996,#5997,#5998,#5999,#6000,#6001,#6002,#6003,#6004,#6005,
#6006,#6007,#6008,#6009,#6010,#6011,#6012,#6013,#6014,#6015,#6016,#6017,
#6018,#6019,#6020,#6021,#6022,#6023,#6024,#6025,#6026,#6027,#6028,#6029,
#6030,#6031,#6032,#6033,#6034,#6035,#6036,#6037,#6038,#6039,#6040,#6041,
#6042,#6043,#6044,#6045,#6046,#6047,#6048,#6049,#6050,#6051,#6052,#6053,
#6054,#6055,#6056,#6057,#6058,#6059,#6060,#6061,#6062,#6063,#6064,#6065,
#6066,#6067,#6068,#6069,#6070,#6071,#6072,#6073,#6074,#6075,#6076,#6077,
#6078,#6079,#6080,#6081,#6082,#6083,#6084,#6085,#6086,#6087,#6088,#6089,
#6090,#6091,#6092,#6093,#6094,#6095,#6096,#6097,#6098,#6099,#6100,#6101,
#6102,#6103,#6104,#6105,#6106,#6107,#6108,#6109,#6110,#6111,#6112,#6113,
#6114,#6115,#6116,#6117,#6118,#6119,#6120,#6121,#6122,#6123,#6124,#6125,
#6126,#6127,#6128,#6129,#6130,#6131,#6132,#6133,#6134,#6135,#6136,#6137,
#6138,#6139,#6140,#6141,#6142,#6143,#6144,#6145,#6146,#6147,#6148,#6149,
#6150,#6151,#6152,#6153,#6154,#6155,#6156,#6157,#6158,#6159,#6160,#6161,
#6162,#6163,#6164,#6165,#6166,#6167,#6168,#6169,#6170,#6171)),
 .UNSPECIFIED.,.F.,.F.,.F.)
B_SPLINE_SURFACE_WITH_KNOTS((2,2),(3,2,2,2,2,2,2,2,2,2,2,2,2,2,2,2,2,2,
2,2,2,2,2,2,2,2,2,2,2,2,2,2,2,2,2,2,2,2,2,2,2,2,2,2,2,2,2,2,2,2,2,2,2,2,
2,2,2,2,2,2,2,2,2,2,2,2,2,2,2,2,2,2,2,2,2,2,2,2,2,2,2,2,2,2,2,2,2,2,2,2,
2,2,2,2,2,2,2,2,2,2,2,2,2,2,2,2,2,2,2,2,2,2,2,2,2,2,2,2,2,2,2,2,2,2,2,2,
2,2,2,2,2,2,2,2,2,2,2,2,2,2,2,2,2,2,2,2,2,2,2,2,2,2,2,2,2,2,2,2,2,2,2,2,
2,2,2,2,2,2,2,2,2,2,2,2,2,2,2,2,2,2,2,2,2,2,2,2,2,2,2,2,2,2,2,2,2,2,2,2,
2,2,2,2,2,2,2,2,2,2,2,2,2,2,2,2,2,2,2,2,2,2,2,2,2,2,2,2,2,2,2,2,2,2,2,2,
2,2,2,2,2,2,2,2,2,2,2,2,2,3),(0.,1.),(0.,0.00166112956810631,0.00332225913621262,
0.00498338870431894,0.00664451827242525,0.00830564784053156,0.00996677740863787,
0.0116279069767442,0.0132890365448505,0.0149501661129568,0.0166112956810631,
0.0182724252491694,0.0199335548172757,0.0215946843853821,0.0232558139534884,
0.0249169435215947,0.026578073089701,0.0282392026578073,0.0299003322259136,
0.0315614617940199,0.0332225913621262,0.0348837209302326,0.0365448504983389,
0.0382059800664452,0.0398671096345515,0.0415282392026578,0.0431893687707641,
0.0448504983388704,0.0465116279069767,0.0481727574750831,0.0498338870431894,
0.0514950166112957,0.053156146179402,0.0548172757475083,0.0564784053156146,
0.0581395348837209,0.0598006644518272,0.0614617940199336,0.0631229235880399,
0.0647840531561462,0.0664451827242525,0.0681063122923588,0.0697674418604651,
0.0714285714285714,0.0730897009966777,0.0747508305647841,0.0764119601328904,
0.0780730897009967,0.079734219269103,0.0813953488372093,0.0830564784053156,
0.0847176079734219,0.0863787375415282,0.0880398671096345,0.0897009966777409,
0.0913621262458472,0.0930232558139535,0.0946843853820598,0.0963455149501661,
0.0980066445182724,0.0996677740863787,0.101328903654485,0.102990033222591,
0.104651162790698,0.106312292358804,0.10797342192691,0.109634551495017,
0.111295681063123,0.112956810631229,0.114617940199336,0.116279069767442,
0.117940199335548,0.119601328903654,0.121262458471761,0.122923588039867,
0.124584717607973,0.12624584717608,0.127906976744186,0.129568106312292,
0.131229235880399,0.132890365448505,0.134551495016611,0.136212624584718,
0.137873754152824,0.13953488372093,0.141196013289037,0.142857142857143,
0.144518272425249,0.146179401993355,0.147840531561462,0.149501661129568,
0.151162790697674,0.152823920265781,0.154485049833887,0.156146179401993,
0.1578073089701,0.159468438538206,0.161129568106312,0.162790697674419,0.164451827242525,
0.166112956810631,0.167774086378738,0.169435215946844,0.17109634551495,
0.172757475083056,0.174418604651163,0.176079734219269,0.177740863787375,
0.179401993355482,0.181063122923588,0.182724252491694,0.184385382059801,
0.186046511627907,0.187707641196013,0.18936877076412,0.191029900332226,
0.192691029900332,0.194352159468439,0.196013289036545,0.197674418604651,
0.199335548172757,0.200996677740864,0.20265780730897,0.204318936877076,
0.205980066445183,0.207641196013289,0.209302325581395,0.210963455149502,
0.212624584717608,0.214285714285714,0.215946843853821,0.217607973421927,
0.219269102990033,0.22093023255814,0.222591362126246,0.224252491694352,
0.225913621262458,0.227574750830565,0.229235880398671,0.230897009966777,
0.232558139534884,0.23421926910299,0.235880398671096,0.237541528239203,
0.239202657807309,0.240863787375415,0.242524916943522,0.244186046511628,
0.245847176079734,0.247508305647841,0.249169435215947,0.250830564784053,
0.252491694352159,0.254152823920266,0.255813953488372,0.257475083056478,
0.259136212624585,0.260797342192691,0.262458471760797,0.264119601328904,
0.26578073089701,0.267441860465116,0.269102990033223,0.270764119601329,
0.272425249169435,0.274086378737542,0.275747508305648,0.277408637873754,
0.27906976744186,0.280730897009967,0.282392026578073,0.284053156146179,
0.285714285714286,0.287375415282392,0.289036544850498,0.290697674418605,
0.292358803986711,0.294019933554817,0.295681063122924,0.29734219269103,
0.299003322259136,0.300664451827243,0.302325581395349,0.303986710963455,
0.305647840531561,0.307308970099668,0.308970099667774,0.31063122923588,
0.312292358803987,0.313953488372093,0.315614617940199,0.317275747508306,
0.318936877076412,0.320598006644518,0.322259136212625,0.323920265780731,
0.325581395348837,0.327242524916944,0.32890365448505,0.330564784053156,
0.332225913621262,0.333887043189369,0.335548172757475,0.337209302325581,
0.338870431893688,0.340531561461794,0.3421926910299,0.343853820598007,0.345514950166113,
0.347176079734219,0.348837209302326,0.350498338870432,0.352159468438538,
0.353820598006645,0.355481727574751,0.357142857142857,0.358803986710963,
0.36046511627907,0.362126245847176,0.363787375415282,0.365448504983389,
0.367109634551495,0.368770764119601,0.370431893687708,0.372093023255814,
0.37375415282392,0.375415282392027,0.377076411960133,0.378737541528239,
0.380398671096346,0.382059800664452,0.383720930232558,0.385382059800664,
0.387043189368771,0.388704318936877,0.390365448504983,0.39202657807309,
0.393687707641196,0.395348837209302,0.397009966777409,0.398671096345515,
0.400332225913621,0.401993355481728,0.403654485049834,0.40531561461794,
0.406976744186047,0.408637873754153,0.409715020305503),
 .PIECEWISE_BEZIER_KNOTS.)
GEOMETRIC_REPRESENTATION_ITEM()
RATIONAL_B_SPLINE_SURFACE(((1.,0.974927912181824,1.,0.974927912181824,1.,
0.974927912181824,1.,0.974927912181824,1.,0.974927912181824,1.,0.974927912181824,
1.,0.974927912181824,1.,0.974927912181824,1.,0.974927912181824,1.,0.974927912181824,
1.,0.974927912181824,1.,0.974927912181824,1.,0.974927912181824,1.,0.974927912181824,
1.,0.974927912181824,1.,0.974927912181824,1.,0.974927912181824,1.,0.974927912181824,
1.,0.974927912181824,1.,0.974927912181824,1.,0.974927912181824,1.,0.974927912181824,
1.,0.974927912181824,1.,0.974927912181824,1.,0.974927912181824,1.,0.974927912181824,
1.,0.974927912181824,1.,0.974927912181824,1.,0.974927912181824,1.,0.974927912181824,
1.,0.974927912181824,1.,0.974927912181824,1.,0.974927912181824,1.,0.974927912181824,
1.,0.974927912181824,1.,0.974927912181824,1.,0.974927912181824,1.,0.974927912181824,
1.,0.974927912181824,1.,0.974927912181824,1.,0.974927912181824,1.,0.974927912181824,
1.,0.974927912181824,1.,0.974927912181824,1.,0.974927912181824,1.,0.974927912181824,
1.,0.974927912181824,1.,0.974927912181824,1.,0.974927912181824,1.,0.974927912181824,
1.,0.974927912181824,1.,0.974927912181824,1.,0.974927912181824,1.,0.974927912181824,
1.,0.974927912181824,1.,0.974927912181824,1.,0.974927912181824,1.,0.974927912181824,
1.,0.974927912181824,1.,0.974927912181824,1.,0.974927912181824,1.,0.974927912181824,
1.,0.974927912181824,1.,0.974927912181824,1.,0.974927912181824,1.,0.974927912181824,
1.,0.974927912181824,1.,0.974927912181824,1.,0.974927912181824,1.,0.974927912181824,
1.,0.974927912181824,1.,0.974927912181824,1.,0.974927912181824,1.,0.974927912181824,
1.,0.974927912181824,1.,0.974927912181824,1.,0.974927912181824,1.,0.974927912181824,
1.,0.974927912181824,1.,0.974927912181824,1.,0.974927912181824,1.,0.974927912181824,
1.,0.974927912181824,1.,0.974927912181824,1.,0.974927912181824,1.,0.974927912181824,
1.,0.974927912181824,1.,0.974927912181824,1.,0.974927912181824,1.,0.974927912181824,
1.,0.974927912181824,1.,0.974927912181824,1.,0.974927912181824,1.,0.974927912181824,
1.,0.974927912181824,1.,0.974927912181824,1.,0.974927912181824,1.,0.974927912181824,
1.,0.974927912181824,1.,0.974927912181824,1.,0.974927912181824,1.,0.974927912181824,
1.,0.974927912181824,1.,0.974927912181824,1.,0.974927912181824,1.,0.974927912181824,
1.,0.974927912181824,1.,0.974927912181824,1.,0.974927912181824,1.,0.974927912181824,
1.,0.974927912181824,1.,0.974927912181824,1.,0.974927912181824,1.,0.974927912181824,
1.,0.974927912181824,1.,0.974927912181824,1.,0.974927912181824,1.,0.974927912181824,
1.,0.974927912181824,1.,0.974927912181824,1.,0.974927912181824,1.,0.974927912181824,
1.,0.974927912181824,1.,0.974927912181824,1.,0.974927912181824,1.,0.974927912181824,
1.,0.974927912181824,1.,0.974927912181824,1.,0.974927912181824,1.,0.974927912181824,
1.,0.974927912181824,1.,0.974927912181824,1.,0.974927912181824,1.,0.974927912181824,
1.,0.974927912181824,1.,0.974927912181824,1.,0.974927912181824,1.,0.974927912181824,
1.,0.974927912181824,1.,0.974927912181824,1.,0.974927912181824,1.,0.974927912181824,
1.,0.974927912181824,1.,0.974927912181824,1.,0.974927912181824,1.,0.974927912181824,
1.,0.974927912181824,1.,0.974927912181824,1.,0.974927912181824,1.,0.974927912181824,
1.,0.974927912181824,1.,0.974927912181824,1.,0.974927912181824,1.,0.974927912181824,
1.,0.974927912181824,1.,0.974927912181824,1.,0.974927912181824,1.,0.974927912181824,
1.,0.974927912181824,1.,0.974927912181824,1.,0.974927912181824,1.,0.974927912181824,
1.,0.974927912181824,1.,0.974927912181824,1.,0.974927912181824,1.,0.974927912181824,
1.,0.974927912181824,1.,0.974927912181824,1.,0.974927912181824,1.,0.974927912181824,
1.,0.974927912181824,1.,0.974927912181824,1.,0.974927912181824,1.,0.974927912181824,
1.,0.974927912181824,1.,0.974927912181824,1.,0.974927912181824,1.,0.974927912181824,
1.,0.974927912181824,1.,0.974927912181824,1.,0.974927912181824,1.,0.974927912181824,
1.,0.974927912181824,1.,0.974927912181824,1.,0.974927912181824,1.,0.974927912181824,
1.,0.974927912181824,1.,0.974927912181824,1.,0.974927912181824,1.,0.974927912181824,
1.,0.974927912181824,1.,0.974927912181824,1.,0.974927912181824,1.,0.974927912181824,
1.,0.974927912181824,1.,0.974927912181824,1.,0.974927912181824,1.,0.974927912181824,
1.,0.974927912181824,1.,0.974927912181824,1.,0.974927912181824,1.,0.974927912181824,
1.,0.974927912181824,1.,0.974927912181824,1.,0.974927912181824,1.,0.974927912181824,
1.,0.974927912181824,1.,0.974927912181824,1.,0.974927912181824,1.,0.974927912181824,
1.,0.974927912181824,1.,0.974927912181824,1.,0.974927912181824,1.,0.974927912181824,
1.,0.974927912181824,1.,0.974927912181824,1.,0.974927912181824,1.,0.974927912181824,
1.,0.974927912181824,1.,0.974927912181824,1.,0.974927912181824,1.,0.974927912181824,
1.,0.974927912181824,1.,0.974927912181824,1.,0.974927912181824,1.,0.974927912181824,
1.,0.974927912181824,1.,0.974927912181824,1.,0.974927912181824,1.,0.974927912181824,
1.,0.974927912181824,1.,0.974927912181824,1.,0.974927912181824,1.,0.974927912181824,
1.,0.974927912181824,1.,0.974927912181824,1.,0.974927912181824,1.,0.974927912181824,
1.,0.974927912181824,1.,0.974927912181824,1.,0.974927912181824,1.,0.974927912181824,
1.,0.974927912181824,1.,0.974927912181824,1.,0.974927912181824,1.,0.974927912181824,
1.,0.983742199617049,0.988568887706595),(1.,0.974927912181824,1.,0.974927912181824,
1.,0.974927912181824,1.,0.974927912181824,1.,0.974927912181824,1.,0.974927912181824,
1.,0.974927912181824,1.,0.974927912181824,1.,0.974927912181824,1.,0.974927912181824,
1.,0.974927912181824,1.,0.974927912181824,1.,0.974927912181824,1.,0.974927912181824,
1.,0.974927912181824,1.,0.974927912181824,1.,0.974927912181824,1.,0.974927912181824,
1.,0.974927912181824,1.,0.974927912181824,1.,0.974927912181824,1.,0.974927912181824,
1.,0.974927912181824,1.,0.974927912181824,1.,0.974927912181824,1.,0.974927912181824,
1.,0.974927912181824,1.,0.974927912181824,1.,0.974927912181824,1.,0.974927912181824,
1.,0.974927912181824,1.,0.974927912181824,1.,0.974927912181824,1.,0.974927912181824,
1.,0.974927912181824,1.,0.974927912181824,1.,0.974927912181824,1.,0.974927912181824,
1.,0.974927912181824,1.,0.974927912181824,1.,0.974927912181824,1.,0.974927912181824,
1.,0.974927912181824,1.,0.974927912181824,1.,0.974927912181824,1.,0.974927912181824,
1.,0.974927912181824,1.,0.974927912181824,1.,0.974927912181824,1.,0.974927912181824,
1.,0.974927912181824,1.,0.974927912181824,1.,0.974927912181824,1.,0.974927912181824,
1.,0.974927912181824,1.,0.974927912181824,1.,0.974927912181824,1.,0.974927912181824,
1.,0.974927912181824,1.,0.974927912181824,1.,0.974927912181824,1.,0.974927912181824,
1.,0.974927912181824,1.,0.974927912181824,1.,0.974927912181824,1.,0.974927912181824,
1.,0.974927912181824,1.,0.974927912181824,1.,0.974927912181824,1.,0.974927912181824,
1.,0.974927912181824,1.,0.974927912181824,1.,0.974927912181824,1.,0.974927912181824,
1.,0.974927912181824,1.,0.974927912181824,1.,0.974927912181824,1.,0.974927912181824,
1.,0.974927912181824,1.,0.974927912181824,1.,0.974927912181824,1.,0.974927912181824,
1.,0.974927912181824,1.,0.974927912181824,1.,0.974927912181824,1.,0.974927912181824,
1.,0.974927912181824,1.,0.974927912181824,1.,0.974927912181824,1.,0.974927912181824,
1.,0.974927912181824,1.,0.974927912181824,1.,0.974927912181824,1.,0.974927912181824,
1.,0.974927912181824,1.,0.974927912181824,1.,0.974927912181824,1.,0.974927912181824,
1.,0.974927912181824,1.,0.974927912181824,1.,0.974927912181824,1.,0.974927912181824,
1.,0.974927912181824,1.,0.974927912181824,1.,0.974927912181824,1.,0.974927912181824,
1.,0.974927912181824,1.,0.974927912181824,1.,0.974927912181824,1.,0.974927912181824,
1.,0.974927912181824,1.,0.974927912181824,1.,0.974927912181824,1.,0.974927912181824,
1.,0.974927912181824,1.,0.974927912181824,1.,0.974927912181824,1.,0.974927912181824,
1.,0.974927912181824,1.,0.974927912181824,1.,0.974927912181824,1.,0.974927912181824,
1.,0.974927912181824,1.,0.974927912181824,1.,0.974927912181824,1.,0.974927912181824,
1.,0.974927912181824,1.,0.974927912181824,1.,0.974927912181824,1.,0.974927912181824,
1.,0.974927912181824,1.,0.974927912181824,1.,0.974927912181824,1.,0.974927912181824,
1.,0.974927912181824,1.,0.974927912181824,1.,0.974927912181824,1.,0.974927912181824,
1.,0.974927912181824,1.,0.974927912181824,1.,0.974927912181824,1.,0.974927912181824,
1.,0.974927912181824,1.,0.974927912181824,1.,0.974927912181824,1.,0.974927912181824,
1.,0.974927912181824,1.,0.974927912181824,1.,0.974927912181824,1.,0.974927912181824,
1.,0.974927912181824,1.,0.974927912181824,1.,0.974927912181824,1.,0.974927912181824,
1.,0.974927912181824,1.,0.974927912181824,1.,0.974927912181824,1.,0.974927912181824,
1.,0.974927912181824,1.,0.974927912181824,1.,0.974927912181824,1.,0.974927912181824,
1.,0.974927912181824,1.,0.974927912181824,1.,0.974927912181824,1.,0.974927912181824,
1.,0.974927912181824,1.,0.974927912181824,1.,0.974927912181824,1.,0.974927912181824,
1.,0.974927912181824,1.,0.974927912181824,1.,0.974927912181824,1.,0.974927912181824,
1.,0.974927912181824,1.,0.974927912181824,1.,0.974927912181824,1.,0.974927912181824,
1.,0.974927912181824,1.,0.974927912181824,1.,0.974927912181824,1.,0.974927912181824,
1.,0.974927912181824,1.,0.974927912181824,1.,0.974927912181824,1.,0.974927912181824,
1.,0.974927912181824,1.,0.974927912181824,1.,0.974927912181824,1.,0.974927912181824,
1.,0.974927912181824,1.,0.974927912181824,1.,0.974927912181824,1.,0.974927912181824,
1.,0.974927912181824,1.,0.974927912181824,1.,0.974927912181824,1.,0.974927912181824,
1.,0.974927912181824,1.,0.974927912181824,1.,0.974927912181824,1.,0.974927912181824,
1.,0.974927912181824,1.,0.974927912181824,1.,0.974927912181824,1.,0.974927912181824,
1.,0.974927912181824,1.,0.974927912181824,1.,0.974927912181824,1.,0.974927912181824,
1.,0.974927912181824,1.,0.974927912181824,1.,0.974927912181824,1.,0.974927912181824,
1.,0.974927912181824,1.,0.974927912181824,1.,0.974927912181824,1.,0.974927912181824,
1.,0.974927912181824,1.,0.974927912181824,1.,0.974927912181824,1.,0.974927912181824,
1.,0.974927912181824,1.,0.974927912181824,1.,0.974927912181824,1.,0.974927912181824,
1.,0.974927912181824,1.,0.974927912181824,1.,0.974927912181824,1.,0.974927912181824,
1.,0.974927912181824,1.,0.974927912181824,1.,0.974927912181824,1.,0.974927912181824,
1.,0.974927912181824,1.,0.974927912181824,1.,0.974927912181824,1.,0.974927912181824,
1.,0.974927912181824,1.,0.974927912181824,1.,0.974927912181824,1.,0.974927912181824,
1.,0.974927912181824,1.,0.974927912181824,1.,0.974927912181824,1.,0.974927912181824,
1.,0.983742199617049,0.988568887706595)))
REPRESENTATION_ITEM('')
SURFACE()
);
#21=(
BOUNDED_SURFACE()
B_SPLINE_SURFACE(1,2,((#6179,#6180,#6181,#6182,#6183,#6184,#6185,#6186,
#6187,#6188,#6189,#6190,#6191,#6192,#6193,#6194,#6195,#6196,#6197,#6198,
#6199,#6200,#6201,#6202,#6203,#6204,#6205,#6206,#6207,#6208,#6209,#6210,
#6211,#6212,#6213,#6214,#6215,#6216,#6217,#6218,#6219,#6220,#6221,#6222,
#6223,#6224,#6225,#6226,#6227,#6228,#6229,#6230,#6231,#6232,#6233,#6234,
#6235,#6236,#6237,#6238,#6239,#6240,#6241,#6242,#6243,#6244,#6245,#6246,
#6247,#6248,#6249,#6250,#6251,#6252,#6253,#6254,#6255,#6256,#6257,#6258,
#6259,#6260,#6261,#6262,#6263,#6264,#6265,#6266,#6267,#6268,#6269,#6270,
#6271,#6272,#6273,#6274,#6275,#6276,#6277,#6278,#6279,#6280,#6281,#6282,
#6283,#6284,#6285,#6286,#6287,#6288,#6289,#6290,#6291,#6292,#6293,#6294,
#6295,#6296,#6297,#6298,#6299,#6300,#6301,#6302,#6303,#6304,#6305,#6306,
#6307,#6308,#6309,#6310,#6311,#6312,#6313,#6314,#6315,#6316,#6317,#6318,
#6319,#6320,#6321,#6322,#6323,#6324,#6325,#6326,#6327,#6328,#6329,#6330,
#6331,#6332,#6333,#6334,#6335,#6336,#6337,#6338,#6339,#6340,#6341,#6342,
#6343,#6344,#6345,#6346,#6347,#6348,#6349,#6350,#6351,#6352,#6353,#6354,
#6355,#6356,#6357,#6358,#6359,#6360,#6361,#6362,#6363,#6364,#6365,#6366,
#6367,#6368,#6369,#6370,#6371,#6372,#6373,#6374,#6375,#6376,#6377,#6378,
#6379,#6380,#6381,#6382,#6383,#6384,#6385,#6386,#6387,#6388,#6389,#6390,
#6391,#6392,#6393,#6394,#6395,#6396,#6397,#6398,#6399,#6400,#6401,#6402,
#6403,#6404,#6405,#6406,#6407,#6408,#6409,#6410,#6411,#6412,#6413,#6414,
#6415,#6416,#6417,#6418,#6419,#6420,#6421,#6422,#6423,#6424,#6425,#6426,
#6427,#6428,#6429,#6430,#6431,#6432,#6433,#6434,#6435,#6436,#6437,#6438,
#6439,#6440,#6441,#6442,#6443,#6444,#6445,#6446,#6447,#6448,#6449,#6450,
#6451,#6452,#6453,#6454,#6455,#6456,#6457,#6458,#6459,#6460,#6461,#6462,
#6463,#6464,#6465,#6466,#6467,#6468,#6469,#6470,#6471,#6472,#6473,#6474,
#6475,#6476,#6477,#6478,#6479,#6480,#6481,#6482,#6483,#6484,#6485,#6486,
#6487,#6488,#6489,#6490,#6491,#6492,#6493,#6494,#6495,#6496,#6497,#6498,
#6499,#6500,#6501,#6502,#6503,#6504,#6505,#6506,#6507,#6508,#6509,#6510,
#6511,#6512,#6513,#6514,#6515,#6516,#6517,#6518,#6519,#6520,#6521,#6522,
#6523,#6524,#6525,#6526,#6527,#6528,#6529,#6530,#6531,#6532,#6533,#6534,
#6535,#6536,#6537,#6538,#6539,#6540,#6541,#6542,#6543,#6544,#6545,#6546,
#6547,#6548,#6549,#6550,#6551,#6552,#6553,#6554,#6555,#6556,#6557,#6558,
#6559,#6560,#6561,#6562,#6563,#6564,#6565,#6566,#6567,#6568,#6569,#6570,
#6571,#6572,#6573,#6574,#6575,#6576,#6577,#6578,#6579,#6580,#6581,#6582,
#6583,#6584,#6585,#6586,#6587,#6588,#6589,#6590,#6591,#6592,#6593,#6594,
#6595,#6596,#6597,#6598,#6599,#6600,#6601,#6602,#6603,#6604,#6605,#6606,
#6607,#6608,#6609,#6610,#6611,#6612,#6613,#6614,#6615,#6616,#6617,#6618,
#6619,#6620,#6621,#6622,#6623,#6624,#6625,#6626,#6627,#6628,#6629,#6630,
#6631,#6632,#6633,#6634,#6635,#6636,#6637,#6638,#6639,#6640,#6641,#6642,
#6643,#6644,#6645,#6646,#6647,#6648,#6649,#6650,#6651,#6652,#6653,#6654,
#6655,#6656,#6657,#6658,#6659,#6660,#6661,#6662,#6663,#6664,#6665,#6666,
#6667,#6668,#6669,#6670,#6671,#6672,#6673,#6674,#6675,#6676,#6677),(#6678,
#6679,#6680,#6681,#6682,#6683,#6684,#6685,#6686,#6687,#6688,#6689,#6690,
#6691,#6692,#6693,#6694,#6695,#6696,#6697,#6698,#6699,#6700,#6701,#6702,
#6703,#6704,#6705,#6706,#6707,#6708,#6709,#6710,#6711,#6712,#6713,#6714,
#6715,#6716,#6717,#6718,#6719,#6720,#6721,#6722,#6723,#6724,#6725,#6726,
#6727,#6728,#6729,#6730,#6731,#6732,#6733,#6734,#6735,#6736,#6737,#6738,
#6739,#6740,#6741,#6742,#6743,#6744,#6745,#6746,#6747,#6748,#6749,#6750,
#6751,#6752,#6753,#6754,#6755,#6756,#6757,#6758,#6759,#6760,#6761,#6762,
#6763,#6764,#6765,#6766,#6767,#6768,#6769,#6770,#6771,#6772,#6773,#6774,
#6775,#6776,#6777,#6778,#6779,#6780,#6781,#6782,#6783,#6784,#6785,#6786,
#6787,#6788,#6789,#6790,#6791,#6792,#6793,#6794,#6795,#6796,#6797,#6798,
#6799,#6800,#6801,#6802,#6803,#6804,#6805,#6806,#6807,#6808,#6809,#6810,
#6811,#6812,#6813,#6814,#6815,#6816,#6817,#6818,#6819,#6820,#6821,#6822,
#6823,#6824,#6825,#6826,#6827,#6828,#6829,#6830,#6831,#6832,#6833,#6834,
#6835,#6836,#6837,#6838,#6839,#6840,#6841,#6842,#6843,#6844,#6845,#6846,
#6847,#6848,#6849,#6850,#6851,#6852,#6853,#6854,#6855,#6856,#6857,#6858,
#6859,#6860,#6861,#6862,#6863,#6864,#6865,#6866,#6867,#6868,#6869,#6870,
#6871,#6872,#6873,#6874,#6875,#6876,#6877,#6878,#6879,#6880,#6881,#6882,
#6883,#6884,#6885,#6886,#6887,#6888,#6889,#6890,#6891,#6892,#6893,#6894,
#6895,#6896,#6897,#6898,#6899,#6900,#6901,#6902,#6903,#6904,#6905,#6906,
#6907,#6908,#6909,#6910,#6911,#6912,#6913,#6914,#6915,#6916,#6917,#6918,
#6919,#6920,#6921,#6922,#6923,#6924,#6925,#6926,#6927,#6928,#6929,#6930,
#6931,#6932,#6933,#6934,#6935,#6936,#6937,#6938,#6939,#6940,#6941,#6942,
#6943,#6944,#6945,#6946,#6947,#6948,#6949,#6950,#6951,#6952,#6953,#6954,
#6955,#6956,#6957,#6958,#6959,#6960,#6961,#6962,#6963,#6964,#6965,#6966,
#6967,#6968,#6969,#6970,#6971,#6972,#6973,#6974,#6975,#6976,#6977,#6978,
#6979,#6980,#6981,#6982,#6983,#6984,#6985,#6986,#6987,#6988,#6989,#6990,
#6991,#6992,#6993,#6994,#6995,#6996,#6997,#6998,#6999,#7000,#7001,#7002,
#7003,#7004,#7005,#7006,#7007,#7008,#7009,#7010,#7011,#7012,#7013,#7014,
#7015,#7016,#7017,#7018,#7019,#7020,#7021,#7022,#7023,#7024,#7025,#7026,
#7027,#7028,#7029,#7030,#7031,#7032,#7033,#7034,#7035,#7036,#7037,#7038,
#7039,#7040,#7041,#7042,#7043,#7044,#7045,#7046,#7047,#7048,#7049,#7050,
#7051,#7052,#7053,#7054,#7055,#7056,#7057,#7058,#7059,#7060,#7061,#7062,
#7063,#7064,#7065,#7066,#7067,#7068,#7069,#7070,#7071,#7072,#7073,#7074,
#7075,#7076,#7077,#7078,#7079,#7080,#7081,#7082,#7083,#7084,#7085,#7086,
#7087,#7088,#7089,#7090,#7091,#7092,#7093,#7094,#7095,#7096,#7097,#7098,
#7099,#7100,#7101,#7102,#7103,#7104,#7105,#7106,#7107,#7108,#7109,#7110,
#7111,#7112,#7113,#7114,#7115,#7116,#7117,#7118,#7119,#7120,#7121,#7122,
#7123,#7124,#7125,#7126,#7127,#7128,#7129,#7130,#7131,#7132,#7133,#7134,
#7135,#7136,#7137,#7138,#7139,#7140,#7141,#7142,#7143,#7144,#7145,#7146,
#7147,#7148,#7149,#7150,#7151,#7152,#7153,#7154,#7155,#7156,#7157,#7158,
#7159,#7160,#7161,#7162,#7163,#7164,#7165,#7166,#7167,#7168,#7169,#7170,
#7171,#7172,#7173,#7174,#7175,#7176)),.UNSPECIFIED.,.F.,.F.,.F.)
B_SPLINE_SURFACE_WITH_KNOTS((2,2),(3,2,2,2,2,2,2,2,2,2,2,2,2,2,2,2,2,2,
2,2,2,2,2,2,2,2,2,2,2,2,2,2,2,2,2,2,2,2,2,2,2,2,2,2,2,2,2,2,2,2,2,2,2,2,
2,2,2,2,2,2,2,2,2,2,2,2,2,2,2,2,2,2,2,2,2,2,2,2,2,2,2,2,2,2,2,2,2,2,2,2,
2,2,2,2,2,2,2,2,2,2,2,2,2,2,2,2,2,2,2,2,2,2,2,2,2,2,2,2,2,2,2,2,2,2,2,2,
2,2,2,2,2,2,2,2,2,2,2,2,2,2,2,2,2,2,2,2,2,2,2,2,2,2,2,2,2,2,2,2,2,2,2,2,
2,2,2,2,2,2,2,2,2,2,2,2,2,2,2,2,2,2,2,2,2,2,2,2,2,2,2,2,2,2,2,2,2,2,2,2,
2,2,2,2,2,2,2,2,2,2,2,2,2,2,2,2,2,2,2,2,2,2,2,2,2,2,2,2,2,2,2,2,2,2,2,2,
2,2,2,2,2,2,2,2,2,2,2,2,2,2,2,3),(0.,1.),(0.00773427883975133,0.00830564784053156,
0.00996677740863787,0.0116279069767442,0.0132890365448505,0.0149501661129568,
0.0166112956810631,0.0182724252491694,0.0199335548172757,0.0215946843853821,
0.0232558139534884,0.0249169435215947,0.026578073089701,0.0282392026578073,
0.0299003322259136,0.0315614617940199,0.0332225913621262,0.0348837209302326,
0.0365448504983389,0.0382059800664452,0.0398671096345515,0.0415282392026578,
0.0431893687707641,0.0448504983388704,0.0465116279069767,0.0481727574750831,
0.0498338870431894,0.0514950166112957,0.053156146179402,0.0548172757475083,
0.0564784053156146,0.0581395348837209,0.0598006644518272,0.0614617940199336,
0.0631229235880399,0.0647840531561462,0.0664451827242525,0.0681063122923588,
0.0697674418604651,0.0714285714285714,0.0730897009966777,0.0747508305647841,
0.0764119601328904,0.0780730897009967,0.079734219269103,0.0813953488372093,
0.0830564784053156,0.0847176079734219,0.0863787375415282,0.0880398671096345,
0.0897009966777409,0.0913621262458472,0.0930232558139535,0.0946843853820598,
0.0963455149501661,0.0980066445182724,0.0996677740863787,0.101328903654485,
0.102990033222591,0.104651162790698,0.106312292358804,0.10797342192691,
0.109634551495017,0.111295681063123,0.112956810631229,0.114617940199336,
0.116279069767442,0.117940199335548,0.119601328903654,0.121262458471761,
0.122923588039867,0.124584717607973,0.12624584717608,0.127906976744186,
0.129568106312292,0.131229235880399,0.132890365448505,0.134551495016611,
0.136212624584718,0.137873754152824,0.13953488372093,0.141196013289037,
0.142857142857143,0.144518272425249,0.146179401993355,0.147840531561462,
0.149501661129568,0.151162790697674,0.152823920265781,0.154485049833887,
0.156146179401993,0.1578073089701,0.159468438538206,0.161129568106312,0.162790697674419,
0.164451827242525,0.166112956810631,0.167774086378738,0.169435215946844,
0.17109634551495,0.172757475083056,0.174418604651163,0.176079734219269,
0.177740863787375,0.179401993355482,0.181063122923588,0.182724252491694,
0.184385382059801,0.186046511627907,0.187707641196013,0.18936877076412,
0.191029900332226,0.192691029900332,0.194352159468439,0.196013289036545,
0.197674418604651,0.199335548172757,0.200996677740864,0.20265780730897,
0.204318936877076,0.205980066445183,0.207641196013289,0.209302325581395,
0.210963455149502,0.212624584717608,0.214285714285714,0.215946843853821,
0.217607973421927,0.219269102990033,0.22093023255814,0.222591362126246,
0.224252491694352,0.225913621262458,0.227574750830565,0.229235880398671,
0.230897009966777,0.232558139534884,0.23421926910299,0.235880398671096,
0.237541528239203,0.239202657807309,0.240863787375415,0.242524916943522,
0.244186046511628,0.245847176079734,0.247508305647841,0.249169435215947,
0.250830564784053,0.252491694352159,0.254152823920266,0.255813953488372,
0.257475083056478,0.259136212624585,0.260797342192691,0.262458471760797,
0.264119601328904,0.26578073089701,0.267441860465116,0.269102990033223,
0.270764119601329,0.272425249169435,0.274086378737542,0.275747508305648,
0.277408637873754,0.27906976744186,0.280730897009967,0.282392026578073,
0.284053156146179,0.285714285714286,0.287375415282392,0.289036544850498,
0.290697674418605,0.292358803986711,0.294019933554817,0.295681063122924,
0.29734219269103,0.299003322259136,0.300664451827243,0.302325581395349,
0.303986710963455,0.305647840531561,0.307308970099668,0.308970099667774,
0.31063122923588,0.312292358803987,0.313953488372093,0.315614617940199,
0.317275747508306,0.318936877076412,0.320598006644518,0.322259136212625,
0.323920265780731,0.325581395348837,0.327242524916944,0.32890365448505,
0.330564784053156,0.332225913621262,0.333887043189369,0.335548172757475,
0.337209302325581,0.338870431893688,0.340531561461794,0.3421926910299,0.343853820598007,
0.345514950166113,0.347176079734219,0.348837209302326,0.350498338870432,
0.352159468438538,0.353820598006645,0.355481727574751,0.357142857142857,
0.358803986710963,0.36046511627907,0.362126245847176,0.363787375415282,
0.365448504983389,0.367109634551495,0.368770764119601,0.370431893687708,
0.372093023255814,0.37375415282392,0.375415282392027,0.377076411960133,
0.378737541528239,0.380398671096346,0.382059800664452,0.383720930232558,
0.385382059800664,0.387043189368771,0.388704318936877,0.390365448504983,
0.39202657807309,0.393687707641196,0.395348837209302,0.397009966777409,
0.398671096345515,0.400332225913621,0.401993355481728,0.403654485049834,
0.40531561461794,0.406976744186047,0.408637873754153,0.410299003322259,
0.411960132890365,0.413621262458472,0.415282392026578,0.416943521594684,
0.418604651162791,0.419888977846613),.PIECEWISE_BEZIER_KNOTS.)
GEOMETRIC_REPRESENTATION_ITEM()
RATIONAL_B_SPLINE_SURFACE(((0.988684825866711,0.991376100913984,1.,0.974927912181824,
1.,0.974927912181824,1.,0.974927912181824,1.,0.974927912181824,1.,0.974927912181824,
1.,0.974927912181824,1.,0.974927912181824,1.,0.974927912181824,1.,0.974927912181824,
1.,0.974927912181824,1.,0.974927912181824,1.,0.974927912181824,1.,0.974927912181824,
1.,0.974927912181824,1.,0.974927912181824,1.,0.974927912181824,1.,0.974927912181824,
1.,0.974927912181824,1.,0.974927912181824,1.,0.974927912181824,1.,0.974927912181824,
1.,0.974927912181824,1.,0.974927912181824,1.,0.974927912181824,1.,0.974927912181824,
1.,0.974927912181824,1.,0.974927912181824,1.,0.974927912181824,1.,0.974927912181824,
1.,0.974927912181824,1.,0.974927912181824,1.,0.974927912181824,1.,0.974927912181824,
1.,0.974927912181824,1.,0.974927912181824,1.,0.974927912181824,1.,0.974927912181824,
1.,0.974927912181824,1.,0.974927912181824,1.,0.974927912181824,1.,0.974927912181824,
1.,0.974927912181824,1.,0.974927912181824,1.,0.974927912181824,1.,0.974927912181824,
1.,0.974927912181824,1.,0.974927912181824,1.,0.974927912181824,1.,0.974927912181824,
1.,0.974927912181824,1.,0.974927912181824,1.,0.974927912181824,1.,0.974927912181824,
1.,0.974927912181824,1.,0.974927912181824,1.,0.974927912181824,1.,0.974927912181824,
1.,0.974927912181824,1.,0.974927912181824,1.,0.974927912181824,1.,0.974927912181824,
1.,0.974927912181824,1.,0.974927912181824,1.,0.974927912181824,1.,0.974927912181824,
1.,0.974927912181824,1.,0.974927912181824,1.,0.974927912181824,1.,0.974927912181824,
1.,0.974927912181824,1.,0.974927912181824,1.,0.974927912181824,1.,0.974927912181824,
1.,0.974927912181824,1.,0.974927912181824,1.,0.974927912181824,1.,0.974927912181824,
1.,0.974927912181824,1.,0.974927912181824,1.,0.974927912181824,1.,0.974927912181824,
1.,0.974927912181824,1.,0.974927912181824,1.,0.974927912181824,1.,0.974927912181824,
1.,0.974927912181824,1.,0.974927912181824,1.,0.974927912181824,1.,0.974927912181824,
1.,0.974927912181824,1.,0.974927912181824,1.,0.974927912181824,1.,0.974927912181824,
1.,0.974927912181824,1.,0.974927912181824,1.,0.974927912181824,1.,0.974927912181824,
1.,0.974927912181824,1.,0.974927912181824,1.,0.974927912181824,1.,0.974927912181824,
1.,0.974927912181824,1.,0.974927912181824,1.,0.974927912181824,1.,0.974927912181824,
1.,0.974927912181824,1.,0.974927912181824,1.,0.974927912181824,1.,0.974927912181824,
1.,0.974927912181824,1.,0.974927912181824,1.,0.974927912181824,1.,0.974927912181824,
1.,0.974927912181824,1.,0.974927912181824,1.,0.974927912181824,1.,0.974927912181824,
1.,0.974927912181824,1.,0.974927912181824,1.,0.974927912181824,1.,0.974927912181824,
1.,0.974927912181824,1.,0.974927912181824,1.,0.974927912181824,1.,0.974927912181824,
1.,0.974927912181824,1.,0.974927912181824,1.,0.974927912181824,1.,0.974927912181824,
1.,0.974927912181824,1.,0.974927912181824,1.,0.974927912181824,1.,0.974927912181824,
1.,0.974927912181824,1.,0.974927912181824,1.,0.974927912181824,1.,0.974927912181824,
1.,0.974927912181824,1.,0.974927912181824,1.,0.974927912181824,1.,0.974927912181824,
1.,0.974927912181824,1.,0.974927912181824,1.,0.974927912181824,1.,0.974927912181824,
1.,0.974927912181824,1.,0.974927912181824,1.,0.974927912181824,1.,0.974927912181824,
1.,0.974927912181824,1.,0.974927912181824,1.,0.974927912181824,1.,0.974927912181824,
1.,0.974927912181824,1.,0.974927912181824,1.,0.974927912181824,1.,0.974927912181824,
1.,0.974927912181824,1.,0.974927912181824,1.,0.974927912181824,1.,0.974927912181824,
1.,0.974927912181824,1.,0.974927912181824,1.,0.974927912181824,1.,0.974927912181824,
1.,0.974927912181824,1.,0.974927912181824,1.,0.974927912181824,1.,0.974927912181824,
1.,0.974927912181824,1.,0.974927912181824,1.,0.974927912181824,1.,0.974927912181824,
1.,0.974927912181824,1.,0.974927912181824,1.,0.974927912181824,1.,0.974927912181824,
1.,0.974927912181824,1.,0.974927912181824,1.,0.974927912181824,1.,0.974927912181824,
1.,0.974927912181824,1.,0.974927912181824,1.,0.974927912181824,1.,0.974927912181824,
1.,0.974927912181824,1.,0.974927912181824,1.,0.974927912181824,1.,0.974927912181824,
1.,0.974927912181824,1.,0.974927912181824,1.,0.974927912181824,1.,0.974927912181824,
1.,0.974927912181824,1.,0.974927912181824,1.,0.974927912181824,1.,0.974927912181824,
1.,0.974927912181824,1.,0.974927912181824,1.,0.974927912181824,1.,0.974927912181824,
1.,0.974927912181824,1.,0.974927912181824,1.,0.974927912181824,1.,0.974927912181824,
1.,0.974927912181824,1.,0.974927912181824,1.,0.974927912181824,1.,0.974927912181824,
1.,0.974927912181824,1.,0.974927912181824,1.,0.974927912181824,1.,0.974927912181824,
1.,0.974927912181824,1.,0.974927912181824,1.,0.974927912181824,1.,0.974927912181824,
1.,0.974927912181824,1.,0.974927912181824,1.,0.974927912181824,1.,0.974927912181824,
1.,0.974927912181824,1.,0.974927912181824,1.,0.974927912181824,1.,0.974927912181824,
1.,0.974927912181824,1.,0.974927912181824,1.,0.974927912181824,1.,0.974927912181824,
1.,0.974927912181824,1.,0.974927912181824,1.,0.974927912181824,1.,0.974927912181824,
1.,0.974927912181824,1.,0.974927912181824,1.,0.974927912181824,1.,0.974927912181824,
1.,0.974927912181824,1.,0.974927912181824,1.,0.974927912181824,1.,0.974927912181824,
1.,0.974927912181824,1.,0.974927912181824,1.,0.974927912181824,1.,0.974927912181824,
1.,0.974927912181824,1.,0.974927912181824,1.,0.980615147654783,0.991205660996778),
(0.988684825866711,0.991376100913984,1.,0.974927912181824,1.,0.974927912181824,
1.,0.974927912181824,1.,0.974927912181824,1.,0.974927912181824,1.,0.974927912181824,
1.,0.974927912181824,1.,0.974927912181824,1.,0.974927912181824,1.,0.974927912181824,
1.,0.974927912181824,1.,0.974927912181824,1.,0.974927912181824,1.,0.974927912181824,
1.,0.974927912181824,1.,0.974927912181824,1.,0.974927912181824,1.,0.974927912181824,
1.,0.974927912181824,1.,0.974927912181824,1.,0.974927912181824,1.,0.974927912181824,
1.,0.974927912181824,1.,0.974927912181824,1.,0.974927912181824,1.,0.974927912181824,
1.,0.974927912181824,1.,0.974927912181824,1.,0.974927912181824,1.,0.974927912181824,
1.,0.974927912181824,1.,0.974927912181824,1.,0.974927912181824,1.,0.974927912181824,
1.,0.974927912181824,1.,0.974927912181824,1.,0.974927912181824,1.,0.974927912181824,
1.,0.974927912181824,1.,0.974927912181824,1.,0.974927912181824,1.,0.974927912181824,
1.,0.974927912181824,1.,0.974927912181824,1.,0.974927912181824,1.,0.974927912181824,
1.,0.974927912181824,1.,0.974927912181824,1.,0.974927912181824,1.,0.974927912181824,
1.,0.974927912181824,1.,0.974927912181824,1.,0.974927912181824,1.,0.974927912181824,
1.,0.974927912181824,1.,0.974927912181824,1.,0.974927912181824,1.,0.974927912181824,
1.,0.974927912181824,1.,0.974927912181824,1.,0.974927912181824,1.,0.974927912181824,
1.,0.974927912181824,1.,0.974927912181824,1.,0.974927912181824,1.,0.974927912181824,
1.,0.974927912181824,1.,0.974927912181824,1.,0.974927912181824,1.,0.974927912181824,
1.,0.974927912181824,1.,0.974927912181824,1.,0.974927912181824,1.,0.974927912181824,
1.,0.974927912181824,1.,0.974927912181824,1.,0.974927912181824,1.,0.974927912181824,
1.,0.974927912181824,1.,0.974927912181824,1.,0.974927912181824,1.,0.974927912181824,
1.,0.974927912181824,1.,0.974927912181824,1.,0.974927912181824,1.,0.974927912181824,
1.,0.974927912181824,1.,0.974927912181824,1.,0.974927912181824,1.,0.974927912181824,
1.,0.974927912181824,1.,0.974927912181824,1.,0.974927912181824,1.,0.974927912181824,
1.,0.974927912181824,1.,0.974927912181824,1.,0.974927912181824,1.,0.974927912181824,
1.,0.974927912181824,1.,0.974927912181824,1.,0.974927912181824,1.,0.974927912181824,
1.,0.974927912181824,1.,0.974927912181824,1.,0.974927912181824,1.,0.974927912181824,
1.,0.974927912181824,1.,0.974927912181824,1.,0.974927912181824,1.,0.974927912181824,
1.,0.974927912181824,1.,0.974927912181824,1.,0.974927912181824,1.,0.974927912181824,
1.,0.974927912181824,1.,0.974927912181824,1.,0.974927912181824,1.,0.974927912181824,
1.,0.974927912181824,1.,0.974927912181824,1.,0.974927912181824,1.,0.974927912181824,
1.,0.974927912181824,1.,0.974927912181824,1.,0.974927912181824,1.,0.974927912181824,
1.,0.974927912181824,1.,0.974927912181824,1.,0.974927912181824,1.,0.974927912181824,
1.,0.974927912181824,1.,0.974927912181824,1.,0.974927912181824,1.,0.974927912181824,
1.,0.974927912181824,1.,0.974927912181824,1.,0.974927912181824,1.,0.974927912181824,
1.,0.974927912181824,1.,0.974927912181824,1.,0.974927912181824,1.,0.974927912181824,
1.,0.974927912181824,1.,0.974927912181824,1.,0.974927912181824,1.,0.974927912181824,
1.,0.974927912181824,1.,0.974927912181824,1.,0.974927912181824,1.,0.974927912181824,
1.,0.974927912181824,1.,0.974927912181824,1.,0.974927912181824,1.,0.974927912181824,
1.,0.974927912181824,1.,0.974927912181824,1.,0.974927912181824,1.,0.974927912181824,
1.,0.974927912181824,1.,0.974927912181824,1.,0.974927912181824,1.,0.974927912181824,
1.,0.974927912181824,1.,0.974927912181824,1.,0.974927912181824,1.,0.974927912181824,
1.,0.974927912181824,1.,0.974927912181824,1.,0.974927912181824,1.,0.974927912181824,
1.,0.974927912181824,1.,0.974927912181824,1.,0.974927912181824,1.,0.974927912181824,
1.,0.974927912181824,1.,0.974927912181824,1.,0.974927912181824,1.,0.974927912181824,
1.,0.974927912181824,1.,0.974927912181824,1.,0.974927912181824,1.,0.974927912181824,
1.,0.974927912181824,1.,0.974927912181824,1.,0.974927912181824,1.,0.974927912181824,
1.,0.974927912181824,1.,0.974927912181824,1.,0.974927912181824,1.,0.974927912181824,
1.,0.974927912181824,1.,0.974927912181824,1.,0.974927912181824,1.,0.974927912181824,
1.,0.974927912181824,1.,0.974927912181824,1.,0.974927912181824,1.,0.974927912181824,
1.,0.974927912181824,1.,0.974927912181824,1.,0.974927912181824,1.,0.974927912181824,
1.,0.974927912181824,1.,0.974927912181824,1.,0.974927912181824,1.,0.974927912181824,
1.,0.974927912181824,1.,0.974927912181824,1.,0.974927912181824,1.,0.974927912181824,
1.,0.974927912181824,1.,0.974927912181824,1.,0.974927912181824,1.,0.974927912181824,
1.,0.974927912181824,1.,0.974927912181824,1.,0.974927912181824,1.,0.974927912181824,
1.,0.974927912181824,1.,0.974927912181824,1.,0.974927912181824,1.,0.974927912181824,
1.,0.974927912181824,1.,0.974927912181824,1.,0.974927912181824,1.,0.974927912181824,
1.,0.974927912181824,1.,0.974927912181824,1.,0.974927912181824,1.,0.974927912181824,
1.,0.974927912181824,1.,0.974927912181824,1.,0.974927912181824,1.,0.974927912181824,
1.,0.974927912181824,1.,0.974927912181824,1.,0.974927912181824,1.,0.974927912181824,
1.,0.974927912181824,1.,0.974927912181824,1.,0.974927912181824,1.,0.974927912181824,
1.,0.974927912181824,1.,0.974927912181824,1.,0.974927912181824,1.,0.974927912181824,
1.,0.974927912181824,1.,0.980615147654783,0.991205660996778)))
REPRESENTATION_ITEM('')
SURFACE()
);
#22=PLANE('',#217);
#23=PLANE('',#218);
#24=PLANE('',#220);
#25=PLANE('',#226);
#26=PLANE('',#227);
#27=B_SPLINE_CURVE_WITH_KNOTS('',3,(#2689,#2690,#2691,#2692,#2693,#2694,
#2695,#2696,#2697,#2698,#2699),.UNSPECIFIED.,.T.,.F.,(1,1,1,1,1,1,1,1,1,
1,1,1,1,1,1),(-0.00352920154577121,-0.00235280103051414,-0.00117640051525707,
5.95161017189006E-19,0.00117640051525707,0.00235280103051414,0.00352920154577121,
0.00470560206102828,0.00588200257628535,0.00705840309154242,0.00823480360679949,
0.00941120412205656,0.0105876046373136,0.0117640051525707,0.0129404056678278),
 .UNSPECIFIED.);
#28=B_SPLINE_CURVE_WITH_KNOTS('',3,(#2701,#2702,#2703,#2704,#2705,#2706,
#2707,#2708,#2709,#2710,#2711),.UNSPECIFIED.,.T.,.F.,(1,1,1,1,1,1,1,1,1,
1,1,1,1,1,1),(-0.00352920154577121,-0.00235280103051414,-0.00117640051525707,
3.4561216926772E-19,0.00117640051525707,0.00235280103051414,0.00352920154577121,
0.00470560206102828,0.00588200257628535,0.00705840309154242,0.00823480360679949,
0.00941120412205656,0.0105876046373136,0.0117640051525707,0.0129404056678278),
 .UNSPECIFIED.);
#29=B_SPLINE_CURVE_WITH_KNOTS('',3,(#2713,#2714,#2715,#2716,#2717,#2718,
#2719,#2720,#2721,#2722,#2723),.UNSPECIFIED.,.T.,.F.,(1,1,1,1,1,1,1,1,1,
1,1,1,1,1,1),(-0.00352920154577129,-0.00235280103051419,-0.0011764005152571,
3.7398179010407E-19,0.0011764005152571,0.00235280103051419,0.00352920154577129,
0.00470560206102839,0.00588200257628548,0.00705840309154258,0.00823480360679967,
0.00941120412205677,0.0105876046373139,0.011764005152571,0.0129404056678281),
 .UNSPECIFIED.);
#30=B_SPLINE_CURVE_WITH_KNOTS('',3,(#2725,#2726,#2727,#2728,#2729,#2730,
#2731,#2732,#2733,#2734,#2735),.UNSPECIFIED.,.T.,.F.,(1,1,1,1,1,1,1,1,1,
1,1,1,1,1,1),(-0.00352920154577129,-0.00235280103051419,-0.0011764005152571,
3.39586326443362E-20,0.0011764005152571,0.00235280103051419,0.00352920154577129,
0.00470560206102839,0.00588200257628548,0.00705840309154258,0.00823480360679968,
0.00941120412205677,0.0105876046373139,0.011764005152571,0.0129404056678281),
 .UNSPECIFIED.);
#31=B_SPLINE_CURVE_WITH_KNOTS('',3,(#2751,#2752,#2753,#2754,#2755,#2756,
#2757),.UNSPECIFIED.,.F.,.F.,(4,1,1,1,4),(1.77557760993581E-17,0.00179479923919989,
0.00358959847839976,0.00538439771759964,0.00717919695679951),
 .UNSPECIFIED.);
#32=B_SPLINE_CURVE_WITH_KNOTS('',3,(#2758,#2759,#2760,#2761,#2762,#2763,
#2764),.UNSPECIFIED.,.F.,.F.,(4,1,1,1,4),(5.80228281070287E-20,0.0017980248357716,
0.0035960496715432,0.0053940745073148,0.0071920993430864),.UNSPECIFIED.);
#33=B_SPLINE_CURVE_WITH_KNOTS('',3,(#6172,#6173,#6174,#6175,#6176,#6177,
#6178),.UNSPECIFIED.,.F.,.F.,(4,1,1,1,4),(5.8184394216733E-17,0.00179628615802463,
0.0035925723160492,0.00538885847407377,0.00718514463209834),
 .UNSPECIFIED.);
#34=B_SPLINE_CURVE_WITH_KNOTS('',3,(#7177,#7178,#7179,#7180,#7181,#7182,
#7183),.UNSPECIFIED.,.F.,.F.,(4,1,1,1,4),(1.55838741293648E-17,0.0017991766382285,
0.00359835327645699,0.00539752991468547,0.00719670655291396),
 .UNSPECIFIED.);
#35=(
BOUNDED_CURVE()
B_SPLINE_CURVE(2,(#275,#276,#277,#278,#279,#280,#281,#282,#283,#284,#285,
#286,#287,#288,#289,#290,#291,#292,#293,#294,#295,#296,#297,#298,#299,#300,
#301,#302,#303,#304,#305,#306,#307,#308,#309,#310,#311,#312,#313,#314,#315,
#316,#317,#318,#319,#320,#321,#322,#323,#324,#325,#326,#327,#328,#329,#330,
#331,#332,#333,#334,#335,#336,#337,#338,#339,#340,#341,#342,#343,#344,#345,
#346,#347,#348,#349,#350,#351,#352,#353,#354,#355,#356,#357,#358,#359,#360,
#361,#362,#363,#364,#365,#366,#367,#368,#369,#370,#371,#372,#373,#374,#375,
#376,#377,#378,#379,#380,#381,#382,#383,#384,#385,#386,#387,#388,#389,#390,
#391,#392,#393,#394,#395,#396,#397,#398,#399,#400,#401,#402,#403,#404,#405,
#406,#407,#408,#409,#410,#411,#412,#413,#414,#415,#416,#417,#418,#419,#420,
#421,#422,#423,#424,#425,#426,#427,#428,#429,#430,#431,#432,#433,#434,#435,
#436,#437,#438,#439,#440,#441,#442,#443,#444,#445,#446,#447,#448,#449,#450,
#451,#452,#453,#454,#455,#456,#457,#458,#459,#460,#461,#462,#463,#464,#465,
#466,#467,#468,#469,#470,#471,#472,#473,#474,#475,#476,#477,#478,#479,#480,
#481,#482,#483,#484,#485,#486,#487,#488,#489,#490,#491,#492,#493,#494,#495,
#496,#497,#498,#499,#500,#501,#502,#503,#504,#505,#506,#507,#508,#509,#510,
#511,#512,#513,#514,#515,#516,#517,#518,#519,#520,#521,#522,#523,#524,#525,
#526,#527,#528,#529,#530,#531,#532,#533,#534,#535,#536,#537,#538,#539,#540,
#541,#542,#543,#544,#545,#546,#547,#548,#549,#550,#551,#552,#553,#554,#555,
#556,#557,#558,#559,#560,#561,#562,#563,#564,#565,#566,#567,#568,#569,#570,
#571,#572,#573,#574,#575,#576,#577,#578,#579,#580,#581,#582,#583,#584,#585,
#586,#587,#588,#589,#590,#591,#592,#593,#594,#595,#596,#597,#598,#599,#600,
#601,#602,#603,#604,#605,#606,#607,#608,#609,#610,#611,#612,#613,#614,#615,
#616,#617,#618,#619,#620,#621,#622,#623,#624,#625,#626,#627,#628,#629,#630,
#631,#632,#633,#634,#635,#636,#637,#638,#639,#640,#641,#642,#643,#644,#645,
#646,#647,#648,#649,#650,#651,#652,#653,#654,#655,#656,#657,#658,#659,#660,
#661,#662,#663,#664,#665,#666,#667,#668,#669,#670,#671,#672,#673,#674,#675,
#676,#677,#678,#679,#680,#681,#682,#683,#684,#685,#686,#687,#688,#689,#690,
#691,#692,#693,#694,#695,#696,#697,#698,#699,#700,#701,#702,#703,#704,#705,
#706,#707,#708,#709,#710,#711,#712,#713,#714,#715,#716,#717,#718,#719,#720,
#721,#722,#723,#724,#725,#726,#727,#728,#729,#730,#731,#732,#733,#734,#735,
#736,#737,#738,#739,#740,#741,#742,#743,#744,#745,#746,#747,#748,#749,#750,
#751,#752,#753,#754,#755,#756,#757,#758,#759,#760,#761,#762,#763,#764,#765,
#766,#767,#768,#769,#770,#771,#772,#773,#774,#775,#776,#777,#778,#779,#780,
#781,#782,#783,#784,#785,#786,#787,#788,#789,#790,#791,#792,#793,#794,#795,
#796,#797,#798,#799,#800,#801,#802,#803,#804,#805,#806,#807,#808,#809,#810,
#811,#812,#813,#814,#815,#816,#817,#818,#819,#820,#821,#822,#823,#824,#825,
#826,#827,#828,#829,#830,#831,#832,#833,#834,#835,#836,#837,#838,#839,#840,
#841,#842,#843,#844,#845,#846,#847,#848,#849,#850,#851,#852,#853,#854,#855,
#856,#857,#858,#859,#860,#861,#862,#863,#864,#865,#866,#867,#868,#869,#870,
#871,#872,#873,#874,#875,#876,#877,#878,#879,#880,#881,#882,#883,#884,#885,
#886,#887,#888,#889,#890,#891,#892,#893,#894,#895,#896,#897,#898,#899,#900,
#901,#902,#903,#904,#905,#906,#907,#908,#909,#910,#911,#912,#913,#914,#915,
#916,#917,#918,#919,#920,#921,#922,#923,#924,#925,#926,#927,#928,#929,#930,
#931,#932,#933,#934,#935,#936,#937,#938,#939,#940,#941,#942,#943,#944,#945,
#946,#947,#948,#949,#950,#951,#952,#953,#954,#955,#956,#957,#958,#959,#960,
#961,#962,#963,#964,#965,#966,#967,#968,#969,#970,#971,#972,#973,#974,#975,
#976,#977,#978,#979,#980,#981,#982,#983,#984,#985,#986,#987,#988,#989,#990,
#991,#992,#993,#994,#995,#996,#997,#998,#999,#1000,#1001,#1002,#1003,#1004,
#1005,#1006,#1007,#1008,#1009,#1010,#1011,#1012,#1013,#1014,#1015,#1016,
#1017,#1018,#1019,#1020,#1021,#1022,#1023,#1024,#1025,#1026,#1027,#1028,
#1029,#1030,#1031,#1032,#1033,#1034,#1035,#1036,#1037,#1038,#1039,#1040,
#1041,#1042,#1043,#1044,#1045,#1046,#1047,#1048,#1049,#1050,#1051,#1052,
#1053,#1054,#1055,#1056,#1057,#1058,#1059,#1060,#1061,#1062,#1063,#1064,
#1065,#1066,#1067,#1068,#1069,#1070,#1071,#1072,#1073,#1074,#1075,#1076,
#1077,#1078,#1079,#1080,#1081,#1082,#1083,#1084,#1085,#1086,#1087,#1088,
#1089,#1090,#1091,#1092,#1093,#1094,#1095,#1096,#1097,#1098,#1099,#1100,
#1101,#1102,#1103,#1104,#1105,#1106,#1107,#1108,#1109,#1110,#1111,#1112,
#1113,#1114,#1115,#1116,#1117,#1118,#1119,#1120,#1121,#1122,#1123,#1124,
#1125,#1126,#1127,#1128,#1129,#1130,#1131,#1132,#1133,#1134,#1135,#1136,
#1137,#1138,#1139,#1140,#1141,#1142,#1143,#1144,#1145,#1146,#1147,#1148,
#1149,#1150,#1151,#1152,#1153,#1154,#1155,#1156,#1157,#1158,#1159,#1160,
#1161,#1162,#1163,#1164,#1165,#1166,#1167,#1168,#1169,#1170,#1171,#1172,
#1173,#1174,#1175,#1176,#1177,#1178,#1179,#1180,#1181,#1182,#1183,#1184,
#1185,#1186,#1187,#1188,#1189,#1190,#1191,#1192,#1193,#1194,#1195,#1196,
#1197,#1198,#1199,#1200,#1201,#1202,#1203,#1204,#1205,#1206,#1207,#1208,
#1209,#1210,#1211,#1212,#1213,#1214,#1215,#1216,#1217,#1218,#1219,#1220,
#1221,#1222,#1223,#1224,#1225,#1226,#1227,#1228,#1229,#1230,#1231,#1232,
#1233,#1234,#1235,#1236,#1237,#1238,#1239,#1240,#1241,#1242,#1243,#1244,
#1245,#1246,#1247,#1248,#1249,#1250,#1251,#1252,#1253,#1254,#1255,#1256,
#1257,#1258,#1259,#1260,#1261,#1262,#1263,#1264,#1265,#1266,#1267,#1268,
#1269,#1270,#1271,#1272,#1273,#1274,#1275,#1276,#1277,#1278,#1279,#1280,
#1281,#1282,#1283,#1284,#1285,#1286,#1287,#1288,#1289,#1290,#1291,#1292,
#1293,#1294,#1295,#1296,#1297,#1298,#1299,#1300,#1301,#1302,#1303,#1304,
#1305,#1306,#1307,#1308,#1309,#1310,#1311,#1312,#1313,#1314,#1315,#1316,
#1317,#1318,#1319,#1320,#1321,#1322,#1323,#1324,#1325,#1326,#1327,#1328,
#1329,#1330,#1331,#1332,#1333,#1334,#1335,#1336,#1337,#1338,#1339,#1340,
#1341,#1342,#1343,#1344,#1345,#1346,#1347,#1348,#1349,#1350,#1351,#1352,
#1353,#1354,#1355,#1356,#1357,#1358,#1359,#1360,#1361,#1362,#1363,#1364,
#1365,#1366,#1367,#1368,#1369,#1370,#1371,#1372,#1373,#1374,#1375,#1376,
#1377,#1378,#1379,#1380,#1381,#1382,#1383,#1384,#1385,#1386,#1387,#1388,
#1389,#1390,#1391,#1392,#1393,#1394,#1395,#1396,#1397,#1398,#1399,#1400,
#1401,#1402,#1403,#1404,#1405,#1406,#1407,#1408,#1409,#1410,#1411,#1412,
#1413,#1414,#1415,#1416,#1417,#1418,#1419,#1420,#1421,#1422,#1423,#1424,
#1425,#1426,#1427,#1428,#1429,#1430,#1431,#1432,#1433,#1434,#1435,#1436,
#1437,#1438,#1439,#1440,#1441,#1442,#1443,#1444,#1445,#1446,#1447,#1448,
#1449,#1450,#1451,#1452,#1453,#1454,#1455,#1456,#1457,#1458,#1459,#1460,
#1461,#1462,#1463,#1464,#1465,#1466,#1467,#1468,#1469,#1470,#1471,#1472,
#1473,#1474,#1475,#1476,#1477,#1478,#1479),.UNSPECIFIED.,.F.,.F.)
B_SPLINE_CURVE_WITH_KNOTS((3,2,2,2,2,2,2,2,2,2,2,2,2,2,2,2,2,2,2,2,2,2,
2,2,2,2,2,2,2,2,2,2,2,2,2,2,2,2,2,2,2,2,2,2,2,2,2,2,2,2,2,2,2,2,2,2,2,2,
2,2,2,2,2,2,2,2,2,2,2,2,2,2,2,2,2,2,2,2,2,2,2,2,2,2,2,2,2,2,2,2,2,2,2,2,
2,2,2,2,2,2,2,2,2,2,2,2,2,2,2,2,2,2,2,2,2,2,2,2,2,2,2,2,2,2,2,2,2,2,2,2,
2,2,2,2,2,2,2,2,2,2,2,2,2,2,2,2,2,2,2,2,2,2,2,2,2,2,2,2,2,2,2,2,2,2,2,2,
2,2,2,2,2,2,2,2,2,2,2,2,2,2,2,2,2,2,2,2,2,2,2,2,2,2,2,2,2,2,2,2,2,2,2,2,
2,2,2,2,2,2,2,2,2,2,2,2,2,2,2,2,2,2,2,2,2,2,2,2,2,2,2,2,2,2,2,2,2,2,2,2,
2,2,2,2,2,2,2,2,2,2,2,2,2,2,2,2,2,2,2,2,2,2,2,2,2,2,2,2,2,2,2,2,2,2,2,2,
2,2,2,2,2,2,2,2,2,2,2,2,2,2,2,2,2,2,2,2,2,2,2,2,2,2,2,2,2,2,2,2,2,2,2,2,
2,2,2,2,2,2,2,2,2,2,2,2,2,2,2,2,2,2,2,2,2,2,2,2,2,2,2,2,2,2,2,2,2,2,2,2,
2,2,2,2,2,2,2,2,2,2,2,2,2,2,2,2,2,2,2,2,2,2,2,2,2,2,2,2,2,2,2,2,2,2,2,2,
2,2,2,2,2,2,2,2,2,2,2,2,2,2,2,2,2,2,2,2,2,2,2,2,2,2,2,2,2,2,2,2,2,2,2,2,
2,2,2,2,2,2,2,2,2,2,2,2,2,2,2,2,2,2,2,2,2,2,2,2,2,2,2,2,2,2,2,2,2,2,2,2,
2,2,2,2,2,2,2,2,2,2,2,2,2,2,2,2,2,2,2,2,2,2,2,2,2,2,2,2,2,2,2,2,2,2,2,2,
2,2,2,2,2,2,2,2,2,2,2,2,2,2,2,2,2,2,2,2,2,2,2,2,2,2,2,2,2,2,2,2,2,2,2,2,
2,2,2,2,2,2,2,2,2,2,2,2,2,2,2,2,2,2,2,2,2,2,2,2,2,2,2,2,2,2,2,2,2,2,2,2,
2,2,2,2,2,2,2,2,2,2,2,2,2,2,2,2,2,2,2,2,2,2,2,2,2,2,2,2,2,2,2,2,2,2,2,2,
2,2,2,2,3),(0.,0.00166112956810631,0.00332225913621262,0.00498338870431894,
0.00664451827242525,0.00830564784053156,0.00996677740863787,0.0116279069767442,
0.0132890365448505,0.0149501661129568,0.0166112956810631,0.0182724252491694,
0.0199335548172757,0.0215946843853821,0.0232558139534884,0.0249169435215947,
0.026578073089701,0.0282392026578073,0.0299003322259136,0.0315614617940199,
0.0332225913621262,0.0348837209302326,0.0365448504983389,0.0382059800664452,
0.0398671096345515,0.0415282392026578,0.0431893687707641,0.0448504983388704,
0.0465116279069767,0.0481727574750831,0.0498338870431894,0.0514950166112957,
0.053156146179402,0.0548172757475083,0.0564784053156146,0.0581395348837209,
0.0598006644518272,0.0614617940199336,0.0631229235880399,0.0647840531561462,
0.0664451827242525,0.0681063122923588,0.0697674418604651,0.0714285714285714,
0.0730897009966777,0.0747508305647841,0.0764119601328904,0.0780730897009967,
0.079734219269103,0.0813953488372093,0.0830564784053156,0.0847176079734219,
0.0863787375415282,0.0880398671096345,0.0897009966777409,0.0913621262458472,
0.0930232558139535,0.0946843853820598,0.0963455149501661,0.0980066445182724,
0.0996677740863787,0.101328903654485,0.102990033222591,0.104651162790698,
0.106312292358804,0.10797342192691,0.109634551495017,0.111295681063123,
0.112956810631229,0.114617940199336,0.116279069767442,0.117940199335548,
0.119601328903654,0.121262458471761,0.122923588039867,0.124584717607973,
0.12624584717608,0.127906976744186,0.129568106312292,0.131229235880399,
0.132890365448505,0.134551495016611,0.136212624584718,0.137873754152824,
0.13953488372093,0.141196013289037,0.142857142857143,0.144518272425249,
0.146179401993355,0.147840531561462,0.149501661129568,0.151162790697674,
0.152823920265781,0.154485049833887,0.156146179401993,0.1578073089701,0.159468438538206,
0.161129568106312,0.162790697674419,0.164451827242525,0.166112956810631,
0.167774086378738,0.169435215946844,0.17109634551495,0.172757475083056,
0.174418604651163,0.176079734219269,0.177740863787375,0.179401993355482,
0.181063122923588,0.182724252491694,0.184385382059801,0.186046511627907,
0.187707641196013,0.18936877076412,0.191029900332226,0.192691029900332,
0.194352159468439,0.196013289036545,0.197674418604651,0.199335548172757,
0.200996677740864,0.20265780730897,0.204318936877076,0.205980066445183,
0.207641196013289,0.209302325581395,0.210963455149502,0.212624584717608,
0.214285714285714,0.215946843853821,0.217607973421927,0.219269102990033,
0.22093023255814,0.222591362126246,0.224252491694352,0.225913621262458,
0.227574750830565,0.229235880398671,0.230897009966777,0.232558139534884,
0.23421926910299,0.235880398671096,0.237541528239203,0.239202657807309,
0.240863787375415,0.242524916943522,0.244186046511628,0.245847176079734,
0.247508305647841,0.249169435215947,0.250830564784053,0.252491694352159,
0.254152823920266,0.255813953488372,0.257475083056478,0.259136212624585,
0.260797342192691,0.262458471760797,0.264119601328904,0.26578073089701,
0.267441860465116,0.269102990033223,0.270764119601329,0.272425249169435,
0.274086378737542,0.275747508305648,0.277408637873754,0.27906976744186,
0.280730897009967,0.282392026578073,0.284053156146179,0.285714285714286,
0.287375415282392,0.289036544850498,0.290697674418605,0.292358803986711,
0.294019933554817,0.295681063122924,0.29734219269103,0.299003322259136,
0.300664451827243,0.302325581395349,0.303986710963455,0.305647840531561,
0.307308970099668,0.308970099667774,0.31063122923588,0.312292358803987,
0.313953488372093,0.315614617940199,0.317275747508306,0.318936877076412,
0.320598006644518,0.322259136212625,0.323920265780731,0.325581395348837,
0.327242524916944,0.32890365448505,0.330564784053156,0.332225913621262,
0.333887043189369,0.335548172757475,0.337209302325581,0.338870431893688,
0.340531561461794,0.3421926910299,0.343853820598007,0.345514950166113,0.347176079734219,
0.348837209302326,0.350498338870432,0.352159468438538,0.353820598006645,
0.355481727574751,0.357142857142857,0.358803986710963,0.36046511627907,
0.362126245847176,0.363787375415282,0.365448504983389,0.367109634551495,
0.368770764119601,0.370431893687708,0.372093023255814,0.37375415282392,
0.375415282392027,0.377076411960133,0.378737541528239,0.380398671096346,
0.382059800664452,0.383720930232558,0.385382059800664,0.387043189368771,
0.388704318936877,0.390365448504983,0.39202657807309,0.393687707641196,
0.395348837209302,0.397009966777409,0.398671096345515,0.400332225913621,
0.401993355481728,0.403654485049834,0.40531561461794,0.406976744186047,
0.408637873754153,0.410299003322259,0.411960132890365,0.413621262458472,
0.415282392026578,0.416943521594684,0.418604651162791,0.420265780730897,
0.421926910299003,0.42358803986711,0.425249169435216,0.426910299003322,
0.428571428571429,0.430232558139535,0.431893687707641,0.433554817275748,
0.435215946843854,0.43687707641196,0.438538205980066,0.440199335548173,
0.441860465116279,0.443521594684385,0.445182724252492,0.446843853820598,
0.448504983388704,0.450166112956811,0.451827242524917,0.453488372093023,
0.45514950166113,0.456810631229236,0.458471760797342,0.460132890365449,
0.461794019933555,0.463455149501661,0.465116279069767,0.466777408637874,
0.46843853820598,0.470099667774086,0.471760797342193,0.473421926910299,
0.475083056478405,0.476744186046512,0.478405315614618,0.480066445182724,
0.481727574750831,0.483388704318937,0.485049833887043,0.48671096345515,
0.488372093023256,0.490033222591362,0.491694352159468,0.493355481727575,
0.495016611295681,0.496677740863787,0.498338870431894,0.5,0.501661129568106,
0.503322259136213,0.504983388704319,0.506644518272425,0.508305647840532,
0.509966777408638,0.511627906976744,0.51328903654485,0.514950166112957,
0.516611295681063,0.518272425249169,0.519933554817276,0.521594684385382,
0.523255813953488,0.524916943521595,0.526578073089701,0.528239202657807,
0.529900332225914,0.53156146179402,0.533222591362126,0.534883720930233,
0.536544850498339,0.538205980066445,0.539867109634552,0.541528239202658,
0.543189368770764,0.54485049833887,0.546511627906977,0.548172757475083,
0.549833887043189,0.551495016611296,0.553156146179402,0.554817275747508,
0.556478405315615,0.558139534883721,0.559800664451827,0.561461794019934,
0.56312292358804,0.564784053156146,0.566445182724252,0.568106312292359,
0.569767441860465,0.571428571428571,0.573089700996678,0.574750830564784,
0.57641196013289,0.578073089700997,0.579734219269103,0.581395348837209,
0.583056478405316,0.584717607973422,0.586378737541528,0.588039867109635,
0.589700996677741,0.591362126245847,0.593023255813954,0.59468438538206,
0.596345514950166,0.598006644518272,0.599667774086379,0.601328903654485,
0.602990033222591,0.604651162790698,0.606312292358804,0.60797342192691,
0.609634551495017,0.611295681063123,0.612956810631229,0.614617940199336,
0.616279069767442,0.617940199335548,0.619601328903654,0.621262458471761,
0.622923588039867,0.624584717607973,0.62624584717608,0.627906976744186,
0.629568106312292,0.631229235880399,0.632890365448505,0.634551495016611,
0.636212624584718,0.637873754152824,0.63953488372093,0.641196013289037,
0.642857142857143,0.644518272425249,0.646179401993355,0.647840531561462,
0.649501661129568,0.651162790697674,0.652823920265781,0.654485049833887,
0.656146179401993,0.6578073089701,0.659468438538206,0.661129568106312,0.662790697674419,
0.664451827242525,0.666112956810631,0.667774086378738,0.669435215946844,
0.67109634551495,0.672757475083056,0.674418604651163,0.676079734219269,
0.677740863787375,0.679401993355482,0.681063122923588,0.682724252491694,
0.684385382059801,0.686046511627907,0.687707641196013,0.68936877076412,
0.691029900332226,0.692691029900332,0.694352159468439,0.696013289036545,
0.697674418604651,0.699335548172757,0.700996677740864,0.70265780730897,
0.704318936877076,0.705980066445183,0.707641196013289,0.709302325581395,
0.710963455149502,0.712624584717608,0.714285714285714,0.715946843853821,
0.717607973421927,0.719269102990033,0.720930232558139,0.722591362126246,
0.724252491694352,0.725913621262459,0.727574750830565,0.729235880398671,
0.730897009966777,0.732558139534884,0.73421926910299,0.735880398671096,
0.737541528239203,0.739202657807309,0.740863787375415,0.742524916943522,
0.744186046511628,0.745847176079734,0.747508305647841,0.749169435215947,
0.750830564784053,0.752491694352159,0.754152823920266,0.755813953488372,
0.757475083056478,0.759136212624585,0.760797342192691,0.762458471760797,
0.764119601328904,0.76578073089701,0.767441860465116,0.769102990033223,
0.770764119601329,0.772425249169435,0.774086378737541,0.775747508305648,
0.777408637873754,0.779069767441861,0.780730897009967,0.782392026578073,
0.784053156146179,0.785714285714286,0.787375415282392,0.789036544850498,
0.790697674418605,0.792358803986711,0.794019933554817,0.795681063122924,
0.79734219269103,0.799003322259136,0.800664451827243,0.802325581395349,
0.803986710963455,0.805647840531561,0.807308970099668,0.808970099667774,
0.81063122923588,0.812292358803987,0.813953488372093,0.815614617940199,
0.817275747508306,0.818936877076412,0.820598006644518,0.822259136212625,
0.823920265780731,0.825581395348837,0.827242524916944,0.82890365448505,
0.830564784053156,0.832225913621262,0.833887043189369,0.835548172757475,
0.837209302325581,0.838870431893688,0.840531561461794,0.8421926910299,0.843853820598007,
0.845514950166113,0.847176079734219,0.848837209302326,0.850498338870432,
0.852159468438538,0.853820598006645,0.855481727574751,0.857142857142857,
0.858803986710963,0.86046511627907,0.862126245847176,0.863787375415282,
0.865448504983389,0.867109634551495,0.868770764119601,0.870431893687708,
0.872093023255814,0.87375415282392,0.875415282392027,0.877076411960133,
0.878737541528239,0.880398671096346,0.882059800664452,0.883720930232558,
0.885382059800664,0.887043189368771,0.888704318936877,0.890365448504983,
0.89202657807309,0.893687707641196,0.895348837209302,0.897009966777409,
0.898671096345515,0.900332225913621,0.901993355481728,0.903654485049834,
0.90531561461794,0.906976744186046,0.908637873754153,0.910299003322259,
0.911960132890365,0.913621262458472,0.915282392026578,0.916943521594684,
0.918604651162791,0.920265780730897,0.921926910299003,0.92358803986711,
0.925249169435216,0.926910299003322,0.928571428571429,0.930232558139535,
0.931893687707641,0.933554817275748,0.935215946843854,0.93687707641196,
0.938538205980066,0.940199335548173,0.941860465116279,0.943521594684385,
0.945182724252492,0.946843853820598,0.948504983388704,0.950166112956811,
0.951827242524917,0.953488372093023,0.95514950166113,0.956810631229236,
0.958471760797342,0.960132890365448,0.961794019933555,0.963455149501661,
0.965116279069767,0.966777408637874,0.96843853820598,0.970099667774086,
0.971760797342193,0.973421926910299,0.975083056478405,0.976744186046512,
0.978405315614618,0.980066445182724,0.981727574750831,0.983388704318937,
0.985049833887043,0.98671096345515,0.988372093023256,0.990033222591362,
0.991694352159468,0.993355481727575,0.995016611295681,0.996677740863787,
0.998338870431894,1.),.UNSPECIFIED.)
CURVE()
GEOMETRIC_REPRESENTATION_ITEM()
RATIONAL_B_SPLINE_CURVE((1.,0.974927912181824,1.,0.974927912181824,1.,0.974927912181824,
1.,0.974927912181824,1.,0.974927912181824,1.,0.974927912181824,1.,0.974927912181824,
1.,0.974927912181824,1.,0.974927912181824,1.,0.974927912181824,1.,0.974927912181824,
1.,0.974927912181824,1.,0.974927912181824,1.,0.974927912181824,1.,0.974927912181824,
1.,0.974927912181824,1.,0.974927912181824,1.,0.974927912181824,1.,0.974927912181824,
1.,0.974927912181824,1.,0.974927912181824,1.,0.974927912181824,1.,0.974927912181824,
1.,0.974927912181824,1.,0.974927912181824,1.,0.974927912181824,1.,0.974927912181824,
1.,0.974927912181824,1.,0.974927912181824,1.,0.974927912181824,1.,0.974927912181824,
1.,0.974927912181824,1.,0.974927912181824,1.,0.974927912181824,1.,0.974927912181824,
1.,0.974927912181824,1.,0.974927912181824,1.,0.974927912181824,1.,0.974927912181824,
1.,0.974927912181824,1.,0.974927912181824,1.,0.974927912181824,1.,0.974927912181824,
1.,0.974927912181824,1.,0.974927912181824,1.,0.974927912181824,1.,0.974927912181824,
1.,0.974927912181824,1.,0.974927912181824,1.,0.974927912181824,1.,0.974927912181824,
1.,0.974927912181824,1.,0.974927912181824,1.,0.974927912181824,1.,0.974927912181824,
1.,0.974927912181824,1.,0.974927912181824,1.,0.974927912181824,1.,0.974927912181824,
1.,0.974927912181824,1.,0.974927912181824,1.,0.974927912181824,1.,0.974927912181824,
1.,0.974927912181824,1.,0.974927912181824,1.,0.974927912181824,1.,0.974927912181824,
1.,0.974927912181824,1.,0.974927912181824,1.,0.974927912181824,1.,0.974927912181824,
1.,0.974927912181824,1.,0.974927912181824,1.,0.974927912181824,1.,0.974927912181824,
1.,0.974927912181824,1.,0.974927912181824,1.,0.974927912181824,1.,0.974927912181824,
1.,0.974927912181824,1.,0.974927912181824,1.,0.974927912181824,1.,0.974927912181824,
1.,0.974927912181824,1.,0.974927912181824,1.,0.974927912181824,1.,0.974927912181824,
1.,0.974927912181824,1.,0.974927912181824,1.,0.974927912181824,1.,0.974927912181824,
1.,0.974927912181824,1.,0.974927912181824,1.,0.974927912181824,1.,0.974927912181824,
1.,0.974927912181824,1.,0.974927912181824,1.,0.974927912181824,1.,0.974927912181824,
1.,0.974927912181824,1.,0.974927912181824,1.,0.974927912181824,1.,0.974927912181824,
1.,0.974927912181824,1.,0.974927912181824,1.,0.974927912181824,1.,0.974927912181824,
1.,0.974927912181824,1.,0.974927912181824,1.,0.974927912181824,1.,0.974927912181824,
1.,0.974927912181824,1.,0.974927912181824,1.,0.974927912181824,1.,0.974927912181824,
1.,0.974927912181824,1.,0.974927912181824,1.,0.974927912181824,1.,0.974927912181824,
1.,0.974927912181824,1.,0.974927912181824,1.,0.974927912181824,1.,0.974927912181824,
1.,0.974927912181824,1.,0.974927912181824,1.,0.974927912181824,1.,0.974927912181824,
1.,0.974927912181824,1.,0.974927912181824,1.,0.974927912181824,1.,0.974927912181824,
1.,0.974927912181824,1.,0.974927912181824,1.,0.974927912181824,1.,0.974927912181824,
1.,0.974927912181824,1.,0.974927912181824,1.,0.974927912181824,1.,0.974927912181824,
1.,0.974927912181824,1.,0.974927912181824,1.,0.974927912181824,1.,0.974927912181824,
1.,0.974927912181824,1.,0.974927912181824,1.,0.974927912181824,1.,0.974927912181824,
1.,0.974927912181824,1.,0.974927912181824,1.,0.974927912181824,1.,0.974927912181824,
1.,0.974927912181824,1.,0.974927912181824,1.,0.974927912181824,1.,0.974927912181824,
1.,0.974927912181824,1.,0.974927912181824,1.,0.974927912181824,1.,0.974927912181824,
1.,0.974927912181824,1.,0.974927912181824,1.,0.974927912181824,1.,0.974927912181824,
1.,0.974927912181824,1.,0.974927912181824,1.,0.974927912181824,1.,0.974927912181824,
1.,0.974927912181824,1.,0.974927912181824,1.,0.974927912181824,1.,0.974927912181824,
1.,0.974927912181824,1.,0.974927912181824,1.,0.974927912181824,1.,0.974927912181824,
1.,0.974927912181824,1.,0.974927912181824,1.,0.974927912181824,1.,0.974927912181824,
1.,0.974927912181824,1.,0.974927912181824,1.,0.974927912181824,1.,0.974927912181824,
1.,0.974927912181824,1.,0.974927912181824,1.,0.974927912181824,1.,0.974927912181824,
1.,0.974927912181824,1.,0.974927912181824,1.,0.974927912181824,1.,0.974927912181824,
1.,0.974927912181824,1.,0.974927912181824,1.,0.974927912181824,1.,0.974927912181824,
1.,0.974927912181824,1.,0.974927912181824,1.,0.974927912181824,1.,0.974927912181824,
1.,0.974927912181824,1.,0.974927912181824,1.,0.974927912181824,1.,0.974927912181824,
1.,0.974927912181824,1.,0.974927912181824,1.,0.974927912181824,1.,0.974927912181824,
1.,0.974927912181824,1.,0.974927912181824,1.,0.974927912181824,1.,0.974927912181824,
1.,0.974927912181824,1.,0.974927912181824,1.,0.974927912181824,1.,0.974927912181824,
1.,0.974927912181824,1.,0.974927912181824,1.,0.974927912181824,1.,0.974927912181824,
1.,0.974927912181824,1.,0.974927912181824,1.,0.974927912181824,1.,0.974927912181824,
1.,0.974927912181824,1.,0.974927912181824,1.,0.974927912181824,1.,0.974927912181824,
1.,0.974927912181824,1.,0.974927912181824,1.,0.974927912181824,1.,0.974927912181824,
1.,0.974927912181824,1.,0.974927912181824,1.,0.974927912181824,1.,0.974927912181824,
1.,0.974927912181824,1.,0.974927912181824,1.,0.974927912181824,1.,0.974927912181824,
1.,0.974927912181824,1.,0.974927912181824,1.,0.974927912181824,1.,0.974927912181824,
1.,0.974927912181824,1.,0.974927912181824,1.,0.974927912181824,1.,0.974927912181824,
1.,0.974927912181824,1.,0.974927912181824,1.,0.974927912181824,1.,0.974927912181824,
1.,0.974927912181824,1.,0.974927912181824,1.,0.974927912181824,1.,0.974927912181824,
1.,0.974927912181824,1.,0.974927912181824,1.,0.974927912181824,1.,0.974927912181824,
1.,0.974927912181824,1.,0.974927912181824,1.,0.974927912181824,1.,0.974927912181824,
1.,0.974927912181824,1.,0.974927912181824,1.,0.974927912181824,1.,0.974927912181824,
1.,0.974927912181824,1.,0.974927912181824,1.,0.974927912181824,1.,0.974927912181824,
1.,0.974927912181824,1.,0.974927912181824,1.,0.974927912181824,1.,0.974927912181824,
1.,0.974927912181824,1.,0.974927912181824,1.,0.974927912181824,1.,0.974927912181824,
1.,0.974927912181824,1.,0.974927912181824,1.,0.974927912181824,1.,0.974927912181824,
1.,0.974927912181824,1.,0.974927912181824,1.,0.974927912181824,1.,0.974927912181824,
1.,0.974927912181824,1.,0.974927912181824,1.,0.974927912181824,1.,0.974927912181824,
1.,0.974927912181824,1.,0.974927912181824,1.,0.974927912181824,1.,0.974927912181824,
1.,0.974927912181824,1.,0.974927912181824,1.,0.974927912181824,1.,0.974927912181824,
1.,0.974927912181824,1.,0.974927912181824,1.,0.974927912181824,1.,0.974927912181824,
1.,0.974927912181824,1.,0.974927912181824,1.,0.974927912181824,1.,0.974927912181824,
1.,0.974927912181824,1.,0.974927912181824,1.,0.974927912181824,1.,0.974927912181824,
1.,0.974927912181824,1.,0.974927912181824,1.,0.974927912181824,1.,0.974927912181824,
1.,0.974927912181824,1.,0.974927912181824,1.,0.974927912181824,1.,0.974927912181824,
1.,0.974927912181824,1.,0.974927912181824,1.,0.974927912181824,1.,0.974927912181824,
1.,0.974927912181824,1.,0.974927912181824,1.,0.974927912181824,1.,0.974927912181824,
1.,0.974927912181824,1.,0.974927912181824,1.,0.974927912181824,1.,0.974927912181824,
1.,0.974927912181824,1.,0.974927912181824,1.,0.974927912181824,1.,0.974927912181824,
1.,0.974927912181824,1.,0.974927912181824,1.,0.974927912181824,1.,0.974927912181824,
1.,0.974927912181824,1.,0.974927912181824,1.,0.974927912181824,1.,0.974927912181824,
1.,0.974927912181824,1.,0.974927912181824,1.,0.974927912181824,1.,0.974927912181824,
1.,0.974927912181824,1.,0.974927912181824,1.,0.974927912181824,1.,0.974927912181824,
1.,0.974927912181824,1.,0.974927912181824,1.,0.974927912181824,1.,0.974927912181824,
1.,0.974927912181824,1.,0.974927912181824,1.,0.974927912181824,1.,0.974927912181824,
1.,0.974927912181824,1.,0.974927912181824,1.,0.974927912181824,1.,0.974927912181824,
1.,0.974927912181824,1.,0.974927912181824,1.,0.974927912181824,1.,0.974927912181824,
1.,0.974927912181824,1.,0.974927912181824,1.,0.974927912181824,1.,0.974927912181824,
1.,0.974927912181824,1.,0.974927912181824,1.,0.974927912181824,1.,0.974927912181824,
1.,0.974927912181824,1.,0.974927912181824,1.,0.974927912181824,1.,0.974927912181824,
1.,0.974927912181824,1.,0.974927912181824,1.,0.974927912181824,1.,0.974927912181824,
1.,0.974927912181824,1.,0.974927912181824,1.,0.974927912181824,1.,0.974927912181824,
1.,0.974927912181824,1.,0.974927912181824,1.,0.974927912181824,1.,0.974927912181824,
1.,0.974927912181824,1.,0.974927912181824,1.,0.974927912181824,1.,0.974927912181824,
1.,0.974927912181824,1.,0.974927912181824,1.,0.974927912181824,1.,0.974927912181824,
1.,0.974927912181824,1.,0.974927912181824,1.,0.974927912181824,1.,0.974927912181824,
1.,0.974927912181824,1.,0.974927912181824,1.,0.974927912181824,1.,0.974927912181824,
1.,0.974927912181824,1.,0.974927912181824,1.,0.974927912181824,1.,0.974927912181824,
1.,0.974927912181824,1.,0.974927912181824,1.,0.974927912181824,1.,0.974927912181824,
1.,0.974927912181824,1.,0.974927912181824,1.,0.974927912181824,1.,0.974927912181824,
1.,0.974927912181824,1.,0.974927912181824,1.,0.974927912181824,1.,0.974927912181824,
1.,0.974927912181824,1.,0.974927912181824,1.,0.974927912181824,1.,0.974927912181824,
1.,0.974927912181824,1.,0.974927912181824,1.,0.974927912181824,1.,0.974927912181824,
1.,0.974927912181824,1.,0.974927912181824,1.,0.974927912181824,1.,0.974927912181824,
1.,0.974927912181824,1.,0.974927912181824,1.,0.974927912181824,1.,0.974927912181824,
1.,0.974927912181824,1.,0.974927912181824,1.,0.974927912181824,1.,0.974927912181824,
1.,0.974927912181824,1.,0.974927912181824,1.,0.974927912181824,1.,0.974927912181824,
1.,0.974927912181824,1.,0.974927912181824,1.,0.974927912181824,1.,0.974927912181824,
1.,0.974927912181824,1.,0.974927912181824,1.,0.974927912181824,1.,0.974927912181824,
1.,0.974927912181824,1.,0.974927912181824,1.,0.974927912181824,1.,0.974927912181824,
1.,0.974927912181824,1.,0.974927912181824,1.,0.974927912181824,1.,0.974927912181824,
1.,0.974927912181824,1.,0.974927912181824,1.,0.974927912181824,1.,0.974927912181824,
1.,0.974927912181824,1.,0.974927912181824,1.,0.974927912181824,1.,0.974927912181824,
1.,0.974927912181824,1.,0.974927912181824,1.,0.974927912181824,1.,0.974927912181824,
1.,0.974927912181824,1.,0.974927912181824,1.,0.974927912181824,1.,0.974927912181824,
1.,0.974927912181824,1.,0.974927912181824,1.,0.974927912181824,1.,0.974927912181824,
1.,0.974927912181824,1.,0.974927912181824,1.,0.974927912181824,1.,0.974927912181824,
1.,0.974927912181824,1.,0.974927912181824,1.,0.974927912181824,1.,0.974927912181824,
1.,0.974927912181824,1.,0.974927912181824,1.,0.974927912181824,1.,0.974927912181824,
1.,0.974927912181824,1.,0.974927912181824,1.,0.974927912181824,1.,0.974927912181824,
1.,0.974927912181824,1.,0.974927912181824,1.,0.974927912181824,1.,0.974927912181824,
1.,0.974927912181824,1.,0.974927912181824,1.,0.974927912181824,1.,0.974927912181824,
1.,0.974927912181824,1.,0.974927912181824,1.,0.974927912181824,1.,0.974927912181824,
1.,0.974927912181824,1.,0.974927912181824,1.,0.974927912181824,1.,0.974927912181824,
1.,0.974927912181824,1.,0.974927912181824,1.,0.974927912181824,1.,0.974927912181824,
1.,0.974927912181824,1.,0.974927912181824,1.,0.974927912181824,1.,0.974927912181824,
1.,0.974927912181824,1.,0.974927912181824,1.,0.974927912181824,1.,0.974927912181824,
1.,0.974927912181824,1.,0.974927912181824,1.,0.974927912181824,1.,0.974927912181824,
1.,0.974927912181824,1.,0.974927912181824,1.,0.974927912181824,1.,0.974927912181824,
1.,0.974927912181824,1.,0.974927912181824,1.,0.974927912181824,1.,0.974927912181824,
1.,0.974927912181824,1.,0.974927912181824,1.,0.974927912181824,1.,0.974927912181824,
1.,0.974927912181824,1.,0.974927912181824,1.,0.974927912181824,1.,0.974927912181824,
1.,0.974927912181824,1.,0.974927912181824,1.,0.974927912181824,1.,0.974927912181824,
1.,0.974927912181824,1.,0.974927912181824,1.,0.974927912181824,1.,0.974927912181824,
1.,0.974927912181824,1.,0.974927912181824,1.,0.974927912181824,1.,0.974927912181824,
1.,0.974927912181824,1.,0.974927912181824,1.,0.974927912181824,1.,0.974927912181824,
1.,0.974927912181824,1.,0.974927912181824,1.,0.974927912181824,1.,0.974927912181824,
1.,0.974927912181824,1.,0.974927912181824,1.,0.974927912181824,1.,0.974927912181824,
1.,0.974927912181824,1.,0.974927912181824,1.,0.974927912181824,1.,0.974927912181824,
1.,0.974927912181824,1.,0.974927912181824,1.,0.974927912181824,1.,0.974927912181824,
1.,0.974927912181824,1.,0.974927912181824,1.,0.974927912181824,1.,0.974927912181824,
1.,0.974927912181824,1.,0.974927912181824,1.,0.974927912181824,1.,0.974927912181824,
1.,0.974927912181824,1.,0.974927912181824,1.,0.974927912181824,1.,0.974927912181824,
1.,0.974927912181824,1.,0.974927912181824,1.,0.974927912181824,1.,0.974927912181824,
1.,0.974927912181824,1.,0.974927912181824,1.,0.974927912181824,1.,0.974927912181824,
1.,0.974927912181824,1.,0.974927912181824,1.,0.974927912181824,1.))
REPRESENTATION_ITEM('')
);
#36=(
BOUNDED_CURVE()
B_SPLINE_CURVE(2,(#1483,#1484,#1485,#1486,#1487,#1488,#1489,#1490,#1491,
#1492,#1493,#1494,#1495,#1496,#1497,#1498,#1499,#1500,#1501,#1502,#1503,
#1504,#1505,#1506,#1507,#1508,#1509,#1510,#1511,#1512,#1513,#1514,#1515,
#1516,#1517,#1518,#1519,#1520,#1521,#1522,#1523,#1524,#1525,#1526,#1527,
#1528,#1529,#1530,#1531,#1532,#1533,#1534,#1535,#1536,#1537,#1538,#1539,
#1540,#1541,#1542,#1543,#1544,#1545,#1546,#1547,#1548,#1549,#1550,#1551,
#1552,#1553,#1554,#1555,#1556,#1557,#1558,#1559,#1560,#1561,#1562,#1563,
#1564,#1565,#1566,#1567,#1568,#1569,#1570,#1571,#1572,#1573,#1574,#1575,
#1576,#1577,#1578,#1579,#1580,#1581,#1582,#1583,#1584,#1585,#1586,#1587,
#1588,#1589,#1590,#1591,#1592,#1593,#1594,#1595,#1596,#1597,#1598,#1599,
#1600,#1601,#1602,#1603,#1604,#1605,#1606,#1607,#1608,#1609,#1610,#1611,
#1612,#1613,#1614,#1615,#1616,#1617,#1618,#1619,#1620,#1621,#1622,#1623,
#1624,#1625,#1626,#1627,#1628,#1629,#1630,#1631,#1632,#1633,#1634,#1635,
#1636,#1637,#1638,#1639,#1640,#1641,#1642,#1643,#1644,#1645,#1646,#1647,
#1648,#1649,#1650,#1651,#1652,#1653,#1654,#1655,#1656,#1657,#1658,#1659,
#1660,#1661,#1662,#1663,#1664,#1665,#1666,#1667,#1668,#1669,#1670,#1671,
#1672,#1673,#1674,#1675,#1676,#1677,#1678,#1679,#1680,#1681,#1682,#1683,
#1684,#1685,#1686,#1687,#1688,#1689,#1690,#1691,#1692,#1693,#1694,#1695,
#1696,#1697,#1698,#1699,#1700,#1701,#1702,#1703,#1704,#1705,#1706,#1707,
#1708,#1709,#1710,#1711,#1712,#1713,#1714,#1715,#1716,#1717,#1718,#1719,
#1720,#1721,#1722,#1723,#1724,#1725,#1726,#1727,#1728,#1729,#1730,#1731,
#1732,#1733,#1734,#1735,#1736,#1737,#1738,#1739,#1740,#1741,#1742,#1743,
#1744,#1745,#1746,#1747,#1748,#1749,#1750,#1751,#1752,#1753,#1754,#1755,
#1756,#1757,#1758,#1759,#1760,#1761,#1762,#1763,#1764,#1765,#1766,#1767,
#1768,#1769,#1770,#1771,#1772,#1773,#1774,#1775,#1776,#1777,#1778,#1779,
#1780,#1781,#1782,#1783,#1784,#1785,#1786,#1787,#1788,#1789,#1790,#1791,
#1792,#1793,#1794,#1795,#1796,#1797,#1798,#1799,#1800,#1801,#1802,#1803,
#1804,#1805,#1806,#1807,#1808,#1809,#1810,#1811,#1812,#1813,#1814,#1815,
#1816,#1817,#1818,#1819,#1820,#1821,#1822,#1823,#1824,#1825,#1826,#1827,
#1828,#1829,#1830,#1831,#1832,#1833,#1834,#1835,#1836,#1837,#1838,#1839,
#1840,#1841,#1842,#1843,#1844,#1845,#1846,#1847,#1848,#1849,#1850,#1851,
#1852,#1853,#1854,#1855,#1856,#1857,#1858,#1859,#1860,#1861,#1862,#1863,
#1864,#1865,#1866,#1867,#1868,#1869,#1870,#1871,#1872,#1873,#1874,#1875,
#1876,#1877,#1878,#1879,#1880,#1881,#1882,#1883,#1884,#1885,#1886,#1887,
#1888,#1889,#1890,#1891,#1892,#1893,#1894,#1895,#1896,#1897,#1898,#1899,
#1900,#1901,#1902,#1903,#1904,#1905,#1906,#1907,#1908,#1909,#1910,#1911,
#1912,#1913,#1914,#1915,#1916,#1917,#1918,#1919,#1920,#1921,#1922,#1923,
#1924,#1925,#1926,#1927,#1928,#1929,#1930,#1931,#1932,#1933,#1934,#1935,
#1936,#1937,#1938,#1939,#1940,#1941,#1942,#1943,#1944,#1945,#1946,#1947,
#1948,#1949,#1950,#1951,#1952,#1953,#1954,#1955,#1956,#1957,#1958,#1959,
#1960,#1961,#1962,#1963,#1964,#1965,#1966,#1967,#1968,#1969,#1970,#1971,
#1972,#1973,#1974,#1975,#1976,#1977,#1978,#1979,#1980,#1981,#1982,#1983,
#1984,#1985,#1986,#1987,#1988,#1989,#1990,#1991,#1992,#1993,#1994,#1995,
#1996,#1997,#1998,#1999,#2000,#2001,#2002,#2003,#2004,#2005,#2006,#2007,
#2008,#2009,#2010,#2011,#2012,#2013,#2014,#2015,#2016,#2017,#2018,#2019,
#2020,#2021,#2022,#2023,#2024,#2025,#2026,#2027,#2028,#2029,#2030,#2031,
#2032,#2033,#2034,#2035,#2036,#2037,#2038,#2039,#2040,#2041,#2042,#2043,
#2044,#2045,#2046,#2047,#2048,#2049,#2050,#2051,#2052,#2053,#2054,#2055,
#2056,#2057,#2058,#2059,#2060,#2061,#2062,#2063,#2064,#2065,#2066,#2067,
#2068,#2069,#2070,#2071,#2072,#2073,#2074,#2075,#2076,#2077,#2078,#2079,
#2080,#2081,#2082,#2083,#2084,#2085,#2086,#2087,#2088,#2089,#2090,#2091,
#2092,#2093,#2094,#2095,#2096,#2097,#2098,#2099,#2100,#2101,#2102,#2103,
#2104,#2105,#2106,#2107,#2108,#2109,#2110,#2111,#2112,#2113,#2114,#2115,
#2116,#2117,#2118,#2119,#2120,#2121,#2122,#2123,#2124,#2125,#2126,#2127,
#2128,#2129,#2130,#2131,#2132,#2133,#2134,#2135,#2136,#2137,#2138,#2139,
#2140,#2141,#2142,#2143,#2144,#2145,#2146,#2147,#2148,#2149,#2150,#2151,
#2152,#2153,#2154,#2155,#2156,#2157,#2158,#2159,#2160,#2161,#2162,#2163,
#2164,#2165,#2166,#2167,#2168,#2169,#2170,#2171,#2172,#2173,#2174,#2175,
#2176,#2177,#2178,#2179,#2180,#2181,#2182,#2183,#2184,#2185,#2186,#2187,
#2188,#2189,#2190,#2191,#2192,#2193,#2194,#2195,#2196,#2197,#2198,#2199,
#2200,#2201,#2202,#2203,#2204,#2205,#2206,#2207,#2208,#2209,#2210,#2211,
#2212,#2213,#2214,#2215,#2216,#2217,#2218,#2219,#2220,#2221,#2222,#2223,
#2224,#2225,#2226,#2227,#2228,#2229,#2230,#2231,#2232,#2233,#2234,#2235,
#2236,#2237,#2238,#2239,#2240,#2241,#2242,#2243,#2244,#2245,#2246,#2247,
#2248,#2249,#2250,#2251,#2252,#2253,#2254,#2255,#2256,#2257,#2258,#2259,
#2260,#2261,#2262,#2263,#2264,#2265,#2266,#2267,#2268,#2269,#2270,#2271,
#2272,#2273,#2274,#2275,#2276,#2277,#2278,#2279,#2280,#2281,#2282,#2283,
#2284,#2285,#2286,#2287,#2288,#2289,#2290,#2291,#2292,#2293,#2294,#2295,
#2296,#2297,#2298,#2299,#2300,#2301,#2302,#2303,#2304,#2305,#2306,#2307,
#2308,#2309,#2310,#2311,#2312,#2313,#2314,#2315,#2316,#2317,#2318,#2319,
#2320,#2321,#2322,#2323,#2324,#2325,#2326,#2327,#2328,#2329,#2330,#2331,
#2332,#2333,#2334,#2335,#2336,#2337,#2338,#2339,#2340,#2341,#2342,#2343,
#2344,#2345,#2346,#2347,#2348,#2349,#2350,#2351,#2352,#2353,#2354,#2355,
#2356,#2357,#2358,#2359,#2360,#2361,#2362,#2363,#2364,#2365,#2366,#2367,
#2368,#2369,#2370,#2371,#2372,#2373,#2374,#2375,#2376,#2377,#2378,#2379,
#2380,#2381,#2382,#2383,#2384,#2385,#2386,#2387,#2388,#2389,#2390,#2391,
#2392,#2393,#2394,#2395,#2396,#2397,#2398,#2399,#2400,#2401,#2402,#2403,
#2404,#2405,#2406,#2407,#2408,#2409,#2410,#2411,#2412,#2413,#2414,#2415,
#2416,#2417,#2418,#2419,#2420,#2421,#2422,#2423,#2424,#2425,#2426,#2427,
#2428,#2429,#2430,#2431,#2432,#2433,#2434,#2435,#2436,#2437,#2438,#2439,
#2440,#2441,#2442,#2443,#2444,#2445,#2446,#2447,#2448,#2449,#2450,#2451,
#2452,#2453,#2454,#2455,#2456,#2457,#2458,#2459,#2460,#2461,#2462,#2463,
#2464,#2465,#2466,#2467,#2468,#2469,#2470,#2471,#2472,#2473,#2474,#2475,
#2476,#2477,#2478,#2479,#2480,#2481,#2482,#2483,#2484,#2485,#2486,#2487,
#2488,#2489,#2490,#2491,#2492,#2493,#2494,#2495,#2496,#2497,#2498,#2499,
#2500,#2501,#2502,#2503,#2504,#2505,#2506,#2507,#2508,#2509,#2510,#2511,
#2512,#2513,#2514,#2515,#2516,#2517,#2518,#2519,#2520,#2521,#2522,#2523,
#2524,#2525,#2526,#2527,#2528,#2529,#2530,#2531,#2532,#2533,#2534,#2535,
#2536,#2537,#2538,#2539,#2540,#2541,#2542,#2543,#2544,#2545,#2546,#2547,
#2548,#2549,#2550,#2551,#2552,#2553,#2554,#2555,#2556,#2557,#2558,#2559,
#2560,#2561,#2562,#2563,#2564,#2565,#2566,#2567,#2568,#2569,#2570,#2571,
#2572,#2573,#2574,#2575,#2576,#2577,#2578,#2579,#2580,#2581,#2582,#2583,
#2584,#2585,#2586,#2587,#2588,#2589,#2590,#2591,#2592,#2593,#2594,#2595,
#2596,#2597,#2598,#2599,#2600,#2601,#2602,#2603,#2604,#2605,#2606,#2607,
#2608,#2609,#2610,#2611,#2612,#2613,#2614,#2615,#2616,#2617,#2618,#2619,
#2620,#2621,#2622,#2623,#2624,#2625,#2626,#2627,#2628,#2629,#2630,#2631,
#2632,#2633,#2634,#2635,#2636,#2637,#2638,#2639,#2640,#2641,#2642,#2643,
#2644,#2645,#2646,#2647,#2648,#2649,#2650,#2651,#2652,#2653,#2654,#2655,
#2656,#2657,#2658,#2659,#2660,#2661,#2662,#2663,#2664,#2665,#2666,#2667,
#2668,#2669,#2670,#2671,#2672,#2673,#2674,#2675,#2676,#2677,#2678,#2679,
#2680,#2681,#2682,#2683,#2684,#2685,#2686,#2687),.UNSPECIFIED.,.F.,.F.)
B_SPLINE_CURVE_WITH_KNOTS((3,2,2,2,2,2,2,2,2,2,2,2,2,2,2,2,2,2,2,2,2,2,
2,2,2,2,2,2,2,2,2,2,2,2,2,2,2,2,2,2,2,2,2,2,2,2,2,2,2,2,2,2,2,2,2,2,2,2,
2,2,2,2,2,2,2,2,2,2,2,2,2,2,2,2,2,2,2,2,2,2,2,2,2,2,2,2,2,2,2,2,2,2,2,2,
2,2,2,2,2,2,2,2,2,2,2,2,2,2,2,2,2,2,2,2,2,2,2,2,2,2,2,2,2,2,2,2,2,2,2,2,
2,2,2,2,2,2,2,2,2,2,2,2,2,2,2,2,2,2,2,2,2,2,2,2,2,2,2,2,2,2,2,2,2,2,2,2,
2,2,2,2,2,2,2,2,2,2,2,2,2,2,2,2,2,2,2,2,2,2,2,2,2,2,2,2,2,2,2,2,2,2,2,2,
2,2,2,2,2,2,2,2,2,2,2,2,2,2,2,2,2,2,2,2,2,2,2,2,2,2,2,2,2,2,2,2,2,2,2,2,
2,2,2,2,2,2,2,2,2,2,2,2,2,2,2,2,2,2,2,2,2,2,2,2,2,2,2,2,2,2,2,2,2,2,2,2,
2,2,2,2,2,2,2,2,2,2,2,2,2,2,2,2,2,2,2,2,2,2,2,2,2,2,2,2,2,2,2,2,2,2,2,2,
2,2,2,2,2,2,2,2,2,2,2,2,2,2,2,2,2,2,2,2,2,2,2,2,2,2,2,2,2,2,2,2,2,2,2,2,
2,2,2,2,2,2,2,2,2,2,2,2,2,2,2,2,2,2,2,2,2,2,2,2,2,2,2,2,2,2,2,2,2,2,2,2,
2,2,2,2,2,2,2,2,2,2,2,2,2,2,2,2,2,2,2,2,2,2,2,2,2,2,2,2,2,2,2,2,2,2,2,2,
2,2,2,2,2,2,2,2,2,2,2,2,2,2,2,2,2,2,2,2,2,2,2,2,2,2,2,2,2,2,2,2,2,2,2,2,
2,2,2,2,2,2,2,2,2,2,2,2,2,2,2,2,2,2,2,2,2,2,2,2,2,2,2,2,2,2,2,2,2,2,2,2,
2,2,2,2,2,2,2,2,2,2,2,2,2,2,2,2,2,2,2,2,2,2,2,2,2,2,2,2,2,2,2,2,2,2,2,2,
2,2,2,2,2,2,2,2,2,2,2,2,2,2,2,2,2,2,2,2,2,2,2,2,2,2,2,2,2,2,2,2,2,2,2,2,
2,2,2,2,2,2,2,2,2,2,2,2,2,2,2,2,2,2,2,2,2,2,2,2,2,2,2,2,2,2,2,2,2,2,2,2,
2,2,2,2,3),(0.,0.00166112956810631,0.00332225913621262,0.00498338870431894,
0.00664451827242525,0.00830564784053156,0.00996677740863787,0.0116279069767442,
0.0132890365448505,0.0149501661129568,0.0166112956810631,0.0182724252491694,
0.0199335548172757,0.0215946843853821,0.0232558139534884,0.0249169435215947,
0.026578073089701,0.0282392026578073,0.0299003322259136,0.0315614617940199,
0.0332225913621262,0.0348837209302326,0.0365448504983389,0.0382059800664452,
0.0398671096345515,0.0415282392026578,0.0431893687707641,0.0448504983388704,
0.0465116279069767,0.0481727574750831,0.0498338870431894,0.0514950166112957,
0.053156146179402,0.0548172757475083,0.0564784053156146,0.0581395348837209,
0.0598006644518272,0.0614617940199336,0.0631229235880399,0.0647840531561462,
0.0664451827242525,0.0681063122923588,0.0697674418604651,0.0714285714285714,
0.0730897009966777,0.0747508305647841,0.0764119601328904,0.0780730897009967,
0.079734219269103,0.0813953488372093,0.0830564784053156,0.0847176079734219,
0.0863787375415282,0.0880398671096345,0.0897009966777409,0.0913621262458472,
0.0930232558139535,0.0946843853820598,0.0963455149501661,0.0980066445182724,
0.0996677740863787,0.101328903654485,0.102990033222591,0.104651162790698,
0.106312292358804,0.10797342192691,0.109634551495017,0.111295681063123,
0.112956810631229,0.114617940199336,0.116279069767442,0.117940199335548,
0.119601328903654,0.121262458471761,0.122923588039867,0.124584717607973,
0.12624584717608,0.127906976744186,0.129568106312292,0.131229235880399,
0.132890365448505,0.134551495016611,0.136212624584718,0.137873754152824,
0.13953488372093,0.141196013289037,0.142857142857143,0.144518272425249,
0.146179401993355,0.147840531561462,0.149501661129568,0.151162790697674,
0.152823920265781,0.154485049833887,0.156146179401993,0.1578073089701,0.159468438538206,
0.161129568106312,0.162790697674419,0.164451827242525,0.166112956810631,
0.167774086378738,0.169435215946844,0.17109634551495,0.172757475083056,
0.174418604651163,0.176079734219269,0.177740863787375,0.179401993355482,
0.181063122923588,0.182724252491694,0.184385382059801,0.186046511627907,
0.187707641196013,0.18936877076412,0.191029900332226,0.192691029900332,
0.194352159468439,0.196013289036545,0.197674418604651,0.199335548172757,
0.200996677740864,0.20265780730897,0.204318936877076,0.205980066445183,
0.207641196013289,0.209302325581395,0.210963455149502,0.212624584717608,
0.214285714285714,0.215946843853821,0.217607973421927,0.219269102990033,
0.22093023255814,0.222591362126246,0.224252491694352,0.225913621262458,
0.227574750830565,0.229235880398671,0.230897009966777,0.232558139534884,
0.23421926910299,0.235880398671096,0.237541528239203,0.239202657807309,
0.240863787375415,0.242524916943522,0.244186046511628,0.245847176079734,
0.247508305647841,0.249169435215947,0.250830564784053,0.252491694352159,
0.254152823920266,0.255813953488372,0.257475083056478,0.259136212624585,
0.260797342192691,0.262458471760797,0.264119601328904,0.26578073089701,
0.267441860465116,0.269102990033223,0.270764119601329,0.272425249169435,
0.274086378737542,0.275747508305648,0.277408637873754,0.27906976744186,
0.280730897009967,0.282392026578073,0.284053156146179,0.285714285714286,
0.287375415282392,0.289036544850498,0.290697674418605,0.292358803986711,
0.294019933554817,0.295681063122924,0.29734219269103,0.299003322259136,
0.300664451827243,0.302325581395349,0.303986710963455,0.305647840531561,
0.307308970099668,0.308970099667774,0.31063122923588,0.312292358803987,
0.313953488372093,0.315614617940199,0.317275747508306,0.318936877076412,
0.320598006644518,0.322259136212625,0.323920265780731,0.325581395348837,
0.327242524916944,0.32890365448505,0.330564784053156,0.332225913621262,
0.333887043189369,0.335548172757475,0.337209302325581,0.338870431893688,
0.340531561461794,0.3421926910299,0.343853820598007,0.345514950166113,0.347176079734219,
0.348837209302326,0.350498338870432,0.352159468438538,0.353820598006645,
0.355481727574751,0.357142857142857,0.358803986710963,0.36046511627907,
0.362126245847176,0.363787375415282,0.365448504983389,0.367109634551495,
0.368770764119601,0.370431893687708,0.372093023255814,0.37375415282392,
0.375415282392027,0.377076411960133,0.378737541528239,0.380398671096346,
0.382059800664452,0.383720930232558,0.385382059800664,0.387043189368771,
0.388704318936877,0.390365448504983,0.39202657807309,0.393687707641196,
0.395348837209302,0.397009966777409,0.398671096345515,0.400332225913621,
0.401993355481728,0.403654485049834,0.40531561461794,0.406976744186047,
0.408637873754153,0.410299003322259,0.411960132890365,0.413621262458472,
0.415282392026578,0.416943521594684,0.418604651162791,0.420265780730897,
0.421926910299003,0.42358803986711,0.425249169435216,0.426910299003322,
0.428571428571429,0.430232558139535,0.431893687707641,0.433554817275748,
0.435215946843854,0.43687707641196,0.438538205980066,0.440199335548173,
0.441860465116279,0.443521594684385,0.445182724252492,0.446843853820598,
0.448504983388704,0.450166112956811,0.451827242524917,0.453488372093023,
0.45514950166113,0.456810631229236,0.458471760797342,0.460132890365449,
0.461794019933555,0.463455149501661,0.465116279069767,0.466777408637874,
0.46843853820598,0.470099667774086,0.471760797342193,0.473421926910299,
0.475083056478405,0.476744186046512,0.478405315614618,0.480066445182724,
0.481727574750831,0.483388704318937,0.485049833887043,0.48671096345515,
0.488372093023256,0.490033222591362,0.491694352159468,0.493355481727575,
0.495016611295681,0.496677740863787,0.498338870431894,0.5,0.501661129568106,
0.503322259136213,0.504983388704319,0.506644518272425,0.508305647840532,
0.509966777408638,0.511627906976744,0.51328903654485,0.514950166112957,
0.516611295681063,0.518272425249169,0.519933554817276,0.521594684385382,
0.523255813953488,0.524916943521595,0.526578073089701,0.528239202657807,
0.529900332225914,0.53156146179402,0.533222591362126,0.534883720930233,
0.536544850498339,0.538205980066445,0.539867109634552,0.541528239202658,
0.543189368770764,0.54485049833887,0.546511627906977,0.548172757475083,
0.549833887043189,0.551495016611296,0.553156146179402,0.554817275747508,
0.556478405315615,0.558139534883721,0.559800664451827,0.561461794019934,
0.56312292358804,0.564784053156146,0.566445182724252,0.568106312292359,
0.569767441860465,0.571428571428571,0.573089700996678,0.574750830564784,
0.57641196013289,0.578073089700997,0.579734219269103,0.581395348837209,
0.583056478405316,0.584717607973422,0.586378737541528,0.588039867109635,
0.589700996677741,0.591362126245847,0.593023255813954,0.59468438538206,
0.596345514950166,0.598006644518272,0.599667774086379,0.601328903654485,
0.602990033222591,0.604651162790698,0.606312292358804,0.60797342192691,
0.609634551495017,0.611295681063123,0.612956810631229,0.614617940199336,
0.616279069767442,0.617940199335548,0.619601328903654,0.621262458471761,
0.622923588039867,0.624584717607973,0.62624584717608,0.627906976744186,
0.629568106312292,0.631229235880399,0.632890365448505,0.634551495016611,
0.636212624584718,0.637873754152824,0.63953488372093,0.641196013289037,
0.642857142857143,0.644518272425249,0.646179401993355,0.647840531561462,
0.649501661129568,0.651162790697674,0.652823920265781,0.654485049833887,
0.656146179401993,0.6578073089701,0.659468438538206,0.661129568106312,0.662790697674419,
0.664451827242525,0.666112956810631,0.667774086378738,0.669435215946844,
0.67109634551495,0.672757475083056,0.674418604651163,0.676079734219269,
0.677740863787375,0.679401993355482,0.681063122923588,0.682724252491694,
0.684385382059801,0.686046511627907,0.687707641196013,0.68936877076412,
0.691029900332226,0.692691029900332,0.694352159468439,0.696013289036545,
0.697674418604651,0.699335548172757,0.700996677740864,0.70265780730897,
0.704318936877076,0.705980066445183,0.707641196013289,0.709302325581395,
0.710963455149502,0.712624584717608,0.714285714285714,0.715946843853821,
0.717607973421927,0.719269102990033,0.720930232558139,0.722591362126246,
0.724252491694352,0.725913621262459,0.727574750830565,0.729235880398671,
0.730897009966777,0.732558139534884,0.73421926910299,0.735880398671096,
0.737541528239203,0.739202657807309,0.740863787375415,0.742524916943522,
0.744186046511628,0.745847176079734,0.747508305647841,0.749169435215947,
0.750830564784053,0.752491694352159,0.754152823920266,0.755813953488372,
0.757475083056478,0.759136212624585,0.760797342192691,0.762458471760797,
0.764119601328904,0.76578073089701,0.767441860465116,0.769102990033223,
0.770764119601329,0.772425249169435,0.774086378737541,0.775747508305648,
0.777408637873754,0.779069767441861,0.780730897009967,0.782392026578073,
0.784053156146179,0.785714285714286,0.787375415282392,0.789036544850498,
0.790697674418605,0.792358803986711,0.794019933554817,0.795681063122924,
0.79734219269103,0.799003322259136,0.800664451827243,0.802325581395349,
0.803986710963455,0.805647840531561,0.807308970099668,0.808970099667774,
0.81063122923588,0.812292358803987,0.813953488372093,0.815614617940199,
0.817275747508306,0.818936877076412,0.820598006644518,0.822259136212625,
0.823920265780731,0.825581395348837,0.827242524916944,0.82890365448505,
0.830564784053156,0.832225913621262,0.833887043189369,0.835548172757475,
0.837209302325581,0.838870431893688,0.840531561461794,0.8421926910299,0.843853820598007,
0.845514950166113,0.847176079734219,0.848837209302326,0.850498338870432,
0.852159468438538,0.853820598006645,0.855481727574751,0.857142857142857,
0.858803986710963,0.86046511627907,0.862126245847176,0.863787375415282,
0.865448504983389,0.867109634551495,0.868770764119601,0.870431893687708,
0.872093023255814,0.87375415282392,0.875415282392027,0.877076411960133,
0.878737541528239,0.880398671096346,0.882059800664452,0.883720930232558,
0.885382059800664,0.887043189368771,0.888704318936877,0.890365448504983,
0.89202657807309,0.893687707641196,0.895348837209302,0.897009966777409,
0.898671096345515,0.900332225913621,0.901993355481728,0.903654485049834,
0.90531561461794,0.906976744186046,0.908637873754153,0.910299003322259,
0.911960132890365,0.913621262458472,0.915282392026578,0.916943521594684,
0.918604651162791,0.920265780730897,0.921926910299003,0.92358803986711,
0.925249169435216,0.926910299003322,0.928571428571429,0.930232558139535,
0.931893687707641,0.933554817275748,0.935215946843854,0.93687707641196,
0.938538205980066,0.940199335548173,0.941860465116279,0.943521594684385,
0.945182724252492,0.946843853820598,0.948504983388704,0.950166112956811,
0.951827242524917,0.953488372093023,0.95514950166113,0.956810631229236,
0.958471760797342,0.960132890365448,0.961794019933555,0.963455149501661,
0.965116279069767,0.966777408637874,0.96843853820598,0.970099667774086,
0.971760797342193,0.973421926910299,0.975083056478405,0.976744186046512,
0.978405315614618,0.980066445182724,0.981727574750831,0.983388704318937,
0.985049833887043,0.98671096345515,0.988372093023256,0.990033222591362,
0.991694352159468,0.993355481727575,0.995016611295681,0.996677740863787,
0.998338870431894,1.),.UNSPECIFIED.)
CURVE()
GEOMETRIC_REPRESENTATION_ITEM()
RATIONAL_B_SPLINE_CURVE((1.,0.974927912181824,1.,0.974927912181824,1.,0.974927912181824,
1.,0.974927912181824,1.,0.974927912181824,1.,0.974927912181824,1.,0.974927912181824,
1.,0.974927912181824,1.,0.974927912181824,1.,0.974927912181824,1.,0.974927912181824,
1.,0.974927912181824,1.,0.974927912181824,1.,0.974927912181824,1.,0.974927912181824,
1.,0.974927912181824,1.,0.974927912181824,1.,0.974927912181824,1.,0.974927912181824,
1.,0.974927912181824,1.,0.974927912181824,1.,0.974927912181824,1.,0.974927912181824,
1.,0.974927912181824,1.,0.974927912181824,1.,0.974927912181824,1.,0.974927912181824,
1.,0.974927912181824,1.,0.974927912181824,1.,0.974927912181824,1.,0.974927912181824,
1.,0.974927912181824,1.,0.974927912181824,1.,0.974927912181824,1.,0.974927912181824,
1.,0.974927912181824,1.,0.974927912181824,1.,0.974927912181824,1.,0.974927912181824,
1.,0.974927912181824,1.,0.974927912181824,1.,0.974927912181824,1.,0.974927912181824,
1.,0.974927912181824,1.,0.974927912181824,1.,0.974927912181824,1.,0.974927912181824,
1.,0.974927912181824,1.,0.974927912181824,1.,0.974927912181824,1.,0.974927912181824,
1.,0.974927912181824,1.,0.974927912181824,1.,0.974927912181824,1.,0.974927912181824,
1.,0.974927912181824,1.,0.974927912181824,1.,0.974927912181824,1.,0.974927912181824,
1.,0.974927912181824,1.,0.974927912181824,1.,0.974927912181824,1.,0.974927912181824,
1.,0.974927912181824,1.,0.974927912181824,1.,0.974927912181824,1.,0.974927912181824,
1.,0.974927912181824,1.,0.974927912181824,1.,0.974927912181824,1.,0.974927912181824,
1.,0.974927912181824,1.,0.974927912181824,1.,0.974927912181824,1.,0.974927912181824,
1.,0.974927912181824,1.,0.974927912181824,1.,0.974927912181824,1.,0.974927912181824,
1.,0.974927912181824,1.,0.974927912181824,1.,0.974927912181824,1.,0.974927912181824,
1.,0.974927912181824,1.,0.974927912181824,1.,0.974927912181824,1.,0.974927912181824,
1.,0.974927912181824,1.,0.974927912181824,1.,0.974927912181824,1.,0.974927912181824,
1.,0.974927912181824,1.,0.974927912181824,1.,0.974927912181824,1.,0.974927912181824,
1.,0.974927912181824,1.,0.974927912181824,1.,0.974927912181824,1.,0.974927912181824,
1.,0.974927912181824,1.,0.974927912181824,1.,0.974927912181824,1.,0.974927912181824,
1.,0.974927912181824,1.,0.974927912181824,1.,0.974927912181824,1.,0.974927912181824,
1.,0.974927912181824,1.,0.974927912181824,1.,0.974927912181824,1.,0.974927912181824,
1.,0.974927912181824,1.,0.974927912181824,1.,0.974927912181824,1.,0.974927912181824,
1.,0.974927912181824,1.,0.974927912181824,1.,0.974927912181824,1.,0.974927912181824,
1.,0.974927912181824,1.,0.974927912181824,1.,0.974927912181824,1.,0.974927912181824,
1.,0.974927912181824,1.,0.974927912181824,1.,0.974927912181824,1.,0.974927912181824,
1.,0.974927912181824,1.,0.974927912181824,1.,0.974927912181824,1.,0.974927912181824,
1.,0.974927912181824,1.,0.974927912181824,1.,0.974927912181824,1.,0.974927912181824,
1.,0.974927912181824,1.,0.974927912181824,1.,0.974927912181824,1.,0.974927912181824,
1.,0.974927912181824,1.,0.974927912181824,1.,0.974927912181824,1.,0.974927912181824,
1.,0.974927912181824,1.,0.974927912181824,1.,0.974927912181824,1.,0.974927912181824,
1.,0.974927912181824,1.,0.974927912181824,1.,0.974927912181824,1.,0.974927912181824,
1.,0.974927912181824,1.,0.974927912181824,1.,0.974927912181824,1.,0.974927912181824,
1.,0.974927912181824,1.,0.974927912181824,1.,0.974927912181824,1.,0.974927912181824,
1.,0.974927912181824,1.,0.974927912181824,1.,0.974927912181824,1.,0.974927912181824,
1.,0.974927912181824,1.,0.974927912181824,1.,0.974927912181824,1.,0.974927912181824,
1.,0.974927912181824,1.,0.974927912181824,1.,0.974927912181824,1.,0.974927912181824,
1.,0.974927912181824,1.,0.974927912181824,1.,0.974927912181824,1.,0.974927912181824,
1.,0.974927912181824,1.,0.974927912181824,1.,0.974927912181824,1.,0.974927912181824,
1.,0.974927912181824,1.,0.974927912181824,1.,0.974927912181824,1.,0.974927912181824,
1.,0.974927912181824,1.,0.974927912181824,1.,0.974927912181824,1.,0.974927912181824,
1.,0.974927912181824,1.,0.974927912181824,1.,0.974927912181824,1.,0.974927912181824,
1.,0.974927912181824,1.,0.974927912181824,1.,0.974927912181824,1.,0.974927912181824,
1.,0.974927912181824,1.,0.974927912181824,1.,0.974927912181824,1.,0.974927912181824,
1.,0.974927912181824,1.,0.974927912181824,1.,0.974927912181824,1.,0.974927912181824,
1.,0.974927912181824,1.,0.974927912181824,1.,0.974927912181824,1.,0.974927912181824,
1.,0.974927912181824,1.,0.974927912181824,1.,0.974927912181824,1.,0.974927912181824,
1.,0.974927912181824,1.,0.974927912181824,1.,0.974927912181824,1.,0.974927912181824,
1.,0.974927912181824,1.,0.974927912181824,1.,0.974927912181824,1.,0.974927912181824,
1.,0.974927912181824,1.,0.974927912181824,1.,0.974927912181824,1.,0.974927912181824,
1.,0.974927912181824,1.,0.974927912181824,1.,0.974927912181824,1.,0.974927912181824,
1.,0.974927912181824,1.,0.974927912181824,1.,0.974927912181824,1.,0.974927912181824,
1.,0.974927912181824,1.,0.974927912181824,1.,0.974927912181824,1.,0.974927912181824,
1.,0.974927912181824,1.,0.974927912181824,1.,0.974927912181824,1.,0.974927912181824,
1.,0.974927912181824,1.,0.974927912181824,1.,0.974927912181824,1.,0.974927912181824,
1.,0.974927912181824,1.,0.974927912181824,1.,0.974927912181824,1.,0.974927912181824,
1.,0.974927912181824,1.,0.974927912181824,1.,0.974927912181824,1.,0.974927912181824,
1.,0.974927912181824,1.,0.974927912181824,1.,0.974927912181824,1.,0.974927912181824,
1.,0.974927912181824,1.,0.974927912181824,1.,0.974927912181824,1.,0.974927912181824,
1.,0.974927912181824,1.,0.974927912181824,1.,0.974927912181824,1.,0.974927912181824,
1.,0.974927912181824,1.,0.974927912181824,1.,0.974927912181824,1.,0.974927912181824,
1.,0.974927912181824,1.,0.974927912181824,1.,0.974927912181824,1.,0.974927912181824,
1.,0.974927912181824,1.,0.974927912181824,1.,0.974927912181824,1.,0.974927912181824,
1.,0.974927912181824,1.,0.974927912181824,1.,0.974927912181824,1.,0.974927912181824,
1.,0.974927912181824,1.,0.974927912181824,1.,0.974927912181824,1.,0.974927912181824,
1.,0.974927912181824,1.,0.974927912181824,1.,0.974927912181824,1.,0.974927912181824,
1.,0.974927912181824,1.,0.974927912181824,1.,0.974927912181824,1.,0.974927912181824,
1.,0.974927912181824,1.,0.974927912181824,1.,0.974927912181824,1.,0.974927912181824,
1.,0.974927912181824,1.,0.974927912181824,1.,0.974927912181824,1.,0.974927912181824,
1.,0.974927912181824,1.,0.974927912181824,1.,0.974927912181824,1.,0.974927912181824,
1.,0.974927912181824,1.,0.974927912181824,1.,0.974927912181824,1.,0.974927912181824,
1.,0.974927912181824,1.,0.974927912181824,1.,0.974927912181824,1.,0.974927912181824,
1.,0.974927912181824,1.,0.974927912181824,1.,0.974927912181824,1.,0.974927912181824,
1.,0.974927912181824,1.,0.974927912181824,1.,0.974927912181824,1.,0.974927912181824,
1.,0.974927912181824,1.,0.974927912181824,1.,0.974927912181824,1.,0.974927912181824,
1.,0.974927912181824,1.,0.974927912181824,1.,0.974927912181824,1.,0.974927912181824,
1.,0.974927912181824,1.,0.974927912181824,1.,0.974927912181824,1.,0.974927912181824,
1.,0.974927912181824,1.,0.974927912181824,1.,0.974927912181824,1.,0.974927912181824,
1.,0.974927912181824,1.,0.974927912181824,1.,0.974927912181824,1.,0.974927912181824,
1.,0.974927912181824,1.,0.974927912181824,1.,0.974927912181824,1.,0.974927912181824,
1.,0.974927912181824,1.,0.974927912181824,1.,0.974927912181824,1.,0.974927912181824,
1.,0.974927912181824,1.,0.974927912181824,1.,0.974927912181824,1.,0.974927912181824,
1.,0.974927912181824,1.,0.974927912181824,1.,0.974927912181824,1.,0.974927912181824,
1.,0.974927912181824,1.,0.974927912181824,1.,0.974927912181824,1.,0.974927912181824,
1.,0.974927912181824,1.,0.974927912181824,1.,0.974927912181824,1.,0.974927912181824,
1.,0.974927912181824,1.,0.974927912181824,1.,0.974927912181824,1.,0.974927912181824,
1.,0.974927912181824,1.,0.974927912181824,1.,0.974927912181824,1.,0.974927912181824,
1.,0.974927912181824,1.,0.974927912181824,1.,0.974927912181824,1.,0.974927912181824,
1.,0.974927912181824,1.,0.974927912181824,1.,0.974927912181824,1.,0.974927912181824,
1.,0.974927912181824,1.,0.974927912181824,1.,0.974927912181824,1.,0.974927912181824,
1.,0.974927912181824,1.,0.974927912181824,1.,0.974927912181824,1.,0.974927912181824,
1.,0.974927912181824,1.,0.974927912181824,1.,0.974927912181824,1.,0.974927912181824,
1.,0.974927912181824,1.,0.974927912181824,1.,0.974927912181824,1.,0.974927912181824,
1.,0.974927912181824,1.,0.974927912181824,1.,0.974927912181824,1.,0.974927912181824,
1.,0.974927912181824,1.,0.974927912181824,1.,0.974927912181824,1.,0.974927912181824,
1.,0.974927912181824,1.,0.974927912181824,1.,0.974927912181824,1.,0.974927912181824,
1.,0.974927912181824,1.,0.974927912181824,1.,0.974927912181824,1.,0.974927912181824,
1.,0.974927912181824,1.,0.974927912181824,1.,0.974927912181824,1.,0.974927912181824,
1.,0.974927912181824,1.,0.974927912181824,1.,0.974927912181824,1.,0.974927912181824,
1.,0.974927912181824,1.,0.974927912181824,1.,0.974927912181824,1.,0.974927912181824,
1.,0.974927912181824,1.,0.974927912181824,1.,0.974927912181824,1.,0.974927912181824,
1.,0.974927912181824,1.,0.974927912181824,1.,0.974927912181824,1.,0.974927912181824,
1.,0.974927912181824,1.,0.974927912181824,1.,0.974927912181824,1.,0.974927912181824,
1.,0.974927912181824,1.,0.974927912181824,1.,0.974927912181824,1.,0.974927912181824,
1.,0.974927912181824,1.,0.974927912181824,1.,0.974927912181824,1.,0.974927912181824,
1.,0.974927912181824,1.,0.974927912181824,1.,0.974927912181824,1.,0.974927912181824,
1.,0.974927912181824,1.,0.974927912181824,1.,0.974927912181824,1.,0.974927912181824,
1.,0.974927912181824,1.,0.974927912181824,1.,0.974927912181824,1.,0.974927912181824,
1.,0.974927912181824,1.,0.974927912181824,1.,0.974927912181824,1.,0.974927912181824,
1.,0.974927912181824,1.,0.974927912181824,1.,0.974927912181824,1.,0.974927912181824,
1.,0.974927912181824,1.,0.974927912181824,1.,0.974927912181824,1.,0.974927912181824,
1.,0.974927912181824,1.,0.974927912181824,1.,0.974927912181824,1.,0.974927912181824,
1.,0.974927912181824,1.,0.974927912181824,1.,0.974927912181824,1.,0.974927912181824,
1.,0.974927912181824,1.,0.974927912181824,1.,0.974927912181824,1.,0.974927912181824,
1.,0.974927912181824,1.,0.974927912181824,1.,0.974927912181824,1.,0.974927912181824,
1.,0.974927912181824,1.,0.974927912181824,1.,0.974927912181824,1.,0.974927912181824,
1.,0.974927912181824,1.,0.974927912181824,1.,0.974927912181824,1.,0.974927912181824,
1.,0.974927912181824,1.,0.974927912181824,1.,0.974927912181824,1.,0.974927912181824,
1.,0.974927912181824,1.,0.974927912181824,1.,0.974927912181824,1.,0.974927912181824,
1.,0.974927912181824,1.,0.974927912181824,1.,0.974927912181824,1.,0.974927912181824,
1.,0.974927912181824,1.,0.974927912181824,1.,0.974927912181824,1.,0.974927912181824,
1.,0.974927912181824,1.,0.974927912181824,1.,0.974927912181824,1.,0.974927912181824,
1.,0.974927912181824,1.,0.974927912181824,1.,0.974927912181824,1.,0.974927912181824,
1.,0.974927912181824,1.,0.974927912181824,1.,0.974927912181824,1.,0.974927912181824,
1.,0.974927912181824,1.,0.974927912181824,1.,0.974927912181824,1.,0.974927912181824,
1.,0.974927912181824,1.,0.974927912181824,1.,0.974927912181824,1.,0.974927912181824,
1.,0.974927912181824,1.,0.974927912181824,1.,0.974927912181824,1.,0.974927912181824,
1.,0.974927912181824,1.,0.974927912181824,1.,0.974927912181824,1.,0.974927912181824,
1.,0.974927912181824,1.,0.974927912181824,1.,0.974927912181824,1.,0.974927912181824,
1.,0.974927912181824,1.,0.974927912181824,1.,0.974927912181824,1.,0.974927912181824,
1.,0.974927912181824,1.,0.974927912181824,1.,0.974927912181824,1.,0.974927912181824,
1.,0.974927912181824,1.,0.974927912181824,1.,0.974927912181824,1.,0.974927912181824,
1.,0.974927912181824,1.,0.974927912181824,1.,0.974927912181824,1.,0.974927912181824,
1.,0.974927912181824,1.,0.974927912181824,1.,0.974927912181824,1.,0.974927912181824,
1.,0.974927912181824,1.,0.974927912181824,1.,0.974927912181824,1.,0.974927912181824,
1.,0.974927912181824,1.,0.974927912181824,1.,0.974927912181824,1.,0.974927912181824,
1.,0.974927912181824,1.,0.974927912181824,1.,0.974927912181824,1.,0.974927912181824,
1.,0.974927912181824,1.,0.974927912181824,1.,0.974927912181824,1.,0.974927912181824,
1.,0.974927912181824,1.,0.974927912181824,1.,0.974927912181824,1.,0.974927912181824,
1.,0.974927912181824,1.,0.974927912181824,1.,0.974927912181824,1.,0.974927912181824,
1.,0.974927912181824,1.,0.974927912181824,1.,0.974927912181824,1.,0.974927912181824,
1.,0.974927912181824,1.,0.974927912181824,1.,0.974927912181824,1.,0.974927912181824,
1.,0.974927912181824,1.,0.974927912181824,1.,0.974927912181824,1.,0.974927912181824,
1.,0.974927912181824,1.,0.974927912181824,1.,0.974927912181824,1.,0.974927912181824,
1.,0.974927912181824,1.,0.974927912181824,1.,0.974927912181824,1.))
REPRESENTATION_ITEM('')
);
#37=(
BOUNDED_CURVE()
B_SPLINE_CURVE(2,(#2767,#2768,#2769,#2770,#2771,#2772,#2773,#2774,#2775,
#2776,#2777,#2778,#2779,#2780,#2781,#2782,#2783,#2784,#2785,#2786,#2787,
#2788,#2789,#2790,#2791,#2792,#2793,#2794,#2795,#2796,#2797,#2798,#2799,
#2800,#2801,#2802,#2803,#2804,#2805,#2806,#2807,#2808,#2809,#2810,#2811,
#2812,#2813,#2814,#2815,#2816,#2817,#2818,#2819,#2820,#2821,#2822,#2823,
#2824,#2825,#2826,#2827,#2828,#2829,#2830,#2831,#2832,#2833,#2834,#2835,
#2836,#2837,#2838,#2839,#2840,#2841,#2842,#2843,#2844,#2845,#2846,#2847,
#2848,#2849,#2850,#2851,#2852,#2853,#2854,#2855,#2856,#2857,#2858,#2859,
#2860,#2861,#2862,#2863,#2864,#2865,#2866,#2867,#2868,#2869,#2870,#2871,
#2872,#2873,#2874,#2875,#2876,#2877,#2878,#2879,#2880,#2881,#2882,#2883,
#2884,#2885,#2886,#2887,#2888,#2889,#2890,#2891,#2892,#2893,#2894,#2895,
#2896,#2897,#2898,#2899,#2900,#2901,#2902,#2903,#2904,#2905,#2906,#2907,
#2908,#2909,#2910,#2911,#2912,#2913,#2914,#2915,#2916,#2917,#2918,#2919,
#2920,#2921,#2922,#2923,#2924,#2925,#2926,#2927,#2928,#2929,#2930,#2931,
#2932,#2933,#2934,#2935,#2936,#2937,#2938,#2939,#2940,#2941,#2942,#2943,
#2944,#2945,#2946,#2947,#2948,#2949,#2950,#2951,#2952,#2953,#2954,#2955,
#2956,#2957,#2958,#2959,#2960,#2961,#2962,#2963,#2964,#2965,#2966,#2967,
#2968,#2969,#2970,#2971,#2972,#2973,#2974,#2975,#2976,#2977,#2978,#2979,
#2980,#2981,#2982,#2983,#2984,#2985,#2986,#2987,#2988,#2989,#2990,#2991,
#2992,#2993,#2994,#2995,#2996,#2997,#2998,#2999,#3000,#3001,#3002,#3003,
#3004,#3005,#3006,#3007,#3008,#3009,#3010,#3011,#3012,#3013,#3014,#3015,
#3016,#3017,#3018,#3019,#3020,#3021,#3022,#3023,#3024,#3025,#3026,#3027,
#3028,#3029,#3030,#3031,#3032,#3033,#3034,#3035,#3036,#3037,#3038,#3039,
#3040,#3041,#3042,#3043,#3044,#3045,#3046,#3047,#3048,#3049,#3050,#3051,
#3052,#3053,#3054,#3055,#3056,#3057,#3058,#3059,#3060,#3061,#3062,#3063,
#3064,#3065,#3066,#3067,#3068,#3069,#3070,#3071,#3072,#3073,#3074,#3075,
#3076,#3077,#3078,#3079,#3080,#3081,#3082,#3083,#3084,#3085,#3086,#3087,
#3088,#3089,#3090,#3091,#3092,#3093,#3094,#3095,#3096,#3097,#3098,#3099,
#3100,#3101,#3102,#3103,#3104,#3105,#3106,#3107,#3108,#3109,#3110,#3111,
#3112,#3113,#3114,#3115,#3116,#3117,#3118,#3119,#3120,#3121,#3122,#3123,
#3124,#3125,#3126,#3127,#3128,#3129,#3130,#3131,#3132,#3133,#3134,#3135,
#3136,#3137,#3138,#3139,#3140,#3141,#3142,#3143,#3144,#3145,#3146,#3147,
#3148,#3149,#3150,#3151,#3152,#3153,#3154,#3155,#3156,#3157,#3158,#3159,
#3160,#3161,#3162,#3163,#3164,#3165,#3166,#3167,#3168,#3169,#3170,#3171,
#3172,#3173,#3174,#3175,#3176,#3177,#3178,#3179,#3180,#3181,#3182,#3183,
#3184,#3185,#3186,#3187,#3188,#3189,#3190,#3191,#3192,#3193,#3194,#3195,
#3196,#3197,#3198,#3199,#3200,#3201,#3202,#3203,#3204,#3205,#3206,#3207,
#3208,#3209,#3210,#3211,#3212,#3213,#3214,#3215,#3216,#3217,#3218,#3219,
#3220,#3221,#3222,#3223,#3224,#3225,#3226,#3227,#3228,#3229,#3230,#3231,
#3232,#3233,#3234,#3235,#3236,#3237,#3238,#3239,#3240,#3241,#3242,#3243,
#3244,#3245,#3246,#3247,#3248,#3249,#3250,#3251,#3252,#3253,#3254,#3255,
#3256,#3257,#3258,#3259,#3260,#3261,#3262,#3263,#3264,#3265,#3266,#3267,
#3268,#3269,#3270,#3271,#3272,#3273,#3274,#3275,#3276,#3277,#3278,#3279,
#3280,#3281,#3282,#3283,#3284,#3285,#3286,#3287,#3288,#3289,#3290,#3291,
#3292,#3293,#3294,#3295,#3296,#3297,#3298,#3299,#3300,#3301,#3302,#3303,
#3304,#3305,#3306,#3307,#3308,#3309,#3310,#3311,#3312,#3313,#3314,#3315,
#3316,#3317,#3318,#3319,#3320,#3321,#3322,#3323,#3324,#3325,#3326,#3327,
#3328,#3329,#3330,#3331,#3332,#3333,#3334,#3335,#3336,#3337,#3338,#3339,
#3340,#3341,#3342,#3343,#3344,#3345,#3346,#3347,#3348,#3349,#3350,#3351,
#3352,#3353,#3354,#3355,#3356,#3357,#3358,#3359,#3360,#3361,#3362,#3363,
#3364,#3365,#3366,#3367,#3368,#3369,#3370,#3371,#3372,#3373,#3374,#3375,
#3376,#3377,#3378,#3379,#3380,#3381,#3382,#3383,#3384,#3385,#3386,#3387,
#3388,#3389,#3390,#3391,#3392,#3393,#3394,#3395,#3396,#3397,#3398,#3399,
#3400,#3401,#3402,#3403,#3404,#3405,#3406,#3407,#3408,#3409,#3410,#3411,
#3412,#3413,#3414,#3415,#3416,#3417,#3418,#3419,#3420,#3421,#3422,#3423,
#3424,#3425,#3426,#3427,#3428,#3429,#3430,#3431,#3432,#3433,#3434,#3435,
#3436,#3437,#3438,#3439,#3440,#3441,#3442,#3443,#3444,#3445,#3446,#3447,
#3448,#3449,#3450,#3451,#3452,#3453,#3454,#3455,#3456,#3457,#3458,#3459,
#3460,#3461,#3462,#3463,#3464,#3465,#3466,#3467,#3468,#3469,#3470,#3471,
#3472,#3473,#3474,#3475,#3476,#3477,#3478,#3479,#3480,#3481,#3482,#3483,
#3484,#3485,#3486,#3487,#3488,#3489,#3490,#3491,#3492,#3493,#3494,#3495,
#3496,#3497,#3498,#3499,#3500,#3501,#3502,#3503,#3504,#3505,#3506,#3507,
#3508,#3509,#3510,#3511,#3512,#3513,#3514,#3515,#3516,#3517,#3518,#3519,
#3520,#3521,#3522,#3523,#3524,#3525,#3526,#3527,#3528,#3529,#3530,#3531,
#3532,#3533,#3534,#3535,#3536,#3537,#3538,#3539,#3540,#3541,#3542,#3543,
#3544,#3545,#3546,#3547,#3548,#3549,#3550,#3551,#3552,#3553,#3554,#3555,
#3556,#3557,#3558,#3559,#3560,#3561,#3562,#3563,#3564,#3565,#3566,#3567,
#3568,#3569,#3570,#3571,#3572,#3573,#3574,#3575,#3576,#3577,#3578,#3579,
#3580,#3581,#3582,#3583,#3584,#3585,#3586,#3587,#3588,#3589,#3590,#3591,
#3592,#3593,#3594,#3595,#3596,#3597,#3598,#3599,#3600,#3601,#3602,#3603,
#3604,#3605,#3606,#3607,#3608,#3609,#3610,#3611,#3612,#3613,#3614,#3615,
#3616,#3617,#3618,#3619,#3620,#3621,#3622,#3623,#3624,#3625,#3626,#3627,
#3628,#3629,#3630,#3631,#3632,#3633,#3634,#3635,#3636,#3637,#3638,#3639,
#3640,#3641,#3642,#3643,#3644,#3645,#3646,#3647,#3648,#3649,#3650,#3651,
#3652,#3653,#3654,#3655,#3656,#3657,#3658,#3659,#3660,#3661,#3662,#3663,
#3664,#3665,#3666,#3667,#3668,#3669,#3670,#3671,#3672,#3673,#3674,#3675,
#3676,#3677,#3678,#3679,#3680,#3681,#3682,#3683,#3684,#3685,#3686,#3687,
#3688,#3689,#3690,#3691,#3692,#3693,#3694,#3695,#3696,#3697,#3698,#3699,
#3700,#3701,#3702,#3703,#3704,#3705,#3706,#3707,#3708,#3709,#3710,#3711,
#3712,#3713,#3714,#3715,#3716,#3717,#3718,#3719,#3720,#3721,#3722,#3723,
#3724,#3725,#3726,#3727,#3728,#3729,#3730,#3731,#3732,#3733,#3734,#3735,
#3736,#3737,#3738,#3739,#3740,#3741,#3742,#3743,#3744,#3745,#3746,#3747,
#3748,#3749,#3750,#3751,#3752,#3753,#3754,#3755,#3756,#3757,#3758,#3759,
#3760,#3761,#3762,#3763,#3764,#3765,#3766,#3767,#3768,#3769,#3770,#3771,
#3772,#3773,#3774,#3775,#3776,#3777,#3778,#3779,#3780,#3781,#3782,#3783,
#3784,#3785,#3786,#3787,#3788,#3789,#3790,#3791,#3792,#3793,#3794,#3795,
#3796,#3797,#3798,#3799,#3800,#3801,#3802,#3803,#3804,#3805,#3806,#3807,
#3808,#3809,#3810,#3811,#3812,#3813,#3814,#3815,#3816,#3817,#3818,#3819,
#3820,#3821,#3822,#3823,#3824,#3825,#3826,#3827,#3828,#3829,#3830,#3831,
#3832,#3833,#3834,#3835,#3836,#3837,#3838,#3839,#3840,#3841,#3842,#3843,
#3844,#3845,#3846,#3847,#3848,#3849,#3850,#3851,#3852,#3853,#3854,#3855,
#3856,#3857,#3858,#3859,#3860,#3861,#3862,#3863,#3864,#3865,#3866,#3867,
#3868,#3869,#3870,#3871,#3872,#3873,#3874,#3875,#3876,#3877,#3878,#3879,
#3880,#3881,#3882,#3883,#3884,#3885,#3886,#3887,#3888,#3889,#3890,#3891,
#3892,#3893,#3894,#3895,#3896,#3897,#3898,#3899,#3900,#3901,#3902,#3903,
#3904,#3905,#3906,#3907,#3908,#3909,#3910,#3911,#3912,#3913,#3914,#3915,
#3916,#3917,#3918,#3919,#3920,#3921,#3922,#3923,#3924,#3925,#3926,#3927,
#3928,#3929,#3930,#3931,#3932,#3933,#3934,#3935,#3936,#3937,#3938,#3939,
#3940,#3941,#3942,#3943,#3944,#3945,#3946,#3947,#3948,#3949,#3950,#3951,
#3952,#3953,#3954,#3955,#3956,#3957,#3958,#3959,#3960,#3961,#3962,#3963,
#3964,#3965,#3966,#3967,#3968,#3969,#3970,#3971),.UNSPECIFIED.,.F.,.F.)
B_SPLINE_CURVE_WITH_KNOTS((3,2,2,2,2,2,2,2,2,2,2,2,2,2,2,2,2,2,2,2,2,2,
2,2,2,2,2,2,2,2,2,2,2,2,2,2,2,2,2,2,2,2,2,2,2,2,2,2,2,2,2,2,2,2,2,2,2,2,
2,2,2,2,2,2,2,2,2,2,2,2,2,2,2,2,2,2,2,2,2,2,2,2,2,2,2,2,2,2,2,2,2,2,2,2,
2,2,2,2,2,2,2,2,2,2,2,2,2,2,2,2,2,2,2,2,2,2,2,2,2,2,2,2,2,2,2,2,2,2,2,2,
2,2,2,2,2,2,2,2,2,2,2,2,2,2,2,2,2,2,2,2,2,2,2,2,2,2,2,2,2,2,2,2,2,2,2,2,
2,2,2,2,2,2,2,2,2,2,2,2,2,2,2,2,2,2,2,2,2,2,2,2,2,2,2,2,2,2,2,2,2,2,2,2,
2,2,2,2,2,2,2,2,2,2,2,2,2,2,2,2,2,2,2,2,2,2,2,2,2,2,2,2,2,2,2,2,2,2,2,2,
2,2,2,2,2,2,2,2,2,2,2,2,2,2,2,2,2,2,2,2,2,2,2,2,2,2,2,2,2,2,2,2,2,2,2,2,
2,2,2,2,2,2,2,2,2,2,2,2,2,2,2,2,2,2,2,2,2,2,2,2,2,2,2,2,2,2,2,2,2,2,2,2,
2,2,2,2,2,2,2,2,2,2,2,2,2,2,2,2,2,2,2,2,2,2,2,2,2,2,2,2,2,2,2,2,2,2,2,2,
2,2,2,2,2,2,2,2,2,2,2,2,2,2,2,2,2,2,2,2,2,2,2,2,2,2,2,2,2,2,2,2,2,2,2,2,
2,2,2,2,2,2,2,2,2,2,2,2,2,2,2,2,2,2,2,2,2,2,2,2,2,2,2,2,2,2,2,2,2,2,2,2,
2,2,2,2,2,2,2,2,2,2,2,2,2,2,2,2,2,2,2,2,2,2,2,2,2,2,2,2,2,2,2,2,2,2,2,2,
2,2,2,2,2,2,2,2,2,2,2,2,2,2,2,2,2,2,2,2,2,2,2,2,2,2,2,2,2,2,2,2,2,2,2,2,
2,2,2,2,2,2,2,2,2,2,2,2,2,2,2,2,2,2,2,2,2,2,2,2,2,2,2,2,2,2,2,2,2,2,2,2,
2,2,2,2,2,2,2,2,2,2,2,2,2,2,2,2,2,2,2,2,2,2,2,2,2,2,2,2,2,2,2,2,2,2,2,2,
2,2,2,2,2,2,2,2,2,2,2,2,2,2,2,2,2,2,2,2,2,2,2,2,2,2,2,2,2,2,2,2,2,2,2,2,
2,2,2,2,3),(0.,0.00166112956810631,0.00332225913621262,0.00498338870431894,
0.00664451827242525,0.00830564784053156,0.00996677740863787,0.0116279069767442,
0.0132890365448505,0.0149501661129568,0.0166112956810631,0.0182724252491694,
0.0199335548172757,0.0215946843853821,0.0232558139534884,0.0249169435215947,
0.026578073089701,0.0282392026578073,0.0299003322259136,0.0315614617940199,
0.0332225913621262,0.0348837209302326,0.0365448504983389,0.0382059800664452,
0.0398671096345515,0.0415282392026578,0.0431893687707641,0.0448504983388704,
0.0465116279069767,0.0481727574750831,0.0498338870431894,0.0514950166112957,
0.053156146179402,0.0548172757475083,0.0564784053156146,0.0581395348837209,
0.0598006644518272,0.0614617940199336,0.0631229235880399,0.0647840531561462,
0.0664451827242525,0.0681063122923588,0.0697674418604651,0.0714285714285714,
0.0730897009966777,0.0747508305647841,0.0764119601328904,0.0780730897009967,
0.079734219269103,0.0813953488372093,0.0830564784053156,0.0847176079734219,
0.0863787375415282,0.0880398671096345,0.0897009966777409,0.0913621262458472,
0.0930232558139535,0.0946843853820598,0.0963455149501661,0.0980066445182724,
0.0996677740863787,0.101328903654485,0.102990033222591,0.104651162790698,
0.106312292358804,0.10797342192691,0.109634551495017,0.111295681063123,
0.112956810631229,0.114617940199336,0.116279069767442,0.117940199335548,
0.119601328903654,0.121262458471761,0.122923588039867,0.124584717607973,
0.12624584717608,0.127906976744186,0.129568106312292,0.131229235880399,
0.132890365448505,0.134551495016611,0.136212624584718,0.137873754152824,
0.13953488372093,0.141196013289037,0.142857142857143,0.144518272425249,
0.146179401993355,0.147840531561462,0.149501661129568,0.151162790697674,
0.152823920265781,0.154485049833887,0.156146179401993,0.1578073089701,0.159468438538206,
0.161129568106312,0.162790697674419,0.164451827242525,0.166112956810631,
0.167774086378738,0.169435215946844,0.17109634551495,0.172757475083056,
0.174418604651163,0.176079734219269,0.177740863787375,0.179401993355482,
0.181063122923588,0.182724252491694,0.184385382059801,0.186046511627907,
0.187707641196013,0.18936877076412,0.191029900332226,0.192691029900332,
0.194352159468439,0.196013289036545,0.197674418604651,0.199335548172757,
0.200996677740864,0.20265780730897,0.204318936877076,0.205980066445183,
0.207641196013289,0.209302325581395,0.210963455149502,0.212624584717608,
0.214285714285714,0.215946843853821,0.217607973421927,0.219269102990033,
0.22093023255814,0.222591362126246,0.224252491694352,0.225913621262458,
0.227574750830565,0.229235880398671,0.230897009966777,0.232558139534884,
0.23421926910299,0.235880398671096,0.237541528239203,0.239202657807309,
0.240863787375415,0.242524916943522,0.244186046511628,0.245847176079734,
0.247508305647841,0.249169435215947,0.250830564784053,0.252491694352159,
0.254152823920266,0.255813953488372,0.257475083056478,0.259136212624585,
0.260797342192691,0.262458471760797,0.264119601328904,0.26578073089701,
0.267441860465116,0.269102990033223,0.270764119601329,0.272425249169435,
0.274086378737542,0.275747508305648,0.277408637873754,0.27906976744186,
0.280730897009967,0.282392026578073,0.284053156146179,0.285714285714286,
0.287375415282392,0.289036544850498,0.290697674418605,0.292358803986711,
0.294019933554817,0.295681063122924,0.29734219269103,0.299003322259136,
0.300664451827243,0.302325581395349,0.303986710963455,0.305647840531561,
0.307308970099668,0.308970099667774,0.31063122923588,0.312292358803987,
0.313953488372093,0.315614617940199,0.317275747508306,0.318936877076412,
0.320598006644518,0.322259136212625,0.323920265780731,0.325581395348837,
0.327242524916944,0.32890365448505,0.330564784053156,0.332225913621262,
0.333887043189369,0.335548172757475,0.337209302325581,0.338870431893688,
0.340531561461794,0.3421926910299,0.343853820598007,0.345514950166113,0.347176079734219,
0.348837209302326,0.350498338870432,0.352159468438538,0.353820598006645,
0.355481727574751,0.357142857142857,0.358803986710963,0.36046511627907,
0.362126245847176,0.363787375415282,0.365448504983389,0.367109634551495,
0.368770764119601,0.370431893687708,0.372093023255814,0.37375415282392,
0.375415282392027,0.377076411960133,0.378737541528239,0.380398671096346,
0.382059800664452,0.383720930232558,0.385382059800664,0.387043189368771,
0.388704318936877,0.390365448504983,0.39202657807309,0.393687707641196,
0.395348837209302,0.397009966777409,0.398671096345515,0.400332225913621,
0.401993355481728,0.403654485049834,0.40531561461794,0.406976744186047,
0.408637873754153,0.410299003322259,0.411960132890365,0.413621262458472,
0.415282392026578,0.416943521594684,0.418604651162791,0.420265780730897,
0.421926910299003,0.42358803986711,0.425249169435216,0.426910299003322,
0.428571428571429,0.430232558139535,0.431893687707641,0.433554817275748,
0.435215946843854,0.43687707641196,0.438538205980066,0.440199335548173,
0.441860465116279,0.443521594684385,0.445182724252492,0.446843853820598,
0.448504983388704,0.450166112956811,0.451827242524917,0.453488372093023,
0.45514950166113,0.456810631229236,0.458471760797342,0.460132890365449,
0.461794019933555,0.463455149501661,0.465116279069767,0.466777408637874,
0.46843853820598,0.470099667774086,0.471760797342193,0.473421926910299,
0.475083056478405,0.476744186046512,0.478405315614618,0.480066445182724,
0.481727574750831,0.483388704318937,0.485049833887043,0.48671096345515,
0.488372093023256,0.490033222591362,0.491694352159468,0.493355481727575,
0.495016611295681,0.496677740863787,0.498338870431894,0.5,0.501661129568106,
0.503322259136213,0.504983388704319,0.506644518272425,0.508305647840532,
0.509966777408638,0.511627906976744,0.51328903654485,0.514950166112957,
0.516611295681063,0.518272425249169,0.519933554817276,0.521594684385382,
0.523255813953488,0.524916943521595,0.526578073089701,0.528239202657807,
0.529900332225914,0.53156146179402,0.533222591362126,0.534883720930233,
0.536544850498339,0.538205980066445,0.539867109634552,0.541528239202658,
0.543189368770764,0.54485049833887,0.546511627906977,0.548172757475083,
0.549833887043189,0.551495016611296,0.553156146179402,0.554817275747508,
0.556478405315615,0.558139534883721,0.559800664451827,0.561461794019934,
0.56312292358804,0.564784053156146,0.566445182724252,0.568106312292359,
0.569767441860465,0.571428571428571,0.573089700996678,0.574750830564784,
0.57641196013289,0.578073089700997,0.579734219269103,0.581395348837209,
0.583056478405316,0.584717607973422,0.586378737541528,0.588039867109635,
0.589700996677741,0.591362126245847,0.593023255813954,0.59468438538206,
0.596345514950166,0.598006644518272,0.599667774086379,0.601328903654485,
0.602990033222591,0.604651162790698,0.606312292358804,0.60797342192691,
0.609634551495017,0.611295681063123,0.612956810631229,0.614617940199336,
0.616279069767442,0.617940199335548,0.619601328903654,0.621262458471761,
0.622923588039867,0.624584717607973,0.62624584717608,0.627906976744186,
0.629568106312292,0.631229235880399,0.632890365448505,0.634551495016611,
0.636212624584718,0.637873754152824,0.63953488372093,0.641196013289037,
0.642857142857143,0.644518272425249,0.646179401993355,0.647840531561462,
0.649501661129568,0.651162790697674,0.652823920265781,0.654485049833887,
0.656146179401993,0.6578073089701,0.659468438538206,0.661129568106312,0.662790697674419,
0.664451827242525,0.666112956810631,0.667774086378738,0.669435215946844,
0.67109634551495,0.672757475083056,0.674418604651163,0.676079734219269,
0.677740863787375,0.679401993355482,0.681063122923588,0.682724252491694,
0.684385382059801,0.686046511627907,0.687707641196013,0.68936877076412,
0.691029900332226,0.692691029900332,0.694352159468439,0.696013289036545,
0.697674418604651,0.699335548172757,0.700996677740864,0.70265780730897,
0.704318936877076,0.705980066445183,0.707641196013289,0.709302325581395,
0.710963455149502,0.712624584717608,0.714285714285714,0.715946843853821,
0.717607973421927,0.719269102990033,0.720930232558139,0.722591362126246,
0.724252491694352,0.725913621262459,0.727574750830565,0.729235880398671,
0.730897009966777,0.732558139534884,0.73421926910299,0.735880398671096,
0.737541528239203,0.739202657807309,0.740863787375415,0.742524916943522,
0.744186046511628,0.745847176079734,0.747508305647841,0.749169435215947,
0.750830564784053,0.752491694352159,0.754152823920266,0.755813953488372,
0.757475083056478,0.759136212624585,0.760797342192691,0.762458471760797,
0.764119601328904,0.76578073089701,0.767441860465116,0.769102990033223,
0.770764119601329,0.772425249169435,0.774086378737541,0.775747508305648,
0.777408637873754,0.779069767441861,0.780730897009967,0.782392026578073,
0.784053156146179,0.785714285714286,0.787375415282392,0.789036544850498,
0.790697674418605,0.792358803986711,0.794019933554817,0.795681063122924,
0.79734219269103,0.799003322259136,0.800664451827243,0.802325581395349,
0.803986710963455,0.805647840531561,0.807308970099668,0.808970099667774,
0.81063122923588,0.812292358803987,0.813953488372093,0.815614617940199,
0.817275747508306,0.818936877076412,0.820598006644518,0.822259136212625,
0.823920265780731,0.825581395348837,0.827242524916944,0.82890365448505,
0.830564784053156,0.832225913621262,0.833887043189369,0.835548172757475,
0.837209302325581,0.838870431893688,0.840531561461794,0.8421926910299,0.843853820598007,
0.845514950166113,0.847176079734219,0.848837209302326,0.850498338870432,
0.852159468438538,0.853820598006645,0.855481727574751,0.857142857142857,
0.858803986710963,0.86046511627907,0.862126245847176,0.863787375415282,
0.865448504983389,0.867109634551495,0.868770764119601,0.870431893687708,
0.872093023255814,0.87375415282392,0.875415282392027,0.877076411960133,
0.878737541528239,0.880398671096346,0.882059800664452,0.883720930232558,
0.885382059800664,0.887043189368771,0.888704318936877,0.890365448504983,
0.89202657807309,0.893687707641196,0.895348837209302,0.897009966777409,
0.898671096345515,0.900332225913621,0.901993355481728,0.903654485049834,
0.90531561461794,0.906976744186046,0.908637873754153,0.910299003322259,
0.911960132890365,0.913621262458472,0.915282392026578,0.916943521594684,
0.918604651162791,0.920265780730897,0.921926910299003,0.92358803986711,
0.925249169435216,0.926910299003322,0.928571428571429,0.930232558139535,
0.931893687707641,0.933554817275748,0.935215946843854,0.93687707641196,
0.938538205980066,0.940199335548173,0.941860465116279,0.943521594684385,
0.945182724252492,0.946843853820598,0.948504983388704,0.950166112956811,
0.951827242524917,0.953488372093023,0.95514950166113,0.956810631229236,
0.958471760797342,0.960132890365448,0.961794019933555,0.963455149501661,
0.965116279069767,0.966777408637874,0.96843853820598,0.970099667774086,
0.971760797342193,0.973421926910299,0.975083056478405,0.976744186046512,
0.978405315614618,0.980066445182724,0.981727574750831,0.983388704318937,
0.985049833887043,0.98671096345515,0.988372093023256,0.990033222591362,
0.991694352159468,0.993355481727575,0.995016611295681,0.996677740863787,
0.998338870431894,1.),.UNSPECIFIED.)
CURVE()
GEOMETRIC_REPRESENTATION_ITEM()
RATIONAL_B_SPLINE_CURVE((1.,0.974927912181824,1.,0.974927912181824,1.,0.974927912181824,
1.,0.974927912181824,1.,0.974927912181824,1.,0.974927912181824,1.,0.974927912181824,
1.,0.974927912181824,1.,0.974927912181824,1.,0.974927912181824,1.,0.974927912181824,
1.,0.974927912181824,1.,0.974927912181824,1.,0.974927912181824,1.,0.974927912181824,
1.,0.974927912181824,1.,0.974927912181824,1.,0.974927912181824,1.,0.974927912181824,
1.,0.974927912181824,1.,0.974927912181824,1.,0.974927912181824,1.,0.974927912181824,
1.,0.974927912181824,1.,0.974927912181824,1.,0.974927912181824,1.,0.974927912181824,
1.,0.974927912181824,1.,0.974927912181824,1.,0.974927912181824,1.,0.974927912181824,
1.,0.974927912181824,1.,0.974927912181824,1.,0.974927912181824,1.,0.974927912181824,
1.,0.974927912181824,1.,0.974927912181824,1.,0.974927912181824,1.,0.974927912181824,
1.,0.974927912181824,1.,0.974927912181824,1.,0.974927912181824,1.,0.974927912181824,
1.,0.974927912181824,1.,0.974927912181824,1.,0.974927912181824,1.,0.974927912181824,
1.,0.974927912181824,1.,0.974927912181824,1.,0.974927912181824,1.,0.974927912181824,
1.,0.974927912181824,1.,0.974927912181824,1.,0.974927912181824,1.,0.974927912181824,
1.,0.974927912181824,1.,0.974927912181824,1.,0.974927912181824,1.,0.974927912181824,
1.,0.974927912181824,1.,0.974927912181824,1.,0.974927912181824,1.,0.974927912181824,
1.,0.974927912181824,1.,0.974927912181824,1.,0.974927912181824,1.,0.974927912181824,
1.,0.974927912181824,1.,0.974927912181824,1.,0.974927912181824,1.,0.974927912181824,
1.,0.974927912181824,1.,0.974927912181824,1.,0.974927912181824,1.,0.974927912181824,
1.,0.974927912181824,1.,0.974927912181824,1.,0.974927912181824,1.,0.974927912181824,
1.,0.974927912181824,1.,0.974927912181824,1.,0.974927912181824,1.,0.974927912181824,
1.,0.974927912181824,1.,0.974927912181824,1.,0.974927912181824,1.,0.974927912181824,
1.,0.974927912181824,1.,0.974927912181824,1.,0.974927912181824,1.,0.974927912181824,
1.,0.974927912181824,1.,0.974927912181824,1.,0.974927912181824,1.,0.974927912181824,
1.,0.974927912181824,1.,0.974927912181824,1.,0.974927912181824,1.,0.974927912181824,
1.,0.974927912181824,1.,0.974927912181824,1.,0.974927912181824,1.,0.974927912181824,
1.,0.974927912181824,1.,0.974927912181824,1.,0.974927912181824,1.,0.974927912181824,
1.,0.974927912181824,1.,0.974927912181824,1.,0.974927912181824,1.,0.974927912181824,
1.,0.974927912181824,1.,0.974927912181824,1.,0.974927912181824,1.,0.974927912181824,
1.,0.974927912181824,1.,0.974927912181824,1.,0.974927912181824,1.,0.974927912181824,
1.,0.974927912181824,1.,0.974927912181824,1.,0.974927912181824,1.,0.974927912181824,
1.,0.974927912181824,1.,0.974927912181824,1.,0.974927912181824,1.,0.974927912181824,
1.,0.974927912181824,1.,0.974927912181824,1.,0.974927912181824,1.,0.974927912181824,
1.,0.974927912181824,1.,0.974927912181824,1.,0.974927912181824,1.,0.974927912181824,
1.,0.974927912181824,1.,0.974927912181824,1.,0.974927912181824,1.,0.974927912181824,
1.,0.974927912181824,1.,0.974927912181824,1.,0.974927912181824,1.,0.974927912181824,
1.,0.974927912181824,1.,0.974927912181824,1.,0.974927912181824,1.,0.974927912181824,
1.,0.974927912181824,1.,0.974927912181824,1.,0.974927912181824,1.,0.974927912181824,
1.,0.974927912181824,1.,0.974927912181824,1.,0.974927912181824,1.,0.974927912181824,
1.,0.974927912181824,1.,0.974927912181824,1.,0.974927912181824,1.,0.974927912181824,
1.,0.974927912181824,1.,0.974927912181824,1.,0.974927912181824,1.,0.974927912181824,
1.,0.974927912181824,1.,0.974927912181824,1.,0.974927912181824,1.,0.974927912181824,
1.,0.974927912181824,1.,0.974927912181824,1.,0.974927912181824,1.,0.974927912181824,
1.,0.974927912181824,1.,0.974927912181824,1.,0.974927912181824,1.,0.974927912181824,
1.,0.974927912181824,1.,0.974927912181824,1.,0.974927912181824,1.,0.974927912181824,
1.,0.974927912181824,1.,0.974927912181824,1.,0.974927912181824,1.,0.974927912181824,
1.,0.974927912181824,1.,0.974927912181824,1.,0.974927912181824,1.,0.974927912181824,
1.,0.974927912181824,1.,0.974927912181824,1.,0.974927912181824,1.,0.974927912181824,
1.,0.974927912181824,1.,0.974927912181824,1.,0.974927912181824,1.,0.974927912181824,
1.,0.974927912181824,1.,0.974927912181824,1.,0.974927912181824,1.,0.974927912181824,
1.,0.974927912181824,1.,0.974927912181824,1.,0.974927912181824,1.,0.974927912181824,
1.,0.974927912181824,1.,0.974927912181824,1.,0.974927912181824,1.,0.974927912181824,
1.,0.974927912181824,1.,0.974927912181824,1.,0.974927912181824,1.,0.974927912181824,
1.,0.974927912181824,1.,0.974927912181824,1.,0.974927912181824,1.,0.974927912181824,
1.,0.974927912181824,1.,0.974927912181824,1.,0.974927912181824,1.,0.974927912181824,
1.,0.974927912181824,1.,0.974927912181824,1.,0.974927912181824,1.,0.974927912181824,
1.,0.974927912181824,1.,0.974927912181824,1.,0.974927912181824,1.,0.974927912181824,
1.,0.974927912181824,1.,0.974927912181824,1.,0.974927912181824,1.,0.974927912181824,
1.,0.974927912181824,1.,0.974927912181824,1.,0.974927912181824,1.,0.974927912181824,
1.,0.974927912181824,1.,0.974927912181824,1.,0.974927912181824,1.,0.974927912181824,
1.,0.974927912181824,1.,0.974927912181824,1.,0.974927912181824,1.,0.974927912181824,
1.,0.974927912181824,1.,0.974927912181824,1.,0.974927912181824,1.,0.974927912181824,
1.,0.974927912181824,1.,0.974927912181824,1.,0.974927912181824,1.,0.974927912181824,
1.,0.974927912181824,1.,0.974927912181824,1.,0.974927912181824,1.,0.974927912181824,
1.,0.974927912181824,1.,0.974927912181824,1.,0.974927912181824,1.,0.974927912181824,
1.,0.974927912181824,1.,0.974927912181824,1.,0.974927912181824,1.,0.974927912181824,
1.,0.974927912181824,1.,0.974927912181824,1.,0.974927912181824,1.,0.974927912181824,
1.,0.974927912181824,1.,0.974927912181824,1.,0.974927912181824,1.,0.974927912181824,
1.,0.974927912181824,1.,0.974927912181824,1.,0.974927912181824,1.,0.974927912181824,
1.,0.974927912181824,1.,0.974927912181824,1.,0.974927912181824,1.,0.974927912181824,
1.,0.974927912181824,1.,0.974927912181824,1.,0.974927912181824,1.,0.974927912181824,
1.,0.974927912181824,1.,0.974927912181824,1.,0.974927912181824,1.,0.974927912181824,
1.,0.974927912181824,1.,0.974927912181824,1.,0.974927912181824,1.,0.974927912181824,
1.,0.974927912181824,1.,0.974927912181824,1.,0.974927912181824,1.,0.974927912181824,
1.,0.974927912181824,1.,0.974927912181824,1.,0.974927912181824,1.,0.974927912181824,
1.,0.974927912181824,1.,0.974927912181824,1.,0.974927912181824,1.,0.974927912181824,
1.,0.974927912181824,1.,0.974927912181824,1.,0.974927912181824,1.,0.974927912181824,
1.,0.974927912181824,1.,0.974927912181824,1.,0.974927912181824,1.,0.974927912181824,
1.,0.974927912181824,1.,0.974927912181824,1.,0.974927912181824,1.,0.974927912181824,
1.,0.974927912181824,1.,0.974927912181824,1.,0.974927912181824,1.,0.974927912181824,
1.,0.974927912181824,1.,0.974927912181824,1.,0.974927912181824,1.,0.974927912181824,
1.,0.974927912181824,1.,0.974927912181824,1.,0.974927912181824,1.,0.974927912181824,
1.,0.974927912181824,1.,0.974927912181824,1.,0.974927912181824,1.,0.974927912181824,
1.,0.974927912181824,1.,0.974927912181824,1.,0.974927912181824,1.,0.974927912181824,
1.,0.974927912181824,1.,0.974927912181824,1.,0.974927912181824,1.,0.974927912181824,
1.,0.974927912181824,1.,0.974927912181824,1.,0.974927912181824,1.,0.974927912181824,
1.,0.974927912181824,1.,0.974927912181824,1.,0.974927912181824,1.,0.974927912181824,
1.,0.974927912181824,1.,0.974927912181824,1.,0.974927912181824,1.,0.974927912181824,
1.,0.974927912181824,1.,0.974927912181824,1.,0.974927912181824,1.,0.974927912181824,
1.,0.974927912181824,1.,0.974927912181824,1.,0.974927912181824,1.,0.974927912181824,
1.,0.974927912181824,1.,0.974927912181824,1.,0.974927912181824,1.,0.974927912181824,
1.,0.974927912181824,1.,0.974927912181824,1.,0.974927912181824,1.,0.974927912181824,
1.,0.974927912181824,1.,0.974927912181824,1.,0.974927912181824,1.,0.974927912181824,
1.,0.974927912181824,1.,0.974927912181824,1.,0.974927912181824,1.,0.974927912181824,
1.,0.974927912181824,1.,0.974927912181824,1.,0.974927912181824,1.,0.974927912181824,
1.,0.974927912181824,1.,0.974927912181824,1.,0.974927912181824,1.,0.974927912181824,
1.,0.974927912181824,1.,0.974927912181824,1.,0.974927912181824,1.,0.974927912181824,
1.,0.974927912181824,1.,0.974927912181824,1.,0.974927912181824,1.,0.974927912181824,
1.,0.974927912181824,1.,0.974927912181824,1.,0.974927912181824,1.,0.974927912181824,
1.,0.974927912181824,1.,0.974927912181824,1.,0.974927912181824,1.,0.974927912181824,
1.,0.974927912181824,1.,0.974927912181824,1.,0.974927912181824,1.,0.974927912181824,
1.,0.974927912181824,1.,0.974927912181824,1.,0.974927912181824,1.,0.974927912181824,
1.,0.974927912181824,1.,0.974927912181824,1.,0.974927912181824,1.,0.974927912181824,
1.,0.974927912181824,1.,0.974927912181824,1.,0.974927912181824,1.,0.974927912181824,
1.,0.974927912181824,1.,0.974927912181824,1.,0.974927912181824,1.,0.974927912181824,
1.,0.974927912181824,1.,0.974927912181824,1.,0.974927912181824,1.,0.974927912181824,
1.,0.974927912181824,1.,0.974927912181824,1.,0.974927912181824,1.,0.974927912181824,
1.,0.974927912181824,1.,0.974927912181824,1.,0.974927912181824,1.,0.974927912181824,
1.,0.974927912181824,1.,0.974927912181824,1.,0.974927912181824,1.,0.974927912181824,
1.,0.974927912181824,1.,0.974927912181824,1.,0.974927912181824,1.,0.974927912181824,
1.,0.974927912181824,1.,0.974927912181824,1.,0.974927912181824,1.,0.974927912181824,
1.,0.974927912181824,1.,0.974927912181824,1.,0.974927912181824,1.,0.974927912181824,
1.,0.974927912181824,1.,0.974927912181824,1.,0.974927912181824,1.,0.974927912181824,
1.,0.974927912181824,1.,0.974927912181824,1.,0.974927912181824,1.,0.974927912181824,
1.,0.974927912181824,1.,0.974927912181824,1.,0.974927912181824,1.,0.974927912181824,
1.,0.974927912181824,1.,0.974927912181824,1.,0.974927912181824,1.,0.974927912181824,
1.,0.974927912181824,1.,0.974927912181824,1.,0.974927912181824,1.,0.974927912181824,
1.,0.974927912181824,1.,0.974927912181824,1.,0.974927912181824,1.,0.974927912181824,
1.,0.974927912181824,1.,0.974927912181824,1.,0.974927912181824,1.,0.974927912181824,
1.,0.974927912181824,1.,0.974927912181824,1.,0.974927912181824,1.,0.974927912181824,
1.,0.974927912181824,1.,0.974927912181824,1.,0.974927912181824,1.,0.974927912181824,
1.,0.974927912181824,1.,0.974927912181824,1.,0.974927912181824,1.,0.974927912181824,
1.,0.974927912181824,1.,0.974927912181824,1.,0.974927912181824,1.,0.974927912181824,
1.,0.974927912181824,1.,0.974927912181824,1.,0.974927912181824,1.,0.974927912181824,
1.,0.974927912181824,1.,0.974927912181824,1.,0.974927912181824,1.,0.974927912181824,
1.,0.974927912181824,1.,0.974927912181824,1.,0.974927912181824,1.,0.974927912181824,
1.,0.974927912181824,1.,0.974927912181824,1.,0.974927912181824,1.,0.974927912181824,
1.,0.974927912181824,1.,0.974927912181824,1.,0.974927912181824,1.,0.974927912181824,
1.,0.974927912181824,1.,0.974927912181824,1.,0.974927912181824,1.,0.974927912181824,
1.,0.974927912181824,1.,0.974927912181824,1.,0.974927912181824,1.,0.974927912181824,
1.,0.974927912181824,1.,0.974927912181824,1.,0.974927912181824,1.,0.974927912181824,
1.,0.974927912181824,1.,0.974927912181824,1.,0.974927912181824,1.,0.974927912181824,
1.,0.974927912181824,1.,0.974927912181824,1.,0.974927912181824,1.,0.974927912181824,
1.,0.974927912181824,1.,0.974927912181824,1.,0.974927912181824,1.,0.974927912181824,
1.,0.974927912181824,1.,0.974927912181824,1.,0.974927912181824,1.,0.974927912181824,
1.,0.974927912181824,1.,0.974927912181824,1.,0.974927912181824,1.,0.974927912181824,
1.,0.974927912181824,1.,0.974927912181824,1.,0.974927912181824,1.,0.974927912181824,
1.,0.974927912181824,1.,0.974927912181824,1.,0.974927912181824,1.,0.974927912181824,
1.,0.974927912181824,1.,0.974927912181824,1.,0.974927912181824,1.,0.974927912181824,
1.,0.974927912181824,1.,0.974927912181824,1.,0.974927912181824,1.,0.974927912181824,
1.,0.974927912181824,1.,0.974927912181824,1.,0.974927912181824,1.,0.974927912181824,
1.,0.974927912181824,1.,0.974927912181824,1.,0.974927912181824,1.,0.974927912181824,
1.,0.974927912181824,1.,0.974927912181824,1.,0.974927912181824,1.,0.974927912181824,
1.,0.974927912181824,1.,0.974927912181824,1.,0.974927912181824,1.,0.974927912181824,
1.,0.974927912181824,1.,0.974927912181824,1.,0.974927912181824,1.,0.974927912181824,
1.,0.974927912181824,1.,0.974927912181824,1.,0.974927912181824,1.,0.974927912181824,
1.,0.974927912181824,1.,0.974927912181824,1.,0.974927912181824,1.,0.974927912181824,
1.,0.974927912181824,1.,0.974927912181824,1.,0.974927912181824,1.,0.974927912181824,
1.,0.974927912181824,1.,0.974927912181824,1.,0.974927912181824,1.,0.974927912181824,
1.,0.974927912181824,1.,0.974927912181824,1.,0.974927912181824,1.,0.974927912181824,
1.,0.974927912181824,1.,0.974927912181824,1.,0.974927912181824,1.))
REPRESENTATION_ITEM('')
);
#38=(
BOUNDED_CURVE()
B_SPLINE_CURVE(2,(#3975,#3976,#3977,#3978,#3979,#3980,#3981,#3982,#3983,
#3984,#3985,#3986,#3987,#3988,#3989,#3990,#3991,#3992,#3993,#3994,#3995,
#3996,#3997,#3998,#3999,#4000,#4001,#4002,#4003,#4004,#4005,#4006,#4007,
#4008,#4009,#4010,#4011,#4012,#4013,#4014,#4015,#4016,#4017,#4018,#4019,
#4020,#4021,#4022,#4023,#4024,#4025,#4026,#4027,#4028,#4029,#4030,#4031,
#4032,#4033,#4034,#4035,#4036,#4037,#4038,#4039,#4040,#4041,#4042,#4043,
#4044,#4045,#4046,#4047,#4048,#4049,#4050,#4051,#4052,#4053,#4054,#4055,
#4056,#4057,#4058,#4059,#4060,#4061,#4062,#4063,#4064,#4065,#4066,#4067,
#4068,#4069,#4070,#4071,#4072,#4073,#4074,#4075,#4076,#4077,#4078,#4079,
#4080,#4081,#4082,#4083,#4084,#4085,#4086,#4087,#4088,#4089,#4090,#4091,
#4092,#4093,#4094,#4095,#4096,#4097,#4098,#4099,#4100,#4101,#4102,#4103,
#4104,#4105,#4106,#4107,#4108,#4109,#4110,#4111,#4112,#4113,#4114,#4115,
#4116,#4117,#4118,#4119,#4120,#4121,#4122,#4123,#4124,#4125,#4126,#4127,
#4128,#4129,#4130,#4131,#4132,#4133,#4134,#4135,#4136,#4137,#4138,#4139,
#4140,#4141,#4142,#4143,#4144,#4145,#4146,#4147,#4148,#4149,#4150,#4151,
#4152,#4153,#4154,#4155,#4156,#4157,#4158,#4159,#4160,#4161,#4162,#4163,
#4164,#4165,#4166,#4167,#4168,#4169,#4170,#4171,#4172,#4173,#4174,#4175,
#4176,#4177,#4178,#4179,#4180,#4181,#4182,#4183,#4184,#4185,#4186,#4187,
#4188,#4189,#4190,#4191,#4192,#4193,#4194,#4195,#4196,#4197,#4198,#4199,
#4200,#4201,#4202,#4203,#4204,#4205,#4206,#4207,#4208,#4209,#4210,#4211,
#4212,#4213,#4214,#4215,#4216,#4217,#4218,#4219,#4220,#4221,#4222,#4223,
#4224,#4225,#4226,#4227,#4228,#4229,#4230,#4231,#4232,#4233,#4234,#4235,
#4236,#4237,#4238,#4239,#4240,#4241,#4242,#4243,#4244,#4245,#4246,#4247,
#4248,#4249,#4250,#4251,#4252,#4253,#4254,#4255,#4256,#4257,#4258,#4259,
#4260,#4261,#4262,#4263,#4264,#4265,#4266,#4267,#4268,#4269,#4270,#4271,
#4272,#4273,#4274,#4275,#4276,#4277,#4278,#4279,#4280,#4281,#4282,#4283,
#4284,#4285,#4286,#4287,#4288,#4289,#4290,#4291,#4292,#4293,#4294,#4295,
#4296,#4297,#4298,#4299,#4300,#4301,#4302,#4303,#4304,#4305,#4306,#4307,
#4308,#4309,#4310,#4311,#4312,#4313,#4314,#4315,#4316,#4317,#4318,#4319,
#4320,#4321,#4322,#4323,#4324,#4325,#4326,#4327,#4328,#4329,#4330,#4331,
#4332,#4333,#4334,#4335,#4336,#4337,#4338,#4339,#4340,#4341,#4342,#4343,
#4344,#4345,#4346,#4347,#4348,#4349,#4350,#4351,#4352,#4353,#4354,#4355,
#4356,#4357,#4358,#4359,#4360,#4361,#4362,#4363,#4364,#4365,#4366,#4367,
#4368,#4369,#4370,#4371,#4372,#4373,#4374,#4375,#4376,#4377,#4378,#4379,
#4380,#4381,#4382,#4383,#4384,#4385,#4386,#4387,#4388,#4389,#4390,#4391,
#4392,#4393,#4394,#4395,#4396,#4397,#4398,#4399,#4400,#4401,#4402,#4403,
#4404,#4405,#4406,#4407,#4408,#4409,#4410,#4411,#4412,#4413,#4414,#4415,
#4416,#4417,#4418,#4419,#4420,#4421,#4422,#4423,#4424,#4425,#4426,#4427,
#4428,#4429,#4430,#4431,#4432,#4433,#4434,#4435,#4436,#4437,#4438,#4439,
#4440,#4441,#4442,#4443,#4444,#4445,#4446,#4447,#4448,#4449,#4450,#4451,
#4452,#4453,#4454,#4455,#4456,#4457,#4458,#4459,#4460,#4461,#4462,#4463,
#4464,#4465,#4466,#4467,#4468,#4469,#4470,#4471,#4472,#4473,#4474,#4475,
#4476,#4477,#4478,#4479,#4480,#4481,#4482,#4483,#4484,#4485,#4486,#4487,
#4488,#4489,#4490,#4491,#4492,#4493,#4494,#4495,#4496,#4497,#4498,#4499,
#4500,#4501,#4502,#4503,#4504,#4505,#4506,#4507,#4508,#4509,#4510,#4511,
#4512,#4513,#4514,#4515,#4516,#4517,#4518,#4519,#4520,#4521,#4522,#4523,
#4524,#4525,#4526,#4527,#4528,#4529,#4530,#4531,#4532,#4533,#4534,#4535,
#4536,#4537,#4538,#4539,#4540,#4541,#4542,#4543,#4544,#4545,#4546,#4547,
#4548,#4549,#4550,#4551,#4552,#4553,#4554,#4555,#4556,#4557,#4558,#4559,
#4560,#4561,#4562,#4563,#4564,#4565,#4566,#4567,#4568,#4569,#4570,#4571,
#4572,#4573,#4574,#4575,#4576,#4577,#4578,#4579,#4580,#4581,#4582,#4583,
#4584,#4585,#4586,#4587,#4588,#4589,#4590,#4591,#4592,#4593,#4594,#4595,
#4596,#4597,#4598,#4599,#4600,#4601,#4602,#4603,#4604,#4605,#4606,#4607,
#4608,#4609,#4610,#4611,#4612,#4613,#4614,#4615,#4616,#4617,#4618,#4619,
#4620,#4621,#4622,#4623,#4624,#4625,#4626,#4627,#4628,#4629,#4630,#4631,
#4632,#4633,#4634,#4635,#4636,#4637,#4638,#4639,#4640,#4641,#4642,#4643,
#4644,#4645,#4646,#4647,#4648,#4649,#4650,#4651,#4652,#4653,#4654,#4655,
#4656,#4657,#4658,#4659,#4660,#4661,#4662,#4663,#4664,#4665,#4666,#4667,
#4668,#4669,#4670,#4671,#4672,#4673,#4674,#4675,#4676,#4677,#4678,#4679,
#4680,#4681,#4682,#4683,#4684,#4685,#4686,#4687,#4688,#4689,#4690,#4691,
#4692,#4693,#4694,#4695,#4696,#4697,#4698,#4699,#4700,#4701,#4702,#4703,
#4704,#4705,#4706,#4707,#4708,#4709,#4710,#4711,#4712,#4713,#4714,#4715,
#4716,#4717,#4718,#4719,#4720,#4721,#4722,#4723,#4724,#4725,#4726,#4727,
#4728,#4729,#4730,#4731,#4732,#4733,#4734,#4735,#4736,#4737,#4738,#4739,
#4740,#4741,#4742,#4743,#4744,#4745,#4746,#4747,#4748,#4749,#4750,#4751,
#4752,#4753,#4754,#4755,#4756,#4757,#4758,#4759,#4760,#4761,#4762,#4763,
#4764,#4765,#4766,#4767,#4768,#4769,#4770,#4771,#4772,#4773,#4774,#4775,
#4776,#4777,#4778,#4779,#4780,#4781,#4782,#4783,#4784,#4785,#4786,#4787,
#4788,#4789,#4790,#4791,#4792,#4793,#4794,#4795,#4796,#4797,#4798,#4799,
#4800,#4801,#4802,#4803,#4804,#4805,#4806,#4807,#4808,#4809,#4810,#4811,
#4812,#4813,#4814,#4815,#4816,#4817,#4818,#4819,#4820,#4821,#4822,#4823,
#4824,#4825,#4826,#4827,#4828,#4829,#4830,#4831,#4832,#4833,#4834,#4835,
#4836,#4837,#4838,#4839,#4840,#4841,#4842,#4843,#4844,#4845,#4846,#4847,
#4848,#4849,#4850,#4851,#4852,#4853,#4854,#4855,#4856,#4857,#4858,#4859,
#4860,#4861,#4862,#4863,#4864,#4865,#4866,#4867,#4868,#4869,#4870,#4871,
#4872,#4873,#4874,#4875,#4876,#4877,#4878,#4879,#4880,#4881,#4882,#4883,
#4884,#4885,#4886,#4887,#4888,#4889,#4890,#4891,#4892,#4893,#4894,#4895,
#4896,#4897,#4898,#4899,#4900,#4901,#4902,#4903,#4904,#4905,#4906,#4907,
#4908,#4909,#4910,#4911,#4912,#4913,#4914,#4915,#4916,#4917,#4918,#4919,
#4920,#4921,#4922,#4923,#4924,#4925,#4926,#4927,#4928,#4929,#4930,#4931,
#4932,#4933,#4934,#4935,#4936,#4937,#4938,#4939,#4940,#4941,#4942,#4943,
#4944,#4945,#4946,#4947,#4948,#4949,#4950,#4951,#4952,#4953,#4954,#4955,
#4956,#4957,#4958,#4959,#4960,#4961,#4962,#4963,#4964,#4965,#4966,#4967,
#4968,#4969,#4970,#4971,#4972,#4973,#4974,#4975,#4976,#4977,#4978,#4979,
#4980,#4981,#4982,#4983,#4984,#4985,#4986,#4987,#4988,#4989,#4990,#4991,
#4992,#4993,#4994,#4995,#4996,#4997,#4998,#4999,#5000,#5001,#5002,#5003,
#5004,#5005,#5006,#5007,#5008,#5009,#5010,#5011,#5012,#5013,#5014,#5015,
#5016,#5017,#5018,#5019,#5020,#5021,#5022,#5023,#5024,#5025,#5026,#5027,
#5028,#5029,#5030,#5031,#5032,#5033,#5034,#5035,#5036,#5037,#5038,#5039,
#5040,#5041,#5042,#5043,#5044,#5045,#5046,#5047,#5048,#5049,#5050,#5051,
#5052,#5053,#5054,#5055,#5056,#5057,#5058,#5059,#5060,#5061,#5062,#5063,
#5064,#5065,#5066,#5067,#5068,#5069,#5070,#5071,#5072,#5073,#5074,#5075,
#5076,#5077,#5078,#5079,#5080,#5081,#5082,#5083,#5084,#5085,#5086,#5087,
#5088,#5089,#5090,#5091,#5092,#5093,#5094,#5095,#5096,#5097,#5098,#5099,
#5100,#5101,#5102,#5103,#5104,#5105,#5106,#5107,#5108,#5109,#5110,#5111,
#5112,#5113,#5114,#5115,#5116,#5117,#5118,#5119,#5120,#5121,#5122,#5123,
#5124,#5125,#5126,#5127,#5128,#5129,#5130,#5131,#5132,#5133,#5134,#5135,
#5136,#5137,#5138,#5139,#5140,#5141,#5142,#5143,#5144,#5145,#5146,#5147,
#5148,#5149,#5150,#5151,#5152,#5153,#5154,#5155,#5156,#5157,#5158,#5159,
#5160,#5161,#5162,#5163,#5164,#5165,#5166,#5167,#5168,#5169,#5170,#5171,
#5172,#5173,#5174,#5175,#5176,#5177,#5178,#5179),.UNSPECIFIED.,.F.,.F.)
B_SPLINE_CURVE_WITH_KNOTS((3,2,2,2,2,2,2,2,2,2,2,2,2,2,2,2,2,2,2,2,2,2,
2,2,2,2,2,2,2,2,2,2,2,2,2,2,2,2,2,2,2,2,2,2,2,2,2,2,2,2,2,2,2,2,2,2,2,2,
2,2,2,2,2,2,2,2,2,2,2,2,2,2,2,2,2,2,2,2,2,2,2,2,2,2,2,2,2,2,2,2,2,2,2,2,
2,2,2,2,2,2,2,2,2,2,2,2,2,2,2,2,2,2,2,2,2,2,2,2,2,2,2,2,2,2,2,2,2,2,2,2,
2,2,2,2,2,2,2,2,2,2,2,2,2,2,2,2,2,2,2,2,2,2,2,2,2,2,2,2,2,2,2,2,2,2,2,2,
2,2,2,2,2,2,2,2,2,2,2,2,2,2,2,2,2,2,2,2,2,2,2,2,2,2,2,2,2,2,2,2,2,2,2,2,
2,2,2,2,2,2,2,2,2,2,2,2,2,2,2,2,2,2,2,2,2,2,2,2,2,2,2,2,2,2,2,2,2,2,2,2,
2,2,2,2,2,2,2,2,2,2,2,2,2,2,2,2,2,2,2,2,2,2,2,2,2,2,2,2,2,2,2,2,2,2,2,2,
2,2,2,2,2,2,2,2,2,2,2,2,2,2,2,2,2,2,2,2,2,2,2,2,2,2,2,2,2,2,2,2,2,2,2,2,
2,2,2,2,2,2,2,2,2,2,2,2,2,2,2,2,2,2,2,2,2,2,2,2,2,2,2,2,2,2,2,2,2,2,2,2,
2,2,2,2,2,2,2,2,2,2,2,2,2,2,2,2,2,2,2,2,2,2,2,2,2,2,2,2,2,2,2,2,2,2,2,2,
2,2,2,2,2,2,2,2,2,2,2,2,2,2,2,2,2,2,2,2,2,2,2,2,2,2,2,2,2,2,2,2,2,2,2,2,
2,2,2,2,2,2,2,2,2,2,2,2,2,2,2,2,2,2,2,2,2,2,2,2,2,2,2,2,2,2,2,2,2,2,2,2,
2,2,2,2,2,2,2,2,2,2,2,2,2,2,2,2,2,2,2,2,2,2,2,2,2,2,2,2,2,2,2,2,2,2,2,2,
2,2,2,2,2,2,2,2,2,2,2,2,2,2,2,2,2,2,2,2,2,2,2,2,2,2,2,2,2,2,2,2,2,2,2,2,
2,2,2,2,2,2,2,2,2,2,2,2,2,2,2,2,2,2,2,2,2,2,2,2,2,2,2,2,2,2,2,2,2,2,2,2,
2,2,2,2,2,2,2,2,2,2,2,2,2,2,2,2,2,2,2,2,2,2,2,2,2,2,2,2,2,2,2,2,2,2,2,2,
2,2,2,2,3),(0.,0.00166112956810631,0.00332225913621262,0.00498338870431894,
0.00664451827242525,0.00830564784053156,0.00996677740863787,0.0116279069767442,
0.0132890365448505,0.0149501661129568,0.0166112956810631,0.0182724252491694,
0.0199335548172757,0.0215946843853821,0.0232558139534884,0.0249169435215947,
0.026578073089701,0.0282392026578073,0.0299003322259136,0.0315614617940199,
0.0332225913621262,0.0348837209302326,0.0365448504983389,0.0382059800664452,
0.0398671096345515,0.0415282392026578,0.0431893687707641,0.0448504983388704,
0.0465116279069767,0.0481727574750831,0.0498338870431894,0.0514950166112957,
0.053156146179402,0.0548172757475083,0.0564784053156146,0.0581395348837209,
0.0598006644518272,0.0614617940199336,0.0631229235880399,0.0647840531561462,
0.0664451827242525,0.0681063122923588,0.0697674418604651,0.0714285714285714,
0.0730897009966777,0.0747508305647841,0.0764119601328904,0.0780730897009967,
0.079734219269103,0.0813953488372093,0.0830564784053156,0.0847176079734219,
0.0863787375415282,0.0880398671096345,0.0897009966777409,0.0913621262458472,
0.0930232558139535,0.0946843853820598,0.0963455149501661,0.0980066445182724,
0.0996677740863787,0.101328903654485,0.102990033222591,0.104651162790698,
0.106312292358804,0.10797342192691,0.109634551495017,0.111295681063123,
0.112956810631229,0.114617940199336,0.116279069767442,0.117940199335548,
0.119601328903654,0.121262458471761,0.122923588039867,0.124584717607973,
0.12624584717608,0.127906976744186,0.129568106312292,0.131229235880399,
0.132890365448505,0.134551495016611,0.136212624584718,0.137873754152824,
0.13953488372093,0.141196013289037,0.142857142857143,0.144518272425249,
0.146179401993355,0.147840531561462,0.149501661129568,0.151162790697674,
0.152823920265781,0.154485049833887,0.156146179401993,0.1578073089701,0.159468438538206,
0.161129568106312,0.162790697674419,0.164451827242525,0.166112956810631,
0.167774086378738,0.169435215946844,0.17109634551495,0.172757475083056,
0.174418604651163,0.176079734219269,0.177740863787375,0.179401993355482,
0.181063122923588,0.182724252491694,0.184385382059801,0.186046511627907,
0.187707641196013,0.18936877076412,0.191029900332226,0.192691029900332,
0.194352159468439,0.196013289036545,0.197674418604651,0.199335548172757,
0.200996677740864,0.20265780730897,0.204318936877076,0.205980066445183,
0.207641196013289,0.209302325581395,0.210963455149502,0.212624584717608,
0.214285714285714,0.215946843853821,0.217607973421927,0.219269102990033,
0.22093023255814,0.222591362126246,0.224252491694352,0.225913621262458,
0.227574750830565,0.229235880398671,0.230897009966777,0.232558139534884,
0.23421926910299,0.235880398671096,0.237541528239203,0.239202657807309,
0.240863787375415,0.242524916943522,0.244186046511628,0.245847176079734,
0.247508305647841,0.249169435215947,0.250830564784053,0.252491694352159,
0.254152823920266,0.255813953488372,0.257475083056478,0.259136212624585,
0.260797342192691,0.262458471760797,0.264119601328904,0.26578073089701,
0.267441860465116,0.269102990033223,0.270764119601329,0.272425249169435,
0.274086378737542,0.275747508305648,0.277408637873754,0.27906976744186,
0.280730897009967,0.282392026578073,0.284053156146179,0.285714285714286,
0.287375415282392,0.289036544850498,0.290697674418605,0.292358803986711,
0.294019933554817,0.295681063122924,0.29734219269103,0.299003322259136,
0.300664451827243,0.302325581395349,0.303986710963455,0.305647840531561,
0.307308970099668,0.308970099667774,0.31063122923588,0.312292358803987,
0.313953488372093,0.315614617940199,0.317275747508306,0.318936877076412,
0.320598006644518,0.322259136212625,0.323920265780731,0.325581395348837,
0.327242524916944,0.32890365448505,0.330564784053156,0.332225913621262,
0.333887043189369,0.335548172757475,0.337209302325581,0.338870431893688,
0.340531561461794,0.3421926910299,0.343853820598007,0.345514950166113,0.347176079734219,
0.348837209302326,0.350498338870432,0.352159468438538,0.353820598006645,
0.355481727574751,0.357142857142857,0.358803986710963,0.36046511627907,
0.362126245847176,0.363787375415282,0.365448504983389,0.367109634551495,
0.368770764119601,0.370431893687708,0.372093023255814,0.37375415282392,
0.375415282392027,0.377076411960133,0.378737541528239,0.380398671096346,
0.382059800664452,0.383720930232558,0.385382059800664,0.387043189368771,
0.388704318936877,0.390365448504983,0.39202657807309,0.393687707641196,
0.395348837209302,0.397009966777409,0.398671096345515,0.400332225913621,
0.401993355481728,0.403654485049834,0.40531561461794,0.406976744186047,
0.408637873754153,0.410299003322259,0.411960132890365,0.413621262458472,
0.415282392026578,0.416943521594684,0.418604651162791,0.420265780730897,
0.421926910299003,0.42358803986711,0.425249169435216,0.426910299003322,
0.428571428571429,0.430232558139535,0.431893687707641,0.433554817275748,
0.435215946843854,0.43687707641196,0.438538205980066,0.440199335548173,
0.441860465116279,0.443521594684385,0.445182724252492,0.446843853820598,
0.448504983388704,0.450166112956811,0.451827242524917,0.453488372093023,
0.45514950166113,0.456810631229236,0.458471760797342,0.460132890365449,
0.461794019933555,0.463455149501661,0.465116279069767,0.466777408637874,
0.46843853820598,0.470099667774086,0.471760797342193,0.473421926910299,
0.475083056478405,0.476744186046512,0.478405315614618,0.480066445182724,
0.481727574750831,0.483388704318937,0.485049833887043,0.48671096345515,
0.488372093023256,0.490033222591362,0.491694352159468,0.493355481727575,
0.495016611295681,0.496677740863787,0.498338870431894,0.5,0.501661129568106,
0.503322259136213,0.504983388704319,0.506644518272425,0.508305647840532,
0.509966777408638,0.511627906976744,0.51328903654485,0.514950166112957,
0.516611295681063,0.518272425249169,0.519933554817276,0.521594684385382,
0.523255813953488,0.524916943521595,0.526578073089701,0.528239202657807,
0.529900332225914,0.53156146179402,0.533222591362126,0.534883720930233,
0.536544850498339,0.538205980066445,0.539867109634552,0.541528239202658,
0.543189368770764,0.54485049833887,0.546511627906977,0.548172757475083,
0.549833887043189,0.551495016611296,0.553156146179402,0.554817275747508,
0.556478405315615,0.558139534883721,0.559800664451827,0.561461794019934,
0.56312292358804,0.564784053156146,0.566445182724252,0.568106312292359,
0.569767441860465,0.571428571428571,0.573089700996678,0.574750830564784,
0.57641196013289,0.578073089700997,0.579734219269103,0.581395348837209,
0.583056478405316,0.584717607973422,0.586378737541528,0.588039867109635,
0.589700996677741,0.591362126245847,0.593023255813954,0.59468438538206,
0.596345514950166,0.598006644518272,0.599667774086379,0.601328903654485,
0.602990033222591,0.604651162790698,0.606312292358804,0.60797342192691,
0.609634551495017,0.611295681063123,0.612956810631229,0.614617940199336,
0.616279069767442,0.617940199335548,0.619601328903654,0.621262458471761,
0.622923588039867,0.624584717607973,0.62624584717608,0.627906976744186,
0.629568106312292,0.631229235880399,0.632890365448505,0.634551495016611,
0.636212624584718,0.637873754152824,0.63953488372093,0.641196013289037,
0.642857142857143,0.644518272425249,0.646179401993355,0.647840531561462,
0.649501661129568,0.651162790697674,0.652823920265781,0.654485049833887,
0.656146179401993,0.6578073089701,0.659468438538206,0.661129568106312,0.662790697674419,
0.664451827242525,0.666112956810631,0.667774086378738,0.669435215946844,
0.67109634551495,0.672757475083056,0.674418604651163,0.676079734219269,
0.677740863787375,0.679401993355482,0.681063122923588,0.682724252491694,
0.684385382059801,0.686046511627907,0.687707641196013,0.68936877076412,
0.691029900332226,0.692691029900332,0.694352159468439,0.696013289036545,
0.697674418604651,0.699335548172757,0.700996677740864,0.70265780730897,
0.704318936877076,0.705980066445183,0.707641196013289,0.709302325581395,
0.710963455149502,0.712624584717608,0.714285714285714,0.715946843853821,
0.717607973421927,0.719269102990033,0.720930232558139,0.722591362126246,
0.724252491694352,0.725913621262459,0.727574750830565,0.729235880398671,
0.730897009966777,0.732558139534884,0.73421926910299,0.735880398671096,
0.737541528239203,0.739202657807309,0.740863787375415,0.742524916943522,
0.744186046511628,0.745847176079734,0.747508305647841,0.749169435215947,
0.750830564784053,0.752491694352159,0.754152823920266,0.755813953488372,
0.757475083056478,0.759136212624585,0.760797342192691,0.762458471760797,
0.764119601328904,0.76578073089701,0.767441860465116,0.769102990033223,
0.770764119601329,0.772425249169435,0.774086378737541,0.775747508305648,
0.777408637873754,0.779069767441861,0.780730897009967,0.782392026578073,
0.784053156146179,0.785714285714286,0.787375415282392,0.789036544850498,
0.790697674418605,0.792358803986711,0.794019933554817,0.795681063122924,
0.79734219269103,0.799003322259136,0.800664451827243,0.802325581395349,
0.803986710963455,0.805647840531561,0.807308970099668,0.808970099667774,
0.81063122923588,0.812292358803987,0.813953488372093,0.815614617940199,
0.817275747508306,0.818936877076412,0.820598006644518,0.822259136212625,
0.823920265780731,0.825581395348837,0.827242524916944,0.82890365448505,
0.830564784053156,0.832225913621262,0.833887043189369,0.835548172757475,
0.837209302325581,0.838870431893688,0.840531561461794,0.8421926910299,0.843853820598007,
0.845514950166113,0.847176079734219,0.848837209302326,0.850498338870432,
0.852159468438538,0.853820598006645,0.855481727574751,0.857142857142857,
0.858803986710963,0.86046511627907,0.862126245847176,0.863787375415282,
0.865448504983389,0.867109634551495,0.868770764119601,0.870431893687708,
0.872093023255814,0.87375415282392,0.875415282392027,0.877076411960133,
0.878737541528239,0.880398671096346,0.882059800664452,0.883720930232558,
0.885382059800664,0.887043189368771,0.888704318936877,0.890365448504983,
0.89202657807309,0.893687707641196,0.895348837209302,0.897009966777409,
0.898671096345515,0.900332225913621,0.901993355481728,0.903654485049834,
0.90531561461794,0.906976744186046,0.908637873754153,0.910299003322259,
0.911960132890365,0.913621262458472,0.915282392026578,0.916943521594684,
0.918604651162791,0.920265780730897,0.921926910299003,0.92358803986711,
0.925249169435216,0.926910299003322,0.928571428571429,0.930232558139535,
0.931893687707641,0.933554817275748,0.935215946843854,0.93687707641196,
0.938538205980066,0.940199335548173,0.941860465116279,0.943521594684385,
0.945182724252492,0.946843853820598,0.948504983388704,0.950166112956811,
0.951827242524917,0.953488372093023,0.95514950166113,0.956810631229236,
0.958471760797342,0.960132890365448,0.961794019933555,0.963455149501661,
0.965116279069767,0.966777408637874,0.96843853820598,0.970099667774086,
0.971760797342193,0.973421926910299,0.975083056478405,0.976744186046512,
0.978405315614618,0.980066445182724,0.981727574750831,0.983388704318937,
0.985049833887043,0.98671096345515,0.988372093023256,0.990033222591362,
0.991694352159468,0.993355481727575,0.995016611295681,0.996677740863787,
0.998338870431894,1.),.UNSPECIFIED.)
CURVE()
GEOMETRIC_REPRESENTATION_ITEM()
RATIONAL_B_SPLINE_CURVE((1.,0.974927912181824,1.,0.974927912181824,1.,0.974927912181824,
1.,0.974927912181824,1.,0.974927912181824,1.,0.974927912181824,1.,0.974927912181824,
1.,0.974927912181824,1.,0.974927912181824,1.,0.974927912181824,1.,0.974927912181824,
1.,0.974927912181824,1.,0.974927912181824,1.,0.974927912181824,1.,0.974927912181824,
1.,0.974927912181824,1.,0.974927912181824,1.,0.974927912181824,1.,0.974927912181824,
1.,0.974927912181824,1.,0.974927912181824,1.,0.974927912181824,1.,0.974927912181824,
1.,0.974927912181824,1.,0.974927912181824,1.,0.974927912181824,1.,0.974927912181824,
1.,0.974927912181824,1.,0.974927912181824,1.,0.974927912181824,1.,0.974927912181824,
1.,0.974927912181824,1.,0.974927912181824,1.,0.974927912181824,1.,0.974927912181824,
1.,0.974927912181824,1.,0.974927912181824,1.,0.974927912181824,1.,0.974927912181824,
1.,0.974927912181824,1.,0.974927912181824,1.,0.974927912181824,1.,0.974927912181824,
1.,0.974927912181824,1.,0.974927912181824,1.,0.974927912181824,1.,0.974927912181824,
1.,0.974927912181824,1.,0.974927912181824,1.,0.974927912181824,1.,0.974927912181824,
1.,0.974927912181824,1.,0.974927912181824,1.,0.974927912181824,1.,0.974927912181824,
1.,0.974927912181824,1.,0.974927912181824,1.,0.974927912181824,1.,0.974927912181824,
1.,0.974927912181824,1.,0.974927912181824,1.,0.974927912181824,1.,0.974927912181824,
1.,0.974927912181824,1.,0.974927912181824,1.,0.974927912181824,1.,0.974927912181824,
1.,0.974927912181824,1.,0.974927912181824,1.,0.974927912181824,1.,0.974927912181824,
1.,0.974927912181824,1.,0.974927912181824,1.,0.974927912181824,1.,0.974927912181824,
1.,0.974927912181824,1.,0.974927912181824,1.,0.974927912181824,1.,0.974927912181824,
1.,0.974927912181824,1.,0.974927912181824,1.,0.974927912181824,1.,0.974927912181824,
1.,0.974927912181824,1.,0.974927912181824,1.,0.974927912181824,1.,0.974927912181824,
1.,0.974927912181824,1.,0.974927912181824,1.,0.974927912181824,1.,0.974927912181824,
1.,0.974927912181824,1.,0.974927912181824,1.,0.974927912181824,1.,0.974927912181824,
1.,0.974927912181824,1.,0.974927912181824,1.,0.974927912181824,1.,0.974927912181824,
1.,0.974927912181824,1.,0.974927912181824,1.,0.974927912181824,1.,0.974927912181824,
1.,0.974927912181824,1.,0.974927912181824,1.,0.974927912181824,1.,0.974927912181824,
1.,0.974927912181824,1.,0.974927912181824,1.,0.974927912181824,1.,0.974927912181824,
1.,0.974927912181824,1.,0.974927912181824,1.,0.974927912181824,1.,0.974927912181824,
1.,0.974927912181824,1.,0.974927912181824,1.,0.974927912181824,1.,0.974927912181824,
1.,0.974927912181824,1.,0.974927912181824,1.,0.974927912181824,1.,0.974927912181824,
1.,0.974927912181824,1.,0.974927912181824,1.,0.974927912181824,1.,0.974927912181824,
1.,0.974927912181824,1.,0.974927912181824,1.,0.974927912181824,1.,0.974927912181824,
1.,0.974927912181824,1.,0.974927912181824,1.,0.974927912181824,1.,0.974927912181824,
1.,0.974927912181824,1.,0.974927912181824,1.,0.974927912181824,1.,0.974927912181824,
1.,0.974927912181824,1.,0.974927912181824,1.,0.974927912181824,1.,0.974927912181824,
1.,0.974927912181824,1.,0.974927912181824,1.,0.974927912181824,1.,0.974927912181824,
1.,0.974927912181824,1.,0.974927912181824,1.,0.974927912181824,1.,0.974927912181824,
1.,0.974927912181824,1.,0.974927912181824,1.,0.974927912181824,1.,0.974927912181824,
1.,0.974927912181824,1.,0.974927912181824,1.,0.974927912181824,1.,0.974927912181824,
1.,0.974927912181824,1.,0.974927912181824,1.,0.974927912181824,1.,0.974927912181824,
1.,0.974927912181824,1.,0.974927912181824,1.,0.974927912181824,1.,0.974927912181824,
1.,0.974927912181824,1.,0.974927912181824,1.,0.974927912181824,1.,0.974927912181824,
1.,0.974927912181824,1.,0.974927912181824,1.,0.974927912181824,1.,0.974927912181824,
1.,0.974927912181824,1.,0.974927912181824,1.,0.974927912181824,1.,0.974927912181824,
1.,0.974927912181824,1.,0.974927912181824,1.,0.974927912181824,1.,0.974927912181824,
1.,0.974927912181824,1.,0.974927912181824,1.,0.974927912181824,1.,0.974927912181824,
1.,0.974927912181824,1.,0.974927912181824,1.,0.974927912181824,1.,0.974927912181824,
1.,0.974927912181824,1.,0.974927912181824,1.,0.974927912181824,1.,0.974927912181824,
1.,0.974927912181824,1.,0.974927912181824,1.,0.974927912181824,1.,0.974927912181824,
1.,0.974927912181824,1.,0.974927912181824,1.,0.974927912181824,1.,0.974927912181824,
1.,0.974927912181824,1.,0.974927912181824,1.,0.974927912181824,1.,0.974927912181824,
1.,0.974927912181824,1.,0.974927912181824,1.,0.974927912181824,1.,0.974927912181824,
1.,0.974927912181824,1.,0.974927912181824,1.,0.974927912181824,1.,0.974927912181824,
1.,0.974927912181824,1.,0.974927912181824,1.,0.974927912181824,1.,0.974927912181824,
1.,0.974927912181824,1.,0.974927912181824,1.,0.974927912181824,1.,0.974927912181824,
1.,0.974927912181824,1.,0.974927912181824,1.,0.974927912181824,1.,0.974927912181824,
1.,0.974927912181824,1.,0.974927912181824,1.,0.974927912181824,1.,0.974927912181824,
1.,0.974927912181824,1.,0.974927912181824,1.,0.974927912181824,1.,0.974927912181824,
1.,0.974927912181824,1.,0.974927912181824,1.,0.974927912181824,1.,0.974927912181824,
1.,0.974927912181824,1.,0.974927912181824,1.,0.974927912181824,1.,0.974927912181824,
1.,0.974927912181824,1.,0.974927912181824,1.,0.974927912181824,1.,0.974927912181824,
1.,0.974927912181824,1.,0.974927912181824,1.,0.974927912181824,1.,0.974927912181824,
1.,0.974927912181824,1.,0.974927912181824,1.,0.974927912181824,1.,0.974927912181824,
1.,0.974927912181824,1.,0.974927912181824,1.,0.974927912181824,1.,0.974927912181824,
1.,0.974927912181824,1.,0.974927912181824,1.,0.974927912181824,1.,0.974927912181824,
1.,0.974927912181824,1.,0.974927912181824,1.,0.974927912181824,1.,0.974927912181824,
1.,0.974927912181824,1.,0.974927912181824,1.,0.974927912181824,1.,0.974927912181824,
1.,0.974927912181824,1.,0.974927912181824,1.,0.974927912181824,1.,0.974927912181824,
1.,0.974927912181824,1.,0.974927912181824,1.,0.974927912181824,1.,0.974927912181824,
1.,0.974927912181824,1.,0.974927912181824,1.,0.974927912181824,1.,0.974927912181824,
1.,0.974927912181824,1.,0.974927912181824,1.,0.974927912181824,1.,0.974927912181824,
1.,0.974927912181824,1.,0.974927912181824,1.,0.974927912181824,1.,0.974927912181824,
1.,0.974927912181824,1.,0.974927912181824,1.,0.974927912181824,1.,0.974927912181824,
1.,0.974927912181824,1.,0.974927912181824,1.,0.974927912181824,1.,0.974927912181824,
1.,0.974927912181824,1.,0.974927912181824,1.,0.974927912181824,1.,0.974927912181824,
1.,0.974927912181824,1.,0.974927912181824,1.,0.974927912181824,1.,0.974927912181824,
1.,0.974927912181824,1.,0.974927912181824,1.,0.974927912181824,1.,0.974927912181824,
1.,0.974927912181824,1.,0.974927912181824,1.,0.974927912181824,1.,0.974927912181824,
1.,0.974927912181824,1.,0.974927912181824,1.,0.974927912181824,1.,0.974927912181824,
1.,0.974927912181824,1.,0.974927912181824,1.,0.974927912181824,1.,0.974927912181824,
1.,0.974927912181824,1.,0.974927912181824,1.,0.974927912181824,1.,0.974927912181824,
1.,0.974927912181824,1.,0.974927912181824,1.,0.974927912181824,1.,0.974927912181824,
1.,0.974927912181824,1.,0.974927912181824,1.,0.974927912181824,1.,0.974927912181824,
1.,0.974927912181824,1.,0.974927912181824,1.,0.974927912181824,1.,0.974927912181824,
1.,0.974927912181824,1.,0.974927912181824,1.,0.974927912181824,1.,0.974927912181824,
1.,0.974927912181824,1.,0.974927912181824,1.,0.974927912181824,1.,0.974927912181824,
1.,0.974927912181824,1.,0.974927912181824,1.,0.974927912181824,1.,0.974927912181824,
1.,0.974927912181824,1.,0.974927912181824,1.,0.974927912181824,1.,0.974927912181824,
1.,0.974927912181824,1.,0.974927912181824,1.,0.974927912181824,1.,0.974927912181824,
1.,0.974927912181824,1.,0.974927912181824,1.,0.974927912181824,1.,0.974927912181824,
1.,0.974927912181824,1.,0.974927912181824,1.,0.974927912181824,1.,0.974927912181824,
1.,0.974927912181824,1.,0.974927912181824,1.,0.974927912181824,1.,0.974927912181824,
1.,0.974927912181824,1.,0.974927912181824,1.,0.974927912181824,1.,0.974927912181824,
1.,0.974927912181824,1.,0.974927912181824,1.,0.974927912181824,1.,0.974927912181824,
1.,0.974927912181824,1.,0.974927912181824,1.,0.974927912181824,1.,0.974927912181824,
1.,0.974927912181824,1.,0.974927912181824,1.,0.974927912181824,1.,0.974927912181824,
1.,0.974927912181824,1.,0.974927912181824,1.,0.974927912181824,1.,0.974927912181824,
1.,0.974927912181824,1.,0.974927912181824,1.,0.974927912181824,1.,0.974927912181824,
1.,0.974927912181824,1.,0.974927912181824,1.,0.974927912181824,1.,0.974927912181824,
1.,0.974927912181824,1.,0.974927912181824,1.,0.974927912181824,1.,0.974927912181824,
1.,0.974927912181824,1.,0.974927912181824,1.,0.974927912181824,1.,0.974927912181824,
1.,0.974927912181824,1.,0.974927912181824,1.,0.974927912181824,1.,0.974927912181824,
1.,0.974927912181824,1.,0.974927912181824,1.,0.974927912181824,1.,0.974927912181824,
1.,0.974927912181824,1.,0.974927912181824,1.,0.974927912181824,1.,0.974927912181824,
1.,0.974927912181824,1.,0.974927912181824,1.,0.974927912181824,1.,0.974927912181824,
1.,0.974927912181824,1.,0.974927912181824,1.,0.974927912181824,1.,0.974927912181824,
1.,0.974927912181824,1.,0.974927912181824,1.,0.974927912181824,1.,0.974927912181824,
1.,0.974927912181824,1.,0.974927912181824,1.,0.974927912181824,1.,0.974927912181824,
1.,0.974927912181824,1.,0.974927912181824,1.,0.974927912181824,1.,0.974927912181824,
1.,0.974927912181824,1.,0.974927912181824,1.,0.974927912181824,1.,0.974927912181824,
1.,0.974927912181824,1.,0.974927912181824,1.,0.974927912181824,1.,0.974927912181824,
1.,0.974927912181824,1.,0.974927912181824,1.,0.974927912181824,1.,0.974927912181824,
1.,0.974927912181824,1.,0.974927912181824,1.,0.974927912181824,1.,0.974927912181824,
1.,0.974927912181824,1.,0.974927912181824,1.,0.974927912181824,1.,0.974927912181824,
1.,0.974927912181824,1.,0.974927912181824,1.,0.974927912181824,1.,0.974927912181824,
1.,0.974927912181824,1.,0.974927912181824,1.,0.974927912181824,1.,0.974927912181824,
1.,0.974927912181824,1.,0.974927912181824,1.,0.974927912181824,1.,0.974927912181824,
1.,0.974927912181824,1.,0.974927912181824,1.,0.974927912181824,1.,0.974927912181824,
1.,0.974927912181824,1.,0.974927912181824,1.,0.974927912181824,1.,0.974927912181824,
1.,0.974927912181824,1.,0.974927912181824,1.,0.974927912181824,1.,0.974927912181824,
1.,0.974927912181824,1.,0.974927912181824,1.,0.974927912181824,1.,0.974927912181824,
1.,0.974927912181824,1.,0.974927912181824,1.,0.974927912181824,1.,0.974927912181824,
1.,0.974927912181824,1.,0.974927912181824,1.,0.974927912181824,1.,0.974927912181824,
1.,0.974927912181824,1.,0.974927912181824,1.,0.974927912181824,1.,0.974927912181824,
1.,0.974927912181824,1.,0.974927912181824,1.,0.974927912181824,1.,0.974927912181824,
1.,0.974927912181824,1.,0.974927912181824,1.,0.974927912181824,1.,0.974927912181824,
1.,0.974927912181824,1.,0.974927912181824,1.,0.974927912181824,1.,0.974927912181824,
1.,0.974927912181824,1.,0.974927912181824,1.,0.974927912181824,1.,0.974927912181824,
1.,0.974927912181824,1.,0.974927912181824,1.,0.974927912181824,1.,0.974927912181824,
1.,0.974927912181824,1.,0.974927912181824,1.,0.974927912181824,1.,0.974927912181824,
1.,0.974927912181824,1.,0.974927912181824,1.,0.974927912181824,1.,0.974927912181824,
1.,0.974927912181824,1.,0.974927912181824,1.,0.974927912181824,1.,0.974927912181824,
1.,0.974927912181824,1.,0.974927912181824,1.,0.974927912181824,1.,0.974927912181824,
1.,0.974927912181824,1.,0.974927912181824,1.,0.974927912181824,1.,0.974927912181824,
1.,0.974927912181824,1.,0.974927912181824,1.,0.974927912181824,1.,0.974927912181824,
1.,0.974927912181824,1.,0.974927912181824,1.,0.974927912181824,1.,0.974927912181824,
1.,0.974927912181824,1.,0.974927912181824,1.,0.974927912181824,1.,0.974927912181824,
1.,0.974927912181824,1.,0.974927912181824,1.,0.974927912181824,1.,0.974927912181824,
1.,0.974927912181824,1.,0.974927912181824,1.,0.974927912181824,1.,0.974927912181824,
1.,0.974927912181824,1.,0.974927912181824,1.,0.974927912181824,1.,0.974927912181824,
1.,0.974927912181824,1.,0.974927912181824,1.,0.974927912181824,1.,0.974927912181824,
1.,0.974927912181824,1.,0.974927912181824,1.,0.974927912181824,1.,0.974927912181824,
1.,0.974927912181824,1.,0.974927912181824,1.,0.974927912181824,1.,0.974927912181824,
1.,0.974927912181824,1.,0.974927912181824,1.,0.974927912181824,1.,0.974927912181824,
1.,0.974927912181824,1.,0.974927912181824,1.,0.974927912181824,1.,0.974927912181824,
1.,0.974927912181824,1.,0.974927912181824,1.,0.974927912181824,1.,0.974927912181824,
1.,0.974927912181824,1.,0.974927912181824,1.,0.974927912181824,1.,0.974927912181824,
1.,0.974927912181824,1.,0.974927912181824,1.,0.974927912181824,1.,0.974927912181824,
1.,0.974927912181824,1.,0.974927912181824,1.,0.974927912181824,1.,0.974927912181824,
1.,0.974927912181824,1.,0.974927912181824,1.,0.974927912181824,1.))
REPRESENTATION_ITEM('')
);
#39=ORIENTED_EDGE('',*,*,#81,.F.);
#40=ORIENTED_EDGE('',*,*,#82,.F.);
#41=ORIENTED_EDGE('',*,*,#83,.F.);
#42=ORIENTED_EDGE('',*,*,#84,.T.);
#43=ORIENTED_EDGE('',*,*,#85,.T.);
#44=ORIENTED_EDGE('',*,*,#86,.T.);
#45=ORIENTED_EDGE('',*,*,#87,.T.);
#46=ORIENTED_EDGE('',*,*,#88,.T.);
#47=ORIENTED_EDGE('',*,*,#89,.T.);
#48=ORIENTED_EDGE('',*,*,#90,.T.);
#49=ORIENTED_EDGE('',*,*,#91,.F.);
#50=ORIENTED_EDGE('',*,*,#92,.T.);
#51=ORIENTED_EDGE('',*,*,#89,.F.);
#52=ORIENTED_EDGE('',*,*,#91,.T.);
#53=ORIENTED_EDGE('',*,*,#93,.T.);
#54=ORIENTED_EDGE('',*,*,#94,.T.);
#55=ORIENTED_EDGE('',*,*,#83,.T.);
#56=ORIENTED_EDGE('',*,*,#95,.T.);
#57=ORIENTED_EDGE('',*,*,#92,.F.);
#58=ORIENTED_EDGE('',*,*,#90,.F.);
#59=ORIENTED_EDGE('',*,*,#96,.T.);
#60=ORIENTED_EDGE('',*,*,#97,.F.);
#61=ORIENTED_EDGE('',*,*,#98,.F.);
#62=ORIENTED_EDGE('',*,*,#93,.F.);
#63=ORIENTED_EDGE('',*,*,#99,.T.);
#64=ORIENTED_EDGE('',*,*,#100,.F.);
#65=ORIENTED_EDGE('',*,*,#96,.F.);
#66=ORIENTED_EDGE('',*,*,#95,.F.);
#67=ORIENTED_EDGE('',*,*,#82,.T.);
#68=ORIENTED_EDGE('',*,*,#101,.F.);
#69=ORIENTED_EDGE('',*,*,#84,.F.);
#70=ORIENTED_EDGE('',*,*,#94,.F.);
#71=ORIENTED_EDGE('',*,*,#98,.T.);
#72=ORIENTED_EDGE('',*,*,#88,.F.);
#73=ORIENTED_EDGE('',*,*,#87,.F.);
#74=ORIENTED_EDGE('',*,*,#86,.F.);
#75=ORIENTED_EDGE('',*,*,#85,.F.);
#76=ORIENTED_EDGE('',*,*,#100,.T.);
#77=ORIENTED_EDGE('',*,*,#81,.T.);
#78=ORIENTED_EDGE('',*,*,#101,.T.);
#79=ORIENTED_EDGE('',*,*,#97,.T.);
#80=ORIENTED_EDGE('',*,*,#99,.F.);
#81=EDGE_CURVE('',#102,#103,#119,.T.);
#82=EDGE_CURVE('',#104,#102,#35,.T.);
#83=EDGE_CURVE('',#105,#104,#120,.T.);
#84=EDGE_CURVE('',#105,#103,#36,.T.);
#85=EDGE_CURVE('',#106,#106,#27,.T.);
#86=EDGE_CURVE('',#107,#107,#28,.T.);
#87=EDGE_CURVE('',#108,#108,#29,.T.);
#88=EDGE_CURVE('',#109,#109,#30,.T.);
#89=EDGE_CURVE('',#110,#110,#121,.T.);
#90=EDGE_CURVE('',#111,#111,#122,.T.);
#91=EDGE_CURVE('',#112,#112,#123,.T.);
#92=EDGE_CURVE('',#113,#113,#124,.T.);
#93=EDGE_CURVE('',#114,#115,#125,.T.);
#94=EDGE_CURVE('',#115,#105,#31,.T.);
#95=EDGE_CURVE('',#104,#114,#32,.T.);
#96=EDGE_CURVE('',#114,#116,#37,.T.);
#97=EDGE_CURVE('',#117,#116,#126,.T.);
#98=EDGE_CURVE('',#115,#117,#38,.T.);
#99=EDGE_CURVE('',#118,#118,#127,.T.);
#100=EDGE_CURVE('',#116,#102,#33,.T.);
#101=EDGE_CURVE('',#103,#117,#34,.T.);
#102=VERTEX_POINT('',#273);
#103=VERTEX_POINT('',#274);
#104=VERTEX_POINT('',#1480);
#105=VERTEX_POINT('',#1482);
#106=VERTEX_POINT('',#2700);
#107=VERTEX_POINT('',#2712);
#108=VERTEX_POINT('',#2724);
#109=VERTEX_POINT('',#2736);
#110=VERTEX_POINT('',#2738);
#111=VERTEX_POINT('',#2740);
#112=VERTEX_POINT('',#2743);
#113=VERTEX_POINT('',#2745);
#114=VERTEX_POINT('',#2749);
#115=VERTEX_POINT('',#2750);
#116=VERTEX_POINT('',#3972);
#117=VERTEX_POINT('',#3974);
#118=VERTEX_POINT('',#5181);
#119=CIRCLE('',#209,3.3235);
#120=CIRCLE('',#210,3.3235);
#121=CIRCLE('',#212,6.375);
#122=CIRCLE('',#213,6.375);
#123=CIRCLE('',#215,7.5);
#124=CIRCLE('',#216,7.5);
#125=CIRCLE('',#219,4.00008234670659);
#126=CIRCLE('',#222,4.00008234670659);
#127=CIRCLE('',#223,4.00008234670659);
#128=EDGE_LOOP('',(#39,#40,#41,#42));
#129=EDGE_LOOP('',(#43));
#130=EDGE_LOOP('',(#44));
#131=EDGE_LOOP('',(#45));
#132=EDGE_LOOP('',(#46));
#133=EDGE_LOOP('',(#47));
#134=EDGE_LOOP('',(#48));
#135=EDGE_LOOP('',(#49));
#136=EDGE_LOOP('',(#50));
#137=EDGE_LOOP('',(#51));
#138=EDGE_LOOP('',(#52));
#139=EDGE_LOOP('',(#53,#54,#55,#56));
#140=EDGE_LOOP('',(#57));
#141=EDGE_LOOP('',(#58));
#142=EDGE_LOOP('',(#59,#60,#61,#62));
#143=EDGE_LOOP('',(#63));
#144=EDGE_LOOP('',(#64,#65,#66,#67));
#145=EDGE_LOOP('',(#68,#69,#70,#71));
#146=EDGE_LOOP('',(#72));
#147=EDGE_LOOP('',(#73));
#148=EDGE_LOOP('',(#74));
#149=EDGE_LOOP('',(#75));
#150=EDGE_LOOP('',(#76,#77,#78,#79));
#151=EDGE_LOOP('',(#80));
#152=FACE_BOUND('',#128,.T.);
#153=FACE_BOUND('',#129,.T.);
#154=FACE_BOUND('',#130,.T.);
#155=FACE_BOUND('',#131,.T.);
#156=FACE_BOUND('',#132,.T.);
#157=FACE_BOUND('',#133,.T.);
#158=FACE_BOUND('',#134,.T.);
#159=FACE_BOUND('',#135,.T.);
#160=FACE_BOUND('',#136,.T.);
#161=FACE_BOUND('',#137,.T.);
#162=FACE_BOUND('',#138,.T.);
#163=FACE_BOUND('',#139,.T.);
#164=FACE_BOUND('',#140,.T.);
#165=FACE_BOUND('',#141,.T.);
#166=FACE_BOUND('',#142,.T.);
#167=FACE_BOUND('',#143,.T.);
#168=FACE_BOUND('',#144,.T.);
#169=FACE_BOUND('',#145,.T.);
#170=FACE_BOUND('',#146,.T.);
#171=FACE_BOUND('',#147,.T.);
#172=FACE_BOUND('',#148,.T.);
#173=FACE_BOUND('',#149,.T.);
#174=FACE_BOUND('',#150,.T.);
#175=FACE_BOUND('',#151,.T.);
#176=CYLINDRICAL_SURFACE('',#208,3.3235);
#177=CYLINDRICAL_SURFACE('',#211,6.375);
#178=CYLINDRICAL_SURFACE('',#214,7.5);
#179=CYLINDRICAL_SURFACE('',#221,4.00008234670659);
#180=CYLINDRICAL_SURFACE('',#224,1.50000000000002);
#181=CYLINDRICAL_SURFACE('',#225,1.49999999999999);
#182=ADVANCED_FACE('',(#152),#176,.F.);
#183=ADVANCED_FACE('',(#153,#154,#155,#156,#157,#158),#177,.T.);
#184=ADVANCED_FACE('',(#159,#160),#178,.T.);
#185=ADVANCED_FACE('',(#161,#162),#22,.T.);
#186=ADVANCED_FACE('',(#163,#164),#23,.F.);
#187=ADVANCED_FACE('',(#165),#24,.F.);
#188=ADVANCED_FACE('',(#166,#167),#179,.F.);
#189=ADVANCED_FACE('',(#168),#20,.T.);
#190=ADVANCED_FACE('',(#169),#21,.T.);
#191=ADVANCED_FACE('',(#170,#171),#180,.F.);
#192=ADVANCED_FACE('',(#172,#173),#181,.F.);
#193=ADVANCED_FACE('',(#174),#25,.T.);
#194=ADVANCED_FACE('',(#175),#26,.F.);
#195=CLOSED_SHELL('',(#182,#183,#184,#185,#186,#187,#188,#189,#190,#191,
#192,#193,#194));
#196=STYLED_ITEM('',(#197),#204);
#197=PRESENTATION_STYLE_ASSIGNMENT((#198));
#198=SURFACE_STYLE_USAGE(.BOTH.,#199);
#199=SURFACE_SIDE_STYLE('',(#200));
#200=SURFACE_STYLE_FILL_AREA(#201);
#201=FILL_AREA_STYLE('',(#202));
#202=FILL_AREA_STYLE_COLOUR('',#203);
#203=COLOUR_RGB('',0.506983280181885,0.531564235687256,0.550000011920929);
#204=MANIFOLD_SOLID_BREP('',#195);
#205=SHAPE_DEFINITION_REPRESENTATION(#7194,#206);
#206=SHAPE_REPRESENTATION('18_FDML_stimfix_Badal_screw_8mm_front_cap',(#207),
#7189);
#207=AXIS2_PLACEMENT_3D('',#270,#228,#229);
#208=AXIS2_PLACEMENT_3D('',#271,#230,#231);
#209=AXIS2_PLACEMENT_3D('',#272,#232,#233);
#210=AXIS2_PLACEMENT_3D('',#1481,#234,#235);
#211=AXIS2_PLACEMENT_3D('',#2688,#236,#237);
#212=AXIS2_PLACEMENT_3D('',#2737,#238,#239);
#213=AXIS2_PLACEMENT_3D('',#2739,#240,#241);
#214=AXIS2_PLACEMENT_3D('',#2741,#242,#243);
#215=AXIS2_PLACEMENT_3D('',#2742,#244,#245);
#216=AXIS2_PLACEMENT_3D('',#2744,#246,#247);
#217=AXIS2_PLACEMENT_3D('',#2746,#248,#249);
#218=AXIS2_PLACEMENT_3D('',#2747,#250,#251);
#219=AXIS2_PLACEMENT_3D('',#2748,#252,#253);
#220=AXIS2_PLACEMENT_3D('',#2765,#254,#255);
#221=AXIS2_PLACEMENT_3D('',#2766,#256,#257);
#222=AXIS2_PLACEMENT_3D('',#3973,#258,#259);
#223=AXIS2_PLACEMENT_3D('',#5180,#260,#261);
#224=AXIS2_PLACEMENT_3D('',#7184,#262,#263);
#225=AXIS2_PLACEMENT_3D('',#7185,#264,#265);
#226=AXIS2_PLACEMENT_3D('',#7186,#266,#267);
#227=AXIS2_PLACEMENT_3D('',#7187,#268,#269);
#228=DIRECTION('',(0.,0.,1.));
#229=DIRECTION('',(1.,0.,0.));
#230=DIRECTION('',(0.,0.,1.));
#231=DIRECTION('',(1.,0.,0.));
#232=DIRECTION('',(0.,0.,1.));
#233=DIRECTION('',(1.,0.,0.));
#234=DIRECTION('',(0.,0.,-1.));
#235=DIRECTION('',(-1.,0.,0.));
#236=DIRECTION('',(0.,0.,-1.));
#237=DIRECTION('',(-1.,0.,0.));
#238=DIRECTION('',(0.,0.,-1.));
#239=DIRECTION('',(-1.,0.,0.));
#240=DIRECTION('',(0.,0.,1.));
#241=DIRECTION('',(1.,0.,0.));
#242=DIRECTION('',(0.,0.,1.));
#243=DIRECTION('',(1.,0.,0.));
#244=DIRECTION('',(0.,0.,-1.));
#245=DIRECTION('',(1.,0.,0.));
#246=DIRECTION('',(0.,0.,-1.));
#247=DIRECTION('',(1.,0.,0.));
#248=DIRECTION('',(0.,0.,-1.));
#249=DIRECTION('',(-1.,0.,0.));
#250=DIRECTION('',(0.,0.,-1.));
#251=DIRECTION('',(-1.,0.,0.));
#252=DIRECTION('',(0.,0.,-1.));
#253=DIRECTION('',(-1.,0.,0.));
#254=DIRECTION('',(0.,0.,1.));
#255=DIRECTION('',(1.,0.,0.));
#256=DIRECTION('',(0.,0.,-1.));
#257=DIRECTION('',(-1.,0.,0.));
#258=DIRECTION('',(0.,0.,-1.));
#259=DIRECTION('',(1.,0.,0.));
#260=DIRECTION('',(0.,0.,-1.));
#261=DIRECTION('',(1.,0.,0.));
#262=DIRECTION('',(0.,1.,0.));
#263=DIRECTION('',(0.,0.,1.));
#264=DIRECTION('',(0.,1.,0.));
#265=DIRECTION('',(0.,0.,1.));
#266=DIRECTION('',(0.,0.,-1.));
#267=DIRECTION('',(-1.,0.,0.));
#268=DIRECTION('',(0.,0.,-1.));
#269=DIRECTION('',(-1.,0.,0.));
#270=CARTESIAN_POINT('',(0.,0.,0.));
#271=CARTESIAN_POINT('',(0.,0.,-28.6817797359585));
#272=CARTESIAN_POINT('',(0.,0.,4.));
#273=CARTESIAN_POINT('',(-1.02931643295952,3.16008859540987,4.));
#274=CARTESIAN_POINT('',(-3.16148628021698,-1.02501548768777,4.));
#275=CARTESIAN_POINT('',(-3.3235,0.,25.5));
#276=CARTESIAN_POINT('',(-3.3235,0.758567187135663,25.4553571428571));
#277=CARTESIAN_POINT('',(-2.99437003247369,1.4420126069572,25.4107142857143));
#278=CARTESIAN_POINT('',(-2.66524006494738,2.12545802677875,25.3660714285714));
#279=CARTESIAN_POINT('',(-2.0721683564775,2.5984169319825,25.3214285714286));
#280=CARTESIAN_POINT('',(-1.47909664800762,3.07137583718625,25.2767857142857));
#281=CARTESIAN_POINT('',(-0.739548324003811,3.24017291613629,25.2321428571429));
#282=CARTESIAN_POINT('',(-2.08739209643592E-16,3.40896999508633,25.1875));
#283=CARTESIAN_POINT('',(0.739548324003811,3.24017291613629,25.1428571428571));
#284=CARTESIAN_POINT('',(1.47909664800762,3.07137583718625,25.0982142857143));
#285=CARTESIAN_POINT('',(2.0721683564775,2.5984169319825,25.0535714285714));
#286=CARTESIAN_POINT('',(2.66524006494738,2.12545802677875,25.0089285714286));
#287=CARTESIAN_POINT('',(2.99437003247369,1.4420126069572,24.9642857142857));
#288=CARTESIAN_POINT('',(3.3235,0.758567187135664,24.9196428571429));
#289=CARTESIAN_POINT('',(3.3235,4.07011363696623E-16,24.875));
#290=CARTESIAN_POINT('',(3.3235,-0.758567187135663,24.8303571428571));
#291=CARTESIAN_POINT('',(2.99437003247369,-1.4420126069572,24.7857142857143));
#292=CARTESIAN_POINT('',(2.66524006494738,-2.12545802677874,24.7410714285714));
#293=CARTESIAN_POINT('',(2.0721683564775,-2.5984169319825,24.6964285714286));
#294=CARTESIAN_POINT('',(1.47909664800762,-3.07137583718625,24.6517857142857));
#295=CARTESIAN_POINT('',(0.739548324003812,-3.24017291613629,24.6071428571429));
#296=CARTESIAN_POINT('',(6.26217628930777E-16,-3.40896999508633,24.5625));
#297=CARTESIAN_POINT('',(-0.73954832400381,-3.24017291613629,24.5178571428571));
#298=CARTESIAN_POINT('',(-1.47909664800762,-3.07137583718625,24.4732142857143));
#299=CARTESIAN_POINT('',(-2.0721683564775,-2.5984169319825,24.4285714285714));
#300=CARTESIAN_POINT('',(-2.66524006494738,-2.12545802677875,24.3839285714286));
#301=CARTESIAN_POINT('',(-2.99437003247369,-1.44201260695721,24.3392857142857));
#302=CARTESIAN_POINT('',(-3.3235,-0.758567187135664,24.2946428571429));
#303=CARTESIAN_POINT('',(-3.3235,-8.14022727393246E-16,24.25));
#304=CARTESIAN_POINT('',(-3.3235,0.758567187135663,24.2053571428571));
#305=CARTESIAN_POINT('',(-2.99437003247369,1.4420126069572,24.1607142857143));
#306=CARTESIAN_POINT('',(-2.66524006494738,2.12545802677874,24.1160714285714));
#307=CARTESIAN_POINT('',(-2.0721683564775,2.5984169319825,24.0714285714286));
#308=CARTESIAN_POINT('',(-1.47909664800762,3.07137583718625,24.0267857142857));
#309=CARTESIAN_POINT('',(-0.739548324003812,3.24017291613629,23.9821428571429));
#310=CARTESIAN_POINT('',(-1.04369604821796E-15,3.40896999508633,23.9375));
#311=CARTESIAN_POINT('',(0.73954832400381,3.24017291613629,23.8928571428571));
#312=CARTESIAN_POINT('',(1.47909664800762,3.07137583718625,23.8482142857143));
#313=CARTESIAN_POINT('',(2.0721683564775,2.5984169319825,23.8035714285714));
#314=CARTESIAN_POINT('',(2.66524006494738,2.12545802677875,23.7589285714286));
#315=CARTESIAN_POINT('',(2.99437003247369,1.44201260695721,23.7142857142857));
#316=CARTESIAN_POINT('',(3.3235,0.758567187135665,23.6696428571429));
#317=CARTESIAN_POINT('',(3.3235,1.22103409108987E-15,23.625));
#318=CARTESIAN_POINT('',(3.3235,-0.758567187135662,23.5803571428571));
#319=CARTESIAN_POINT('',(2.99437003247369,-1.4420126069572,23.5357142857143));
#320=CARTESIAN_POINT('',(2.66524006494738,-2.12545802677874,23.4910714285714));
#321=CARTESIAN_POINT('',(2.0721683564775,-2.5984169319825,23.4464285714286));
#322=CARTESIAN_POINT('',(1.47909664800762,-3.07137583718625,23.4017857142857));
#323=CARTESIAN_POINT('',(0.739548324003812,-3.24017291613629,23.3571428571429));
#324=CARTESIAN_POINT('',(1.46117446750515E-15,-3.40896999508633,23.3125));
#325=CARTESIAN_POINT('',(-0.739548324003809,-3.24017291613629,23.2678571428571));
#326=CARTESIAN_POINT('',(-1.47909664800762,-3.07137583718625,23.2232142857143));
#327=CARTESIAN_POINT('',(-2.0721683564775,-2.5984169319825,23.1785714285714));
#328=CARTESIAN_POINT('',(-2.66524006494738,-2.12545802677875,23.1339285714286));
#329=CARTESIAN_POINT('',(-2.99437003247369,-1.44201260695721,23.0892857142857));
#330=CARTESIAN_POINT('',(-3.3235,-0.758567187135665,23.0446428571429));
#331=CARTESIAN_POINT('',(-3.3235,-1.62804545478649E-15,23.));
#332=CARTESIAN_POINT('',(-3.3235,0.758567187135662,22.9553571428571));
#333=CARTESIAN_POINT('',(-2.99437003247369,1.4420126069572,22.9107142857143));
#334=CARTESIAN_POINT('',(-2.66524006494738,2.12545802677874,22.8660714285714));
#335=CARTESIAN_POINT('',(-2.0721683564775,2.5984169319825,22.8214285714286));
#336=CARTESIAN_POINT('',(-1.47909664800762,3.07137583718625,22.7767857142857));
#337=CARTESIAN_POINT('',(-0.739548324003813,3.24017291613629,22.7321428571429));
#338=CARTESIAN_POINT('',(-1.87865288679233E-15,3.40896999508633,22.6875));
#339=CARTESIAN_POINT('',(0.739548324003809,3.24017291613629,22.6428571428571));
#340=CARTESIAN_POINT('',(1.47909664800762,3.07137583718625,22.5982142857143));
#341=CARTESIAN_POINT('',(2.0721683564775,2.5984169319825,22.5535714285714));
#342=CARTESIAN_POINT('',(2.66524006494738,2.12545802677875,22.5089285714286));
#343=CARTESIAN_POINT('',(2.99437003247369,1.44201260695721,22.4642857142857));
#344=CARTESIAN_POINT('',(3.3235,0.758567187135665,22.4196428571429));
#345=CARTESIAN_POINT('',(3.3235,2.03505681848311E-15,22.375));
#346=CARTESIAN_POINT('',(3.3235,-0.758567187135661,22.3303571428571));
#347=CARTESIAN_POINT('',(2.99437003247369,-1.4420126069572,22.2857142857143));
#348=CARTESIAN_POINT('',(2.66524006494739,-2.12545802677874,22.2410714285714));
#349=CARTESIAN_POINT('',(2.0721683564775,-2.5984169319825,22.1964285714286));
#350=CARTESIAN_POINT('',(1.47909664800762,-3.07137583718625,22.1517857142857));
#351=CARTESIAN_POINT('',(0.739548324003813,-3.24017291613629,22.1071428571429));
#352=CARTESIAN_POINT('',(8.35167847216136E-15,-3.40896999508633,22.0625));
#353=CARTESIAN_POINT('',(-0.739548324003809,-3.24017291613629,22.0178571428571));
#354=CARTESIAN_POINT('',(-1.47909664800763,-3.07137583718625,21.9732142857143));
#355=CARTESIAN_POINT('',(-2.0721683564775,-2.5984169319825,21.9285714285714));
#356=CARTESIAN_POINT('',(-2.66524006494737,-2.12545802677875,21.8839285714286));
#357=CARTESIAN_POINT('',(-2.99437003247369,-1.44201260695721,21.8392857142857));
#358=CARTESIAN_POINT('',(-3.3235,-0.75856718713566,21.7946428571429));
#359=CARTESIAN_POINT('',(-3.3235,-2.44206818217974E-15,21.75));
#360=CARTESIAN_POINT('',(-3.3235,0.758567187135655,21.7053571428571));
#361=CARTESIAN_POINT('',(-2.99437003247369,1.4420126069572,21.6607142857143));
#362=CARTESIAN_POINT('',(-2.66524006494738,2.12545802677875,21.6160714285714));
#363=CARTESIAN_POINT('',(-2.0721683564775,2.5984169319825,21.5714285714286));
#364=CARTESIAN_POINT('',(-1.47909664800763,3.07137583718624,21.5267857142857));
#365=CARTESIAN_POINT('',(-0.739548324003814,3.24017291613629,21.4821428571429));
#366=CARTESIAN_POINT('',(3.34193744071515E-15,3.40896999508633,21.4375));
#367=CARTESIAN_POINT('',(0.739548324003808,3.24017291613629,21.3928571428571));
#368=CARTESIAN_POINT('',(1.47909664800761,3.07137583718625,21.3482142857143));
#369=CARTESIAN_POINT('',(2.0721683564775,2.5984169319825,21.3035714285714));
#370=CARTESIAN_POINT('',(2.66524006494738,2.12545802677874,21.2589285714286));
#371=CARTESIAN_POINT('',(2.99437003247369,1.44201260695721,21.2142857142857));
#372=CARTESIAN_POINT('',(3.3235,0.758567187135672,21.1696428571429));
#373=CARTESIAN_POINT('',(3.3235,2.84907954587636E-15,21.125));
#374=CARTESIAN_POINT('',(3.3235,-0.758567187135666,21.0803571428571));
#375=CARTESIAN_POINT('',(2.99437003247369,-1.4420126069572,21.0357142857143));
#376=CARTESIAN_POINT('',(2.66524006494739,-2.12545802677874,20.9910714285714));
#377=CARTESIAN_POINT('',(2.0721683564775,-2.5984169319825,20.9464285714286));
#378=CARTESIAN_POINT('',(1.47909664800762,-3.07137583718625,20.9017857142857));
#379=CARTESIAN_POINT('',(0.739548324003814,-3.24017291613629,20.8571428571429));
#380=CARTESIAN_POINT('',(9.18663531073573E-15,-3.40896999508633,20.8125));
#381=CARTESIAN_POINT('',(-0.739548324003808,-3.24017291613629,20.7678571428571));
#382=CARTESIAN_POINT('',(-1.47909664800762,-3.07137583718625,20.7232142857143));
#383=CARTESIAN_POINT('',(-2.0721683564775,-2.5984169319825,20.6785714285714));
#384=CARTESIAN_POINT('',(-2.66524006494737,-2.12545802677875,20.6339285714286));
#385=CARTESIAN_POINT('',(-2.99437003247369,-1.44201260695721,20.5892857142857));
#386=CARTESIAN_POINT('',(-3.3235,-0.758567187135661,20.5446428571429));
#387=CARTESIAN_POINT('',(-3.3235,-3.25609090957298E-15,20.5));
#388=CARTESIAN_POINT('',(-3.3235,0.758567187135654,20.4553571428571));
#389=CARTESIAN_POINT('',(-2.99437003247369,1.4420126069572,20.4107142857143));
#390=CARTESIAN_POINT('',(-2.66524006494738,2.12545802677875,20.3660714285714));
#391=CARTESIAN_POINT('',(-2.0721683564775,2.59841693198249,20.3214285714286));
#392=CARTESIAN_POINT('',(-1.47909664800763,3.07137583718624,20.2767857142857));
#393=CARTESIAN_POINT('',(-0.739548324003814,3.24017291613629,20.2321428571429));
#394=CARTESIAN_POINT('',(2.50698060214078E-15,3.40896999508633,20.1875));
#395=CARTESIAN_POINT('',(0.739548324003808,3.24017291613629,20.1428571428571));
#396=CARTESIAN_POINT('',(1.47909664800761,3.07137583718625,20.0982142857143));
#397=CARTESIAN_POINT('',(2.0721683564775,2.5984169319825,20.0535714285714));
#398=CARTESIAN_POINT('',(2.66524006494738,2.12545802677874,20.0089285714286));
#399=CARTESIAN_POINT('',(2.99437003247369,1.44201260695721,19.9642857142857));
#400=CARTESIAN_POINT('',(3.3235,0.758567187135673,19.9196428571429));
#401=CARTESIAN_POINT('',(3.3235,3.66310227326961E-15,19.875));
#402=CARTESIAN_POINT('',(3.3235,-0.758567187135666,19.8303571428571));
#403=CARTESIAN_POINT('',(2.99437003247369,-1.4420126069572,19.7857142857143));
#404=CARTESIAN_POINT('',(2.66524006494739,-2.12545802677874,19.7410714285714));
#405=CARTESIAN_POINT('',(2.0721683564775,-2.59841693198249,19.6964285714286));
#406=CARTESIAN_POINT('',(1.47909664800762,-3.07137583718625,19.6517857142857));
#407=CARTESIAN_POINT('',(0.739548324003815,-3.24017291613629,19.6071428571429));
#408=CARTESIAN_POINT('',(1.00215921493101E-14,-3.40896999508633,19.5625));
#409=CARTESIAN_POINT('',(-0.739548324003807,-3.24017291613629,19.5178571428571));
#410=CARTESIAN_POINT('',(-1.47909664800762,-3.07137583718625,19.4732142857143));
#411=CARTESIAN_POINT('',(-2.0721683564775,-2.5984169319825,19.4285714285714));
#412=CARTESIAN_POINT('',(-2.66524006494737,-2.12545802677875,19.3839285714286));
#413=CARTESIAN_POINT('',(-2.99437003247369,-1.44201260695721,19.3392857142857));
#414=CARTESIAN_POINT('',(-3.3235,-0.758567187135662,19.2946428571429));
#415=CARTESIAN_POINT('',(-3.3235,-4.07011363696623E-15,19.25));
#416=CARTESIAN_POINT('',(-3.3235,0.758567187135653,19.2053571428571));
#417=CARTESIAN_POINT('',(-2.99437003247369,1.4420126069572,19.1607142857143));
#418=CARTESIAN_POINT('',(-2.66524006494738,2.12545802677875,19.1160714285714));
#419=CARTESIAN_POINT('',(-2.0721683564775,2.59841693198249,19.0714285714286));
#420=CARTESIAN_POINT('',(-1.47909664800763,3.07137583718624,19.0267857142857));
#421=CARTESIAN_POINT('',(-0.739548324003827,3.24017291613629,18.9821428571429));
#422=CARTESIAN_POINT('',(1.67202376356641E-15,3.40896999508633,18.9375));
#423=CARTESIAN_POINT('',(0.739548324003807,3.24017291613629,18.8928571428571));
#424=CARTESIAN_POINT('',(1.47909664800761,3.07137583718625,18.8482142857143));
#425=CARTESIAN_POINT('',(2.07216835647751,2.59841693198249,18.8035714285714));
#426=CARTESIAN_POINT('',(2.66524006494738,2.12545802677874,18.7589285714286));
#427=CARTESIAN_POINT('',(2.99437003247369,1.44201260695721,18.7142857142857));
#428=CARTESIAN_POINT('',(3.3235,0.758567187135674,18.6696428571429));
#429=CARTESIAN_POINT('',(3.3235,1.62845689121563E-14,18.625));
#430=CARTESIAN_POINT('',(3.3235,-0.758567187135665,18.5803571428571));
#431=CARTESIAN_POINT('',(2.99437003247369,-1.4420126069572,18.5357142857143));
#432=CARTESIAN_POINT('',(2.66524006494739,-2.12545802677874,18.4910714285714));
#433=CARTESIAN_POINT('',(2.0721683564775,-2.5984169319825,18.4464285714286));
#434=CARTESIAN_POINT('',(1.47909664800762,-3.07137583718625,18.4017857142857));
#435=CARTESIAN_POINT('',(0.739548324003816,-3.24017291613629,18.3571428571429));
#436=CARTESIAN_POINT('',(1.08565489878845E-14,-3.40896999508633,18.3125));
#437=CARTESIAN_POINT('',(-0.739548324003795,-3.24017291613629,18.2678571428571));
#438=CARTESIAN_POINT('',(-1.47909664800762,-3.07137583718625,18.2232142857143));
#439=CARTESIAN_POINT('',(-2.0721683564775,-2.5984169319825,18.1785714285714));
#440=CARTESIAN_POINT('',(-2.66524006494737,-2.12545802677875,18.1339285714286));
#441=CARTESIAN_POINT('',(-2.99437003247369,-1.4420126069572,18.0892857142857));
#442=CARTESIAN_POINT('',(-3.3235,-0.758567187135662,18.0446428571429));
#443=CARTESIAN_POINT('',(-3.3235,-4.88413636435947E-15,18.));
#444=CARTESIAN_POINT('',(-3.3235,0.758567187135653,17.9553571428571));
#445=CARTESIAN_POINT('',(-2.9943700324737,1.44201260695719,17.9107142857143));
#446=CARTESIAN_POINT('',(-2.66524006494738,2.12545802677875,17.8660714285714));
#447=CARTESIAN_POINT('',(-2.0721683564775,2.59841693198249,17.8214285714286));
#448=CARTESIAN_POINT('',(-1.47909664800763,3.07137583718624,17.7767857142857));
#449=CARTESIAN_POINT('',(-0.739548324003804,3.24017291613629,17.7321428571429));
#450=CARTESIAN_POINT('',(8.37066924992038E-16,3.40896999508633,17.6875));
#451=CARTESIAN_POINT('',(0.739548324003806,3.24017291613629,17.6428571428571));
#452=CARTESIAN_POINT('',(1.47909664800761,3.07137583718625,17.5982142857143));
#453=CARTESIAN_POINT('',(2.07216835647749,2.59841693198251,17.5535714285714));
#454=CARTESIAN_POINT('',(2.66524006494738,2.12545802677874,17.5089285714286));
#455=CARTESIAN_POINT('',(2.99437003247369,1.44201260695721,17.4642857142857));
#456=CARTESIAN_POINT('',(3.3235,0.758567187135674,17.4196428571429));
#457=CARTESIAN_POINT('',(3.3235,-6.51629618343737E-15,17.375));
#458=CARTESIAN_POINT('',(3.3235,-0.758567187135664,17.3303571428571));
#459=CARTESIAN_POINT('',(2.99437003247369,-1.4420126069572,17.2857142857143));
#460=CARTESIAN_POINT('',(2.66524006494739,-2.12545802677874,17.2410714285714));
#461=CARTESIAN_POINT('',(2.07216835647751,-2.59841693198249,17.1964285714286));
#462=CARTESIAN_POINT('',(1.47909664800762,-3.07137583718625,17.1517857142857));
#463=CARTESIAN_POINT('',(0.739548324003816,-3.24017291613629,17.1071428571429));
#464=CARTESIAN_POINT('',(1.16915058264588E-14,-3.40896999508633,17.0625));
#465=CARTESIAN_POINT('',(-0.739548324003817,-3.24017291613629,17.0178571428571));
#466=CARTESIAN_POINT('',(-1.47909664800762,-3.07137583718625,16.9732142857143));
#467=CARTESIAN_POINT('',(-2.0721683564775,-2.5984169319825,16.9285714285714));
#468=CARTESIAN_POINT('',(-2.66524006494737,-2.12545802677875,16.8839285714286));
#469=CARTESIAN_POINT('',(-2.99437003247368,-1.44201260695722,16.8392857142857));
#470=CARTESIAN_POINT('',(-3.3235,-0.758567187135663,16.7946428571429));
#471=CARTESIAN_POINT('',(-3.3235,-5.69815909175272E-15,16.75));
#472=CARTESIAN_POINT('',(-3.3235,0.758567187135652,16.7053571428571));
#473=CARTESIAN_POINT('',(-2.99437003247369,1.44201260695721,16.6607142857143));
#474=CARTESIAN_POINT('',(-2.66524006494738,2.12545802677875,16.6160714285714));
#475=CARTESIAN_POINT('',(-2.07216835647751,2.59841693198249,16.5714285714286));
#476=CARTESIAN_POINT('',(-1.47909664800763,3.07137583718624,16.5267857142857));
#477=CARTESIAN_POINT('',(-0.739548324003828,3.24017291613629,16.4821428571429));
#478=CARTESIAN_POINT('',(2.11008641766915E-18,3.40896999508633,16.4375));
#479=CARTESIAN_POINT('',(0.739548324003805,3.24017291613629,16.3928571428571));
#480=CARTESIAN_POINT('',(1.47909664800761,3.07137583718625,16.3482142857143));
#481=CARTESIAN_POINT('',(2.07216835647751,2.59841693198249,16.3035714285714));
#482=CARTESIAN_POINT('',(2.66524006494738,2.12545802677875,16.2589285714286));
#483=CARTESIAN_POINT('',(2.99437003247369,1.44201260695721,16.2142857142857));
#484=CARTESIAN_POINT('',(3.3235,0.758567187135675,16.1696428571429));
#485=CARTESIAN_POINT('',(3.3235,1.79126143669428E-14,16.125));
#486=CARTESIAN_POINT('',(3.3235,-0.758567187135663,16.0803571428571));
#487=CARTESIAN_POINT('',(2.99437003247369,-1.4420126069572,16.0357142857143));
#488=CARTESIAN_POINT('',(2.66524006494739,-2.12545802677874,15.9910714285714));
#489=CARTESIAN_POINT('',(2.0721683564775,-2.5984169319825,15.9464285714286));
#490=CARTESIAN_POINT('',(1.47909664800762,-3.07137583718625,15.9017857142857));
#491=CARTESIAN_POINT('',(0.739548324003817,-3.24017291613629,15.8571428571429));
#492=CARTESIAN_POINT('',(1.25264626650332E-14,-3.40896999508633,15.8125));
#493=CARTESIAN_POINT('',(-0.739548324003793,-3.24017291613629,15.7678571428571));
#494=CARTESIAN_POINT('',(-1.47909664800762,-3.07137583718625,15.7232142857143));
#495=CARTESIAN_POINT('',(-2.0721683564775,-2.5984169319825,15.6785714285714));
#496=CARTESIAN_POINT('',(-2.66524006494737,-2.12545802677876,15.6339285714286));
#497=CARTESIAN_POINT('',(-2.99437003247369,-1.4420126069572,15.5892857142857));
#498=CARTESIAN_POINT('',(-3.3235,-0.758567187135664,15.5446428571429));
#499=CARTESIAN_POINT('',(-3.3235,-6.51218181914597E-15,15.5));
#500=CARTESIAN_POINT('',(-3.3235,0.758567187135651,15.4553571428571));
#501=CARTESIAN_POINT('',(-2.9943700324737,1.44201260695719,15.4107142857143));
#502=CARTESIAN_POINT('',(-2.66524006494738,2.12545802677874,15.3660714285714));
#503=CARTESIAN_POINT('',(-2.07216835647751,2.59841693198249,15.3214285714286));
#504=CARTESIAN_POINT('',(-1.47909664800763,3.07137583718624,15.2767857142857));
#505=CARTESIAN_POINT('',(-0.739548324003806,3.24017291613629,15.2321428571429));
#506=CARTESIAN_POINT('',(-8.328467521567E-16,3.40896999508633,15.1875));
#507=CARTESIAN_POINT('',(0.739548324003804,3.24017291613629,15.1428571428571));
#508=CARTESIAN_POINT('',(1.47909664800761,3.07137583718625,15.0982142857143));
#509=CARTESIAN_POINT('',(2.07216835647749,2.59841693198251,15.0535714285714));
#510=CARTESIAN_POINT('',(2.66524006494738,2.12545802677875,15.0089285714286));
#511=CARTESIAN_POINT('',(2.99437003247369,1.44201260695721,14.9642857142857));
#512=CARTESIAN_POINT('',(3.3235,0.758567187135676,14.9196428571429));
#513=CARTESIAN_POINT('',(3.3235,-4.88825072865088E-15,14.875));
#514=CARTESIAN_POINT('',(3.3235,-0.758567187135662,14.8303571428571));
#515=CARTESIAN_POINT('',(2.99437003247369,-1.4420126069572,14.7857142857143));
#516=CARTESIAN_POINT('',(2.66524006494739,-2.12545802677874,14.7410714285714));
#517=CARTESIAN_POINT('',(2.07216835647752,-2.59841693198249,14.6964285714286));
#518=CARTESIAN_POINT('',(1.47909664800762,-3.07137583718625,14.6517857142857));
#519=CARTESIAN_POINT('',(0.739548324003818,-3.24017291613629,14.6071428571429));
#520=CARTESIAN_POINT('',(1.33614195036076E-14,-3.40896999508633,14.5625));
#521=CARTESIAN_POINT('',(-0.739548324003816,-3.24017291613629,14.5178571428571));
#522=CARTESIAN_POINT('',(-1.47909664800762,-3.07137583718625,14.4732142857143));
#523=CARTESIAN_POINT('',(-2.0721683564775,-2.5984169319825,14.4285714285714));
#524=CARTESIAN_POINT('',(-2.66524006494737,-2.12545802677876,14.3839285714286));
#525=CARTESIAN_POINT('',(-2.99437003247368,-1.44201260695722,14.3392857142857));
#526=CARTESIAN_POINT('',(-3.3235,-0.758567187135665,14.2946428571429));
#527=CARTESIAN_POINT('',(-3.3235,-7.32620454653921E-15,14.25));
#528=CARTESIAN_POINT('',(-3.3235,0.75856718713565,14.2053571428571));
#529=CARTESIAN_POINT('',(-2.99437003247369,1.44201260695721,14.1607142857143));
#530=CARTESIAN_POINT('',(-2.66524006494738,2.12545802677874,14.1160714285714));
#531=CARTESIAN_POINT('',(-2.07216835647751,2.59841693198249,14.0714285714286));
#532=CARTESIAN_POINT('',(-1.47909664800763,3.07137583718624,14.0267857142857));
#533=CARTESIAN_POINT('',(-0.73954832400383,3.24017291613629,13.9821428571429));
#534=CARTESIAN_POINT('',(-1.66780359073107E-15,3.40896999508633,13.9375));
#535=CARTESIAN_POINT('',(0.739548324003804,3.24017291613629,13.8928571428571));
#536=CARTESIAN_POINT('',(1.47909664800761,3.07137583718625,13.8482142857143));
#537=CARTESIAN_POINT('',(2.0721683564775,2.59841693198249,13.8035714285714));
#538=CARTESIAN_POINT('',(2.66524006494738,2.12545802677875,13.7589285714286));
#539=CARTESIAN_POINT('',(2.99437003247369,1.44201260695721,13.7142857142857));
#540=CARTESIAN_POINT('',(3.3235,0.758567187135677,13.6696428571429));
#541=CARTESIAN_POINT('',(3.3235,1.95406598217293E-14,13.625));
#542=CARTESIAN_POINT('',(3.3235,-0.758567187135662,13.5803571428571));
#543=CARTESIAN_POINT('',(2.99437003247369,-1.4420126069572,13.5357142857143));
#544=CARTESIAN_POINT('',(2.66524006494739,-2.12545802677873,13.4910714285714));
#545=CARTESIAN_POINT('',(2.0721683564775,-2.5984169319825,13.4464285714286));
#546=CARTESIAN_POINT('',(1.47909664800762,-3.07137583718625,13.4017857142857));
#547=CARTESIAN_POINT('',(0.739548324003819,-3.24017291613629,13.3571428571429));
#548=CARTESIAN_POINT('',(1.41963763421819E-14,-3.40896999508633,13.3125));
#549=CARTESIAN_POINT('',(-0.739548324003792,-3.2401729161363,13.2678571428571));
#550=CARTESIAN_POINT('',(-1.47909664800762,-3.07137583718625,13.2232142857143));
#551=CARTESIAN_POINT('',(-2.07216835647749,-2.5984169319825,13.1785714285714));
#552=CARTESIAN_POINT('',(-2.66524006494737,-2.12545802677876,13.1339285714286));
#553=CARTESIAN_POINT('',(-2.99437003247369,-1.4420126069572,13.0892857142857));
#554=CARTESIAN_POINT('',(-3.3235,-0.758567187135666,13.0446428571429));
#555=CARTESIAN_POINT('',(-3.3235,-8.14022727393246E-15,13.));
#556=CARTESIAN_POINT('',(-3.3235,0.758567187135649,12.9553571428571));
#557=CARTESIAN_POINT('',(-2.9943700324737,1.44201260695719,12.9107142857143));
#558=CARTESIAN_POINT('',(-2.66524006494738,2.12545802677874,12.8660714285714));
#559=CARTESIAN_POINT('',(-2.07216835647751,2.59841693198249,12.8214285714286));
#560=CARTESIAN_POINT('',(-1.47909664800763,3.07137583718624,12.7767857142857));
#561=CARTESIAN_POINT('',(-0.739548324003808,3.24017291613629,12.7321428571429));
#562=CARTESIAN_POINT('',(-2.67249490936328E-14,3.40896999508633,12.6875));
#563=CARTESIAN_POINT('',(0.739548324003803,3.24017291613629,12.6428571428571));
#564=CARTESIAN_POINT('',(1.47909664800763,3.07137583718624,12.5982142857143));
#565=CARTESIAN_POINT('',(2.07216835647748,2.59841693198251,12.5535714285714));
#566=CARTESIAN_POINT('',(2.66524006494738,2.12545802677875,12.5089285714286));
#567=CARTESIAN_POINT('',(2.99437003247368,1.44201260695723,12.4642857142857));
#568=CARTESIAN_POINT('',(3.3235,0.758567187135678,12.4196428571429));
#569=CARTESIAN_POINT('',(3.3235,-3.26020527386439E-15,12.375));
#570=CARTESIAN_POINT('',(3.32350000000001,-0.758567187135637,12.3303571428571));
#571=CARTESIAN_POINT('',(2.99437003247369,-1.4420126069572,12.2857142857143));
#572=CARTESIAN_POINT('',(2.66524006494737,-2.12545802677875,12.2410714285714));
#573=CARTESIAN_POINT('',(2.07216835647752,-2.59841693198248,12.1964285714286));
#574=CARTESIAN_POINT('',(1.47909664800762,-3.07137583718625,12.1517857142857));
#575=CARTESIAN_POINT('',(0.739548324003796,-3.24017291613629,12.1071428571429));
#576=CARTESIAN_POINT('',(1.50313331807563E-14,-3.40896999508633,12.0625));
#577=CARTESIAN_POINT('',(-0.739548324003814,-3.24017291613629,12.0178571428571));
#578=CARTESIAN_POINT('',(-1.4790966480076,-3.07137583718626,11.9732142857143));
#579=CARTESIAN_POINT('',(-2.07216835647749,-2.5984169319825,11.9285714285714));
#580=CARTESIAN_POINT('',(-2.66524006494739,-2.12545802677874,11.8839285714286));
#581=CARTESIAN_POINT('',(-2.99437003247368,-1.44201260695722,11.8392857142857));
#582=CARTESIAN_POINT('',(-3.3235,-0.758567187135666,11.7946428571429));
#583=CARTESIAN_POINT('',(-3.3235,-3.25691378243126E-14,11.75));
#584=CARTESIAN_POINT('',(-3.3235,0.758567187135648,11.7053571428571));
#585=CARTESIAN_POINT('',(-2.99437003247369,1.44201260695721,11.6607142857143));
#586=CARTESIAN_POINT('',(-2.6652400649474,2.12545802677872,11.6160714285714));
#587=CARTESIAN_POINT('',(-2.07216835647751,2.59841693198249,11.5714285714286));
#588=CARTESIAN_POINT('',(-1.47909664800761,3.07137583718625,11.5267857142857));
#589=CARTESIAN_POINT('',(-0.739548324003831,3.24017291613629,11.4821428571429));
#590=CARTESIAN_POINT('',(-3.33771726787981E-15,3.40896999508633,11.4375));
#591=CARTESIAN_POINT('',(0.739548324003825,3.24017291613629,11.3928571428571));
#592=CARTESIAN_POINT('',(1.47909664800761,3.07137583718626,11.3482142857143));
#593=CARTESIAN_POINT('',(2.0721683564775,2.5984169319825,11.3035714285714));
#594=CARTESIAN_POINT('',(2.66524006494736,2.12545802677877,11.2589285714286));
#595=CARTESIAN_POINT('',(2.99437003247369,1.44201260695721,11.2142857142857));
#596=CARTESIAN_POINT('',(3.3235,0.758567187135655,11.1696428571429));
#597=CARTESIAN_POINT('',(3.3235,2.11687052765158E-14,11.125));
#598=CARTESIAN_POINT('',(3.3235,-0.75856718713566,11.0803571428571));
#599=CARTESIAN_POINT('',(2.9943700324737,-1.44201260695717,11.0357142857143));
#600=CARTESIAN_POINT('',(2.66524006494739,-2.12545802677873,10.9910714285714));
#601=CARTESIAN_POINT('',(2.0721683564775,-2.5984169319825,10.9464285714286));
#602=CARTESIAN_POINT('',(1.47909664800765,-3.07137583718624,10.9017857142857));
#603=CARTESIAN_POINT('',(0.73954832400382,-3.24017291613629,10.8571428571429));
#604=CARTESIAN_POINT('',(-8.3558986449967E-15,-3.40896999508633,10.8125));
#605=CARTESIAN_POINT('',(-0.73954832400379,-3.2401729161363,10.7678571428571));
#606=CARTESIAN_POINT('',(-1.47909664800762,-3.07137583718625,10.7232142857143));
#607=CARTESIAN_POINT('',(-2.07216835647751,-2.59841693198249,10.6785714285714));
#608=CARTESIAN_POINT('',(-2.66524006494737,-2.12545802677876,10.6339285714286));
#609=CARTESIAN_POINT('',(-2.99437003247369,-1.4420126069572,10.5892857142857));
#610=CARTESIAN_POINT('',(-3.32349999999999,-0.758567187135691,10.5446428571429));
#611=CARTESIAN_POINT('',(-3.3235,-9.76827272871895E-15,10.5));
#612=CARTESIAN_POINT('',(-3.3235,0.758567187135671,10.4553571428571));
#613=CARTESIAN_POINT('',(-2.9943700324737,1.44201260695719,10.4107142857143));
#614=CARTESIAN_POINT('',(-2.66524006494738,2.12545802677874,10.3660714285714));
#615=CARTESIAN_POINT('',(-2.07216835647753,2.59841693198248,10.3214285714286));
#616=CARTESIAN_POINT('',(-1.47909664800764,3.07137583718624,10.2767857142857));
#617=CARTESIAN_POINT('',(-0.739548324003809,3.24017291613629,10.2321428571429));
#618=CARTESIAN_POINT('',(-2.83948627707816E-14,3.40896999508633,10.1875));
#619=CARTESIAN_POINT('',(0.739548324003801,3.24017291613629,10.1428571428571));
#620=CARTESIAN_POINT('',(1.47909664800763,3.07137583718624,10.0982142857143));
#621=CARTESIAN_POINT('',(2.07216835647748,2.59841693198251,10.0535714285714));
#622=CARTESIAN_POINT('',(2.66524006494738,2.12545802677875,10.0089285714286));
#623=CARTESIAN_POINT('',(2.9943700324737,1.44201260695719,9.96428571428572));
#624=CARTESIAN_POINT('',(3.3235,0.758567187135679,9.91964285714286));
#625=CARTESIAN_POINT('',(3.3235,-1.63215981907789E-15,9.87500000000001));
#626=CARTESIAN_POINT('',(3.32350000000001,-0.758567187135635,9.83035714285715));
#627=CARTESIAN_POINT('',(2.99437003247369,-1.4420126069572,9.78571428571429));
#628=CARTESIAN_POINT('',(2.66524006494737,-2.12545802677875,9.74107142857143));
#629=CARTESIAN_POINT('',(2.07216835647752,-2.59841693198248,9.69642857142858));
#630=CARTESIAN_POINT('',(1.47909664800763,-3.07137583718625,9.65178571428572));
#631=CARTESIAN_POINT('',(0.739548324003844,-3.24017291613628,9.60714285714286));
#632=CARTESIAN_POINT('',(1.67012468579051E-14,-3.40896999508633,9.56250000000001));
#633=CARTESIAN_POINT('',(-0.739548324003812,-3.24017291613629,9.51785714285715));
#634=CARTESIAN_POINT('',(-1.4790966480076,-3.07137583718626,9.47321428571429));
#635=CARTESIAN_POINT('',(-2.07216835647749,-2.5984169319825,9.42857142857144));
#636=CARTESIAN_POINT('',(-2.66524006494738,-2.12545802677874,9.38392857142858));
#637=CARTESIAN_POINT('',(-2.99437003247368,-1.44201260695722,9.33928571428572));
#638=CARTESIAN_POINT('',(-3.3235,-0.758567187135668,9.29464285714286));
#639=CARTESIAN_POINT('',(-3.3235,1.30325923668747E-14,9.25000000000001));
#640=CARTESIAN_POINT('',(-3.3235,0.758567187135647,9.20535714285715));
#641=CARTESIAN_POINT('',(-2.99437003247369,1.44201260695721,9.16071428571429));
#642=CARTESIAN_POINT('',(-2.6652400649474,2.12545802677872,9.11607142857144));
#643=CARTESIAN_POINT('',(-2.07216835647751,2.59841693198249,9.07142857142858));
#644=CARTESIAN_POINT('',(-1.47909664800762,3.07137583718625,9.02678571428572));
#645=CARTESIAN_POINT('',(-0.739548324003833,3.24017291613629,8.98214285714286));
#646=CARTESIAN_POINT('',(-5.00763094502855E-15,3.40896999508633,8.93750000000001));
#647=CARTESIAN_POINT('',(0.739548324003777,3.2401729161363,8.89285714285715));
#648=CARTESIAN_POINT('',(1.47909664800761,3.07137583718626,8.84821428571429));
#649=CARTESIAN_POINT('',(2.0721683564775,2.5984169319825,8.80357142857143));
#650=CARTESIAN_POINT('',(2.66524006494736,2.12545802677877,8.75892857142858));
#651=CARTESIAN_POINT('',(2.99437003247369,1.44201260695721,8.71428571428572));
#652=CARTESIAN_POINT('',(3.3235,0.758567187135657,8.66964285714286));
#653=CARTESIAN_POINT('',(3.3235,2.27967507313023E-14,8.625));
#654=CARTESIAN_POINT('',(3.3235,-0.758567187135658,8.58035714285715));
#655=CARTESIAN_POINT('',(2.99437003247368,-1.44201260695722,8.53571428571429));
#656=CARTESIAN_POINT('',(2.66524006494739,-2.12545802677873,8.49107142857143));
#657=CARTESIAN_POINT('',(2.0721683564775,-2.5984169319825,8.44642857142858));
#658=CARTESIAN_POINT('',(1.47909664800765,-3.07137583718624,8.40178571428572));
#659=CARTESIAN_POINT('',(0.739548324003822,-3.24017291613629,8.35714285714286));
#660=CARTESIAN_POINT('',(-6.68598496784796E-15,-3.40896999508633,8.3125));
#661=CARTESIAN_POINT('',(-0.739548324003788,-3.2401729161363,8.26785714285715));
#662=CARTESIAN_POINT('',(-1.47909664800762,-3.07137583718625,8.22321428571429));
#663=CARTESIAN_POINT('',(-2.07216835647747,-2.59841693198252,8.17857142857143));
#664=CARTESIAN_POINT('',(-2.66524006494737,-2.12545802677876,8.13392857142858));
#665=CARTESIAN_POINT('',(-2.99437003247369,-1.4420126069572,8.08928571428572));
#666=CARTESIAN_POINT('',(-3.32349999999999,-0.758567187135692,8.04464285714286));
#667=CARTESIAN_POINT('',(-3.3235,-1.13963181835054E-14,8.));
#668=CARTESIAN_POINT('',(-3.3235,0.75856718713567,7.95535714285715));
#669=CARTESIAN_POINT('',(-2.9943700324737,1.44201260695718,7.91071428571429));
#670=CARTESIAN_POINT('',(-2.66524006494738,2.12545802677874,7.86607142857143));
#671=CARTESIAN_POINT('',(-2.07216835647749,2.5984169319825,7.82142857142858));
#672=CARTESIAN_POINT('',(-1.47909664800764,3.07137583718624,7.77678571428572));
#673=CARTESIAN_POINT('',(-0.739548324003811,3.24017291613629,7.73214285714286));
#674=CARTESIAN_POINT('',(-3.00647764479303E-14,3.40896999508633,7.68750000000001));
#675=CARTESIAN_POINT('',(0.7395483240038,3.24017291613629,7.64285714285715));
#676=CARTESIAN_POINT('',(1.47909664800763,3.07137583718625,7.59821428571429));
#677=CARTESIAN_POINT('',(2.07216835647748,2.59841693198251,7.55357142857143));
#678=CARTESIAN_POINT('',(2.66524006494738,2.12545802677875,7.50892857142858));
#679=CARTESIAN_POINT('',(2.99437003247367,1.44201260695724,7.46428571428572));
#680=CARTESIAN_POINT('',(3.3235,0.758567187135681,7.41964285714286));
#681=CARTESIAN_POINT('',(3.3235,-4.11436429140281E-18,7.37500000000001));
#682=CARTESIAN_POINT('',(3.32350000000001,-0.758567187135634,7.33035714285715));
#683=CARTESIAN_POINT('',(2.9943700324737,-1.44201260695719,7.28571428571429));
#684=CARTESIAN_POINT('',(2.66524006494738,-2.12545802677875,7.24107142857143));
#685=CARTESIAN_POINT('',(2.07216835647752,-2.59841693198248,7.19642857142858));
#686=CARTESIAN_POINT('',(1.47909664800763,-3.07137583718625,7.15178571428572));
#687=CARTESIAN_POINT('',(0.7395483240038,-3.24017291613629,7.10714285714286));
#688=CARTESIAN_POINT('',(1.83711605350538E-14,-3.40896999508633,7.06250000000001));
#689=CARTESIAN_POINT('',(-0.739548324003811,-3.24017291613629,7.01785714285715));
#690=CARTESIAN_POINT('',(-1.47909664800759,-3.07137583718626,6.97321428571429));
#691=CARTESIAN_POINT('',(-2.07216835647749,-2.5984169319825,6.92857142857143));
#692=CARTESIAN_POINT('',(-2.66524006494738,-2.12545802677874,6.88392857142858));
#693=CARTESIAN_POINT('',(-2.99437003247368,-1.44201260695723,6.83928571428572));
#694=CARTESIAN_POINT('',(-3.3235,-0.75856718713567,6.79464285714286));
#695=CARTESIAN_POINT('',(-3.3235,-3.58252287338856E-14,6.75000000000001));
#696=CARTESIAN_POINT('',(-3.3235,0.758567187135645,6.70535714285715));
#697=CARTESIAN_POINT('',(-2.99437003247369,1.4420126069572,6.66071428571429));
#698=CARTESIAN_POINT('',(-2.6652400649474,2.12545802677872,6.61607142857143));
#699=CARTESIAN_POINT('',(-2.07216835647751,2.59841693198249,6.57142857142858));
#700=CARTESIAN_POINT('',(-1.47909664800762,3.07137583718625,6.52678571428572));
#701=CARTESIAN_POINT('',(-0.739548324003835,3.24017291613629,6.48214285714286));
#702=CARTESIAN_POINT('',(-6.67754462217728E-15,3.40896999508633,6.43750000000001));
#703=CARTESIAN_POINT('',(0.739548324003822,3.24017291613629,6.39285714285715));
#704=CARTESIAN_POINT('',(1.4790966480076,3.07137583718626,6.34821428571429));
#705=CARTESIAN_POINT('',(2.0721683564775,2.5984169319825,6.30357142857143));
#706=CARTESIAN_POINT('',(2.66524006494736,2.12545802677877,6.25892857142858));
#707=CARTESIAN_POINT('',(2.99437003247368,1.44201260695722,6.21428571428572));
#708=CARTESIAN_POINT('',(3.3235,0.758567187135658,6.16964285714286));
#709=CARTESIAN_POINT('',(3.3235,2.44247961860888E-14,6.12500000000001));
#710=CARTESIAN_POINT('',(3.3235,-0.758567187135657,6.08035714285715));
#711=CARTESIAN_POINT('',(2.99437003247371,-1.44201260695717,6.03571428571429));
#712=CARTESIAN_POINT('',(2.66524006494739,-2.12545802677873,5.99107142857143));
#713=CARTESIAN_POINT('',(2.0721683564775,-2.5984169319825,5.94642857142858));
#714=CARTESIAN_POINT('',(1.47909664800765,-3.07137583718623,5.90178571428572));
#715=CARTESIAN_POINT('',(0.739548324003823,-3.24017291613629,5.85714285714286));
#716=CARTESIAN_POINT('',(-5.01607129069922E-15,-3.40896999508633,5.81250000000001));
#717=CARTESIAN_POINT('',(-0.739548324003787,-3.2401729161363,5.76785714285715));
#718=CARTESIAN_POINT('',(-1.47909664800762,-3.07137583718625,5.72321428571429));
#719=CARTESIAN_POINT('',(-2.07216835647751,-2.59841693198249,5.67857142857144));
#720=CARTESIAN_POINT('',(-2.66524006494737,-2.12545802677876,5.63392857142858));
#721=CARTESIAN_POINT('',(-2.99437003247369,-1.44201260695721,5.58928571428572));
#722=CARTESIAN_POINT('',(-3.32349999999999,-0.758567187135694,5.54464285714286));
#723=CARTESIAN_POINT('',(-3.3235,-1.30243636382919E-14,5.50000000000001));
#724=CARTESIAN_POINT('',(-3.3235,0.758567187135668,5.45535714285715));
#725=CARTESIAN_POINT('',(-2.9943700324737,1.44201260695718,5.41071428571429));
#726=CARTESIAN_POINT('',(-2.66524006494738,2.12545802677874,5.36607142857144));
#727=CARTESIAN_POINT('',(-2.07216835647753,2.59841693198247,5.32142857142858));
#728=CARTESIAN_POINT('',(-1.47909664800764,3.07137583718624,5.27678571428572));
#729=CARTESIAN_POINT('',(-0.739548324003812,3.24017291613629,5.23214285714286));
#730=CARTESIAN_POINT('',(-3.1734690125079E-14,3.40896999508633,5.1875));
#731=CARTESIAN_POINT('',(0.739548324003798,3.24017291613629,5.14285714285715));
#732=CARTESIAN_POINT('',(1.47909664800763,3.07137583718625,5.09821428571429));
#733=CARTESIAN_POINT('',(2.07216835647748,2.59841693198251,5.05357142857144));
#734=CARTESIAN_POINT('',(2.66524006494737,2.12545802677875,5.00892857142858));
#735=CARTESIAN_POINT('',(2.99437003247369,1.4420126069572,4.96428571428572));
#736=CARTESIAN_POINT('',(3.3235,0.758567187135683,4.91964285714286));
#737=CARTESIAN_POINT('',(3.3235,1.62393109049509E-15,4.875));
#738=CARTESIAN_POINT('',(3.32350000000001,-0.758567187135632,4.83035714285715));
#739=CARTESIAN_POINT('',(2.9943700324737,-1.44201260695719,4.78571428571429));
#740=CARTESIAN_POINT('',(2.66524006494738,-2.12545802677875,4.74107142857144));
#741=CARTESIAN_POINT('',(2.07216835647752,-2.59841693198248,4.69642857142858));
#742=CARTESIAN_POINT('',(1.47909664800763,-3.07137583718624,4.65178571428572));
#743=CARTESIAN_POINT('',(0.739548324003847,-3.24017291613628,4.60714285714286));
#744=CARTESIAN_POINT('',(2.00410742122025E-14,-3.40896999508633,4.5625));
#745=CARTESIAN_POINT('',(-0.739548324003809,-3.24017291613629,4.51785714285715));
#746=CARTESIAN_POINT('',(-1.47909664800759,-3.07137583718626,4.47321428571429));
#747=CARTESIAN_POINT('',(-2.07216835647749,-2.59841693198251,4.42857142857143));
#748=CARTESIAN_POINT('',(-2.66524006494738,-2.12545802677874,4.38392857142858));
#749=CARTESIAN_POINT('',(-2.99437003247368,-1.44201260695723,4.33928571428572));
#750=CARTESIAN_POINT('',(-3.3235,-0.758567187135671,4.29464285714286));
#751=CARTESIAN_POINT('',(-3.3235,9.77650145730175E-15,4.25));
#752=CARTESIAN_POINT('',(-3.3235,0.758567187135644,4.20535714285715));
#753=CARTESIAN_POINT('',(-2.99437003247369,1.4420126069572,4.16071428571429));
#754=CARTESIAN_POINT('',(-2.6652400649474,2.12545802677872,4.11607142857143));
#755=CARTESIAN_POINT('',(-2.07216835647751,2.59841693198249,4.07142857142858));
#756=CARTESIAN_POINT('',(-1.47909664800762,3.07137583718625,4.02678571428572));
#757=CARTESIAN_POINT('',(-0.739548324003836,3.24017291613628,3.98214285714286));
#758=CARTESIAN_POINT('',(-8.34745829932602E-15,3.40896999508633,3.93750000000001));
#759=CARTESIAN_POINT('',(0.739548324003774,3.2401729161363,3.89285714285715));
#760=CARTESIAN_POINT('',(1.4790966480076,3.07137583718626,3.84821428571429));
#761=CARTESIAN_POINT('',(2.0721683564775,2.5984169319825,3.80357142857143));
#762=CARTESIAN_POINT('',(2.66524006494736,2.12545802677877,3.75892857142858));
#763=CARTESIAN_POINT('',(2.99437003247368,1.44201260695722,3.71428571428572));
#764=CARTESIAN_POINT('',(3.3235,0.75856718713566,3.66964285714286));
#765=CARTESIAN_POINT('',(3.3235,2.60528416408753E-14,3.62500000000001));
#766=CARTESIAN_POINT('',(3.3235,-0.758567187135655,3.58035714285715));
#767=CARTESIAN_POINT('',(2.99437003247369,-1.44201260695721,3.53571428571429));
#768=CARTESIAN_POINT('',(2.66524006494739,-2.12545802677873,3.49107142857143));
#769=CARTESIAN_POINT('',(2.0721683564775,-2.5984169319825,3.44642857142858));
#770=CARTESIAN_POINT('',(1.47909664800765,-3.07137583718623,3.40178571428572));
#771=CARTESIAN_POINT('',(0.739548324003825,-3.24017291613629,3.35714285714286));
#772=CARTESIAN_POINT('',(-3.34615761355048E-15,-3.40896999508633,3.31250000000001));
#773=CARTESIAN_POINT('',(-0.739548324003785,-3.2401729161363,3.26785714285715));
#774=CARTESIAN_POINT('',(-1.47909664800761,-3.07137583718625,3.22321428571429));
#775=CARTESIAN_POINT('',(-2.07216835647747,-2.59841693198252,3.17857142857143));
#776=CARTESIAN_POINT('',(-2.66524006494737,-2.12545802677876,3.13392857142858));
#777=CARTESIAN_POINT('',(-2.99437003247369,-1.44201260695721,3.08928571428572));
#778=CARTESIAN_POINT('',(-3.32349999999999,-0.758567187135696,3.04464285714286));
#779=CARTESIAN_POINT('',(-3.3235,-1.46524090930784E-14,3.00000000000001));
#780=CARTESIAN_POINT('',(-3.3235,0.758567187135666,2.95535714285715));
#781=CARTESIAN_POINT('',(-2.9943700324737,1.44201260695718,2.91071428571429));
#782=CARTESIAN_POINT('',(-2.66524006494739,2.12545802677874,2.86607142857143));
#783=CARTESIAN_POINT('',(-2.07216835647749,2.5984169319825,2.82142857142858));
#784=CARTESIAN_POINT('',(-1.47909664800764,3.07137583718624,2.77678571428572));
#785=CARTESIAN_POINT('',(-0.739548324003814,3.24017291613629,2.73214285714286));
#786=CARTESIAN_POINT('',(-3.34046038022278E-14,3.40896999508633,2.68750000000001));
#787=CARTESIAN_POINT('',(0.739548324003796,3.24017291613629,2.64285714285715));
#788=CARTESIAN_POINT('',(1.47909664800762,3.07137583718625,2.59821428571429));
#789=CARTESIAN_POINT('',(2.07216835647748,2.59841693198251,2.55357142857143));
#790=CARTESIAN_POINT('',(2.66524006494737,2.12545802677875,2.50892857142858));
#791=CARTESIAN_POINT('',(2.99437003247367,1.44201260695724,2.46428571428572));
#792=CARTESIAN_POINT('',(3.3235,0.758567187135684,2.41964285714286));
#793=CARTESIAN_POINT('',(3.3235,3.25197654528158E-15,2.37500000000001));
#794=CARTESIAN_POINT('',(3.32350000000001,-0.75856718713563,2.33035714285715));
#795=CARTESIAN_POINT('',(2.9943700324737,-1.44201260695719,2.28571428571429));
#796=CARTESIAN_POINT('',(2.66524006494738,-2.12545802677875,2.24107142857143));
#797=CARTESIAN_POINT('',(2.07216835647752,-2.59841693198248,2.19642857142858));
#798=CARTESIAN_POINT('',(1.47909664800763,-3.07137583718624,2.15178571428572));
#799=CARTESIAN_POINT('',(0.739548324003803,-3.24017291613629,2.10714285714286));
#800=CARTESIAN_POINT('',(2.17109878893513E-14,-3.40896999508633,2.06250000000001));
#801=CARTESIAN_POINT('',(-0.739548324003808,-3.24017291613629,2.01785714285715));
#802=CARTESIAN_POINT('',(-1.47909664800759,-3.07137583718626,1.97321428571429));
#803=CARTESIAN_POINT('',(-2.07216835647749,-2.59841693198251,1.92857142857143));
#804=CARTESIAN_POINT('',(-2.66524006494738,-2.12545802677874,1.88392857142858));
#805=CARTESIAN_POINT('',(-2.99437003247368,-1.44201260695723,1.83928571428572));
#806=CARTESIAN_POINT('',(-3.3235,-0.758567187135673,1.79464285714286));
#807=CARTESIAN_POINT('',(-3.3235,-3.90813196434586E-14,1.75000000000001));
#808=CARTESIAN_POINT('',(-3.32350000000001,0.758567187135642,1.70535714285715));
#809=CARTESIAN_POINT('',(-2.99437003247369,1.4420126069572,1.66071428571429));
#810=CARTESIAN_POINT('',(-2.6652400649474,2.12545802677872,1.61607142857144));
#811=CARTESIAN_POINT('',(-2.07216835647751,2.59841693198249,1.57142857142858));
#812=CARTESIAN_POINT('',(-1.47909664800762,3.07137583718625,1.52678571428572));
#813=CARTESIAN_POINT('',(-0.739548324003838,3.24017291613628,1.48214285714286));
#814=CARTESIAN_POINT('',(-1.00173719764748E-14,3.40896999508633,1.4375));
#815=CARTESIAN_POINT('',(0.739548324003819,3.24017291613629,1.39285714285715));
#816=CARTESIAN_POINT('',(1.4790966480076,3.07137583718626,1.34821428571429));
#817=CARTESIAN_POINT('',(2.0721683564775,2.5984169319825,1.30357142857144));
#818=CARTESIAN_POINT('',(2.66524006494736,2.12545802677877,1.25892857142858));
#819=CARTESIAN_POINT('',(2.99437003247368,1.44201260695722,1.21428571428572));
#820=CARTESIAN_POINT('',(3.3235,0.758567187135662,1.16964285714286));
#821=CARTESIAN_POINT('',(3.3235,2.76808870956618E-14,1.125));
#822=CARTESIAN_POINT('',(3.3235,-0.758567187135653,1.08035714285715));
#823=CARTESIAN_POINT('',(2.99437003247371,-1.44201260695717,1.03571428571429));
#824=CARTESIAN_POINT('',(2.66524006494739,-2.12545802677873,0.991071428571435));
#825=CARTESIAN_POINT('',(2.0721683564775,-2.59841693198249,0.946428571428577));
#826=CARTESIAN_POINT('',(1.47909664800765,-3.07137583718623,0.90178571428572));
#827=CARTESIAN_POINT('',(0.739548324003827,-3.24017291613629,0.857142857142862));
#828=CARTESIAN_POINT('',(-1.67624393640175E-15,-3.40896999508633,0.812500000000004));
#829=CARTESIAN_POINT('',(-0.739548324003784,-3.2401729161363,0.767857142857147));
#830=CARTESIAN_POINT('',(-1.47909664800761,-3.07137583718625,0.723214285714292));
#831=CARTESIAN_POINT('',(-2.07216835647751,-2.59841693198249,0.678571428571435));
#832=CARTESIAN_POINT('',(-2.66524006494737,-2.12545802677876,0.633928571428577));
#833=CARTESIAN_POINT('',(-2.99437003247369,-1.44201260695721,0.589285714285719));
#834=CARTESIAN_POINT('',(-3.32349999999999,-0.758567187135697,0.544642857142862));
#835=CARTESIAN_POINT('',(-3.3235,-1.62804545478649E-14,0.500000000000004));
#836=CARTESIAN_POINT('',(-3.3235,0.758567187135665,0.45535714285715));
#837=CARTESIAN_POINT('',(-2.9943700324737,1.44201260695718,0.410714285714292));
#838=CARTESIAN_POINT('',(-2.66524006494739,2.12545802677874,0.366071428571434));
#839=CARTESIAN_POINT('',(-2.07216835647753,2.59841693198247,0.321428571428577));
#840=CARTESIAN_POINT('',(-1.47909664800764,3.07137583718624,0.276785714285719));
#841=CARTESIAN_POINT('',(-0.739548324003816,3.24017291613629,0.232142857142861));
#842=CARTESIAN_POINT('',(-3.50745174793765E-14,3.40896999508633,0.187500000000004));
#843=CARTESIAN_POINT('',(0.739548324003795,3.24017291613629,0.142857142857149));
#844=CARTESIAN_POINT('',(1.47909664800762,3.07137583718625,0.0982142857142917));
#845=CARTESIAN_POINT('',(2.07216835647748,2.59841693198251,0.0535714285714341));
#846=CARTESIAN_POINT('',(2.66524006494734,2.12545802677879,0.00892857142857639));
#847=CARTESIAN_POINT('',(2.99437003247369,1.4420126069572,-0.0357142857142813));
#848=CARTESIAN_POINT('',(3.32349999999999,0.758567187135686,-0.080357142857139));
#849=CARTESIAN_POINT('',(3.3235,5.21097976460419E-14,-0.124999999999993));
#850=CARTESIAN_POINT('',(3.3235,-0.758567187135676,-0.169642857142851));
#851=CARTESIAN_POINT('',(2.9943700324737,-1.44201260695719,-0.214285714285709));
#852=CARTESIAN_POINT('',(2.66524006494741,-2.12545802677871,-0.258928571428566));
#853=CARTESIAN_POINT('',(2.07216835647749,-2.59841693198251,-0.303571428571424));
#854=CARTESIAN_POINT('',(1.47909664800763,-3.07137583718624,-0.348214285714282));
#855=CARTESIAN_POINT('',(0.73954832400385,-3.24017291613628,-0.392857142857139));
#856=CARTESIAN_POINT('',(-2.50634757621548E-14,-3.40896999508633,-0.437499999999993));
#857=CARTESIAN_POINT('',(-0.739548324003806,-3.24017291613629,-0.482142857142851));
#858=CARTESIAN_POINT('',(-1.47909664800759,-3.07137583718626,-0.526785714285709));
#859=CARTESIAN_POINT('',(-2.07216835647745,-2.59841693198254,-0.571428571428567));
#860=CARTESIAN_POINT('',(-2.66524006494738,-2.12545802677874,-0.616071428571424));
#861=CARTESIAN_POINT('',(-2.99437003247368,-1.44201260695723,-0.660714285714282));
#862=CARTESIAN_POINT('',(-3.32349999999999,-0.758567187135722,-0.705357142857136));
#863=CARTESIAN_POINT('',(-3.3235,6.52041054772877E-15,-0.749999999999994));
#864=CARTESIAN_POINT('',(-3.32350000000001,0.75856718713564,-0.794642857142851));
#865=CARTESIAN_POINT('',(-2.99437003247371,1.44201260695716,-0.839285714285709));
#866=CARTESIAN_POINT('',(-2.66524006494737,2.12545802677876,-0.883928571428567));
#867=CARTESIAN_POINT('',(-2.07216835647751,2.59841693198249,-0.928571428571424));
#868=CARTESIAN_POINT('',(-1.47909664800767,3.07137583718623,-0.973214285714282));
#869=CARTESIAN_POINT('',(-0.739548324003793,3.24017291613629,-1.01785714285714));
#870=CARTESIAN_POINT('',(-1.16872856536235E-14,3.40896999508633,-1.06249999999999));
#871=CARTESIAN_POINT('',(0.739548324003771,3.2401729161363,-1.10714285714285));
#872=CARTESIAN_POINT('',(1.47909664800764,3.07137583718624,-1.15178571428571));
#873=CARTESIAN_POINT('',(2.0721683564775,2.5984169319825,-1.19642857142857));
#874=CARTESIAN_POINT('',(2.66524006494736,2.12545802677877,-1.24107142857142));
#875=CARTESIAN_POINT('',(2.9943700324737,1.44201260695718,-1.28571428571428));
#876=CARTESIAN_POINT('',(3.3235,0.758567187135663,-1.33035714285714));
#877=CARTESIAN_POINT('',(3.3235,2.93089325504483E-14,-1.37499999999999));
#878=CARTESIAN_POINT('',(3.32350000000001,-0.758567187135604,-1.41964285714285));
#879=CARTESIAN_POINT('',(2.99437003247369,-1.44201260695721,-1.46428571428571));
#880=CARTESIAN_POINT('',(2.6652400649474,-2.12545802677873,-1.50892857142857));
#881=CARTESIAN_POINT('',(2.07216835647754,-2.59841693198246,-1.55357142857142));
#882=CARTESIAN_POINT('',(1.47909664800761,-3.07137583718625,-1.59821428571428));
#883=CARTESIAN_POINT('',(0.739548324003828,-3.24017291613629,-1.64285714285714));
#884=CARTESIAN_POINT('',(4.84380470694018E-14,-3.40896999508633,-1.68749999999999));
#885=CARTESIAN_POINT('',(-0.739548324003828,-3.24017291613629,-1.73214285714285));
#886=CARTESIAN_POINT('',(-1.47909664800761,-3.07137583718625,-1.77678571428571));
#887=CARTESIAN_POINT('',(-2.07216835647747,-2.59841693198252,-1.82142857142857));
#888=CARTESIAN_POINT('',(-2.6652400649474,-2.12545802677873,-1.86607142857142));
#889=CARTESIAN_POINT('',(-2.99437003247369,-1.44201260695721,-1.91071428571428));
#890=CARTESIAN_POINT('',(-3.32349999999999,-0.758567187135699,-1.95535714285714));
#891=CARTESIAN_POINT('',(-3.3235,-6.51382756486253E-14,-1.99999999999999));
#892=CARTESIAN_POINT('',(-3.3235,0.758567187135663,-2.04464285714285));
#893=CARTESIAN_POINT('',(-2.9943700324737,1.44201260695718,-2.08928571428571));
#894=CARTESIAN_POINT('',(-2.66524006494742,2.1254580267787,-2.13392857142856));
#895=CARTESIAN_POINT('',(-2.0721683564775,2.5984169319825,-2.17857142857142));
#896=CARTESIAN_POINT('',(-1.47909664800764,3.07137583718624,-2.22321428571428));
#897=CARTESIAN_POINT('',(-0.739548324003863,3.24017291613628,-2.26785714285714));
#898=CARTESIAN_POINT('',(1.16999461721295E-14,3.40896999508633,-2.3125));
#899=CARTESIAN_POINT('',(0.739548324003793,3.24017291613629,-2.35714285714285));
#900=CARTESIAN_POINT('',(1.47909664800758,3.07137583718627,-2.40178571428571));
#901=CARTESIAN_POINT('',(2.07216835647751,2.59841693198249,-2.44642857142856));
#902=CARTESIAN_POINT('',(2.66524006494737,2.12545802677876,-2.49107142857142));
#903=CARTESIAN_POINT('',(2.99437003247367,1.44201260695724,-2.53571428571428));
#904=CARTESIAN_POINT('',(3.32350000000001,0.75856718713564,-2.58035714285714));
#905=CARTESIAN_POINT('',(3.3235,6.50806745485456E-15,-2.625));
#906=CARTESIAN_POINT('',(3.32350000000001,-0.758567187135627,-2.66964285714285));
#907=CARTESIAN_POINT('',(2.99437003247368,-1.44201260695723,-2.71428571428571));
#908=CARTESIAN_POINT('',(2.66524006494738,-2.12545802677874,-2.75892857142856));
#909=CARTESIAN_POINT('',(2.07216835647752,-2.59841693198248,-2.80357142857142));
#910=CARTESIAN_POINT('',(1.47909664800768,-3.07137583718622,-2.84821428571428));
#911=CARTESIAN_POINT('',(0.739548324003806,-3.24017291613629,-2.89285714285714));
#912=CARTESIAN_POINT('',(2.50508152436487E-14,-3.40896999508633,-2.9375));
#913=CARTESIAN_POINT('',(-0.739548324003758,-3.2401729161363,-2.98214285714285));
#914=CARTESIAN_POINT('',(-1.47909664800763,-3.07137583718624,-3.02678571428571));
#915=CARTESIAN_POINT('',(-2.07216835647749,-2.59841693198251,-3.07142857142857));
#916=CARTESIAN_POINT('',(-2.66524006494735,-2.12545802677878,-3.11607142857142));
#917=CARTESIAN_POINT('',(-2.9943700324737,-1.44201260695719,-3.16071428571428));
#918=CARTESIAN_POINT('',(-3.3235,-0.758567187135676,-3.20535714285714));
#919=CARTESIAN_POINT('',(-3.3235,-4.23374105530316E-14,-3.25));
#920=CARTESIAN_POINT('',(-3.32349999999999,0.758567187135686,-3.29464285714285));
#921=CARTESIAN_POINT('',(-2.99437003247369,1.4420126069572,-3.33928571428571));
#922=CARTESIAN_POINT('',(-2.6652400649474,2.12545802677872,-3.38392857142857));
#923=CARTESIAN_POINT('',(-2.07216835647755,2.59841693198246,-3.42857142857142));
#924=CARTESIAN_POINT('',(-1.47909664800762,3.07137583718625,-3.47321428571428));
#925=CARTESIAN_POINT('',(-0.739548324003841,3.24017291613628,-3.51785714285714));
#926=CARTESIAN_POINT('',(-6.1801576659427E-14,3.40896999508633,-3.5625));
#927=CARTESIAN_POINT('',(0.739548324003816,3.24017291613629,-3.60714285714285));
#928=CARTESIAN_POINT('',(1.4790966480076,3.07137583718626,-3.65178571428571));
#929=CARTESIAN_POINT('',(2.07216835647746,2.59841693198253,-3.69642857142857));
#930=CARTESIAN_POINT('',(2.66524006494739,2.12545802677874,-3.74107142857142));
#931=CARTESIAN_POINT('',(2.99437003247368,1.44201260695722,-3.78571428571428));
#932=CARTESIAN_POINT('',(3.32349999999999,0.758567187135712,-3.83035714285714));
#933=CARTESIAN_POINT('',(3.3235,-1.62927976407391E-14,-3.87499999999999));
#934=CARTESIAN_POINT('',(3.3235,-0.75856718713565,-3.91964285714285));
#935=CARTESIAN_POINT('',(2.99437003247371,-1.44201260695717,-3.96428571428571));
#936=CARTESIAN_POINT('',(2.66524006494737,-2.12545802677876,-4.00892857142857));
#937=CARTESIAN_POINT('',(2.07216835647751,-2.59841693198249,-4.05357142857142));
#938=CARTESIAN_POINT('',(1.47909664800766,-3.07137583718623,-4.09821428571428));
#939=CARTESIAN_POINT('',(0.739548324003784,-3.2401729161363,-4.14285714285714));
#940=CARTESIAN_POINT('',(1.66358341789573E-15,-3.40896999508633,-4.18749999999999));
#941=CARTESIAN_POINT('',(-0.739548324003781,-3.2401729161363,-4.23214285714285));
#942=CARTESIAN_POINT('',(-1.47909664800757,-3.07137583718628,-4.27678571428571));
#943=CARTESIAN_POINT('',(-2.0721683564775,-2.59841693198249,-4.32142857142857));
#944=CARTESIAN_POINT('',(-2.66524006494736,-2.12545802677877,-4.36607142857142));
#945=CARTESIAN_POINT('',(-2.99437003247367,-1.44201260695725,-4.41071428571428));
#946=CARTESIAN_POINT('',(-3.3235,-0.758567187135653,-4.45535714285714));
#947=CARTESIAN_POINT('',(-3.3235,-1.95365454574379E-14,-4.49999999999999));
#948=CARTESIAN_POINT('',(-3.32350000000001,0.758567187135614,-4.54464285714285));
#949=CARTESIAN_POINT('',(-2.99437003247368,1.44201260695722,-4.58928571428571));
#950=CARTESIAN_POINT('',(-2.66524006494739,2.12545802677873,-4.63392857142857));
#951=CARTESIAN_POINT('',(-2.07216835647753,2.59841693198247,-4.67857142857142));
#952=CARTESIAN_POINT('',(-1.4790966480076,3.07137583718626,-4.72321428571428));
#953=CARTESIAN_POINT('',(-0.739548324003819,3.24017291613629,-4.76785714285714));
#954=CARTESIAN_POINT('',(-3.8414344833674E-14,3.40896999508633,-4.81249999999999));
#955=CARTESIAN_POINT('',(0.739548324003746,3.24017291613631,-4.85714285714285));
#956=CARTESIAN_POINT('',(1.47909664800762,3.07137583718625,-4.90178571428571));
#957=CARTESIAN_POINT('',(2.07216835647748,2.59841693198252,-4.94642857142857));
#958=CARTESIAN_POINT('',(2.66524006494734,2.12545802677879,-4.99107142857142));
#959=CARTESIAN_POINT('',(2.99437003247369,1.4420126069572,-5.03571428571428));
#960=CARTESIAN_POINT('',(3.32349999999999,0.758567187135689,-5.08035714285714));
#961=CARTESIAN_POINT('',(3.3235,5.53658885556149E-14,-5.12499999999999));
#962=CARTESIAN_POINT('',(3.3235,-0.758567187135673,-5.16964285714285));
#963=CARTESIAN_POINT('',(2.9943700324737,-1.44201260695719,-5.21428571428571));
#964=CARTESIAN_POINT('',(2.66524006494741,-2.12545802677871,-5.25892857142857));
#965=CARTESIAN_POINT('',(2.07216835647749,-2.59841693198251,-5.30357142857143));
#966=CARTESIAN_POINT('',(1.47909664800763,-3.07137583718624,-5.34821428571428));
#967=CARTESIAN_POINT('',(0.739548324003854,-3.24017291613628,-5.39285714285714));
#968=CARTESIAN_POINT('',(-2.17236484078573E-14,-3.40896999508633,-5.43749999999999));
#969=CARTESIAN_POINT('',(-0.739548324003803,-3.24017291613629,-5.48214285714285));
#970=CARTESIAN_POINT('',(-1.47909664800759,-3.07137583718627,-5.52678571428571));
#971=CARTESIAN_POINT('',(-2.07216835647752,-2.59841693198248,-5.57142857142857));
#972=CARTESIAN_POINT('',(-2.66524006494738,-2.12545802677875,-5.61607142857142));
#973=CARTESIAN_POINT('',(-2.99437003247368,-1.44201260695723,-5.66071428571428));
#974=CARTESIAN_POINT('',(-3.32349999999999,-0.758567187135725,-5.70535714285714));
#975=CARTESIAN_POINT('',(-3.3235,3.26431963815579E-15,-5.74999999999999));
#976=CARTESIAN_POINT('',(-3.32350000000001,0.758567187135637,-5.79464285714285));
#977=CARTESIAN_POINT('',(-2.99437003247371,1.44201260695715,-5.83928571428571));
#978=CARTESIAN_POINT('',(-2.66524006494737,2.12545802677875,-5.88392857142856));
#979=CARTESIAN_POINT('',(-2.07216835647752,2.59841693198248,-5.92857142857143));
#980=CARTESIAN_POINT('',(-1.47909664800767,3.07137583718623,-5.97321428571428));
#981=CARTESIAN_POINT('',(-0.739548324003796,3.24017291613629,-6.01785714285714));
#982=CARTESIAN_POINT('',(-1.5027113007921E-14,3.40896999508633,-6.06249999999999));
#983=CARTESIAN_POINT('',(0.739548324003768,3.2401729161363,-6.10714285714285));
#984=CARTESIAN_POINT('',(1.47909664800764,3.07137583718624,-6.15178571428571));
#985=CARTESIAN_POINT('',(2.07216835647749,2.5984169319825,-6.19642857142856));
#986=CARTESIAN_POINT('',(2.66524006494736,2.12545802677878,-6.24107142857143));
#987=CARTESIAN_POINT('',(2.99437003247366,1.44201260695727,-6.28571428571428));
#988=CARTESIAN_POINT('',(3.3235,0.758567187135666,-6.33035714285713));
#989=CARTESIAN_POINT('',(3.3235,3.25650234600212E-14,-6.375));
#990=CARTESIAN_POINT('',(3.32350000000001,-0.758567187135601,-6.41964285714285));
#991=CARTESIAN_POINT('',(2.99437003247369,-1.44201260695721,-6.46428571428571));
#992=CARTESIAN_POINT('',(2.6652400649474,-2.12545802677872,-6.50892857142856));
#993=CARTESIAN_POINT('',(2.07216835647755,-2.59841693198246,-6.55357142857143));
#994=CARTESIAN_POINT('',(1.47909664800761,-3.07137583718625,-6.59821428571428));
#995=CARTESIAN_POINT('',(0.739548324003831,-3.24017291613629,-6.64285714285713));
#996=CARTESIAN_POINT('',(5.17778744236992E-14,-3.40896999508633,-6.6875));
#997=CARTESIAN_POINT('',(-0.739548324003825,-3.24017291613629,-6.73214285714285));
#998=CARTESIAN_POINT('',(-1.47909664800761,-3.07137583718626,-6.77678571428571));
#999=CARTESIAN_POINT('',(-2.07216835647747,-2.59841693198253,-6.82142857142856));
#1000=CARTESIAN_POINT('',(-2.66524006494739,-2.12545802677873,-6.86607142857143));
#1001=CARTESIAN_POINT('',(-2.99437003247369,-1.44201260695721,-6.91071428571428));
#1002=CARTESIAN_POINT('',(-3.32349999999999,-0.758567187135702,-6.95535714285713));
#1003=CARTESIAN_POINT('',(-3.3235,2.60651847337495E-14,-7.));
#1004=CARTESIAN_POINT('',(-3.3235,0.75856718713566,-7.04464285714285));
#1005=CARTESIAN_POINT('',(-2.9943700324737,1.44201260695717,-7.08928571428571));
#1006=CARTESIAN_POINT('',(-2.66524006494742,2.1254580267787,-7.13392857142856));
#1007=CARTESIAN_POINT('',(-2.0721683564775,2.5984169319825,-7.17857142857143));
#1008=CARTESIAN_POINT('',(-1.47909664800765,3.07137583718624,-7.22321428571428));
#1009=CARTESIAN_POINT('',(-0.739548324003866,3.24017291613628,-7.26785714285714));
#1010=CARTESIAN_POINT('',(8.36011881783204E-15,3.40896999508633,-7.3125));
#1011=CARTESIAN_POINT('',(0.73954832400379,3.2401729161363,-7.35714285714285));
#1012=CARTESIAN_POINT('',(1.47909664800757,3.07137583718627,-7.40178571428571));
#1013=CARTESIAN_POINT('',(2.07216835647751,2.59841693198249,-7.44642857142857));
#1014=CARTESIAN_POINT('',(2.66524006494737,2.12545802677876,-7.49107142857142));
#1015=CARTESIAN_POINT('',(2.99437003247367,1.44201260695724,-7.53571428571428));
#1016=CARTESIAN_POINT('',(3.3235,0.758567187135644,-7.58035714285714));
#1017=CARTESIAN_POINT('',(3.3235,9.76415836442754E-15,-7.625));
#1018=CARTESIAN_POINT('',(3.32350000000001,-0.758567187135624,-7.66964285714285));
#1019=CARTESIAN_POINT('',(2.99437003247372,-1.44201260695714,-7.71428571428571));
#1020=CARTESIAN_POINT('',(2.66524006494738,-2.12545802677874,-7.75892857142857));
#1021=CARTESIAN_POINT('',(2.07216835647753,-2.59841693198248,-7.80357142857142));
#1022=CARTESIAN_POINT('',(1.47909664800768,-3.07137583718622,-7.84821428571428));
#1023=CARTESIAN_POINT('',(0.739548324003809,-3.24017291613629,-7.89285714285714));
#1024=CARTESIAN_POINT('',(2.83906425979462E-14,-3.40896999508633,-7.9375));
#1025=CARTESIAN_POINT('',(-0.739548324003755,-3.2401729161363,-7.98214285714285));
#1026=CARTESIAN_POINT('',(-1.47909664800763,-3.07137583718624,-8.02678571428571));
#1027=CARTESIAN_POINT('',(-2.07216835647748,-2.59841693198251,-8.07142857142857));
#1028=CARTESIAN_POINT('',(-2.66524006494735,-2.12545802677879,-8.11607142857142));
#1029=CARTESIAN_POINT('',(-2.9943700324737,-1.44201260695719,-8.16071428571428));
#1030=CARTESIAN_POINT('',(-3.3235,-0.758567187135679,-8.20535714285714));
#1031=CARTESIAN_POINT('',(-3.3235,-4.55935014626046E-14,-8.25));
#1032=CARTESIAN_POINT('',(-3.3235,0.758567187135683,-8.29464285714285));
#1033=CARTESIAN_POINT('',(-2.99437003247369,1.4420126069572,-8.33928571428571));
#1034=CARTESIAN_POINT('',(-2.66524006494741,2.12545802677871,-8.38392857142857));
#1035=CARTESIAN_POINT('',(-2.07216835647748,2.59841693198251,-8.42857142857142));
#1036=CARTESIAN_POINT('',(-1.47909664800763,3.07137583718625,-8.47321428571428));
#1037=CARTESIAN_POINT('',(-0.739548324003844,3.24017291613628,-8.51785714285714));
#1038=CARTESIAN_POINT('',(-6.51414040137245E-14,3.40896999508633,-8.5625));
#1039=CARTESIAN_POINT('',(0.739548324003812,3.24017291613629,-8.60714285714285));
#1040=CARTESIAN_POINT('',(1.4790966480076,3.07137583718626,-8.65178571428571));
#1041=CARTESIAN_POINT('',(2.07216835647746,2.59841693198253,-8.69642857142857));
#1042=CARTESIAN_POINT('',(2.66524006494738,2.12545802677874,-8.74107142857142));
#1043=CARTESIAN_POINT('',(2.99437003247368,1.44201260695722,-8.78571428571428));
#1044=CARTESIAN_POINT('',(3.32349999999999,0.758567187135715,-8.83035714285714));
#1045=CARTESIAN_POINT('',(3.3235,-1.30367067311661E-14,-8.875));
#1046=CARTESIAN_POINT('',(3.3235,-0.758567187135647,-8.91964285714285));
#1047=CARTESIAN_POINT('',(2.99437003247371,-1.44201260695716,-8.96428571428571));
#1048=CARTESIAN_POINT('',(2.66524006494737,-2.12545802677876,-9.00892857142857));
#1049=CARTESIAN_POINT('',(2.07216835647751,-2.59841693198249,-9.05357142857142));
#1050=CARTESIAN_POINT('',(1.47909664800766,-3.07137583718623,-9.09821428571428));
#1051=CARTESIAN_POINT('',(0.739548324003879,-3.24017291613628,-9.14285714285714));
#1052=CARTESIAN_POINT('',(5.00341077219321E-15,-3.40896999508633,-9.1875));
#1053=CARTESIAN_POINT('',(-0.739548324003777,-3.2401729161363,-9.23214285714285));
#1054=CARTESIAN_POINT('',(-1.47909664800756,-3.07137583718628,-9.27678571428571));
#1055=CARTESIAN_POINT('',(-2.0721683564775,-2.5984169319825,-9.32142857142857));
#1056=CARTESIAN_POINT('',(-2.66524006494736,-2.12545802677877,-9.36607142857142));
#1057=CARTESIAN_POINT('',(-2.99437003247366,-1.44201260695726,-9.41071428571428));
#1058=CARTESIAN_POINT('',(-3.3235,-0.758567187135657,-9.45535714285714));
#1059=CARTESIAN_POINT('',(-3.3235,-2.27926363670109E-14,-9.5));
#1060=CARTESIAN_POINT('',(-3.32350000000001,0.758567187135611,-9.54464285714285));
#1061=CARTESIAN_POINT('',(-2.99437003247368,1.44201260695722,-9.58928571428571));
#1062=CARTESIAN_POINT('',(-2.66524006494739,2.12545802677873,-9.63392857142857));
#1063=CARTESIAN_POINT('',(-2.07216835647754,2.59841693198247,-9.67857142857142));
#1064=CARTESIAN_POINT('',(-1.4790966480076,3.07137583718626,-9.72321428571428));
#1065=CARTESIAN_POINT('',(-0.739548324003822,3.24017291613629,-9.76785714285714));
#1066=CARTESIAN_POINT('',(-4.17541721879715E-14,3.40896999508633,-9.81249999999999));
#1067=CARTESIAN_POINT('',(0.739548324003835,3.24017291613629,-9.85714285714285));
#1068=CARTESIAN_POINT('',(1.47909664800762,3.07137583718625,-9.90178571428571));
#1069=CARTESIAN_POINT('',(2.07216835647747,2.59841693198252,-9.94642857142857));
#1070=CARTESIAN_POINT('',(2.66524006494734,2.1254580267788,-9.99107142857142));
#1071=CARTESIAN_POINT('',(2.99437003247369,1.4420126069572,-10.0357142857143));
#1072=CARTESIAN_POINT('',(3.32349999999999,0.758567187135692,-10.0803571428571));
#1073=CARTESIAN_POINT('',(3.3235,5.86219794651879E-14,-10.125));
#1074=CARTESIAN_POINT('',(3.3235,-0.75856718713567,-10.1696428571429));
#1075=CARTESIAN_POINT('',(2.9943700324737,-1.44201260695718,-10.2142857142857));
#1076=CARTESIAN_POINT('',(2.66524006494741,-2.1254580267787,-10.2589285714286));
#1077=CARTESIAN_POINT('',(2.07216835647749,-2.5984169319825,-10.3035714285714));
#1078=CARTESIAN_POINT('',(1.47909664800764,-3.07137583718624,-10.3482142857143));
#1079=CARTESIAN_POINT('',(0.739548324003857,-3.24017291613628,-10.3928571428571));
#1080=CARTESIAN_POINT('',(-1.83838210535598E-14,-3.40896999508633,-10.4375));
#1081=CARTESIAN_POINT('',(-0.7395483240038,-3.24017291613629,-10.4821428571429));
#1082=CARTESIAN_POINT('',(-1.47909664800758,-3.07137583718627,-10.5267857142857));
#1083=CARTESIAN_POINT('',(-2.07216835647745,-2.59841693198254,-10.5714285714286));
#1084=CARTESIAN_POINT('',(-2.66524006494738,-2.12545802677875,-10.6160714285714));
#1085=CARTESIAN_POINT('',(-2.99437003247367,-1.44201260695724,-10.6607142857143));
#1086=CARTESIAN_POINT('',(-3.32349999999999,-0.758567187135728,-10.7053571428571));
#1087=CARTESIAN_POINT('',(-3.3235,8.22872858280563E-18,-10.75));
#1088=CARTESIAN_POINT('',(-3.32350000000001,0.758567187135634,-10.7946428571429));
#1089=CARTESIAN_POINT('',(-2.99437003247372,1.44201260695715,-10.8392857142857));
#1090=CARTESIAN_POINT('',(-2.66524006494738,2.12545802677875,-10.8839285714286));
#1091=CARTESIAN_POINT('',(-2.07216835647752,2.59841693198248,-10.9285714285714));
#1092=CARTESIAN_POINT('',(-1.47909664800767,3.07137583718622,-10.9732142857143));
#1093=CARTESIAN_POINT('',(-0.7395483240038,3.24017291613629,-11.0178571428571));
#1094=CARTESIAN_POINT('',(-1.83669403622185E-14,3.40896999508633,-11.0625));
#1095=CARTESIAN_POINT('',(0.739548324003765,3.2401729161363,-11.1071428571429));
#1096=CARTESIAN_POINT('',(1.47909664800764,3.07137583718624,-11.1517857142857));
#1097=CARTESIAN_POINT('',(2.07216835647749,2.5984169319825,-11.1964285714286));
#1098=CARTESIAN_POINT('',(2.66524006494735,2.12545802677878,-11.2410714285714));
#1099=CARTESIAN_POINT('',(2.9943700324737,1.44201260695718,-11.2857142857143));
#1100=CARTESIAN_POINT('',(3.3235,0.75856718713567,-11.3303571428571));
#1101=CARTESIAN_POINT('',(3.3235,3.58211143695942E-14,-11.375));
#1102=CARTESIAN_POINT('',(3.32350000000001,-0.758567187135598,-11.4196428571429));
#1103=CARTESIAN_POINT('',(2.99437003247369,-1.4420126069572,-11.4642857142857));
#1104=CARTESIAN_POINT('',(2.6652400649474,-2.12545802677872,-11.5089285714286));
#1105=CARTESIAN_POINT('',(2.07216835647755,-2.59841693198246,-11.5535714285714));
#1106=CARTESIAN_POINT('',(1.47909664800762,-3.07137583718625,-11.5982142857143));
#1107=CARTESIAN_POINT('',(0.739548324003835,-3.24017291613629,-11.6428571428571));
#1108=CARTESIAN_POINT('',(5.51177017779967E-14,-3.40896999508633,-11.6875));
#1109=CARTESIAN_POINT('',(-0.739548324003822,-3.24017291613629,-11.7321428571429));
#1110=CARTESIAN_POINT('',(-1.4790966480076,-3.07137583718626,-11.7767857142857));
#1111=CARTESIAN_POINT('',(-2.07216835647746,-2.59841693198253,-11.8214285714286));
#1112=CARTESIAN_POINT('',(-2.66524006494739,-2.12545802677873,-11.8660714285714));
#1113=CARTESIAN_POINT('',(-2.99437003247368,-1.44201260695722,-11.9107142857143));
#1114=CARTESIAN_POINT('',(-3.32349999999999,-0.758567187135705,-11.9553571428571));
#1115=CARTESIAN_POINT('',(-3.3235,-7.16504574677712E-14,-12.));
#1116=CARTESIAN_POINT('',(-3.3235,0.758567187135657,-12.0446428571429));
#1117=CARTESIAN_POINT('',(-2.99437003247371,1.44201260695717,-12.0892857142857));
#1118=CARTESIAN_POINT('',(-2.66524006494742,2.12545802677869,-12.1339285714286));
#1119=CARTESIAN_POINT('',(-2.0721683564775,2.5984169319825,-12.1785714285714));
#1120=CARTESIAN_POINT('',(-1.47909664800765,3.07137583718623,-12.2232142857143));
#1121=CARTESIAN_POINT('',(-0.739548324003869,3.24017291613628,-12.2678571428571));
#1122=CARTESIAN_POINT('',(5.02029146353456E-15,3.40896999508633,-12.3125));
#1123=CARTESIAN_POINT('',(0.739548324003787,3.2401729161363,-12.3571428571429));
#1124=CARTESIAN_POINT('',(1.47909664800757,3.07137583718627,-12.4017857142857));
#1125=CARTESIAN_POINT('',(2.07216835647751,2.59841693198249,-12.4464285714286));
#1126=CARTESIAN_POINT('',(2.66524006494737,2.12545802677876,-12.4910714285714));
#1127=CARTESIAN_POINT('',(2.99437003247367,1.44201260695725,-12.5357142857143));
#1128=CARTESIAN_POINT('',(3.3235,0.758567187135647,-12.5803571428571));
#1129=CARTESIAN_POINT('',(3.3235,1.30202492740005E-14,-12.625));
#1130=CARTESIAN_POINT('',(3.32350000000001,-0.758567187135621,-12.6696428571429));
#1131=CARTESIAN_POINT('',(2.99437003247368,-1.44201260695722,-12.7142857142857));
#1132=CARTESIAN_POINT('',(2.66524006494738,-2.12545802677874,-12.7589285714286));
#1133=CARTESIAN_POINT('',(2.07216835647753,-2.59841693198247,-12.8035714285714));
#1134=CARTESIAN_POINT('',(1.47909664800768,-3.07137583718622,-12.8482142857143));
#1135=CARTESIAN_POINT('',(0.739548324003812,-3.24017291613629,-12.8928571428571));
#1136=CARTESIAN_POINT('',(3.17304699522437E-14,-3.40896999508633,-12.9375));
#1137=CARTESIAN_POINT('',(-0.739548324003752,-3.2401729161363,-12.9821428571428));
#1138=CARTESIAN_POINT('',(-1.47909664800763,-3.07137583718625,-13.0267857142857));
#1139=CARTESIAN_POINT('',(-2.07216835647748,-2.59841693198251,-13.0714285714286));
#1140=CARTESIAN_POINT('',(-2.66524006494735,-2.12545802677879,-13.1160714285714));
#1141=CARTESIAN_POINT('',(-2.99437003247369,-1.4420126069572,-13.1607142857143));
#1142=CARTESIAN_POINT('',(-3.3235,-0.758567187135683,-13.2053571428571));
#1143=CARTESIAN_POINT('',(-3.3235,-4.88495923721775E-14,-13.25));
#1144=CARTESIAN_POINT('',(-3.3235,0.758567187135679,-13.2946428571428));
#1145=CARTESIAN_POINT('',(-2.9943700324737,1.44201260695719,-13.3392857142857));
#1146=CARTESIAN_POINT('',(-2.66524006494741,2.12545802677871,-13.3839285714286));
#1147=CARTESIAN_POINT('',(-2.07216835647756,2.59841693198245,-13.4285714285714));
#1148=CARTESIAN_POINT('',(-1.47909664800763,3.07137583718624,-13.4732142857143));
#1149=CARTESIAN_POINT('',(-0.739548324003847,3.24017291613628,-13.5178571428571));
#1150=CARTESIAN_POINT('',(-6.8481231368022E-14,3.40896999508633,-13.5625));
#1151=CARTESIAN_POINT('',(0.739548324003809,3.24017291613629,-13.6071428571428));
#1152=CARTESIAN_POINT('',(1.47909664800759,3.07137583718626,-13.6517857142857));
#1153=CARTESIAN_POINT('',(2.07216835647745,2.59841693198253,-13.6964285714286));
#1154=CARTESIAN_POINT('',(2.66524006494738,2.12545802677874,-13.7410714285714));
#1155=CARTESIAN_POINT('',(2.99437003247368,1.44201260695723,-13.7857142857143));
#1156=CARTESIAN_POINT('',(3.32349999999999,0.758567187135718,-13.8303571428571));
#1157=CARTESIAN_POINT('',(3.3235,-9.78061582159316E-15,-13.875));
#1158=CARTESIAN_POINT('',(3.3235,-0.758567187135644,-13.9196428571429));
#1159=CARTESIAN_POINT('',(2.99437003247371,-1.44201260695716,-13.9642857142857));
#1160=CARTESIAN_POINT('',(2.66524006494737,-2.12545802677876,-14.0089285714286));
#1161=CARTESIAN_POINT('',(2.07216835647751,-2.59841693198249,-14.0535714285714));
#1162=CARTESIAN_POINT('',(1.47909664800766,-3.07137583718623,-14.0982142857143));
#1163=CARTESIAN_POINT('',(0.73954832400379,-3.2401729161363,-14.1428571428571));
#1164=CARTESIAN_POINT('',(8.34323812649068E-15,-3.40896999508633,-14.1875));
#1165=CARTESIAN_POINT('',(-0.739548324003774,-3.2401729161363,-14.2321428571428));
#1166=CARTESIAN_POINT('',(-1.47909664800756,-3.07137583718628,-14.2767857142857));
#1167=CARTESIAN_POINT('',(-2.0721683564775,-2.5984169319825,-14.3214285714286));
#1168=CARTESIAN_POINT('',(-2.66524006494736,-2.12545802677877,-14.3660714285714));
#1169=CARTESIAN_POINT('',(-2.99437003247366,-1.44201260695726,-14.4107142857143));
#1170=CARTESIAN_POINT('',(-3.3235,-0.75856718713566,-14.4553571428571));
#1171=CARTESIAN_POINT('',(-3.3235,-2.60487272765839E-14,-14.5));
#1172=CARTESIAN_POINT('',(-3.32350000000001,0.758567187135608,-14.5446428571429));
#1173=CARTESIAN_POINT('',(-2.99437003247369,1.44201260695721,-14.5892857142857));
#1174=CARTESIAN_POINT('',(-2.66524006494739,2.12545802677873,-14.6339285714286));
#1175=CARTESIAN_POINT('',(-2.07216835647754,2.59841693198247,-14.6785714285714));
#1176=CARTESIAN_POINT('',(-1.47909664800761,3.07137583718626,-14.7232142857143));
#1177=CARTESIAN_POINT('',(-0.739548324003825,3.24017291613629,-14.7678571428571));
#1178=CARTESIAN_POINT('',(-4.50939995422689E-14,3.40896999508633,-14.8125));
#1179=CARTESIAN_POINT('',(0.739548324003739,3.24017291613631,-14.8571428571429));
#1180=CARTESIAN_POINT('',(1.47909664800761,3.07137583718625,-14.9017857142857));
#1181=CARTESIAN_POINT('',(2.07216835647747,2.59841693198252,-14.9464285714286));
#1182=CARTESIAN_POINT('',(2.66524006494734,2.1254580267788,-14.9910714285714));
#1183=CARTESIAN_POINT('',(2.99437003247369,1.44201260695721,-15.0357142857143));
#1184=CARTESIAN_POINT('',(3.32349999999999,0.758567187135696,-15.0803571428571));
#1185=CARTESIAN_POINT('',(3.3235,6.18780703747609E-14,-15.125));
#1186=CARTESIAN_POINT('',(3.3235,-0.758567187135666,-15.1696428571429));
#1187=CARTESIAN_POINT('',(2.9943700324737,-1.44201260695718,-15.2142857142857));
#1188=CARTESIAN_POINT('',(2.66524006494742,-2.1254580267787,-15.2589285714286));
#1189=CARTESIAN_POINT('',(2.07216835647749,-2.5984169319825,-15.3035714285714));
#1190=CARTESIAN_POINT('',(1.47909664800764,-3.07137583718624,-15.3482142857143));
#1191=CARTESIAN_POINT('',(0.73954832400386,-3.24017291613628,-15.3928571428571));
#1192=CARTESIAN_POINT('',(-1.50439936992623E-14,-3.40896999508633,-15.4375));
#1193=CARTESIAN_POINT('',(-0.739548324003796,-3.24017291613629,-15.4821428571429));
#1194=CARTESIAN_POINT('',(-1.47909664800758,-3.07137583718627,-15.5267857142857));
#1195=CARTESIAN_POINT('',(-2.07216835647752,-2.59841693198248,-15.5714285714286));
#1196=CARTESIAN_POINT('',(-2.66524006494737,-2.12545802677875,-15.6160714285714));
#1197=CARTESIAN_POINT('',(-2.99437003247367,-1.44201260695724,-15.6607142857143));
#1198=CARTESIAN_POINT('',(-3.32349999999998,-0.758567187135732,-15.7053571428571));
#1199=CARTESIAN_POINT('',(-3.3235,-3.24786218099018E-15,-15.75));
#1200=CARTESIAN_POINT('',(-3.32350000000001,0.75856718713563,-15.7946428571429));
#1201=CARTESIAN_POINT('',(-2.99437003247372,1.44201260695715,-15.8392857142857));
#1202=CARTESIAN_POINT('',(-2.66524006494738,2.12545802677875,-15.8839285714286));
#1203=CARTESIAN_POINT('',(-2.07216835647752,2.59841693198248,-15.9285714285714));
#1204=CARTESIAN_POINT('',(-1.47909664800767,3.07137583718622,-15.9732142857143));
#1205=CARTESIAN_POINT('',(-0.739548324003803,3.24017291613629,-16.0178571428571));
#1206=CARTESIAN_POINT('',(-2.17067677165159E-14,3.40896999508633,-16.0625));
#1207=CARTESIAN_POINT('',(0.739548324003761,3.2401729161363,-16.1071428571429));
#1208=CARTESIAN_POINT('',(1.47909664800763,3.07137583718624,-16.1517857142857));
#1209=CARTESIAN_POINT('',(2.07216835647749,2.59841693198251,-16.1964285714286));
#1210=CARTESIAN_POINT('',(2.66524006494735,2.12545802677878,-16.2410714285714));
#1211=CARTESIAN_POINT('',(2.99437003247366,1.44201260695727,-16.2857142857143));
#1212=CARTESIAN_POINT('',(3.3235,0.758567187135673,-16.3303571428571));
#1213=CARTESIAN_POINT('',(3.3235,3.90772052791672E-14,-16.375));
#1214=CARTESIAN_POINT('',(3.32350000000002,-0.758567187135595,-16.4196428571429));
#1215=CARTESIAN_POINT('',(2.99437003247369,-1.4420126069572,-16.4642857142857));
#1216=CARTESIAN_POINT('',(2.6652400649474,-2.12545802677872,-16.5089285714286));
#1217=CARTESIAN_POINT('',(2.07216835647755,-2.59841693198246,-16.5535714285714));
#1218=CARTESIAN_POINT('',(1.47909664800762,-3.07137583718625,-16.5982142857143));
#1219=CARTESIAN_POINT('',(0.739548324003838,-3.24017291613628,-16.6428571428571));
#1220=CARTESIAN_POINT('',(5.84575291322942E-14,-3.40896999508633,-16.6875));
#1221=CARTESIAN_POINT('',(-0.739548324003819,-3.24017291613629,-16.7321428571429));
#1222=CARTESIAN_POINT('',(-1.4790966480076,-3.07137583718626,-16.7767857142857));
#1223=CARTESIAN_POINT('',(-2.07216835647746,-2.59841693198253,-16.8214285714286));
#1224=CARTESIAN_POINT('',(-2.66524006494739,-2.12545802677873,-16.8660714285714));
#1225=CARTESIAN_POINT('',(-2.99437003247368,-1.44201260695722,-16.9107142857143));
#1226=CARTESIAN_POINT('',(-3.32349999999999,-0.758567187135709,-16.9553571428571));
#1227=CARTESIAN_POINT('',(-3.3235,1.95530029146035E-14,-17.));
#1228=CARTESIAN_POINT('',(-3.3235,0.758567187135653,-17.0446428571429));
#1229=CARTESIAN_POINT('',(-2.99437003247371,1.44201260695717,-17.0892857142857));
#1230=CARTESIAN_POINT('',(-2.66524006494742,2.12545802677869,-17.1339285714286));
#1231=CARTESIAN_POINT('',(-2.0721683564775,2.59841693198249,-17.1785714285714));
#1232=CARTESIAN_POINT('',(-1.47909664800765,3.07137583718623,-17.2232142857143));
#1233=CARTESIAN_POINT('',(-0.739548324003873,3.24017291613628,-17.2678571428571));
#1234=CARTESIAN_POINT('',(1.68046410923708E-15,3.40896999508633,-17.3125));
#1235=CARTESIAN_POINT('',(0.739548324003784,3.2401729161363,-17.3571428571429));
#1236=CARTESIAN_POINT('',(1.47909664800757,3.07137583718627,-17.4017857142857));
#1237=CARTESIAN_POINT('',(2.07216835647751,2.59841693198249,-17.4464285714286));
#1238=CARTESIAN_POINT('',(2.66524006494737,2.12545802677876,-17.4910714285714));
#1239=CARTESIAN_POINT('',(2.99437003247367,1.44201260695725,-17.5357142857143));
#1240=CARTESIAN_POINT('',(3.3235,0.75856718713565,-17.5803571428571));
#1241=CARTESIAN_POINT('',(3.3235,1.62763401835735E-14,-17.625));
#1242=CARTESIAN_POINT('',(3.32350000000001,-0.758567187135617,-17.6696428571429));
#1243=CARTESIAN_POINT('',(2.99437003247372,-1.44201260695714,-17.7142857142857));
#1244=CARTESIAN_POINT('',(2.66524006494739,-2.12545802677874,-17.7589285714286));
#1245=CARTESIAN_POINT('',(2.07216835647753,-2.59841693198247,-17.8035714285714));
#1246=CARTESIAN_POINT('',(1.47909664800769,-3.07137583718622,-17.8482142857143));
#1247=CARTESIAN_POINT('',(0.739548324003815,-3.24017291613629,-17.8928571428571));
#1248=CARTESIAN_POINT('',(3.50702973065412E-14,-3.40896999508633,-17.9375));
#1249=CARTESIAN_POINT('',(-0.739548324003749,-3.2401729161363,-17.9821428571429));
#1250=CARTESIAN_POINT('',(-1.47909664800762,-3.07137583718625,-18.0267857142857));
#1251=CARTESIAN_POINT('',(-2.07216835647748,-2.59841693198251,-18.0714285714286));
#1252=CARTESIAN_POINT('',(-2.66524006494734,-2.12545802677879,-18.1160714285714));
#1253=CARTESIAN_POINT('',(-2.99437003247369,-1.4420126069572,-18.1607142857143));
#1254=CARTESIAN_POINT('',(-3.32349999999999,-0.758567187135686,-18.2053571428571));
#1255=CARTESIAN_POINT('',(-3.3235,-5.21056832817505E-14,-18.25));
#1256=CARTESIAN_POINT('',(-3.3235,0.758567187135676,-18.2946428571429));
#1257=CARTESIAN_POINT('',(-2.9943700324737,1.44201260695719,-18.3392857142857));
#1258=CARTESIAN_POINT('',(-2.66524006494741,2.12545802677871,-18.3839285714286));
#1259=CARTESIAN_POINT('',(-2.07216835647749,2.59841693198251,-18.4285714285714));
#1260=CARTESIAN_POINT('',(-1.47909664800763,3.07137583718624,-18.4732142857143));
#1261=CARTESIAN_POINT('',(-0.73954832400385,3.24017291613628,-18.5178571428571));
#1262=CARTESIAN_POINT('',(-7.18210587223194E-14,3.40896999508633,-18.5625));
#1263=CARTESIAN_POINT('',(0.739548324003806,3.24017291613629,-18.6071428571429));
#1264=CARTESIAN_POINT('',(1.47909664800759,3.07137583718626,-18.6517857142857));
#1265=CARTESIAN_POINT('',(2.07216835647745,2.59841693198254,-18.6964285714286));
#1266=CARTESIAN_POINT('',(2.66524006494738,2.12545802677874,-18.7410714285714));
#1267=CARTESIAN_POINT('',(2.99437003247368,1.44201260695723,-18.7857142857143));
#1268=CARTESIAN_POINT('',(3.32349999999999,0.758567187135722,-18.8303571428571));
#1269=CARTESIAN_POINT('',(3.3235,-6.52452491202017E-15,-18.875));
#1270=CARTESIAN_POINT('',(3.32350000000001,-0.75856718713564,-18.9196428571429));
#1271=CARTESIAN_POINT('',(2.99437003247371,-1.44201260695716,-18.9642857142857));
#1272=CARTESIAN_POINT('',(2.66524006494737,-2.12545802677876,-19.0089285714286));
#1273=CARTESIAN_POINT('',(2.07216835647751,-2.59841693198249,-19.0535714285714));
#1274=CARTESIAN_POINT('',(1.47909664800767,-3.07137583718623,-19.0982142857143));
#1275=CARTESIAN_POINT('',(0.739548324003885,-3.24017291613627,-19.1428571428571));
#1276=CARTESIAN_POINT('',(1.16830654807882E-14,-3.40896999508633,-19.1875));
#1277=CARTESIAN_POINT('',(-0.739548324003771,-3.2401729161363,-19.2321428571429));
#1278=CARTESIAN_POINT('',(-1.47909664800756,-3.07137583718628,-19.2767857142857));
#1279=CARTESIAN_POINT('',(-2.0721683564775,-2.5984169319825,-19.3214285714286));
#1280=CARTESIAN_POINT('',(-2.66524006494736,-2.12545802677877,-19.3660714285714));
#1281=CARTESIAN_POINT('',(-2.99437003247366,-1.44201260695726,-19.4107142857143));
#1282=CARTESIAN_POINT('',(-3.3235,-0.758567187135663,-19.4553571428571));
#1283=CARTESIAN_POINT('',(-3.3235,-2.93048181861568E-14,-19.5));
#1284=CARTESIAN_POINT('',(-3.32350000000001,0.758567187135604,-19.5446428571429));
#1285=CARTESIAN_POINT('',(-2.99437003247369,1.44201260695721,-19.5892857142857));
#1286=CARTESIAN_POINT('',(-2.6652400649474,2.12545802677873,-19.6339285714286));
#1287=CARTESIAN_POINT('',(-2.07216835647754,2.59841693198246,-19.6785714285714));
#1288=CARTESIAN_POINT('',(-1.47909664800761,3.07137583718625,-19.7232142857143));
#1289=CARTESIAN_POINT('',(-0.739548324003828,3.24017291613629,-19.7678571428571));
#1290=CARTESIAN_POINT('',(-4.84338268965664E-14,3.40896999508633,-19.8125));
#1291=CARTESIAN_POINT('',(0.739548324003828,3.24017291613629,-19.8571428571429));
#1292=CARTESIAN_POINT('',(1.47909664800761,3.07137583718625,-19.9017857142857));
#1293=CARTESIAN_POINT('',(2.07216835647747,2.59841693198252,-19.9464285714286));
#1294=CARTESIAN_POINT('',(2.66524006494733,2.1254580267788,-19.9910714285714));
#1295=CARTESIAN_POINT('',(2.99437003247369,1.44201260695721,-20.0357142857143));
#1296=CARTESIAN_POINT('',(3.32349999999999,0.758567187135699,-20.0803571428571));
#1297=CARTESIAN_POINT('',(3.3235,6.51341612843339E-14,-20.125));
#1298=CARTESIAN_POINT('',(3.3235,-0.758567187135663,-20.1696428571429));
#1299=CARTESIAN_POINT('',(2.9943700324737,-1.44201260695718,-20.2142857142857));
#1300=CARTESIAN_POINT('',(2.66524006494742,-2.1254580267787,-20.2589285714286));
#1301=CARTESIAN_POINT('',(2.0721683564775,-2.5984169319825,-20.3035714285714));
#1302=CARTESIAN_POINT('',(1.47909664800764,-3.07137583718624,-20.3482142857143));
#1303=CARTESIAN_POINT('',(0.739548324003863,-3.24017291613628,-20.3928571428571));
#1304=CARTESIAN_POINT('',(-1.17041663449649E-14,-3.40896999508633,-20.4375));
#1305=CARTESIAN_POINT('',(-0.739548324003793,-3.24017291613629,-20.4821428571429));
#1306=CARTESIAN_POINT('',(-1.47909664800758,-3.07137583718627,-20.5267857142857));
#1307=CARTESIAN_POINT('',(-2.07216835647744,-2.59841693198255,-20.5714285714286));
#1308=CARTESIAN_POINT('',(-2.66524006494737,-2.12545802677876,-20.6160714285714));
#1309=CARTESIAN_POINT('',(-2.99437003247367,-1.44201260695724,-20.6607142857143));
#1310=CARTESIAN_POINT('',(-3.32349999999998,-0.758567187135735,-20.7053571428571));
#1311=CARTESIAN_POINT('',(-3.3235,-6.50395309056316E-15,-20.75));
#1312=CARTESIAN_POINT('',(-3.32350000000001,0.758567187135627,-20.7946428571428));
#1313=CARTESIAN_POINT('',(-2.99437003247372,1.44201260695715,-20.8392857142857));
#1314=CARTESIAN_POINT('',(-2.66524006494738,2.12545802677874,-20.8839285714286));
#1315=CARTESIAN_POINT('',(-2.07216835647752,2.59841693198248,-20.9285714285714));
#1316=CARTESIAN_POINT('',(-1.47909664800768,3.07137583718622,-20.9732142857143));
#1317=CARTESIAN_POINT('',(-0.739548324003806,3.24017291613629,-21.0178571428571));
#1318=CARTESIAN_POINT('',(-2.50465950708134E-14,3.40896999508633,-21.0625));
#1319=CARTESIAN_POINT('',(0.739548324003758,3.2401729161363,-21.1071428571428));
#1320=CARTESIAN_POINT('',(1.47909664800763,3.07137583718624,-21.1517857142857));
#1321=CARTESIAN_POINT('',(2.07216835647749,2.59841693198251,-21.1964285714286));
#1322=CARTESIAN_POINT('',(2.66524006494735,2.12545802677878,-21.2410714285714));
#1323=CARTESIAN_POINT('',(2.9943700324737,1.44201260695719,-21.2857142857143));
#1324=CARTESIAN_POINT('',(3.3235,0.758567187135676,-21.3303571428571));
#1325=CARTESIAN_POINT('',(3.3235,4.23332961887402E-14,-21.375));
#1326=CARTESIAN_POINT('',(3.32350000000002,-0.758567187135591,-21.4196428571429));
#1327=CARTESIAN_POINT('',(2.99437003247369,-1.4420126069572,-21.4642857142857));
#1328=CARTESIAN_POINT('',(2.6652400649474,-2.12545802677872,-21.5089285714286));
#1329=CARTESIAN_POINT('',(2.07216835647755,-2.59841693198246,-21.5535714285714));
#1330=CARTESIAN_POINT('',(1.47909664800762,-3.07137583718625,-21.5982142857143));
#1331=CARTESIAN_POINT('',(0.739548324003841,-3.24017291613628,-21.6428571428571));
#1332=CARTESIAN_POINT('',(6.17973564865917E-14,-3.40896999508633,-21.6875));
#1333=CARTESIAN_POINT('',(-0.739548324003816,-3.24017291613629,-21.7321428571429));
#1334=CARTESIAN_POINT('',(-1.4790966480076,-3.07137583718626,-21.7767857142857));
#1335=CARTESIAN_POINT('',(-2.07216835647746,-2.59841693198253,-21.8214285714286));
#1336=CARTESIAN_POINT('',(-2.66524006494739,-2.12545802677874,-21.8660714285714));
#1337=CARTESIAN_POINT('',(-2.99437003247368,-1.44201260695722,-21.9107142857143));
#1338=CARTESIAN_POINT('',(-3.32349999999999,-0.758567187135712,-21.9553571428571));
#1339=CARTESIAN_POINT('',(-3.3235,-7.81626392869172E-14,-22.));
#1340=CARTESIAN_POINT('',(-3.3235,0.75856718713565,-22.0446428571429));
#1341=CARTESIAN_POINT('',(-2.99437003247371,1.44201260695717,-22.0892857142857));
#1342=CARTESIAN_POINT('',(-2.66524006494743,2.12545802677869,-22.1339285714286));
#1343=CARTESIAN_POINT('',(-2.07216835647751,2.59841693198249,-22.1785714285714));
#1344=CARTESIAN_POINT('',(-1.47909664800766,3.07137583718623,-22.2232142857143));
#1345=CARTESIAN_POINT('',(-0.739548324003876,3.24017291613628,-22.2678571428571));
#1346=CARTESIAN_POINT('',(-1.65936324506039E-15,3.40896999508633,-22.3125));
#1347=CARTESIAN_POINT('',(0.739548324003781,3.2401729161363,-22.3571428571429));
#1348=CARTESIAN_POINT('',(1.47909664800757,3.07137583718628,-22.4017857142857));
#1349=CARTESIAN_POINT('',(2.0721683564775,2.59841693198249,-22.4464285714286));
#1350=CARTESIAN_POINT('',(2.66524006494736,2.12545802677877,-22.4910714285714));
#1351=CARTESIAN_POINT('',(2.99437003247367,1.44201260695725,-22.5357142857143));
#1352=CARTESIAN_POINT('',(3.3235,0.758567187135653,-22.5803571428571));
#1353=CARTESIAN_POINT('',(3.3235,1.95324310931465E-14,-22.625));
#1354=CARTESIAN_POINT('',(3.32350000000001,-0.758567187135614,-22.6696428571429));
#1355=CARTESIAN_POINT('',(2.99437003247368,-1.44201260695722,-22.7142857142857));
#1356=CARTESIAN_POINT('',(2.66524006494739,-2.12545802677873,-22.7589285714286));
#1357=CARTESIAN_POINT('',(2.07216835647753,-2.59841693198247,-22.8035714285714));
#1358=CARTESIAN_POINT('',(1.47909664800769,-3.07137583718622,-22.8482142857143));
#1359=CARTESIAN_POINT('',(0.739548324003819,-3.24017291613629,-22.8928571428571));
#1360=CARTESIAN_POINT('',(3.84101246608387E-14,-3.40896999508633,-22.9375));
#1361=CARTESIAN_POINT('',(-0.739548324003746,-3.24017291613631,-22.9821428571429));
#1362=CARTESIAN_POINT('',(-1.47909664800762,-3.07137583718625,-23.0267857142857));
#1363=CARTESIAN_POINT('',(-2.07216835647748,-2.59841693198252,-23.0714285714286));
#1364=CARTESIAN_POINT('',(-2.66524006494734,-2.12545802677879,-23.1160714285714));
#1365=CARTESIAN_POINT('',(-2.99437003247369,-1.4420126069572,-23.1607142857143));
#1366=CARTESIAN_POINT('',(-3.32349999999999,-0.758567187135689,-23.2053571428571));
#1367=CARTESIAN_POINT('',(-3.3235,-5.53617741913235E-14,-23.25));
#1368=CARTESIAN_POINT('',(-3.3235,0.758567187135673,-23.2946428571429));
#1369=CARTESIAN_POINT('',(-2.9943700324737,1.44201260695719,-23.3392857142857));
#1370=CARTESIAN_POINT('',(-2.66524006494741,2.12545802677871,-23.3839285714286));
#1371=CARTESIAN_POINT('',(-2.07216835647756,2.59841693198245,-23.4285714285714));
#1372=CARTESIAN_POINT('',(-1.47909664800763,3.07137583718624,-23.4732142857143));
#1373=CARTESIAN_POINT('',(-0.739548324003854,3.24017291613628,-23.5178571428571));
#1374=CARTESIAN_POINT('',(-7.51608860766169E-14,3.40896999508633,-23.5625));
#1375=CARTESIAN_POINT('',(0.739548324003803,3.24017291613629,-23.6071428571429));
#1376=CARTESIAN_POINT('',(1.47909664800759,3.07137583718627,-23.6517857142857));
#1377=CARTESIAN_POINT('',(2.07216835647745,2.59841693198254,-23.6964285714286));
#1378=CARTESIAN_POINT('',(2.66524006494738,2.12545802677875,-23.7410714285714));
#1379=CARTESIAN_POINT('',(2.99437003247368,1.44201260695723,-23.7857142857143));
#1380=CARTESIAN_POINT('',(3.32349999999999,0.758567187135725,-23.8303571428571));
#1381=CARTESIAN_POINT('',(3.3235,-3.26843400244719E-15,-23.875));
#1382=CARTESIAN_POINT('',(3.32350000000001,-0.758567187135637,-23.9196428571429));
#1383=CARTESIAN_POINT('',(2.99437003247371,-1.44201260695715,-23.9642857142857));
#1384=CARTESIAN_POINT('',(2.66524006494737,-2.12545802677875,-24.0089285714286));
#1385=CARTESIAN_POINT('',(2.07216835647752,-2.59841693198248,-24.0535714285714));
#1386=CARTESIAN_POINT('',(1.47909664800767,-3.07137583718623,-24.0982142857143));
#1387=CARTESIAN_POINT('',(0.739548324003796,-3.24017291613629,-24.1428571428571));
#1388=CARTESIAN_POINT('',(1.50228928350856E-14,-3.40896999508633,-24.1875));
#1389=CARTESIAN_POINT('',(-0.739548324003768,-3.2401729161363,-24.2321428571429));
#1390=CARTESIAN_POINT('',(-1.47909664800755,-3.07137583718628,-24.2767857142857));
#1391=CARTESIAN_POINT('',(-2.07216835647749,-2.5984169319825,-24.3214285714286));
#1392=CARTESIAN_POINT('',(-2.66524006494736,-2.12545802677878,-24.3660714285714));
#1393=CARTESIAN_POINT('',(-2.99437003247366,-1.44201260695727,-24.4107142857143));
#1394=CARTESIAN_POINT('',(-3.3235,-0.758567187135666,-24.4553571428571));
#1395=CARTESIAN_POINT('',(-3.3235,-3.25609090957298E-14,-24.5));
#1396=CARTESIAN_POINT('',(-3.32350000000001,0.758567187135601,-24.5446428571429));
#1397=CARTESIAN_POINT('',(-2.99437003247369,1.44201260695721,-24.5892857142857));
#1398=CARTESIAN_POINT('',(-2.6652400649474,2.12545802677872,-24.6339285714286));
#1399=CARTESIAN_POINT('',(-2.07216835647755,2.59841693198246,-24.6785714285714));
#1400=CARTESIAN_POINT('',(-1.47909664800761,3.07137583718625,-24.7232142857143));
#1401=CARTESIAN_POINT('',(-0.739548324003831,3.24017291613629,-24.7678571428571));
#1402=CARTESIAN_POINT('',(-5.17736542508639E-14,3.40896999508633,-24.8125));
#1403=CARTESIAN_POINT('',(0.739548324003733,3.24017291613631,-24.8571428571429));
#1404=CARTESIAN_POINT('',(1.47909664800761,3.07137583718626,-24.9017857142857));
#1405=CARTESIAN_POINT('',(2.07216835647747,2.59841693198253,-24.9464285714286));
#1406=CARTESIAN_POINT('',(2.66524006494733,2.12545802677881,-24.9910714285714));
#1407=CARTESIAN_POINT('',(2.99437003247369,1.44201260695721,-25.0357142857143));
#1408=CARTESIAN_POINT('',(3.32349999999999,0.758567187135702,-25.0803571428571));
#1409=CARTESIAN_POINT('',(3.3235,6.83902521939068E-14,-25.125));
#1410=CARTESIAN_POINT('',(3.3235,-0.75856718713566,-25.1696428571429));
#1411=CARTESIAN_POINT('',(2.9943700324737,-1.44201260695717,-25.2142857142857));
#1412=CARTESIAN_POINT('',(2.66524006494742,-2.1254580267787,-25.2589285714286));
#1413=CARTESIAN_POINT('',(2.0721683564775,-2.5984169319825,-25.3035714285714));
#1414=CARTESIAN_POINT('',(1.47909664800765,-3.07137583718624,-25.3482142857143));
#1415=CARTESIAN_POINT('',(0.739548324003866,-3.24017291613628,-25.3928571428571));
#1416=CARTESIAN_POINT('',(8.85244156666422E-14,-3.40896999508633,-25.4375));
#1417=CARTESIAN_POINT('',(-0.739548324003698,-3.24017291613632,-25.4821428571429));
#1418=CARTESIAN_POINT('',(-1.47909664800766,-3.07137583718623,-25.5267857142857));
#1419=CARTESIAN_POINT('',(-2.07216835647751,-2.59841693198249,-25.5714285714286));
#1420=CARTESIAN_POINT('',(-2.66524006494737,-2.12545802677876,-25.6160714285714));
#1421=CARTESIAN_POINT('',(-2.99437003247367,-1.44201260695724,-25.6607142857143));
#1422=CARTESIAN_POINT('',(-3.32349999999998,-0.758567187135738,-25.7053571428571));
#1423=CARTESIAN_POINT('',(-3.3235,-1.04219595292084E-13,-25.75));
#1424=CARTESIAN_POINT('',(-3.32349999999999,0.758567187135718,-25.7946428571429));
#1425=CARTESIAN_POINT('',(-2.99437003247368,1.44201260695723,-25.8392857142857));
#1426=CARTESIAN_POINT('',(-2.66524006494738,2.12545802677874,-25.8839285714286));
#1427=CARTESIAN_POINT('',(-2.07216835647753,2.59841693198248,-25.9285714285714));
#1428=CARTESIAN_POINT('',(-1.47909664800768,3.07137583718622,-25.9732142857143));
#1429=CARTESIAN_POINT('',(-0.739548324003901,3.24017291613627,-26.0178571428571));
#1430=CARTESIAN_POINT('',(-1.2527517708242E-13,3.40896999508633,-26.0625));
#1431=CARTESIAN_POINT('',(0.739548324003847,3.24017291613628,-26.1071428571429));
#1432=CARTESIAN_POINT('',(1.47909664800763,3.07137583718624,-26.1517857142857));
#1433=CARTESIAN_POINT('',(2.07216835647748,2.59841693198251,-26.1964285714286));
#1434=CARTESIAN_POINT('',(2.66524006494735,2.12545802677879,-26.2410714285714));
#1435=CARTESIAN_POINT('',(2.99437003247365,1.44201260695728,-26.2857142857143));
#1436=CARTESIAN_POINT('',(3.32349999999997,0.758567187135774,-26.3303571428571));
#1437=CARTESIAN_POINT('',(3.3235,-4.88701641936346E-14,-26.375));
#1438=CARTESIAN_POINT('',(3.3235,-0.758567187135683,-26.4196428571429));
#1439=CARTESIAN_POINT('',(2.99437003247369,-1.4420126069572,-26.4642857142857));
#1440=CARTESIAN_POINT('',(2.66524006494741,-2.12545802677871,-26.5089285714286));
#1441=CARTESIAN_POINT('',(2.07216835647756,-2.59841693198245,-26.5535714285714));
#1442=CARTESIAN_POINT('',(1.47909664800771,-3.0713758371862,-26.5982142857143));
#1443=CARTESIAN_POINT('',(0.739548324003936,-3.24017291613626,-26.6428571428571));
#1444=CARTESIAN_POINT('',(-3.17515708164204E-14,-3.40896999508633,-26.6875));
#1445=CARTESIAN_POINT('',(-0.739548324003812,-3.24017291613629,-26.7321428571429));
#1446=CARTESIAN_POINT('',(-1.4790966480076,-3.07137583718626,-26.7767857142857));
#1447=CARTESIAN_POINT('',(-2.07216835647746,-2.59841693198253,-26.8214285714286));
#1448=CARTESIAN_POINT('',(-2.66524006494732,-2.12545802677882,-26.8660714285714));
#1449=CARTESIAN_POINT('',(-2.99437003247364,-1.44201260695731,-26.9107142857143));
#1450=CARTESIAN_POINT('',(-3.32350000000001,-0.758567187135621,-26.9553571428571));
#1451=CARTESIAN_POINT('',(-3.3235,1.30408210954575E-14,-27.));
#1452=CARTESIAN_POINT('',(-3.3235,0.758567187135647,-27.0446428571429));
#1453=CARTESIAN_POINT('',(-2.99437003247371,1.44201260695716,-27.0892857142857));
#1454=CARTESIAN_POINT('',(-2.66524006494743,2.12545802677869,-27.1339285714286));
#1455=CARTESIAN_POINT('',(-2.07216835647758,2.59841693198243,-27.1785714285714));
#1456=CARTESIAN_POINT('',(-1.47909664800757,3.07137583718627,-27.2232142857143));
#1457=CARTESIAN_POINT('',(-0.739548324003787,3.2401729161363,-27.2678571428571));
#1458=CARTESIAN_POINT('',(-4.99919059935787E-15,3.40896999508633,-27.3125));
#1459=CARTESIAN_POINT('',(0.739548324003777,3.2401729161363,-27.3571428571429));
#1460=CARTESIAN_POINT('',(1.47909664800756,3.07137583718628,-27.4017857142857));
#1461=CARTESIAN_POINT('',(2.07216835647743,2.59841693198256,-27.4464285714286));
#1462=CARTESIAN_POINT('',(2.6652400649473,2.12545802677884,-27.4910714285714));
#1463=CARTESIAN_POINT('',(2.99437003247371,1.44201260695717,-27.5357142857143));
#1464=CARTESIAN_POINT('',(3.3235,0.758567187135657,-27.5803571428571));
#1465=CARTESIAN_POINT('',(3.3235,2.27885220027195E-14,-27.625));
#1466=CARTESIAN_POINT('',(3.32350000000001,-0.758567187135611,-27.6696428571429));
#1467=CARTESIAN_POINT('',(2.99437003247373,-1.44201260695713,-27.7142857142857));
#1468=CARTESIAN_POINT('',(2.66524006494745,-2.12545802677866,-27.7589285714286));
#1469=CARTESIAN_POINT('',(2.07216835647746,-2.59841693198253,-27.8035714285714));
#1470=CARTESIAN_POINT('',(1.4790966480076,-3.07137583718626,-27.8482142857143));
#1471=CARTESIAN_POINT('',(0.739548324003822,-3.24017291613629,-27.8928571428571));
#1472=CARTESIAN_POINT('',(4.17499520151361E-14,-3.40896999508633,-27.9375));
#1473=CARTESIAN_POINT('',(-0.739548324003742,-3.24017291613631,-27.9821428571429));
#1474=CARTESIAN_POINT('',(-1.47909664800753,-3.07137583718629,-28.0267857142857));
#1475=CARTESIAN_POINT('',(-2.07216835647755,-2.59841693198246,-28.0714285714286));
#1476=CARTESIAN_POINT('',(-2.6652400649474,-2.12545802677872,-28.1160714285714));
#1477=CARTESIAN_POINT('',(-2.99437003247369,-1.4420126069572,-28.1607142857143));
#1478=CARTESIAN_POINT('',(-3.32349999999999,-0.758567187135692,-28.2053571428571));
#1479=CARTESIAN_POINT('',(-3.3235,-5.86178651008965E-14,-28.25));
#1480=CARTESIAN_POINT('',(-3.3235,0.,25.5));
#1481=CARTESIAN_POINT('',(0.,0.,25.5));
#1482=CARTESIAN_POINT('',(-1.34775366585981E-14,-3.3235,25.5));
#1483=CARTESIAN_POINT('',(-3.3235,0.,26.4375));
#1484=CARTESIAN_POINT('',(-3.3235,0.758567187135663,26.3928571428571));
#1485=CARTESIAN_POINT('',(-2.99437003247369,1.4420126069572,26.3482142857143));
#1486=CARTESIAN_POINT('',(-2.66524006494738,2.12545802677875,26.3035714285714));
#1487=CARTESIAN_POINT('',(-2.0721683564775,2.5984169319825,26.2589285714286));
#1488=CARTESIAN_POINT('',(-1.47909664800762,3.07137583718625,26.2142857142857));
#1489=CARTESIAN_POINT('',(-0.739548324003811,3.24017291613629,26.1696428571429));
#1490=CARTESIAN_POINT('',(-2.08739209643592E-16,3.40896999508633,26.125));
#1491=CARTESIAN_POINT('',(0.739548324003811,3.24017291613629,26.0803571428571));
#1492=CARTESIAN_POINT('',(1.47909664800762,3.07137583718625,26.0357142857143));
#1493=CARTESIAN_POINT('',(2.0721683564775,2.5984169319825,25.9910714285714));
#1494=CARTESIAN_POINT('',(2.66524006494738,2.12545802677875,25.9464285714286));
#1495=CARTESIAN_POINT('',(2.99437003247369,1.4420126069572,25.9017857142857));
#1496=CARTESIAN_POINT('',(3.3235,0.758567187135664,25.8571428571429));
#1497=CARTESIAN_POINT('',(3.3235,4.07011363696623E-16,25.8125));
#1498=CARTESIAN_POINT('',(3.3235,-0.758567187135663,25.7678571428571));
#1499=CARTESIAN_POINT('',(2.99437003247369,-1.4420126069572,25.7232142857143));
#1500=CARTESIAN_POINT('',(2.66524006494738,-2.12545802677874,25.6785714285714));
#1501=CARTESIAN_POINT('',(2.0721683564775,-2.5984169319825,25.6339285714286));
#1502=CARTESIAN_POINT('',(1.47909664800762,-3.07137583718625,25.5892857142857));
#1503=CARTESIAN_POINT('',(0.739548324003812,-3.24017291613629,25.5446428571429));
#1504=CARTESIAN_POINT('',(6.26217628930777E-16,-3.40896999508633,25.5));
#1505=CARTESIAN_POINT('',(-0.73954832400381,-3.24017291613629,25.4553571428571));
#1506=CARTESIAN_POINT('',(-1.47909664800762,-3.07137583718625,25.4107142857143));
#1507=CARTESIAN_POINT('',(-2.0721683564775,-2.5984169319825,25.3660714285714));
#1508=CARTESIAN_POINT('',(-2.66524006494738,-2.12545802677875,25.3214285714286));
#1509=CARTESIAN_POINT('',(-2.99437003247369,-1.44201260695721,25.2767857142857));
#1510=CARTESIAN_POINT('',(-3.3235,-0.758567187135664,25.2321428571429));
#1511=CARTESIAN_POINT('',(-3.3235,-8.14022727393246E-16,25.1875));
#1512=CARTESIAN_POINT('',(-3.3235,0.758567187135663,25.1428571428571));
#1513=CARTESIAN_POINT('',(-2.99437003247369,1.4420126069572,25.0982142857143));
#1514=CARTESIAN_POINT('',(-2.66524006494738,2.12545802677874,25.0535714285714));
#1515=CARTESIAN_POINT('',(-2.0721683564775,2.5984169319825,25.0089285714286));
#1516=CARTESIAN_POINT('',(-1.47909664800762,3.07137583718625,24.9642857142857));
#1517=CARTESIAN_POINT('',(-0.739548324003812,3.24017291613629,24.9196428571429));
#1518=CARTESIAN_POINT('',(-1.04369604821796E-15,3.40896999508633,24.875));
#1519=CARTESIAN_POINT('',(0.73954832400381,3.24017291613629,24.8303571428571));
#1520=CARTESIAN_POINT('',(1.47909664800762,3.07137583718625,24.7857142857143));
#1521=CARTESIAN_POINT('',(2.0721683564775,2.5984169319825,24.7410714285714));
#1522=CARTESIAN_POINT('',(2.66524006494738,2.12545802677875,24.6964285714286));
#1523=CARTESIAN_POINT('',(2.99437003247369,1.44201260695721,24.6517857142857));
#1524=CARTESIAN_POINT('',(3.3235,0.758567187135665,24.6071428571429));
#1525=CARTESIAN_POINT('',(3.3235,1.22103409108987E-15,24.5625));
#1526=CARTESIAN_POINT('',(3.3235,-0.758567187135662,24.5178571428571));
#1527=CARTESIAN_POINT('',(2.99437003247369,-1.4420126069572,24.4732142857143));
#1528=CARTESIAN_POINT('',(2.66524006494738,-2.12545802677874,24.4285714285714));
#1529=CARTESIAN_POINT('',(2.0721683564775,-2.5984169319825,24.3839285714286));
#1530=CARTESIAN_POINT('',(1.47909664800762,-3.07137583718625,24.3392857142857));
#1531=CARTESIAN_POINT('',(0.739548324003812,-3.24017291613629,24.2946428571429));
#1532=CARTESIAN_POINT('',(1.46117446750515E-15,-3.40896999508633,24.25));
#1533=CARTESIAN_POINT('',(-0.739548324003809,-3.24017291613629,24.2053571428571));
#1534=CARTESIAN_POINT('',(-1.47909664800762,-3.07137583718625,24.1607142857143));
#1535=CARTESIAN_POINT('',(-2.0721683564775,-2.5984169319825,24.1160714285714));
#1536=CARTESIAN_POINT('',(-2.66524006494738,-2.12545802677875,24.0714285714286));
#1537=CARTESIAN_POINT('',(-2.99437003247369,-1.44201260695721,24.0267857142857));
#1538=CARTESIAN_POINT('',(-3.3235,-0.758567187135665,23.9821428571429));
#1539=CARTESIAN_POINT('',(-3.3235,-1.62804545478649E-15,23.9375));
#1540=CARTESIAN_POINT('',(-3.3235,0.758567187135662,23.8928571428571));
#1541=CARTESIAN_POINT('',(-2.99437003247369,1.4420126069572,23.8482142857143));
#1542=CARTESIAN_POINT('',(-2.66524006494738,2.12545802677874,23.8035714285714));
#1543=CARTESIAN_POINT('',(-2.0721683564775,2.5984169319825,23.7589285714286));
#1544=CARTESIAN_POINT('',(-1.47909664800762,3.07137583718625,23.7142857142857));
#1545=CARTESIAN_POINT('',(-0.739548324003813,3.24017291613629,23.6696428571429));
#1546=CARTESIAN_POINT('',(-1.87865288679233E-15,3.40896999508633,23.625));
#1547=CARTESIAN_POINT('',(0.739548324003809,3.24017291613629,23.5803571428571));
#1548=CARTESIAN_POINT('',(1.47909664800762,3.07137583718625,23.5357142857143));
#1549=CARTESIAN_POINT('',(2.0721683564775,2.5984169319825,23.4910714285714));
#1550=CARTESIAN_POINT('',(2.66524006494738,2.12545802677875,23.4464285714286));
#1551=CARTESIAN_POINT('',(2.99437003247369,1.44201260695721,23.4017857142857));
#1552=CARTESIAN_POINT('',(3.3235,0.758567187135665,23.3571428571429));
#1553=CARTESIAN_POINT('',(3.3235,2.03505681848311E-15,23.3125));
#1554=CARTESIAN_POINT('',(3.3235,-0.758567187135661,23.2678571428571));
#1555=CARTESIAN_POINT('',(2.99437003247369,-1.4420126069572,23.2232142857143));
#1556=CARTESIAN_POINT('',(2.66524006494739,-2.12545802677874,23.1785714285714));
#1557=CARTESIAN_POINT('',(2.0721683564775,-2.5984169319825,23.1339285714286));
#1558=CARTESIAN_POINT('',(1.47909664800762,-3.07137583718625,23.0892857142857));
#1559=CARTESIAN_POINT('',(0.739548324003813,-3.24017291613629,23.0446428571429));
#1560=CARTESIAN_POINT('',(8.35167847216136E-15,-3.40896999508633,23.));
#1561=CARTESIAN_POINT('',(-0.739548324003809,-3.24017291613629,22.9553571428571));
#1562=CARTESIAN_POINT('',(-1.47909664800763,-3.07137583718625,22.9107142857143));
#1563=CARTESIAN_POINT('',(-2.0721683564775,-2.5984169319825,22.8660714285714));
#1564=CARTESIAN_POINT('',(-2.66524006494737,-2.12545802677875,22.8214285714286));
#1565=CARTESIAN_POINT('',(-2.99437003247369,-1.44201260695721,22.7767857142857));
#1566=CARTESIAN_POINT('',(-3.3235,-0.75856718713566,22.7321428571429));
#1567=CARTESIAN_POINT('',(-3.3235,-2.44206818217974E-15,22.6875));
#1568=CARTESIAN_POINT('',(-3.3235,0.758567187135655,22.6428571428571));
#1569=CARTESIAN_POINT('',(-2.99437003247369,1.4420126069572,22.5982142857143));
#1570=CARTESIAN_POINT('',(-2.66524006494738,2.12545802677875,22.5535714285714));
#1571=CARTESIAN_POINT('',(-2.0721683564775,2.5984169319825,22.5089285714286));
#1572=CARTESIAN_POINT('',(-1.47909664800763,3.07137583718624,22.4642857142857));
#1573=CARTESIAN_POINT('',(-0.739548324003814,3.24017291613629,22.4196428571429));
#1574=CARTESIAN_POINT('',(3.34193744071515E-15,3.40896999508633,22.375));
#1575=CARTESIAN_POINT('',(0.739548324003808,3.24017291613629,22.3303571428571));
#1576=CARTESIAN_POINT('',(1.47909664800761,3.07137583718625,22.2857142857143));
#1577=CARTESIAN_POINT('',(2.0721683564775,2.5984169319825,22.2410714285714));
#1578=CARTESIAN_POINT('',(2.66524006494738,2.12545802677874,22.1964285714286));
#1579=CARTESIAN_POINT('',(2.99437003247369,1.44201260695721,22.1517857142857));
#1580=CARTESIAN_POINT('',(3.3235,0.758567187135672,22.1071428571429));
#1581=CARTESIAN_POINT('',(3.3235,2.84907954587636E-15,22.0625));
#1582=CARTESIAN_POINT('',(3.3235,-0.758567187135666,22.0178571428571));
#1583=CARTESIAN_POINT('',(2.99437003247369,-1.4420126069572,21.9732142857143));
#1584=CARTESIAN_POINT('',(2.66524006494739,-2.12545802677874,21.9285714285714));
#1585=CARTESIAN_POINT('',(2.0721683564775,-2.5984169319825,21.8839285714286));
#1586=CARTESIAN_POINT('',(1.47909664800762,-3.07137583718625,21.8392857142857));
#1587=CARTESIAN_POINT('',(0.739548324003814,-3.24017291613629,21.7946428571429));
#1588=CARTESIAN_POINT('',(9.18663531073573E-15,-3.40896999508633,21.75));
#1589=CARTESIAN_POINT('',(-0.739548324003808,-3.24017291613629,21.7053571428571));
#1590=CARTESIAN_POINT('',(-1.47909664800762,-3.07137583718625,21.6607142857143));
#1591=CARTESIAN_POINT('',(-2.0721683564775,-2.5984169319825,21.6160714285714));
#1592=CARTESIAN_POINT('',(-2.66524006494737,-2.12545802677875,21.5714285714286));
#1593=CARTESIAN_POINT('',(-2.99437003247369,-1.44201260695721,21.5267857142857));
#1594=CARTESIAN_POINT('',(-3.3235,-0.758567187135661,21.4821428571429));
#1595=CARTESIAN_POINT('',(-3.3235,-3.25609090957298E-15,21.4375));
#1596=CARTESIAN_POINT('',(-3.3235,0.758567187135654,21.3928571428571));
#1597=CARTESIAN_POINT('',(-2.99437003247369,1.4420126069572,21.3482142857143));
#1598=CARTESIAN_POINT('',(-2.66524006494738,2.12545802677875,21.3035714285714));
#1599=CARTESIAN_POINT('',(-2.0721683564775,2.59841693198249,21.2589285714286));
#1600=CARTESIAN_POINT('',(-1.47909664800763,3.07137583718624,21.2142857142857));
#1601=CARTESIAN_POINT('',(-0.739548324003814,3.24017291613629,21.1696428571429));
#1602=CARTESIAN_POINT('',(2.50698060214078E-15,3.40896999508633,21.125));
#1603=CARTESIAN_POINT('',(0.739548324003808,3.24017291613629,21.0803571428571));
#1604=CARTESIAN_POINT('',(1.47909664800761,3.07137583718625,21.0357142857143));
#1605=CARTESIAN_POINT('',(2.0721683564775,2.5984169319825,20.9910714285714));
#1606=CARTESIAN_POINT('',(2.66524006494738,2.12545802677874,20.9464285714286));
#1607=CARTESIAN_POINT('',(2.99437003247369,1.44201260695721,20.9017857142857));
#1608=CARTESIAN_POINT('',(3.3235,0.758567187135673,20.8571428571429));
#1609=CARTESIAN_POINT('',(3.3235,3.66310227326961E-15,20.8125));
#1610=CARTESIAN_POINT('',(3.3235,-0.758567187135666,20.7678571428571));
#1611=CARTESIAN_POINT('',(2.99437003247369,-1.4420126069572,20.7232142857143));
#1612=CARTESIAN_POINT('',(2.66524006494739,-2.12545802677874,20.6785714285714));
#1613=CARTESIAN_POINT('',(2.0721683564775,-2.59841693198249,20.6339285714286));
#1614=CARTESIAN_POINT('',(1.47909664800762,-3.07137583718625,20.5892857142857));
#1615=CARTESIAN_POINT('',(0.739548324003815,-3.24017291613629,20.5446428571429));
#1616=CARTESIAN_POINT('',(1.00215921493101E-14,-3.40896999508633,20.5));
#1617=CARTESIAN_POINT('',(-0.739548324003807,-3.24017291613629,20.4553571428571));
#1618=CARTESIAN_POINT('',(-1.47909664800762,-3.07137583718625,20.4107142857143));
#1619=CARTESIAN_POINT('',(-2.0721683564775,-2.5984169319825,20.3660714285714));
#1620=CARTESIAN_POINT('',(-2.66524006494737,-2.12545802677875,20.3214285714286));
#1621=CARTESIAN_POINT('',(-2.99437003247369,-1.44201260695721,20.2767857142857));
#1622=CARTESIAN_POINT('',(-3.3235,-0.758567187135662,20.2321428571429));
#1623=CARTESIAN_POINT('',(-3.3235,-4.07011363696623E-15,20.1875));
#1624=CARTESIAN_POINT('',(-3.3235,0.758567187135653,20.1428571428571));
#1625=CARTESIAN_POINT('',(-2.99437003247369,1.4420126069572,20.0982142857143));
#1626=CARTESIAN_POINT('',(-2.66524006494738,2.12545802677875,20.0535714285714));
#1627=CARTESIAN_POINT('',(-2.0721683564775,2.59841693198249,20.0089285714286));
#1628=CARTESIAN_POINT('',(-1.47909664800763,3.07137583718624,19.9642857142857));
#1629=CARTESIAN_POINT('',(-0.739548324003827,3.24017291613629,19.9196428571429));
#1630=CARTESIAN_POINT('',(1.67202376356641E-15,3.40896999508633,19.875));
#1631=CARTESIAN_POINT('',(0.739548324003807,3.24017291613629,19.8303571428571));
#1632=CARTESIAN_POINT('',(1.47909664800761,3.07137583718625,19.7857142857143));
#1633=CARTESIAN_POINT('',(2.07216835647751,2.59841693198249,19.7410714285714));
#1634=CARTESIAN_POINT('',(2.66524006494738,2.12545802677874,19.6964285714286));
#1635=CARTESIAN_POINT('',(2.99437003247369,1.44201260695721,19.6517857142857));
#1636=CARTESIAN_POINT('',(3.3235,0.758567187135674,19.6071428571429));
#1637=CARTESIAN_POINT('',(3.3235,1.62845689121563E-14,19.5625));
#1638=CARTESIAN_POINT('',(3.3235,-0.758567187135665,19.5178571428571));
#1639=CARTESIAN_POINT('',(2.99437003247369,-1.4420126069572,19.4732142857143));
#1640=CARTESIAN_POINT('',(2.66524006494739,-2.12545802677874,19.4285714285714));
#1641=CARTESIAN_POINT('',(2.0721683564775,-2.5984169319825,19.3839285714286));
#1642=CARTESIAN_POINT('',(1.47909664800762,-3.07137583718625,19.3392857142857));
#1643=CARTESIAN_POINT('',(0.739548324003816,-3.24017291613629,19.2946428571429));
#1644=CARTESIAN_POINT('',(1.08565489878845E-14,-3.40896999508633,19.25));
#1645=CARTESIAN_POINT('',(-0.739548324003795,-3.24017291613629,19.2053571428571));
#1646=CARTESIAN_POINT('',(-1.47909664800762,-3.07137583718625,19.1607142857143));
#1647=CARTESIAN_POINT('',(-2.0721683564775,-2.5984169319825,19.1160714285714));
#1648=CARTESIAN_POINT('',(-2.66524006494737,-2.12545802677875,19.0714285714286));
#1649=CARTESIAN_POINT('',(-2.99437003247369,-1.4420126069572,19.0267857142857));
#1650=CARTESIAN_POINT('',(-3.3235,-0.758567187135662,18.9821428571429));
#1651=CARTESIAN_POINT('',(-3.3235,-4.88413636435947E-15,18.9375));
#1652=CARTESIAN_POINT('',(-3.3235,0.758567187135653,18.8928571428571));
#1653=CARTESIAN_POINT('',(-2.9943700324737,1.44201260695719,18.8482142857143));
#1654=CARTESIAN_POINT('',(-2.66524006494738,2.12545802677875,18.8035714285714));
#1655=CARTESIAN_POINT('',(-2.0721683564775,2.59841693198249,18.7589285714286));
#1656=CARTESIAN_POINT('',(-1.47909664800763,3.07137583718624,18.7142857142857));
#1657=CARTESIAN_POINT('',(-0.739548324003804,3.24017291613629,18.6696428571429));
#1658=CARTESIAN_POINT('',(8.37066924992038E-16,3.40896999508633,18.625));
#1659=CARTESIAN_POINT('',(0.739548324003806,3.24017291613629,18.5803571428571));
#1660=CARTESIAN_POINT('',(1.47909664800761,3.07137583718625,18.5357142857143));
#1661=CARTESIAN_POINT('',(2.07216835647749,2.59841693198251,18.4910714285714));
#1662=CARTESIAN_POINT('',(2.66524006494738,2.12545802677874,18.4464285714286));
#1663=CARTESIAN_POINT('',(2.99437003247369,1.44201260695721,18.4017857142857));
#1664=CARTESIAN_POINT('',(3.3235,0.758567187135674,18.3571428571429));
#1665=CARTESIAN_POINT('',(3.3235,-6.51629618343737E-15,18.3125));
#1666=CARTESIAN_POINT('',(3.3235,-0.758567187135664,18.2678571428571));
#1667=CARTESIAN_POINT('',(2.99437003247369,-1.4420126069572,18.2232142857143));
#1668=CARTESIAN_POINT('',(2.66524006494739,-2.12545802677874,18.1785714285714));
#1669=CARTESIAN_POINT('',(2.07216835647751,-2.59841693198249,18.1339285714286));
#1670=CARTESIAN_POINT('',(1.47909664800762,-3.07137583718625,18.0892857142857));
#1671=CARTESIAN_POINT('',(0.739548324003816,-3.24017291613629,18.0446428571429));
#1672=CARTESIAN_POINT('',(1.16915058264588E-14,-3.40896999508633,18.));
#1673=CARTESIAN_POINT('',(-0.739548324003817,-3.24017291613629,17.9553571428571));
#1674=CARTESIAN_POINT('',(-1.47909664800762,-3.07137583718625,17.9107142857143));
#1675=CARTESIAN_POINT('',(-2.0721683564775,-2.5984169319825,17.8660714285714));
#1676=CARTESIAN_POINT('',(-2.66524006494737,-2.12545802677875,17.8214285714286));
#1677=CARTESIAN_POINT('',(-2.99437003247368,-1.44201260695722,17.7767857142857));
#1678=CARTESIAN_POINT('',(-3.3235,-0.758567187135663,17.7321428571429));
#1679=CARTESIAN_POINT('',(-3.3235,-5.69815909175272E-15,17.6875));
#1680=CARTESIAN_POINT('',(-3.3235,0.758567187135652,17.6428571428571));
#1681=CARTESIAN_POINT('',(-2.99437003247369,1.44201260695721,17.5982142857143));
#1682=CARTESIAN_POINT('',(-2.66524006494738,2.12545802677875,17.5535714285714));
#1683=CARTESIAN_POINT('',(-2.07216835647751,2.59841693198249,17.5089285714286));
#1684=CARTESIAN_POINT('',(-1.47909664800763,3.07137583718624,17.4642857142857));
#1685=CARTESIAN_POINT('',(-0.739548324003828,3.24017291613629,17.4196428571429));
#1686=CARTESIAN_POINT('',(2.11008641766915E-18,3.40896999508633,17.375));
#1687=CARTESIAN_POINT('',(0.739548324003805,3.24017291613629,17.3303571428571));
#1688=CARTESIAN_POINT('',(1.47909664800761,3.07137583718625,17.2857142857143));
#1689=CARTESIAN_POINT('',(2.07216835647751,2.59841693198249,17.2410714285714));
#1690=CARTESIAN_POINT('',(2.66524006494738,2.12545802677875,17.1964285714286));
#1691=CARTESIAN_POINT('',(2.99437003247369,1.44201260695721,17.1517857142857));
#1692=CARTESIAN_POINT('',(3.3235,0.758567187135675,17.1071428571429));
#1693=CARTESIAN_POINT('',(3.3235,1.79126143669428E-14,17.0625));
#1694=CARTESIAN_POINT('',(3.3235,-0.758567187135663,17.0178571428571));
#1695=CARTESIAN_POINT('',(2.99437003247369,-1.4420126069572,16.9732142857143));
#1696=CARTESIAN_POINT('',(2.66524006494739,-2.12545802677874,16.9285714285714));
#1697=CARTESIAN_POINT('',(2.0721683564775,-2.5984169319825,16.8839285714286));
#1698=CARTESIAN_POINT('',(1.47909664800762,-3.07137583718625,16.8392857142857));
#1699=CARTESIAN_POINT('',(0.739548324003817,-3.24017291613629,16.7946428571429));
#1700=CARTESIAN_POINT('',(1.25264626650332E-14,-3.40896999508633,16.75));
#1701=CARTESIAN_POINT('',(-0.739548324003793,-3.24017291613629,16.7053571428571));
#1702=CARTESIAN_POINT('',(-1.47909664800762,-3.07137583718625,16.6607142857143));
#1703=CARTESIAN_POINT('',(-2.0721683564775,-2.5984169319825,16.6160714285714));
#1704=CARTESIAN_POINT('',(-2.66524006494737,-2.12545802677876,16.5714285714286));
#1705=CARTESIAN_POINT('',(-2.99437003247369,-1.4420126069572,16.5267857142857));
#1706=CARTESIAN_POINT('',(-3.3235,-0.758567187135664,16.4821428571429));
#1707=CARTESIAN_POINT('',(-3.3235,-6.51218181914597E-15,16.4375));
#1708=CARTESIAN_POINT('',(-3.3235,0.758567187135651,16.3928571428571));
#1709=CARTESIAN_POINT('',(-2.9943700324737,1.44201260695719,16.3482142857143));
#1710=CARTESIAN_POINT('',(-2.66524006494738,2.12545802677874,16.3035714285714));
#1711=CARTESIAN_POINT('',(-2.07216835647751,2.59841693198249,16.2589285714286));
#1712=CARTESIAN_POINT('',(-1.47909664800763,3.07137583718624,16.2142857142857));
#1713=CARTESIAN_POINT('',(-0.739548324003806,3.24017291613629,16.1696428571429));
#1714=CARTESIAN_POINT('',(-8.328467521567E-16,3.40896999508633,16.125));
#1715=CARTESIAN_POINT('',(0.739548324003804,3.24017291613629,16.0803571428571));
#1716=CARTESIAN_POINT('',(1.47909664800761,3.07137583718625,16.0357142857143));
#1717=CARTESIAN_POINT('',(2.07216835647749,2.59841693198251,15.9910714285714));
#1718=CARTESIAN_POINT('',(2.66524006494738,2.12545802677875,15.9464285714286));
#1719=CARTESIAN_POINT('',(2.99437003247369,1.44201260695721,15.9017857142857));
#1720=CARTESIAN_POINT('',(3.3235,0.758567187135676,15.8571428571429));
#1721=CARTESIAN_POINT('',(3.3235,-4.88825072865088E-15,15.8125));
#1722=CARTESIAN_POINT('',(3.3235,-0.758567187135662,15.7678571428571));
#1723=CARTESIAN_POINT('',(2.99437003247369,-1.4420126069572,15.7232142857143));
#1724=CARTESIAN_POINT('',(2.66524006494739,-2.12545802677874,15.6785714285714));
#1725=CARTESIAN_POINT('',(2.07216835647752,-2.59841693198249,15.6339285714286));
#1726=CARTESIAN_POINT('',(1.47909664800762,-3.07137583718625,15.5892857142857));
#1727=CARTESIAN_POINT('',(0.739548324003818,-3.24017291613629,15.5446428571429));
#1728=CARTESIAN_POINT('',(1.33614195036076E-14,-3.40896999508633,15.5));
#1729=CARTESIAN_POINT('',(-0.739548324003816,-3.24017291613629,15.4553571428571));
#1730=CARTESIAN_POINT('',(-1.47909664800762,-3.07137583718625,15.4107142857143));
#1731=CARTESIAN_POINT('',(-2.0721683564775,-2.5984169319825,15.3660714285714));
#1732=CARTESIAN_POINT('',(-2.66524006494737,-2.12545802677876,15.3214285714286));
#1733=CARTESIAN_POINT('',(-2.99437003247368,-1.44201260695722,15.2767857142857));
#1734=CARTESIAN_POINT('',(-3.3235,-0.758567187135665,15.2321428571429));
#1735=CARTESIAN_POINT('',(-3.3235,-7.32620454653921E-15,15.1875));
#1736=CARTESIAN_POINT('',(-3.3235,0.75856718713565,15.1428571428571));
#1737=CARTESIAN_POINT('',(-2.99437003247369,1.44201260695721,15.0982142857143));
#1738=CARTESIAN_POINT('',(-2.66524006494738,2.12545802677874,15.0535714285714));
#1739=CARTESIAN_POINT('',(-2.07216835647751,2.59841693198249,15.0089285714286));
#1740=CARTESIAN_POINT('',(-1.47909664800763,3.07137583718624,14.9642857142857));
#1741=CARTESIAN_POINT('',(-0.73954832400383,3.24017291613629,14.9196428571429));
#1742=CARTESIAN_POINT('',(-1.66780359073107E-15,3.40896999508633,14.875));
#1743=CARTESIAN_POINT('',(0.739548324003804,3.24017291613629,14.8303571428571));
#1744=CARTESIAN_POINT('',(1.47909664800761,3.07137583718625,14.7857142857143));
#1745=CARTESIAN_POINT('',(2.0721683564775,2.59841693198249,14.7410714285714));
#1746=CARTESIAN_POINT('',(2.66524006494738,2.12545802677875,14.6964285714286));
#1747=CARTESIAN_POINT('',(2.99437003247369,1.44201260695721,14.6517857142857));
#1748=CARTESIAN_POINT('',(3.3235,0.758567187135677,14.6071428571429));
#1749=CARTESIAN_POINT('',(3.3235,1.95406598217293E-14,14.5625));
#1750=CARTESIAN_POINT('',(3.3235,-0.758567187135662,14.5178571428571));
#1751=CARTESIAN_POINT('',(2.99437003247369,-1.4420126069572,14.4732142857143));
#1752=CARTESIAN_POINT('',(2.66524006494739,-2.12545802677873,14.4285714285714));
#1753=CARTESIAN_POINT('',(2.0721683564775,-2.5984169319825,14.3839285714286));
#1754=CARTESIAN_POINT('',(1.47909664800762,-3.07137583718625,14.3392857142857));
#1755=CARTESIAN_POINT('',(0.739548324003819,-3.24017291613629,14.2946428571429));
#1756=CARTESIAN_POINT('',(1.41963763421819E-14,-3.40896999508633,14.25));
#1757=CARTESIAN_POINT('',(-0.739548324003792,-3.2401729161363,14.2053571428571));
#1758=CARTESIAN_POINT('',(-1.47909664800762,-3.07137583718625,14.1607142857143));
#1759=CARTESIAN_POINT('',(-2.07216835647749,-2.5984169319825,14.1160714285714));
#1760=CARTESIAN_POINT('',(-2.66524006494737,-2.12545802677876,14.0714285714286));
#1761=CARTESIAN_POINT('',(-2.99437003247369,-1.4420126069572,14.0267857142857));
#1762=CARTESIAN_POINT('',(-3.3235,-0.758567187135666,13.9821428571429));
#1763=CARTESIAN_POINT('',(-3.3235,-8.14022727393246E-15,13.9375));
#1764=CARTESIAN_POINT('',(-3.3235,0.758567187135649,13.8928571428571));
#1765=CARTESIAN_POINT('',(-2.9943700324737,1.44201260695719,13.8482142857143));
#1766=CARTESIAN_POINT('',(-2.66524006494738,2.12545802677874,13.8035714285714));
#1767=CARTESIAN_POINT('',(-2.07216835647751,2.59841693198249,13.7589285714286));
#1768=CARTESIAN_POINT('',(-1.47909664800763,3.07137583718624,13.7142857142857));
#1769=CARTESIAN_POINT('',(-0.739548324003808,3.24017291613629,13.6696428571429));
#1770=CARTESIAN_POINT('',(-2.67249490936328E-14,3.40896999508633,13.625));
#1771=CARTESIAN_POINT('',(0.739548324003803,3.24017291613629,13.5803571428571));
#1772=CARTESIAN_POINT('',(1.47909664800763,3.07137583718624,13.5357142857143));
#1773=CARTESIAN_POINT('',(2.07216835647748,2.59841693198251,13.4910714285714));
#1774=CARTESIAN_POINT('',(2.66524006494738,2.12545802677875,13.4464285714286));
#1775=CARTESIAN_POINT('',(2.99437003247368,1.44201260695723,13.4017857142857));
#1776=CARTESIAN_POINT('',(3.3235,0.758567187135678,13.3571428571429));
#1777=CARTESIAN_POINT('',(3.3235,-3.26020527386439E-15,13.3125));
#1778=CARTESIAN_POINT('',(3.32350000000001,-0.758567187135637,13.2678571428571));
#1779=CARTESIAN_POINT('',(2.99437003247369,-1.4420126069572,13.2232142857143));
#1780=CARTESIAN_POINT('',(2.66524006494737,-2.12545802677875,13.1785714285714));
#1781=CARTESIAN_POINT('',(2.07216835647752,-2.59841693198248,13.1339285714286));
#1782=CARTESIAN_POINT('',(1.47909664800762,-3.07137583718625,13.0892857142857));
#1783=CARTESIAN_POINT('',(0.739548324003796,-3.24017291613629,13.0446428571429));
#1784=CARTESIAN_POINT('',(1.50313331807563E-14,-3.40896999508633,13.));
#1785=CARTESIAN_POINT('',(-0.739548324003814,-3.24017291613629,12.9553571428571));
#1786=CARTESIAN_POINT('',(-1.4790966480076,-3.07137583718626,12.9107142857143));
#1787=CARTESIAN_POINT('',(-2.07216835647749,-2.5984169319825,12.8660714285714));
#1788=CARTESIAN_POINT('',(-2.66524006494739,-2.12545802677874,12.8214285714286));
#1789=CARTESIAN_POINT('',(-2.99437003247368,-1.44201260695722,12.7767857142857));
#1790=CARTESIAN_POINT('',(-3.3235,-0.758567187135666,12.7321428571429));
#1791=CARTESIAN_POINT('',(-3.3235,-3.25691378243126E-14,12.6875));
#1792=CARTESIAN_POINT('',(-3.3235,0.758567187135648,12.6428571428571));
#1793=CARTESIAN_POINT('',(-2.99437003247369,1.44201260695721,12.5982142857143));
#1794=CARTESIAN_POINT('',(-2.6652400649474,2.12545802677872,12.5535714285714));
#1795=CARTESIAN_POINT('',(-2.07216835647751,2.59841693198249,12.5089285714286));
#1796=CARTESIAN_POINT('',(-1.47909664800761,3.07137583718625,12.4642857142857));
#1797=CARTESIAN_POINT('',(-0.739548324003831,3.24017291613629,12.4196428571429));
#1798=CARTESIAN_POINT('',(-3.33771726787981E-15,3.40896999508633,12.375));
#1799=CARTESIAN_POINT('',(0.739548324003825,3.24017291613629,12.3303571428571));
#1800=CARTESIAN_POINT('',(1.47909664800761,3.07137583718626,12.2857142857143));
#1801=CARTESIAN_POINT('',(2.0721683564775,2.5984169319825,12.2410714285714));
#1802=CARTESIAN_POINT('',(2.66524006494736,2.12545802677877,12.1964285714286));
#1803=CARTESIAN_POINT('',(2.99437003247369,1.44201260695721,12.1517857142857));
#1804=CARTESIAN_POINT('',(3.3235,0.758567187135655,12.1071428571429));
#1805=CARTESIAN_POINT('',(3.3235,2.11687052765158E-14,12.0625));
#1806=CARTESIAN_POINT('',(3.3235,-0.75856718713566,12.0178571428571));
#1807=CARTESIAN_POINT('',(2.9943700324737,-1.44201260695717,11.9732142857143));
#1808=CARTESIAN_POINT('',(2.66524006494739,-2.12545802677873,11.9285714285714));
#1809=CARTESIAN_POINT('',(2.0721683564775,-2.5984169319825,11.8839285714286));
#1810=CARTESIAN_POINT('',(1.47909664800765,-3.07137583718624,11.8392857142857));
#1811=CARTESIAN_POINT('',(0.73954832400382,-3.24017291613629,11.7946428571429));
#1812=CARTESIAN_POINT('',(-8.3558986449967E-15,-3.40896999508633,11.75));
#1813=CARTESIAN_POINT('',(-0.73954832400379,-3.2401729161363,11.7053571428571));
#1814=CARTESIAN_POINT('',(-1.47909664800762,-3.07137583718625,11.6607142857143));
#1815=CARTESIAN_POINT('',(-2.07216835647751,-2.59841693198249,11.6160714285714));
#1816=CARTESIAN_POINT('',(-2.66524006494737,-2.12545802677876,11.5714285714286));
#1817=CARTESIAN_POINT('',(-2.99437003247369,-1.4420126069572,11.5267857142857));
#1818=CARTESIAN_POINT('',(-3.32349999999999,-0.758567187135691,11.4821428571429));
#1819=CARTESIAN_POINT('',(-3.3235,-9.76827272871895E-15,11.4375));
#1820=CARTESIAN_POINT('',(-3.3235,0.758567187135671,11.3928571428571));
#1821=CARTESIAN_POINT('',(-2.9943700324737,1.44201260695719,11.3482142857143));
#1822=CARTESIAN_POINT('',(-2.66524006494738,2.12545802677874,11.3035714285714));
#1823=CARTESIAN_POINT('',(-2.07216835647753,2.59841693198248,11.2589285714286));
#1824=CARTESIAN_POINT('',(-1.47909664800764,3.07137583718624,11.2142857142857));
#1825=CARTESIAN_POINT('',(-0.739548324003809,3.24017291613629,11.1696428571429));
#1826=CARTESIAN_POINT('',(-2.83948627707816E-14,3.40896999508633,11.125));
#1827=CARTESIAN_POINT('',(0.739548324003801,3.24017291613629,11.0803571428571));
#1828=CARTESIAN_POINT('',(1.47909664800763,3.07137583718624,11.0357142857143));
#1829=CARTESIAN_POINT('',(2.07216835647748,2.59841693198251,10.9910714285714));
#1830=CARTESIAN_POINT('',(2.66524006494738,2.12545802677875,10.9464285714286));
#1831=CARTESIAN_POINT('',(2.9943700324737,1.44201260695719,10.9017857142857));
#1832=CARTESIAN_POINT('',(3.3235,0.758567187135679,10.8571428571429));
#1833=CARTESIAN_POINT('',(3.3235,-1.63215981907789E-15,10.8125));
#1834=CARTESIAN_POINT('',(3.32350000000001,-0.758567187135635,10.7678571428571));
#1835=CARTESIAN_POINT('',(2.99437003247369,-1.4420126069572,10.7232142857143));
#1836=CARTESIAN_POINT('',(2.66524006494737,-2.12545802677875,10.6785714285714));
#1837=CARTESIAN_POINT('',(2.07216835647752,-2.59841693198248,10.6339285714286));
#1838=CARTESIAN_POINT('',(1.47909664800763,-3.07137583718625,10.5892857142857));
#1839=CARTESIAN_POINT('',(0.739548324003844,-3.24017291613628,10.5446428571429));
#1840=CARTESIAN_POINT('',(1.67012468579051E-14,-3.40896999508633,10.5));
#1841=CARTESIAN_POINT('',(-0.739548324003812,-3.24017291613629,10.4553571428571));
#1842=CARTESIAN_POINT('',(-1.4790966480076,-3.07137583718626,10.4107142857143));
#1843=CARTESIAN_POINT('',(-2.07216835647749,-2.5984169319825,10.3660714285714));
#1844=CARTESIAN_POINT('',(-2.66524006494738,-2.12545802677874,10.3214285714286));
#1845=CARTESIAN_POINT('',(-2.99437003247368,-1.44201260695722,10.2767857142857));
#1846=CARTESIAN_POINT('',(-3.3235,-0.758567187135668,10.2321428571429));
#1847=CARTESIAN_POINT('',(-3.3235,1.30325923668747E-14,10.1875));
#1848=CARTESIAN_POINT('',(-3.3235,0.758567187135647,10.1428571428571));
#1849=CARTESIAN_POINT('',(-2.99437003247369,1.44201260695721,10.0982142857143));
#1850=CARTESIAN_POINT('',(-2.6652400649474,2.12545802677872,10.0535714285714));
#1851=CARTESIAN_POINT('',(-2.07216835647751,2.59841693198249,10.0089285714286));
#1852=CARTESIAN_POINT('',(-1.47909664800762,3.07137583718625,9.96428571428572));
#1853=CARTESIAN_POINT('',(-0.739548324003833,3.24017291613629,9.91964285714286));
#1854=CARTESIAN_POINT('',(-5.00763094502855E-15,3.40896999508633,9.87500000000001));
#1855=CARTESIAN_POINT('',(0.739548324003777,3.2401729161363,9.83035714285715));
#1856=CARTESIAN_POINT('',(1.47909664800761,3.07137583718626,9.78571428571429));
#1857=CARTESIAN_POINT('',(2.0721683564775,2.5984169319825,9.74107142857144));
#1858=CARTESIAN_POINT('',(2.66524006494736,2.12545802677877,9.69642857142858));
#1859=CARTESIAN_POINT('',(2.99437003247369,1.44201260695721,9.65178571428572));
#1860=CARTESIAN_POINT('',(3.3235,0.758567187135657,9.60714285714286));
#1861=CARTESIAN_POINT('',(3.3235,2.27967507313023E-14,9.56250000000001));
#1862=CARTESIAN_POINT('',(3.3235,-0.758567187135658,9.51785714285715));
#1863=CARTESIAN_POINT('',(2.99437003247368,-1.44201260695722,9.47321428571429));
#1864=CARTESIAN_POINT('',(2.66524006494739,-2.12545802677873,9.42857142857144));
#1865=CARTESIAN_POINT('',(2.0721683564775,-2.5984169319825,9.38392857142858));
#1866=CARTESIAN_POINT('',(1.47909664800765,-3.07137583718624,9.33928571428572));
#1867=CARTESIAN_POINT('',(0.739548324003822,-3.24017291613629,9.29464285714286));
#1868=CARTESIAN_POINT('',(-6.68598496784796E-15,-3.40896999508633,9.25000000000001));
#1869=CARTESIAN_POINT('',(-0.739548324003788,-3.2401729161363,9.20535714285715));
#1870=CARTESIAN_POINT('',(-1.47909664800762,-3.07137583718625,9.16071428571429));
#1871=CARTESIAN_POINT('',(-2.07216835647747,-2.59841693198252,9.11607142857144));
#1872=CARTESIAN_POINT('',(-2.66524006494737,-2.12545802677876,9.07142857142858));
#1873=CARTESIAN_POINT('',(-2.99437003247369,-1.4420126069572,9.02678571428572));
#1874=CARTESIAN_POINT('',(-3.32349999999999,-0.758567187135692,8.98214285714286));
#1875=CARTESIAN_POINT('',(-3.3235,-1.13963181835054E-14,8.93750000000001));
#1876=CARTESIAN_POINT('',(-3.3235,0.75856718713567,8.89285714285715));
#1877=CARTESIAN_POINT('',(-2.9943700324737,1.44201260695718,8.84821428571429));
#1878=CARTESIAN_POINT('',(-2.66524006494738,2.12545802677874,8.80357142857143));
#1879=CARTESIAN_POINT('',(-2.07216835647749,2.5984169319825,8.75892857142858));
#1880=CARTESIAN_POINT('',(-1.47909664800764,3.07137583718624,8.71428571428572));
#1881=CARTESIAN_POINT('',(-0.739548324003811,3.24017291613629,8.66964285714286));
#1882=CARTESIAN_POINT('',(-3.00647764479303E-14,3.40896999508633,8.62500000000001));
#1883=CARTESIAN_POINT('',(0.7395483240038,3.24017291613629,8.58035714285715));
#1884=CARTESIAN_POINT('',(1.47909664800763,3.07137583718625,8.53571428571429));
#1885=CARTESIAN_POINT('',(2.07216835647748,2.59841693198251,8.49107142857143));
#1886=CARTESIAN_POINT('',(2.66524006494738,2.12545802677875,8.44642857142858));
#1887=CARTESIAN_POINT('',(2.99437003247367,1.44201260695724,8.40178571428572));
#1888=CARTESIAN_POINT('',(3.3235,0.758567187135681,8.35714285714286));
#1889=CARTESIAN_POINT('',(3.3235,-4.11436429140281E-18,8.31250000000001));
#1890=CARTESIAN_POINT('',(3.32350000000001,-0.758567187135634,8.26785714285715));
#1891=CARTESIAN_POINT('',(2.9943700324737,-1.44201260695719,8.22321428571429));
#1892=CARTESIAN_POINT('',(2.66524006494738,-2.12545802677875,8.17857142857143));
#1893=CARTESIAN_POINT('',(2.07216835647752,-2.59841693198248,8.13392857142858));
#1894=CARTESIAN_POINT('',(1.47909664800763,-3.07137583718625,8.08928571428572));
#1895=CARTESIAN_POINT('',(0.7395483240038,-3.24017291613629,8.04464285714286));
#1896=CARTESIAN_POINT('',(1.83711605350538E-14,-3.40896999508633,8.00000000000001));
#1897=CARTESIAN_POINT('',(-0.739548324003811,-3.24017291613629,7.95535714285715));
#1898=CARTESIAN_POINT('',(-1.47909664800759,-3.07137583718626,7.91071428571429));
#1899=CARTESIAN_POINT('',(-2.07216835647749,-2.5984169319825,7.86607142857143));
#1900=CARTESIAN_POINT('',(-2.66524006494738,-2.12545802677874,7.82142857142858));
#1901=CARTESIAN_POINT('',(-2.99437003247368,-1.44201260695723,7.77678571428572));
#1902=CARTESIAN_POINT('',(-3.3235,-0.75856718713567,7.73214285714286));
#1903=CARTESIAN_POINT('',(-3.3235,-3.58252287338856E-14,7.68750000000001));
#1904=CARTESIAN_POINT('',(-3.3235,0.758567187135645,7.64285714285715));
#1905=CARTESIAN_POINT('',(-2.99437003247369,1.4420126069572,7.59821428571429));
#1906=CARTESIAN_POINT('',(-2.6652400649474,2.12545802677872,7.55357142857143));
#1907=CARTESIAN_POINT('',(-2.07216835647751,2.59841693198249,7.50892857142858));
#1908=CARTESIAN_POINT('',(-1.47909664800762,3.07137583718625,7.46428571428572));
#1909=CARTESIAN_POINT('',(-0.739548324003835,3.24017291613629,7.41964285714286));
#1910=CARTESIAN_POINT('',(-6.67754462217728E-15,3.40896999508633,7.37500000000001));
#1911=CARTESIAN_POINT('',(0.739548324003822,3.24017291613629,7.33035714285715));
#1912=CARTESIAN_POINT('',(1.4790966480076,3.07137583718626,7.28571428571429));
#1913=CARTESIAN_POINT('',(2.0721683564775,2.5984169319825,7.24107142857143));
#1914=CARTESIAN_POINT('',(2.66524006494736,2.12545802677877,7.19642857142858));
#1915=CARTESIAN_POINT('',(2.99437003247368,1.44201260695722,7.15178571428572));
#1916=CARTESIAN_POINT('',(3.3235,0.758567187135658,7.10714285714286));
#1917=CARTESIAN_POINT('',(3.3235,2.44247961860888E-14,7.06250000000001));
#1918=CARTESIAN_POINT('',(3.3235,-0.758567187135657,7.01785714285715));
#1919=CARTESIAN_POINT('',(2.99437003247371,-1.44201260695717,6.97321428571429));
#1920=CARTESIAN_POINT('',(2.66524006494739,-2.12545802677873,6.92857142857143));
#1921=CARTESIAN_POINT('',(2.0721683564775,-2.5984169319825,6.88392857142858));
#1922=CARTESIAN_POINT('',(1.47909664800765,-3.07137583718623,6.83928571428572));
#1923=CARTESIAN_POINT('',(0.739548324003823,-3.24017291613629,6.79464285714286));
#1924=CARTESIAN_POINT('',(-5.01607129069922E-15,-3.40896999508633,6.75000000000001));
#1925=CARTESIAN_POINT('',(-0.739548324003787,-3.2401729161363,6.70535714285715));
#1926=CARTESIAN_POINT('',(-1.47909664800762,-3.07137583718625,6.66071428571429));
#1927=CARTESIAN_POINT('',(-2.07216835647751,-2.59841693198249,6.61607142857144));
#1928=CARTESIAN_POINT('',(-2.66524006494737,-2.12545802677876,6.57142857142858));
#1929=CARTESIAN_POINT('',(-2.99437003247369,-1.44201260695721,6.52678571428572));
#1930=CARTESIAN_POINT('',(-3.32349999999999,-0.758567187135694,6.48214285714286));
#1931=CARTESIAN_POINT('',(-3.3235,-1.30243636382919E-14,6.43750000000001));
#1932=CARTESIAN_POINT('',(-3.3235,0.758567187135668,6.39285714285715));
#1933=CARTESIAN_POINT('',(-2.9943700324737,1.44201260695718,6.34821428571429));
#1934=CARTESIAN_POINT('',(-2.66524006494738,2.12545802677874,6.30357142857144));
#1935=CARTESIAN_POINT('',(-2.07216835647753,2.59841693198247,6.25892857142858));
#1936=CARTESIAN_POINT('',(-1.47909664800764,3.07137583718624,6.21428571428572));
#1937=CARTESIAN_POINT('',(-0.739548324003812,3.24017291613629,6.16964285714286));
#1938=CARTESIAN_POINT('',(-3.1734690125079E-14,3.40896999508633,6.12500000000001));
#1939=CARTESIAN_POINT('',(0.739548324003798,3.24017291613629,6.08035714285715));
#1940=CARTESIAN_POINT('',(1.47909664800763,3.07137583718625,6.03571428571429));
#1941=CARTESIAN_POINT('',(2.07216835647748,2.59841693198251,5.99107142857144));
#1942=CARTESIAN_POINT('',(2.66524006494737,2.12545802677875,5.94642857142858));
#1943=CARTESIAN_POINT('',(2.99437003247369,1.4420126069572,5.90178571428572));
#1944=CARTESIAN_POINT('',(3.3235,0.758567187135683,5.85714285714286));
#1945=CARTESIAN_POINT('',(3.3235,1.62393109049509E-15,5.81250000000001));
#1946=CARTESIAN_POINT('',(3.32350000000001,-0.758567187135632,5.76785714285715));
#1947=CARTESIAN_POINT('',(2.9943700324737,-1.44201260695719,5.72321428571429));
#1948=CARTESIAN_POINT('',(2.66524006494738,-2.12545802677875,5.67857142857144));
#1949=CARTESIAN_POINT('',(2.07216835647752,-2.59841693198248,5.63392857142858));
#1950=CARTESIAN_POINT('',(1.47909664800763,-3.07137583718624,5.58928571428572));
#1951=CARTESIAN_POINT('',(0.739548324003847,-3.24017291613628,5.54464285714286));
#1952=CARTESIAN_POINT('',(2.00410742122025E-14,-3.40896999508633,5.50000000000001));
#1953=CARTESIAN_POINT('',(-0.739548324003809,-3.24017291613629,5.45535714285715));
#1954=CARTESIAN_POINT('',(-1.47909664800759,-3.07137583718626,5.41071428571429));
#1955=CARTESIAN_POINT('',(-2.07216835647749,-2.59841693198251,5.36607142857144));
#1956=CARTESIAN_POINT('',(-2.66524006494738,-2.12545802677874,5.32142857142858));
#1957=CARTESIAN_POINT('',(-2.99437003247368,-1.44201260695723,5.27678571428572));
#1958=CARTESIAN_POINT('',(-3.3235,-0.758567187135671,5.23214285714286));
#1959=CARTESIAN_POINT('',(-3.3235,9.77650145730175E-15,5.1875));
#1960=CARTESIAN_POINT('',(-3.3235,0.758567187135644,5.14285714285715));
#1961=CARTESIAN_POINT('',(-2.99437003247369,1.4420126069572,5.09821428571429));
#1962=CARTESIAN_POINT('',(-2.6652400649474,2.12545802677872,5.05357142857144));
#1963=CARTESIAN_POINT('',(-2.07216835647751,2.59841693198249,5.00892857142858));
#1964=CARTESIAN_POINT('',(-1.47909664800762,3.07137583718625,4.96428571428572));
#1965=CARTESIAN_POINT('',(-0.739548324003836,3.24017291613628,4.91964285714286));
#1966=CARTESIAN_POINT('',(-8.34745829932602E-15,3.40896999508633,4.87500000000001));
#1967=CARTESIAN_POINT('',(0.739548324003774,3.2401729161363,4.83035714285715));
#1968=CARTESIAN_POINT('',(1.4790966480076,3.07137583718626,4.78571428571429));
#1969=CARTESIAN_POINT('',(2.0721683564775,2.5984169319825,4.74107142857144));
#1970=CARTESIAN_POINT('',(2.66524006494736,2.12545802677877,4.69642857142858));
#1971=CARTESIAN_POINT('',(2.99437003247368,1.44201260695722,4.65178571428572));
#1972=CARTESIAN_POINT('',(3.3235,0.75856718713566,4.60714285714286));
#1973=CARTESIAN_POINT('',(3.3235,2.60528416408753E-14,4.56250000000001));
#1974=CARTESIAN_POINT('',(3.3235,-0.758567187135655,4.51785714285715));
#1975=CARTESIAN_POINT('',(2.99437003247369,-1.44201260695721,4.47321428571429));
#1976=CARTESIAN_POINT('',(2.66524006494739,-2.12545802677873,4.42857142857143));
#1977=CARTESIAN_POINT('',(2.0721683564775,-2.5984169319825,4.38392857142858));
#1978=CARTESIAN_POINT('',(1.47909664800765,-3.07137583718623,4.33928571428572));
#1979=CARTESIAN_POINT('',(0.739548324003825,-3.24017291613629,4.29464285714286));
#1980=CARTESIAN_POINT('',(-3.34615761355048E-15,-3.40896999508633,4.25000000000001));
#1981=CARTESIAN_POINT('',(-0.739548324003785,-3.2401729161363,4.20535714285715));
#1982=CARTESIAN_POINT('',(-1.47909664800761,-3.07137583718625,4.16071428571429));
#1983=CARTESIAN_POINT('',(-2.07216835647747,-2.59841693198252,4.11607142857143));
#1984=CARTESIAN_POINT('',(-2.66524006494737,-2.12545802677876,4.07142857142858));
#1985=CARTESIAN_POINT('',(-2.99437003247369,-1.44201260695721,4.02678571428572));
#1986=CARTESIAN_POINT('',(-3.32349999999999,-0.758567187135696,3.98214285714286));
#1987=CARTESIAN_POINT('',(-3.3235,-1.46524090930784E-14,3.93750000000001));
#1988=CARTESIAN_POINT('',(-3.3235,0.758567187135666,3.89285714285715));
#1989=CARTESIAN_POINT('',(-2.9943700324737,1.44201260695718,3.84821428571429));
#1990=CARTESIAN_POINT('',(-2.66524006494739,2.12545802677874,3.80357142857143));
#1991=CARTESIAN_POINT('',(-2.07216835647749,2.5984169319825,3.75892857142858));
#1992=CARTESIAN_POINT('',(-1.47909664800764,3.07137583718624,3.71428571428572));
#1993=CARTESIAN_POINT('',(-0.739548324003814,3.24017291613629,3.66964285714286));
#1994=CARTESIAN_POINT('',(-3.34046038022278E-14,3.40896999508633,3.62500000000001));
#1995=CARTESIAN_POINT('',(0.739548324003796,3.24017291613629,3.58035714285715));
#1996=CARTESIAN_POINT('',(1.47909664800762,3.07137583718625,3.53571428571429));
#1997=CARTESIAN_POINT('',(2.07216835647748,2.59841693198251,3.49107142857143));
#1998=CARTESIAN_POINT('',(2.66524006494737,2.12545802677875,3.44642857142858));
#1999=CARTESIAN_POINT('',(2.99437003247367,1.44201260695724,3.40178571428572));
#2000=CARTESIAN_POINT('',(3.3235,0.758567187135684,3.35714285714286));
#2001=CARTESIAN_POINT('',(3.3235,3.25197654528158E-15,3.31250000000001));
#2002=CARTESIAN_POINT('',(3.32350000000001,-0.75856718713563,3.26785714285715));
#2003=CARTESIAN_POINT('',(2.9943700324737,-1.44201260695719,3.22321428571429));
#2004=CARTESIAN_POINT('',(2.66524006494738,-2.12545802677875,3.17857142857143));
#2005=CARTESIAN_POINT('',(2.07216835647752,-2.59841693198248,3.13392857142858));
#2006=CARTESIAN_POINT('',(1.47909664800763,-3.07137583718624,3.08928571428572));
#2007=CARTESIAN_POINT('',(0.739548324003803,-3.24017291613629,3.04464285714286));
#2008=CARTESIAN_POINT('',(2.17109878893513E-14,-3.40896999508633,3.00000000000001));
#2009=CARTESIAN_POINT('',(-0.739548324003808,-3.24017291613629,2.95535714285715));
#2010=CARTESIAN_POINT('',(-1.47909664800759,-3.07137583718626,2.91071428571429));
#2011=CARTESIAN_POINT('',(-2.07216835647749,-2.59841693198251,2.86607142857143));
#2012=CARTESIAN_POINT('',(-2.66524006494738,-2.12545802677874,2.82142857142858));
#2013=CARTESIAN_POINT('',(-2.99437003247368,-1.44201260695723,2.77678571428572));
#2014=CARTESIAN_POINT('',(-3.3235,-0.758567187135673,2.73214285714286));
#2015=CARTESIAN_POINT('',(-3.3235,-3.90813196434586E-14,2.68750000000001));
#2016=CARTESIAN_POINT('',(-3.32350000000001,0.758567187135642,2.64285714285715));
#2017=CARTESIAN_POINT('',(-2.99437003247369,1.4420126069572,2.59821428571429));
#2018=CARTESIAN_POINT('',(-2.6652400649474,2.12545802677872,2.55357142857144));
#2019=CARTESIAN_POINT('',(-2.07216835647751,2.59841693198249,2.50892857142858));
#2020=CARTESIAN_POINT('',(-1.47909664800762,3.07137583718625,2.46428571428572));
#2021=CARTESIAN_POINT('',(-0.739548324003838,3.24017291613628,2.41964285714286));
#2022=CARTESIAN_POINT('',(-1.00173719764748E-14,3.40896999508633,2.37500000000001));
#2023=CARTESIAN_POINT('',(0.739548324003819,3.24017291613629,2.33035714285715));
#2024=CARTESIAN_POINT('',(1.4790966480076,3.07137583718626,2.28571428571429));
#2025=CARTESIAN_POINT('',(2.0721683564775,2.5984169319825,2.24107142857144));
#2026=CARTESIAN_POINT('',(2.66524006494736,2.12545802677877,2.19642857142858));
#2027=CARTESIAN_POINT('',(2.99437003247368,1.44201260695722,2.15178571428572));
#2028=CARTESIAN_POINT('',(3.3235,0.758567187135662,2.10714285714286));
#2029=CARTESIAN_POINT('',(3.3235,2.76808870956618E-14,2.06250000000001));
#2030=CARTESIAN_POINT('',(3.3235,-0.758567187135653,2.01785714285715));
#2031=CARTESIAN_POINT('',(2.99437003247371,-1.44201260695717,1.97321428571429));
#2032=CARTESIAN_POINT('',(2.66524006494739,-2.12545802677873,1.92857142857144));
#2033=CARTESIAN_POINT('',(2.0721683564775,-2.59841693198249,1.88392857142858));
#2034=CARTESIAN_POINT('',(1.47909664800765,-3.07137583718623,1.83928571428572));
#2035=CARTESIAN_POINT('',(0.739548324003827,-3.24017291613629,1.79464285714286));
#2036=CARTESIAN_POINT('',(-1.67624393640175E-15,-3.40896999508633,1.75000000000001));
#2037=CARTESIAN_POINT('',(-0.739548324003784,-3.2401729161363,1.70535714285715));
#2038=CARTESIAN_POINT('',(-1.47909664800761,-3.07137583718625,1.66071428571429));
#2039=CARTESIAN_POINT('',(-2.07216835647751,-2.59841693198249,1.61607142857144));
#2040=CARTESIAN_POINT('',(-2.66524006494737,-2.12545802677876,1.57142857142858));
#2041=CARTESIAN_POINT('',(-2.99437003247369,-1.44201260695721,1.52678571428572));
#2042=CARTESIAN_POINT('',(-3.32349999999999,-0.758567187135697,1.48214285714286));
#2043=CARTESIAN_POINT('',(-3.3235,-1.62804545478649E-14,1.4375));
#2044=CARTESIAN_POINT('',(-3.3235,0.758567187135665,1.39285714285715));
#2045=CARTESIAN_POINT('',(-2.9943700324737,1.44201260695718,1.34821428571429));
#2046=CARTESIAN_POINT('',(-2.66524006494739,2.12545802677874,1.30357142857144));
#2047=CARTESIAN_POINT('',(-2.07216835647753,2.59841693198247,1.25892857142858));
#2048=CARTESIAN_POINT('',(-1.47909664800764,3.07137583718624,1.21428571428572));
#2049=CARTESIAN_POINT('',(-0.739548324003816,3.24017291613629,1.16964285714286));
#2050=CARTESIAN_POINT('',(-3.50745174793765E-14,3.40896999508633,1.125));
#2051=CARTESIAN_POINT('',(0.739548324003795,3.24017291613629,1.08035714285715));
#2052=CARTESIAN_POINT('',(1.47909664800762,3.07137583718625,1.03571428571429));
#2053=CARTESIAN_POINT('',(2.07216835647748,2.59841693198251,0.991071428571435));
#2054=CARTESIAN_POINT('',(2.66524006494734,2.12545802677879,0.946428571428577));
#2055=CARTESIAN_POINT('',(2.99437003247369,1.4420126069572,0.90178571428572));
#2056=CARTESIAN_POINT('',(3.32349999999999,0.758567187135686,0.857142857142862));
#2057=CARTESIAN_POINT('',(3.3235,5.21097976460419E-14,0.812500000000008));
#2058=CARTESIAN_POINT('',(3.3235,-0.758567187135676,0.76785714285715));
#2059=CARTESIAN_POINT('',(2.9943700324737,-1.44201260695719,0.723214285714292));
#2060=CARTESIAN_POINT('',(2.66524006494741,-2.12545802677871,0.678571428571435));
#2061=CARTESIAN_POINT('',(2.07216835647749,-2.59841693198251,0.633928571428577));
#2062=CARTESIAN_POINT('',(1.47909664800763,-3.07137583718624,0.589285714285719));
#2063=CARTESIAN_POINT('',(0.73954832400385,-3.24017291613628,0.544642857142862));
#2064=CARTESIAN_POINT('',(-2.50634757621548E-14,-3.40896999508633,0.500000000000007));
#2065=CARTESIAN_POINT('',(-0.739548324003806,-3.24017291613629,0.45535714285715));
#2066=CARTESIAN_POINT('',(-1.47909664800759,-3.07137583718626,0.410714285714292));
#2067=CARTESIAN_POINT('',(-2.07216835647745,-2.59841693198254,0.366071428571434));
#2068=CARTESIAN_POINT('',(-2.66524006494738,-2.12545802677874,0.321428571428577));
#2069=CARTESIAN_POINT('',(-2.99437003247368,-1.44201260695723,0.276785714285719));
#2070=CARTESIAN_POINT('',(-3.32349999999999,-0.758567187135722,0.232142857142865));
#2071=CARTESIAN_POINT('',(-3.3235,6.52041054772877E-15,0.187500000000007));
#2072=CARTESIAN_POINT('',(-3.32350000000001,0.75856718713564,0.142857142857149));
#2073=CARTESIAN_POINT('',(-2.99437003247371,1.44201260695716,0.0982142857142917));
#2074=CARTESIAN_POINT('',(-2.66524006494737,2.12545802677876,0.0535714285714341));
#2075=CARTESIAN_POINT('',(-2.07216835647751,2.59841693198249,0.00892857142857639));
#2076=CARTESIAN_POINT('',(-1.47909664800767,3.07137583718623,-0.0357142857142813));
#2077=CARTESIAN_POINT('',(-0.739548324003793,3.24017291613629,-0.0803571428571355));
#2078=CARTESIAN_POINT('',(-1.16872856536235E-14,3.40896999508633,-0.124999999999993));
#2079=CARTESIAN_POINT('',(0.739548324003771,3.2401729161363,-0.169642857142851));
#2080=CARTESIAN_POINT('',(1.47909664800764,3.07137583718624,-0.214285714285709));
#2081=CARTESIAN_POINT('',(2.0721683564775,2.5984169319825,-0.258928571428566));
#2082=CARTESIAN_POINT('',(2.66524006494736,2.12545802677877,-0.303571428571424));
#2083=CARTESIAN_POINT('',(2.9943700324737,1.44201260695718,-0.348214285714278));
#2084=CARTESIAN_POINT('',(3.3235,0.758567187135663,-0.392857142857136));
#2085=CARTESIAN_POINT('',(3.3235,2.93089325504483E-14,-0.437499999999993));
#2086=CARTESIAN_POINT('',(3.32350000000001,-0.758567187135604,-0.482142857142851));
#2087=CARTESIAN_POINT('',(2.99437003247369,-1.44201260695721,-0.526785714285709));
#2088=CARTESIAN_POINT('',(2.6652400649474,-2.12545802677873,-0.571428571428567));
#2089=CARTESIAN_POINT('',(2.07216835647754,-2.59841693198246,-0.616071428571421));
#2090=CARTESIAN_POINT('',(1.47909664800761,-3.07137583718625,-0.660714285714278));
#2091=CARTESIAN_POINT('',(0.739548324003828,-3.24017291613629,-0.705357142857136));
#2092=CARTESIAN_POINT('',(4.84380470694018E-14,-3.40896999508633,-0.749999999999994));
#2093=CARTESIAN_POINT('',(-0.739548324003828,-3.24017291613629,-0.794642857142851));
#2094=CARTESIAN_POINT('',(-1.47909664800761,-3.07137583718625,-0.839285714285709));
#2095=CARTESIAN_POINT('',(-2.07216835647747,-2.59841693198252,-0.883928571428567));
#2096=CARTESIAN_POINT('',(-2.6652400649474,-2.12545802677873,-0.928571428571421));
#2097=CARTESIAN_POINT('',(-2.99437003247369,-1.44201260695721,-0.973214285714279));
#2098=CARTESIAN_POINT('',(-3.32349999999999,-0.758567187135699,-1.01785714285714));
#2099=CARTESIAN_POINT('',(-3.3235,-6.51382756486253E-14,-1.06249999999999));
#2100=CARTESIAN_POINT('',(-3.3235,0.758567187135663,-1.10714285714285));
#2101=CARTESIAN_POINT('',(-2.9943700324737,1.44201260695718,-1.15178571428571));
#2102=CARTESIAN_POINT('',(-2.66524006494742,2.1254580267787,-1.19642857142856));
#2103=CARTESIAN_POINT('',(-2.0721683564775,2.5984169319825,-1.24107142857142));
#2104=CARTESIAN_POINT('',(-1.47909664800764,3.07137583718624,-1.28571428571428));
#2105=CARTESIAN_POINT('',(-0.739548324003863,3.24017291613628,-1.33035714285714));
#2106=CARTESIAN_POINT('',(1.16999461721295E-14,3.40896999508633,-1.37499999999999));
#2107=CARTESIAN_POINT('',(0.739548324003793,3.24017291613629,-1.41964285714285));
#2108=CARTESIAN_POINT('',(1.47909664800758,3.07137583718627,-1.46428571428571));
#2109=CARTESIAN_POINT('',(2.07216835647751,2.59841693198249,-1.50892857142856));
#2110=CARTESIAN_POINT('',(2.66524006494737,2.12545802677876,-1.55357142857142));
#2111=CARTESIAN_POINT('',(2.99437003247367,1.44201260695724,-1.59821428571428));
#2112=CARTESIAN_POINT('',(3.32350000000001,0.75856718713564,-1.64285714285714));
#2113=CARTESIAN_POINT('',(3.3235,6.50806745485456E-15,-1.68749999999999));
#2114=CARTESIAN_POINT('',(3.32350000000001,-0.758567187135627,-1.73214285714285));
#2115=CARTESIAN_POINT('',(2.99437003247368,-1.44201260695723,-1.77678571428571));
#2116=CARTESIAN_POINT('',(2.66524006494738,-2.12545802677874,-1.82142857142856));
#2117=CARTESIAN_POINT('',(2.07216835647752,-2.59841693198248,-1.86607142857142));
#2118=CARTESIAN_POINT('',(1.47909664800768,-3.07137583718622,-1.91071428571428));
#2119=CARTESIAN_POINT('',(0.739548324003806,-3.24017291613629,-1.95535714285714));
#2120=CARTESIAN_POINT('',(2.50508152436487E-14,-3.40896999508633,-1.99999999999999));
#2121=CARTESIAN_POINT('',(-0.739548324003758,-3.2401729161363,-2.04464285714285));
#2122=CARTESIAN_POINT('',(-1.47909664800763,-3.07137583718624,-2.08928571428571));
#2123=CARTESIAN_POINT('',(-2.07216835647749,-2.59841693198251,-2.13392857142856));
#2124=CARTESIAN_POINT('',(-2.66524006494735,-2.12545802677878,-2.17857142857142));
#2125=CARTESIAN_POINT('',(-2.9943700324737,-1.44201260695719,-2.22321428571428));
#2126=CARTESIAN_POINT('',(-3.3235,-0.758567187135676,-2.26785714285714));
#2127=CARTESIAN_POINT('',(-3.3235,-4.23374105530316E-14,-2.3125));
#2128=CARTESIAN_POINT('',(-3.32349999999999,0.758567187135686,-2.35714285714285));
#2129=CARTESIAN_POINT('',(-2.99437003247369,1.4420126069572,-2.40178571428571));
#2130=CARTESIAN_POINT('',(-2.6652400649474,2.12545802677872,-2.44642857142856));
#2131=CARTESIAN_POINT('',(-2.07216835647755,2.59841693198246,-2.49107142857142));
#2132=CARTESIAN_POINT('',(-1.47909664800762,3.07137583718625,-2.53571428571428));
#2133=CARTESIAN_POINT('',(-0.739548324003841,3.24017291613628,-2.58035714285714));
#2134=CARTESIAN_POINT('',(-6.1801576659427E-14,3.40896999508633,-2.625));
#2135=CARTESIAN_POINT('',(0.739548324003816,3.24017291613629,-2.66964285714285));
#2136=CARTESIAN_POINT('',(1.4790966480076,3.07137583718626,-2.71428571428571));
#2137=CARTESIAN_POINT('',(2.07216835647746,2.59841693198253,-2.75892857142856));
#2138=CARTESIAN_POINT('',(2.66524006494739,2.12545802677874,-2.80357142857142));
#2139=CARTESIAN_POINT('',(2.99437003247368,1.44201260695722,-2.84821428571428));
#2140=CARTESIAN_POINT('',(3.32349999999999,0.758567187135712,-2.89285714285714));
#2141=CARTESIAN_POINT('',(3.3235,-1.62927976407391E-14,-2.93749999999999));
#2142=CARTESIAN_POINT('',(3.3235,-0.75856718713565,-2.98214285714285));
#2143=CARTESIAN_POINT('',(2.99437003247371,-1.44201260695717,-3.02678571428571));
#2144=CARTESIAN_POINT('',(2.66524006494737,-2.12545802677876,-3.07142857142857));
#2145=CARTESIAN_POINT('',(2.07216835647751,-2.59841693198249,-3.11607142857142));
#2146=CARTESIAN_POINT('',(1.47909664800766,-3.07137583718623,-3.16071428571428));
#2147=CARTESIAN_POINT('',(0.739548324003784,-3.2401729161363,-3.20535714285714));
#2148=CARTESIAN_POINT('',(1.66358341789573E-15,-3.40896999508633,-3.24999999999999));
#2149=CARTESIAN_POINT('',(-0.739548324003781,-3.2401729161363,-3.29464285714285));
#2150=CARTESIAN_POINT('',(-1.47909664800757,-3.07137583718628,-3.33928571428571));
#2151=CARTESIAN_POINT('',(-2.0721683564775,-2.59841693198249,-3.38392857142857));
#2152=CARTESIAN_POINT('',(-2.66524006494736,-2.12545802677877,-3.42857142857142));
#2153=CARTESIAN_POINT('',(-2.99437003247367,-1.44201260695725,-3.47321428571428));
#2154=CARTESIAN_POINT('',(-3.3235,-0.758567187135653,-3.51785714285714));
#2155=CARTESIAN_POINT('',(-3.3235,-1.95365454574379E-14,-3.56249999999999));
#2156=CARTESIAN_POINT('',(-3.32350000000001,0.758567187135614,-3.60714285714285));
#2157=CARTESIAN_POINT('',(-2.99437003247368,1.44201260695722,-3.65178571428571));
#2158=CARTESIAN_POINT('',(-2.66524006494739,2.12545802677873,-3.69642857142857));
#2159=CARTESIAN_POINT('',(-2.07216835647753,2.59841693198247,-3.74107142857142));
#2160=CARTESIAN_POINT('',(-1.4790966480076,3.07137583718626,-3.78571428571428));
#2161=CARTESIAN_POINT('',(-0.739548324003819,3.24017291613629,-3.83035714285714));
#2162=CARTESIAN_POINT('',(-3.8414344833674E-14,3.40896999508633,-3.87499999999999));
#2163=CARTESIAN_POINT('',(0.739548324003746,3.24017291613631,-3.91964285714285));
#2164=CARTESIAN_POINT('',(1.47909664800762,3.07137583718625,-3.96428571428571));
#2165=CARTESIAN_POINT('',(2.07216835647748,2.59841693198252,-4.00892857142857));
#2166=CARTESIAN_POINT('',(2.66524006494734,2.12545802677879,-4.05357142857142));
#2167=CARTESIAN_POINT('',(2.99437003247369,1.4420126069572,-4.09821428571428));
#2168=CARTESIAN_POINT('',(3.32349999999999,0.758567187135689,-4.14285714285714));
#2169=CARTESIAN_POINT('',(3.3235,5.53658885556149E-14,-4.18749999999999));
#2170=CARTESIAN_POINT('',(3.3235,-0.758567187135673,-4.23214285714285));
#2171=CARTESIAN_POINT('',(2.9943700324737,-1.44201260695719,-4.27678571428571));
#2172=CARTESIAN_POINT('',(2.66524006494741,-2.12545802677871,-4.32142857142857));
#2173=CARTESIAN_POINT('',(2.07216835647749,-2.59841693198251,-4.36607142857142));
#2174=CARTESIAN_POINT('',(1.47909664800763,-3.07137583718624,-4.41071428571428));
#2175=CARTESIAN_POINT('',(0.739548324003854,-3.24017291613628,-4.45535714285714));
#2176=CARTESIAN_POINT('',(-2.17236484078573E-14,-3.40896999508633,-4.49999999999999));
#2177=CARTESIAN_POINT('',(-0.739548324003803,-3.24017291613629,-4.54464285714285));
#2178=CARTESIAN_POINT('',(-1.47909664800759,-3.07137583718627,-4.58928571428571));
#2179=CARTESIAN_POINT('',(-2.07216835647752,-2.59841693198248,-4.63392857142857));
#2180=CARTESIAN_POINT('',(-2.66524006494738,-2.12545802677875,-4.67857142857142));
#2181=CARTESIAN_POINT('',(-2.99437003247368,-1.44201260695723,-4.72321428571428));
#2182=CARTESIAN_POINT('',(-3.32349999999999,-0.758567187135725,-4.76785714285714));
#2183=CARTESIAN_POINT('',(-3.3235,3.26431963815579E-15,-4.81249999999999));
#2184=CARTESIAN_POINT('',(-3.32350000000001,0.758567187135637,-4.85714285714285));
#2185=CARTESIAN_POINT('',(-2.99437003247371,1.44201260695715,-4.90178571428571));
#2186=CARTESIAN_POINT('',(-2.66524006494737,2.12545802677875,-4.94642857142856));
#2187=CARTESIAN_POINT('',(-2.07216835647752,2.59841693198248,-4.99107142857142));
#2188=CARTESIAN_POINT('',(-1.47909664800767,3.07137583718623,-5.03571428571428));
#2189=CARTESIAN_POINT('',(-0.739548324003796,3.24017291613629,-5.08035714285714));
#2190=CARTESIAN_POINT('',(-1.5027113007921E-14,3.40896999508633,-5.12499999999999));
#2191=CARTESIAN_POINT('',(0.739548324003768,3.2401729161363,-5.16964285714285));
#2192=CARTESIAN_POINT('',(1.47909664800764,3.07137583718624,-5.21428571428571));
#2193=CARTESIAN_POINT('',(2.07216835647749,2.5984169319825,-5.25892857142856));
#2194=CARTESIAN_POINT('',(2.66524006494736,2.12545802677878,-5.30357142857143));
#2195=CARTESIAN_POINT('',(2.99437003247366,1.44201260695727,-5.34821428571428));
#2196=CARTESIAN_POINT('',(3.3235,0.758567187135666,-5.39285714285713));
#2197=CARTESIAN_POINT('',(3.3235,3.25650234600212E-14,-5.43749999999999));
#2198=CARTESIAN_POINT('',(3.32350000000001,-0.758567187135601,-5.48214285714285));
#2199=CARTESIAN_POINT('',(2.99437003247369,-1.44201260695721,-5.52678571428571));
#2200=CARTESIAN_POINT('',(2.6652400649474,-2.12545802677872,-5.57142857142856));
#2201=CARTESIAN_POINT('',(2.07216835647755,-2.59841693198246,-5.61607142857143));
#2202=CARTESIAN_POINT('',(1.47909664800761,-3.07137583718625,-5.66071428571428));
#2203=CARTESIAN_POINT('',(0.739548324003831,-3.24017291613629,-5.70535714285713));
#2204=CARTESIAN_POINT('',(5.17778744236992E-14,-3.40896999508633,-5.74999999999999));
#2205=CARTESIAN_POINT('',(-0.739548324003825,-3.24017291613629,-5.79464285714285));
#2206=CARTESIAN_POINT('',(-1.47909664800761,-3.07137583718626,-5.83928571428571));
#2207=CARTESIAN_POINT('',(-2.07216835647747,-2.59841693198253,-5.88392857142856));
#2208=CARTESIAN_POINT('',(-2.66524006494739,-2.12545802677873,-5.92857142857143));
#2209=CARTESIAN_POINT('',(-2.99437003247369,-1.44201260695721,-5.97321428571428));
#2210=CARTESIAN_POINT('',(-3.32349999999999,-0.758567187135702,-6.01785714285713));
#2211=CARTESIAN_POINT('',(-3.3235,2.60651847337495E-14,-6.06249999999999));
#2212=CARTESIAN_POINT('',(-3.3235,0.75856718713566,-6.10714285714285));
#2213=CARTESIAN_POINT('',(-2.9943700324737,1.44201260695717,-6.15178571428571));
#2214=CARTESIAN_POINT('',(-2.66524006494742,2.1254580267787,-6.19642857142856));
#2215=CARTESIAN_POINT('',(-2.0721683564775,2.5984169319825,-6.24107142857143));
#2216=CARTESIAN_POINT('',(-1.47909664800765,3.07137583718624,-6.28571428571428));
#2217=CARTESIAN_POINT('',(-0.739548324003866,3.24017291613628,-6.33035714285713));
#2218=CARTESIAN_POINT('',(8.36011881783204E-15,3.40896999508633,-6.375));
#2219=CARTESIAN_POINT('',(0.73954832400379,3.2401729161363,-6.41964285714285));
#2220=CARTESIAN_POINT('',(1.47909664800757,3.07137583718627,-6.46428571428571));
#2221=CARTESIAN_POINT('',(2.07216835647751,2.59841693198249,-6.50892857142856));
#2222=CARTESIAN_POINT('',(2.66524006494737,2.12545802677876,-6.55357142857142));
#2223=CARTESIAN_POINT('',(2.99437003247367,1.44201260695724,-6.59821428571428));
#2224=CARTESIAN_POINT('',(3.3235,0.758567187135644,-6.64285714285713));
#2225=CARTESIAN_POINT('',(3.3235,9.76415836442754E-15,-6.6875));
#2226=CARTESIAN_POINT('',(3.32350000000001,-0.758567187135624,-6.73214285714285));
#2227=CARTESIAN_POINT('',(2.99437003247372,-1.44201260695714,-6.77678571428571));
#2228=CARTESIAN_POINT('',(2.66524006494738,-2.12545802677874,-6.82142857142856));
#2229=CARTESIAN_POINT('',(2.07216835647753,-2.59841693198248,-6.86607142857142));
#2230=CARTESIAN_POINT('',(1.47909664800768,-3.07137583718622,-6.91071428571428));
#2231=CARTESIAN_POINT('',(0.739548324003809,-3.24017291613629,-6.95535714285713));
#2232=CARTESIAN_POINT('',(2.83906425979462E-14,-3.40896999508633,-7.));
#2233=CARTESIAN_POINT('',(-0.739548324003755,-3.2401729161363,-7.04464285714285));
#2234=CARTESIAN_POINT('',(-1.47909664800763,-3.07137583718624,-7.08928571428571));
#2235=CARTESIAN_POINT('',(-2.07216835647748,-2.59841693198251,-7.13392857142856));
#2236=CARTESIAN_POINT('',(-2.66524006494735,-2.12545802677879,-7.17857142857142));
#2237=CARTESIAN_POINT('',(-2.9943700324737,-1.44201260695719,-7.22321428571428));
#2238=CARTESIAN_POINT('',(-3.3235,-0.758567187135679,-7.26785714285714));
#2239=CARTESIAN_POINT('',(-3.3235,-4.55935014626046E-14,-7.3125));
#2240=CARTESIAN_POINT('',(-3.3235,0.758567187135683,-7.35714285714285));
#2241=CARTESIAN_POINT('',(-2.99437003247369,1.4420126069572,-7.40178571428571));
#2242=CARTESIAN_POINT('',(-2.66524006494741,2.12545802677871,-7.44642857142857));
#2243=CARTESIAN_POINT('',(-2.07216835647748,2.59841693198251,-7.49107142857142));
#2244=CARTESIAN_POINT('',(-1.47909664800763,3.07137583718625,-7.53571428571428));
#2245=CARTESIAN_POINT('',(-0.739548324003844,3.24017291613628,-7.58035714285714));
#2246=CARTESIAN_POINT('',(-6.51414040137245E-14,3.40896999508633,-7.625));
#2247=CARTESIAN_POINT('',(0.739548324003812,3.24017291613629,-7.66964285714285));
#2248=CARTESIAN_POINT('',(1.4790966480076,3.07137583718626,-7.7142857142857));
#2249=CARTESIAN_POINT('',(2.07216835647746,2.59841693198253,-7.75892857142857));
#2250=CARTESIAN_POINT('',(2.66524006494738,2.12545802677874,-7.80357142857142));
#2251=CARTESIAN_POINT('',(2.99437003247368,1.44201260695722,-7.84821428571428));
#2252=CARTESIAN_POINT('',(3.32349999999999,0.758567187135715,-7.89285714285714));
#2253=CARTESIAN_POINT('',(3.3235,-1.30367067311661E-14,-7.9375));
#2254=CARTESIAN_POINT('',(3.3235,-0.758567187135647,-7.98214285714285));
#2255=CARTESIAN_POINT('',(2.99437003247371,-1.44201260695716,-8.0267857142857));
#2256=CARTESIAN_POINT('',(2.66524006494737,-2.12545802677876,-8.07142857142857));
#2257=CARTESIAN_POINT('',(2.07216835647751,-2.59841693198249,-8.11607142857142));
#2258=CARTESIAN_POINT('',(1.47909664800766,-3.07137583718623,-8.16071428571428));
#2259=CARTESIAN_POINT('',(0.739548324003879,-3.24017291613628,-8.20535714285714));
#2260=CARTESIAN_POINT('',(5.00341077219321E-15,-3.40896999508633,-8.25));
#2261=CARTESIAN_POINT('',(-0.739548324003777,-3.2401729161363,-8.29464285714285));
#2262=CARTESIAN_POINT('',(-1.47909664800756,-3.07137583718628,-8.3392857142857));
#2263=CARTESIAN_POINT('',(-2.0721683564775,-2.5984169319825,-8.38392857142857));
#2264=CARTESIAN_POINT('',(-2.66524006494736,-2.12545802677877,-8.42857142857142));
#2265=CARTESIAN_POINT('',(-2.99437003247366,-1.44201260695726,-8.47321428571428));
#2266=CARTESIAN_POINT('',(-3.3235,-0.758567187135657,-8.51785714285714));
#2267=CARTESIAN_POINT('',(-3.3235,-2.27926363670109E-14,-8.5625));
#2268=CARTESIAN_POINT('',(-3.32350000000001,0.758567187135611,-8.60714285714285));
#2269=CARTESIAN_POINT('',(-2.99437003247368,1.44201260695722,-8.65178571428571));
#2270=CARTESIAN_POINT('',(-2.66524006494739,2.12545802677873,-8.69642857142857));
#2271=CARTESIAN_POINT('',(-2.07216835647754,2.59841693198247,-8.74107142857142));
#2272=CARTESIAN_POINT('',(-1.4790966480076,3.07137583718626,-8.78571428571428));
#2273=CARTESIAN_POINT('',(-0.739548324003822,3.24017291613629,-8.83035714285714));
#2274=CARTESIAN_POINT('',(-4.17541721879715E-14,3.40896999508633,-8.87499999999999));
#2275=CARTESIAN_POINT('',(0.739548324003835,3.24017291613629,-8.91964285714285));
#2276=CARTESIAN_POINT('',(1.47909664800762,3.07137583718625,-8.96428571428571));
#2277=CARTESIAN_POINT('',(2.07216835647747,2.59841693198252,-9.00892857142857));
#2278=CARTESIAN_POINT('',(2.66524006494734,2.1254580267788,-9.05357142857142));
#2279=CARTESIAN_POINT('',(2.99437003247369,1.4420126069572,-9.09821428571428));
#2280=CARTESIAN_POINT('',(3.32349999999999,0.758567187135692,-9.14285714285714));
#2281=CARTESIAN_POINT('',(3.3235,5.86219794651879E-14,-9.18749999999999));
#2282=CARTESIAN_POINT('',(3.3235,-0.75856718713567,-9.23214285714285));
#2283=CARTESIAN_POINT('',(2.9943700324737,-1.44201260695718,-9.27678571428571));
#2284=CARTESIAN_POINT('',(2.66524006494741,-2.1254580267787,-9.32142857142857));
#2285=CARTESIAN_POINT('',(2.07216835647749,-2.5984169319825,-9.36607142857142));
#2286=CARTESIAN_POINT('',(1.47909664800764,-3.07137583718624,-9.41071428571428));
#2287=CARTESIAN_POINT('',(0.739548324003857,-3.24017291613628,-9.45535714285714));
#2288=CARTESIAN_POINT('',(-1.83838210535598E-14,-3.40896999508633,-9.49999999999999));
#2289=CARTESIAN_POINT('',(-0.7395483240038,-3.24017291613629,-9.54464285714285));
#2290=CARTESIAN_POINT('',(-1.47909664800758,-3.07137583718627,-9.58928571428571));
#2291=CARTESIAN_POINT('',(-2.07216835647745,-2.59841693198254,-9.63392857142857));
#2292=CARTESIAN_POINT('',(-2.66524006494738,-2.12545802677875,-9.67857142857142));
#2293=CARTESIAN_POINT('',(-2.99437003247367,-1.44201260695724,-9.72321428571428));
#2294=CARTESIAN_POINT('',(-3.32349999999999,-0.758567187135728,-9.76785714285714));
#2295=CARTESIAN_POINT('',(-3.3235,8.22872858280563E-18,-9.81249999999999));
#2296=CARTESIAN_POINT('',(-3.32350000000001,0.758567187135634,-9.85714285714285));
#2297=CARTESIAN_POINT('',(-2.99437003247372,1.44201260695715,-9.90178571428571));
#2298=CARTESIAN_POINT('',(-2.66524006494738,2.12545802677875,-9.94642857142857));
#2299=CARTESIAN_POINT('',(-2.07216835647752,2.59841693198248,-9.99107142857142));
#2300=CARTESIAN_POINT('',(-1.47909664800767,3.07137583718622,-10.0357142857143));
#2301=CARTESIAN_POINT('',(-0.7395483240038,3.24017291613629,-10.0803571428571));
#2302=CARTESIAN_POINT('',(-1.83669403622185E-14,3.40896999508633,-10.125));
#2303=CARTESIAN_POINT('',(0.739548324003765,3.2401729161363,-10.1696428571429));
#2304=CARTESIAN_POINT('',(1.47909664800764,3.07137583718624,-10.2142857142857));
#2305=CARTESIAN_POINT('',(2.07216835647749,2.5984169319825,-10.2589285714286));
#2306=CARTESIAN_POINT('',(2.66524006494735,2.12545802677878,-10.3035714285714));
#2307=CARTESIAN_POINT('',(2.9943700324737,1.44201260695718,-10.3482142857143));
#2308=CARTESIAN_POINT('',(3.3235,0.75856718713567,-10.3928571428571));
#2309=CARTESIAN_POINT('',(3.3235,3.58211143695942E-14,-10.4375));
#2310=CARTESIAN_POINT('',(3.32350000000001,-0.758567187135598,-10.4821428571429));
#2311=CARTESIAN_POINT('',(2.99437003247369,-1.4420126069572,-10.5267857142857));
#2312=CARTESIAN_POINT('',(2.6652400649474,-2.12545802677872,-10.5714285714286));
#2313=CARTESIAN_POINT('',(2.07216835647755,-2.59841693198246,-10.6160714285714));
#2314=CARTESIAN_POINT('',(1.47909664800762,-3.07137583718625,-10.6607142857143));
#2315=CARTESIAN_POINT('',(0.739548324003835,-3.24017291613629,-10.7053571428571));
#2316=CARTESIAN_POINT('',(5.51177017779967E-14,-3.40896999508633,-10.75));
#2317=CARTESIAN_POINT('',(-0.739548324003822,-3.24017291613629,-10.7946428571429));
#2318=CARTESIAN_POINT('',(-1.4790966480076,-3.07137583718626,-10.8392857142857));
#2319=CARTESIAN_POINT('',(-2.07216835647746,-2.59841693198253,-10.8839285714286));
#2320=CARTESIAN_POINT('',(-2.66524006494739,-2.12545802677873,-10.9285714285714));
#2321=CARTESIAN_POINT('',(-2.99437003247368,-1.44201260695722,-10.9732142857143));
#2322=CARTESIAN_POINT('',(-3.32349999999999,-0.758567187135705,-11.0178571428571));
#2323=CARTESIAN_POINT('',(-3.3235,-7.16504574677712E-14,-11.0625));
#2324=CARTESIAN_POINT('',(-3.3235,0.758567187135657,-11.1071428571429));
#2325=CARTESIAN_POINT('',(-2.99437003247371,1.44201260695717,-11.1517857142857));
#2326=CARTESIAN_POINT('',(-2.66524006494742,2.12545802677869,-11.1964285714286));
#2327=CARTESIAN_POINT('',(-2.0721683564775,2.5984169319825,-11.2410714285714));
#2328=CARTESIAN_POINT('',(-1.47909664800765,3.07137583718623,-11.2857142857143));
#2329=CARTESIAN_POINT('',(-0.739548324003869,3.24017291613628,-11.3303571428571));
#2330=CARTESIAN_POINT('',(5.02029146353456E-15,3.40896999508633,-11.375));
#2331=CARTESIAN_POINT('',(0.739548324003787,3.2401729161363,-11.4196428571429));
#2332=CARTESIAN_POINT('',(1.47909664800757,3.07137583718627,-11.4642857142857));
#2333=CARTESIAN_POINT('',(2.07216835647751,2.59841693198249,-11.5089285714286));
#2334=CARTESIAN_POINT('',(2.66524006494737,2.12545802677876,-11.5535714285714));
#2335=CARTESIAN_POINT('',(2.99437003247367,1.44201260695725,-11.5982142857143));
#2336=CARTESIAN_POINT('',(3.3235,0.758567187135647,-11.6428571428571));
#2337=CARTESIAN_POINT('',(3.3235,1.30202492740005E-14,-11.6875));
#2338=CARTESIAN_POINT('',(3.32350000000001,-0.758567187135621,-11.7321428571429));
#2339=CARTESIAN_POINT('',(2.99437003247368,-1.44201260695722,-11.7767857142857));
#2340=CARTESIAN_POINT('',(2.66524006494738,-2.12545802677874,-11.8214285714286));
#2341=CARTESIAN_POINT('',(2.07216835647753,-2.59841693198247,-11.8660714285714));
#2342=CARTESIAN_POINT('',(1.47909664800768,-3.07137583718622,-11.9107142857143));
#2343=CARTESIAN_POINT('',(0.739548324003812,-3.24017291613629,-11.9553571428571));
#2344=CARTESIAN_POINT('',(3.17304699522437E-14,-3.40896999508633,-12.));
#2345=CARTESIAN_POINT('',(-0.739548324003752,-3.2401729161363,-12.0446428571428));
#2346=CARTESIAN_POINT('',(-1.47909664800763,-3.07137583718625,-12.0892857142857));
#2347=CARTESIAN_POINT('',(-2.07216835647748,-2.59841693198251,-12.1339285714286));
#2348=CARTESIAN_POINT('',(-2.66524006494735,-2.12545802677879,-12.1785714285714));
#2349=CARTESIAN_POINT('',(-2.99437003247369,-1.4420126069572,-12.2232142857143));
#2350=CARTESIAN_POINT('',(-3.3235,-0.758567187135683,-12.2678571428571));
#2351=CARTESIAN_POINT('',(-3.3235,-4.88495923721775E-14,-12.3125));
#2352=CARTESIAN_POINT('',(-3.3235,0.758567187135679,-12.3571428571428));
#2353=CARTESIAN_POINT('',(-2.9943700324737,1.44201260695719,-12.4017857142857));
#2354=CARTESIAN_POINT('',(-2.66524006494741,2.12545802677871,-12.4464285714286));
#2355=CARTESIAN_POINT('',(-2.07216835647756,2.59841693198245,-12.4910714285714));
#2356=CARTESIAN_POINT('',(-1.47909664800763,3.07137583718624,-12.5357142857143));
#2357=CARTESIAN_POINT('',(-0.739548324003847,3.24017291613628,-12.5803571428571));
#2358=CARTESIAN_POINT('',(-6.8481231368022E-14,3.40896999508633,-12.625));
#2359=CARTESIAN_POINT('',(0.739548324003809,3.24017291613629,-12.6696428571428));
#2360=CARTESIAN_POINT('',(1.47909664800759,3.07137583718626,-12.7142857142857));
#2361=CARTESIAN_POINT('',(2.07216835647745,2.59841693198253,-12.7589285714286));
#2362=CARTESIAN_POINT('',(2.66524006494738,2.12545802677874,-12.8035714285714));
#2363=CARTESIAN_POINT('',(2.99437003247368,1.44201260695723,-12.8482142857143));
#2364=CARTESIAN_POINT('',(3.32349999999999,0.758567187135718,-12.8928571428571));
#2365=CARTESIAN_POINT('',(3.3235,-9.78061582159316E-15,-12.9375));
#2366=CARTESIAN_POINT('',(3.3235,-0.758567187135644,-12.9821428571428));
#2367=CARTESIAN_POINT('',(2.99437003247371,-1.44201260695716,-13.0267857142857));
#2368=CARTESIAN_POINT('',(2.66524006494737,-2.12545802677876,-13.0714285714286));
#2369=CARTESIAN_POINT('',(2.07216835647751,-2.59841693198249,-13.1160714285714));
#2370=CARTESIAN_POINT('',(1.47909664800766,-3.07137583718623,-13.1607142857143));
#2371=CARTESIAN_POINT('',(0.73954832400379,-3.2401729161363,-13.2053571428571));
#2372=CARTESIAN_POINT('',(8.34323812649068E-15,-3.40896999508633,-13.25));
#2373=CARTESIAN_POINT('',(-0.739548324003774,-3.2401729161363,-13.2946428571428));
#2374=CARTESIAN_POINT('',(-1.47909664800756,-3.07137583718628,-13.3392857142857));
#2375=CARTESIAN_POINT('',(-2.0721683564775,-2.5984169319825,-13.3839285714286));
#2376=CARTESIAN_POINT('',(-2.66524006494736,-2.12545802677877,-13.4285714285714));
#2377=CARTESIAN_POINT('',(-2.99437003247366,-1.44201260695726,-13.4732142857143));
#2378=CARTESIAN_POINT('',(-3.3235,-0.75856718713566,-13.5178571428571));
#2379=CARTESIAN_POINT('',(-3.3235,-2.60487272765839E-14,-13.5625));
#2380=CARTESIAN_POINT('',(-3.32350000000001,0.758567187135608,-13.6071428571428));
#2381=CARTESIAN_POINT('',(-2.99437003247369,1.44201260695721,-13.6517857142857));
#2382=CARTESIAN_POINT('',(-2.66524006494739,2.12545802677873,-13.6964285714286));
#2383=CARTESIAN_POINT('',(-2.07216835647754,2.59841693198247,-13.7410714285714));
#2384=CARTESIAN_POINT('',(-1.47909664800761,3.07137583718626,-13.7857142857143));
#2385=CARTESIAN_POINT('',(-0.739548324003825,3.24017291613629,-13.8303571428571));
#2386=CARTESIAN_POINT('',(-4.50939995422689E-14,3.40896999508633,-13.875));
#2387=CARTESIAN_POINT('',(0.739548324003739,3.24017291613631,-13.9196428571428));
#2388=CARTESIAN_POINT('',(1.47909664800761,3.07137583718625,-13.9642857142857));
#2389=CARTESIAN_POINT('',(2.07216835647747,2.59841693198252,-14.0089285714286));
#2390=CARTESIAN_POINT('',(2.66524006494734,2.1254580267788,-14.0535714285714));
#2391=CARTESIAN_POINT('',(2.99437003247369,1.44201260695721,-14.0982142857143));
#2392=CARTESIAN_POINT('',(3.32349999999999,0.758567187135696,-14.1428571428571));
#2393=CARTESIAN_POINT('',(3.3235,6.18780703747609E-14,-14.1875));
#2394=CARTESIAN_POINT('',(3.3235,-0.758567187135666,-14.2321428571428));
#2395=CARTESIAN_POINT('',(2.9943700324737,-1.44201260695718,-14.2767857142857));
#2396=CARTESIAN_POINT('',(2.66524006494742,-2.1254580267787,-14.3214285714286));
#2397=CARTESIAN_POINT('',(2.07216835647749,-2.5984169319825,-14.3660714285714));
#2398=CARTESIAN_POINT('',(1.47909664800764,-3.07137583718624,-14.4107142857143));
#2399=CARTESIAN_POINT('',(0.73954832400386,-3.24017291613628,-14.4553571428571));
#2400=CARTESIAN_POINT('',(-1.50439936992623E-14,-3.40896999508633,-14.5));
#2401=CARTESIAN_POINT('',(-0.739548324003796,-3.24017291613629,-14.5446428571429));
#2402=CARTESIAN_POINT('',(-1.47909664800758,-3.07137583718627,-14.5892857142857));
#2403=CARTESIAN_POINT('',(-2.07216835647752,-2.59841693198248,-14.6339285714286));
#2404=CARTESIAN_POINT('',(-2.66524006494737,-2.12545802677875,-14.6785714285714));
#2405=CARTESIAN_POINT('',(-2.99437003247367,-1.44201260695724,-14.7232142857143));
#2406=CARTESIAN_POINT('',(-3.32349999999998,-0.758567187135732,-14.7678571428571));
#2407=CARTESIAN_POINT('',(-3.3235,-3.24786218099018E-15,-14.8125));
#2408=CARTESIAN_POINT('',(-3.32350000000001,0.75856718713563,-14.8571428571429));
#2409=CARTESIAN_POINT('',(-2.99437003247372,1.44201260695715,-14.9017857142857));
#2410=CARTESIAN_POINT('',(-2.66524006494738,2.12545802677875,-14.9464285714286));
#2411=CARTESIAN_POINT('',(-2.07216835647752,2.59841693198248,-14.9910714285714));
#2412=CARTESIAN_POINT('',(-1.47909664800767,3.07137583718622,-15.0357142857143));
#2413=CARTESIAN_POINT('',(-0.739548324003803,3.24017291613629,-15.0803571428571));
#2414=CARTESIAN_POINT('',(-2.17067677165159E-14,3.40896999508633,-15.125));
#2415=CARTESIAN_POINT('',(0.739548324003761,3.2401729161363,-15.1696428571429));
#2416=CARTESIAN_POINT('',(1.47909664800763,3.07137583718624,-15.2142857142857));
#2417=CARTESIAN_POINT('',(2.07216835647749,2.59841693198251,-15.2589285714286));
#2418=CARTESIAN_POINT('',(2.66524006494735,2.12545802677878,-15.3035714285714));
#2419=CARTESIAN_POINT('',(2.99437003247366,1.44201260695727,-15.3482142857143));
#2420=CARTESIAN_POINT('',(3.3235,0.758567187135673,-15.3928571428571));
#2421=CARTESIAN_POINT('',(3.3235,3.90772052791672E-14,-15.4375));
#2422=CARTESIAN_POINT('',(3.32350000000002,-0.758567187135595,-15.4821428571429));
#2423=CARTESIAN_POINT('',(2.99437003247369,-1.4420126069572,-15.5267857142857));
#2424=CARTESIAN_POINT('',(2.6652400649474,-2.12545802677872,-15.5714285714286));
#2425=CARTESIAN_POINT('',(2.07216835647755,-2.59841693198246,-15.6160714285714));
#2426=CARTESIAN_POINT('',(1.47909664800762,-3.07137583718625,-15.6607142857143));
#2427=CARTESIAN_POINT('',(0.739548324003838,-3.24017291613628,-15.7053571428571));
#2428=CARTESIAN_POINT('',(5.84575291322942E-14,-3.40896999508633,-15.75));
#2429=CARTESIAN_POINT('',(-0.739548324003819,-3.24017291613629,-15.7946428571429));
#2430=CARTESIAN_POINT('',(-1.4790966480076,-3.07137583718626,-15.8392857142857));
#2431=CARTESIAN_POINT('',(-2.07216835647746,-2.59841693198253,-15.8839285714286));
#2432=CARTESIAN_POINT('',(-2.66524006494739,-2.12545802677873,-15.9285714285714));
#2433=CARTESIAN_POINT('',(-2.99437003247368,-1.44201260695722,-15.9732142857143));
#2434=CARTESIAN_POINT('',(-3.32349999999999,-0.758567187135709,-16.0178571428571));
#2435=CARTESIAN_POINT('',(-3.3235,1.95530029146035E-14,-16.0625));
#2436=CARTESIAN_POINT('',(-3.3235,0.758567187135653,-16.1071428571429));
#2437=CARTESIAN_POINT('',(-2.99437003247371,1.44201260695717,-16.1517857142857));
#2438=CARTESIAN_POINT('',(-2.66524006494742,2.12545802677869,-16.1964285714286));
#2439=CARTESIAN_POINT('',(-2.0721683564775,2.59841693198249,-16.2410714285714));
#2440=CARTESIAN_POINT('',(-1.47909664800765,3.07137583718623,-16.2857142857143));
#2441=CARTESIAN_POINT('',(-0.739548324003873,3.24017291613628,-16.3303571428571));
#2442=CARTESIAN_POINT('',(1.68046410923708E-15,3.40896999508633,-16.375));
#2443=CARTESIAN_POINT('',(0.739548324003784,3.2401729161363,-16.4196428571429));
#2444=CARTESIAN_POINT('',(1.47909664800757,3.07137583718627,-16.4642857142857));
#2445=CARTESIAN_POINT('',(2.07216835647751,2.59841693198249,-16.5089285714286));
#2446=CARTESIAN_POINT('',(2.66524006494737,2.12545802677876,-16.5535714285714));
#2447=CARTESIAN_POINT('',(2.99437003247367,1.44201260695725,-16.5982142857143));
#2448=CARTESIAN_POINT('',(3.3235,0.75856718713565,-16.6428571428571));
#2449=CARTESIAN_POINT('',(3.3235,1.62763401835735E-14,-16.6875));
#2450=CARTESIAN_POINT('',(3.32350000000001,-0.758567187135617,-16.7321428571429));
#2451=CARTESIAN_POINT('',(2.99437003247372,-1.44201260695714,-16.7767857142857));
#2452=CARTESIAN_POINT('',(2.66524006494739,-2.12545802677874,-16.8214285714286));
#2453=CARTESIAN_POINT('',(2.07216835647753,-2.59841693198247,-16.8660714285714));
#2454=CARTESIAN_POINT('',(1.47909664800769,-3.07137583718622,-16.9107142857143));
#2455=CARTESIAN_POINT('',(0.739548324003815,-3.24017291613629,-16.9553571428571));
#2456=CARTESIAN_POINT('',(3.50702973065412E-14,-3.40896999508633,-17.));
#2457=CARTESIAN_POINT('',(-0.739548324003749,-3.2401729161363,-17.0446428571429));
#2458=CARTESIAN_POINT('',(-1.47909664800762,-3.07137583718625,-17.0892857142857));
#2459=CARTESIAN_POINT('',(-2.07216835647748,-2.59841693198251,-17.1339285714286));
#2460=CARTESIAN_POINT('',(-2.66524006494734,-2.12545802677879,-17.1785714285714));
#2461=CARTESIAN_POINT('',(-2.99437003247369,-1.4420126069572,-17.2232142857143));
#2462=CARTESIAN_POINT('',(-3.32349999999999,-0.758567187135686,-17.2678571428571));
#2463=CARTESIAN_POINT('',(-3.3235,-5.21056832817505E-14,-17.3125));
#2464=CARTESIAN_POINT('',(-3.3235,0.758567187135676,-17.3571428571429));
#2465=CARTESIAN_POINT('',(-2.9943700324737,1.44201260695719,-17.4017857142857));
#2466=CARTESIAN_POINT('',(-2.66524006494741,2.12545802677871,-17.4464285714286));
#2467=CARTESIAN_POINT('',(-2.07216835647749,2.59841693198251,-17.4910714285714));
#2468=CARTESIAN_POINT('',(-1.47909664800763,3.07137583718624,-17.5357142857143));
#2469=CARTESIAN_POINT('',(-0.73954832400385,3.24017291613628,-17.5803571428571));
#2470=CARTESIAN_POINT('',(-7.18210587223194E-14,3.40896999508633,-17.625));
#2471=CARTESIAN_POINT('',(0.739548324003806,3.24017291613629,-17.6696428571429));
#2472=CARTESIAN_POINT('',(1.47909664800759,3.07137583718626,-17.7142857142857));
#2473=CARTESIAN_POINT('',(2.07216835647745,2.59841693198254,-17.7589285714286));
#2474=CARTESIAN_POINT('',(2.66524006494738,2.12545802677874,-17.8035714285714));
#2475=CARTESIAN_POINT('',(2.99437003247368,1.44201260695723,-17.8482142857143));
#2476=CARTESIAN_POINT('',(3.32349999999999,0.758567187135722,-17.8928571428571));
#2477=CARTESIAN_POINT('',(3.3235,-6.52452491202017E-15,-17.9375));
#2478=CARTESIAN_POINT('',(3.32350000000001,-0.75856718713564,-17.9821428571429));
#2479=CARTESIAN_POINT('',(2.99437003247371,-1.44201260695716,-18.0267857142857));
#2480=CARTESIAN_POINT('',(2.66524006494737,-2.12545802677876,-18.0714285714286));
#2481=CARTESIAN_POINT('',(2.07216835647751,-2.59841693198249,-18.1160714285714));
#2482=CARTESIAN_POINT('',(1.47909664800767,-3.07137583718623,-18.1607142857143));
#2483=CARTESIAN_POINT('',(0.739548324003885,-3.24017291613627,-18.2053571428571));
#2484=CARTESIAN_POINT('',(1.16830654807882E-14,-3.40896999508633,-18.25));
#2485=CARTESIAN_POINT('',(-0.739548324003771,-3.2401729161363,-18.2946428571429));
#2486=CARTESIAN_POINT('',(-1.47909664800756,-3.07137583718628,-18.3392857142857));
#2487=CARTESIAN_POINT('',(-2.0721683564775,-2.5984169319825,-18.3839285714286));
#2488=CARTESIAN_POINT('',(-2.66524006494736,-2.12545802677877,-18.4285714285714));
#2489=CARTESIAN_POINT('',(-2.99437003247366,-1.44201260695726,-18.4732142857143));
#2490=CARTESIAN_POINT('',(-3.3235,-0.758567187135663,-18.5178571428571));
#2491=CARTESIAN_POINT('',(-3.3235,-2.93048181861568E-14,-18.5625));
#2492=CARTESIAN_POINT('',(-3.32350000000001,0.758567187135604,-18.6071428571429));
#2493=CARTESIAN_POINT('',(-2.99437003247369,1.44201260695721,-18.6517857142857));
#2494=CARTESIAN_POINT('',(-2.6652400649474,2.12545802677873,-18.6964285714286));
#2495=CARTESIAN_POINT('',(-2.07216835647754,2.59841693198246,-18.7410714285714));
#2496=CARTESIAN_POINT('',(-1.47909664800761,3.07137583718625,-18.7857142857143));
#2497=CARTESIAN_POINT('',(-0.739548324003828,3.24017291613629,-18.8303571428571));
#2498=CARTESIAN_POINT('',(-4.84338268965664E-14,3.40896999508633,-18.875));
#2499=CARTESIAN_POINT('',(0.739548324003828,3.24017291613629,-18.9196428571429));
#2500=CARTESIAN_POINT('',(1.47909664800761,3.07137583718625,-18.9642857142857));
#2501=CARTESIAN_POINT('',(2.07216835647747,2.59841693198252,-19.0089285714286));
#2502=CARTESIAN_POINT('',(2.66524006494733,2.1254580267788,-19.0535714285714));
#2503=CARTESIAN_POINT('',(2.99437003247369,1.44201260695721,-19.0982142857143));
#2504=CARTESIAN_POINT('',(3.32349999999999,0.758567187135699,-19.1428571428571));
#2505=CARTESIAN_POINT('',(3.3235,6.51341612843339E-14,-19.1875));
#2506=CARTESIAN_POINT('',(3.3235,-0.758567187135663,-19.2321428571429));
#2507=CARTESIAN_POINT('',(2.9943700324737,-1.44201260695718,-19.2767857142857));
#2508=CARTESIAN_POINT('',(2.66524006494742,-2.1254580267787,-19.3214285714286));
#2509=CARTESIAN_POINT('',(2.0721683564775,-2.5984169319825,-19.3660714285714));
#2510=CARTESIAN_POINT('',(1.47909664800764,-3.07137583718624,-19.4107142857143));
#2511=CARTESIAN_POINT('',(0.739548324003863,-3.24017291613628,-19.4553571428571));
#2512=CARTESIAN_POINT('',(-1.17041663449649E-14,-3.40896999508633,-19.5));
#2513=CARTESIAN_POINT('',(-0.739548324003793,-3.24017291613629,-19.5446428571429));
#2514=CARTESIAN_POINT('',(-1.47909664800758,-3.07137583718627,-19.5892857142857));
#2515=CARTESIAN_POINT('',(-2.07216835647744,-2.59841693198255,-19.6339285714286));
#2516=CARTESIAN_POINT('',(-2.66524006494737,-2.12545802677876,-19.6785714285714));
#2517=CARTESIAN_POINT('',(-2.99437003247367,-1.44201260695724,-19.7232142857143));
#2518=CARTESIAN_POINT('',(-3.32349999999998,-0.758567187135735,-19.7678571428571));
#2519=CARTESIAN_POINT('',(-3.3235,-6.50395309056316E-15,-19.8125));
#2520=CARTESIAN_POINT('',(-3.32350000000001,0.758567187135627,-19.8571428571428));
#2521=CARTESIAN_POINT('',(-2.99437003247372,1.44201260695715,-19.9017857142857));
#2522=CARTESIAN_POINT('',(-2.66524006494738,2.12545802677874,-19.9464285714286));
#2523=CARTESIAN_POINT('',(-2.07216835647752,2.59841693198248,-19.9910714285714));
#2524=CARTESIAN_POINT('',(-1.47909664800768,3.07137583718622,-20.0357142857143));
#2525=CARTESIAN_POINT('',(-0.739548324003806,3.24017291613629,-20.0803571428571));
#2526=CARTESIAN_POINT('',(-2.50465950708134E-14,3.40896999508633,-20.125));
#2527=CARTESIAN_POINT('',(0.739548324003758,3.2401729161363,-20.1696428571428));
#2528=CARTESIAN_POINT('',(1.47909664800763,3.07137583718624,-20.2142857142857));
#2529=CARTESIAN_POINT('',(2.07216835647749,2.59841693198251,-20.2589285714286));
#2530=CARTESIAN_POINT('',(2.66524006494735,2.12545802677878,-20.3035714285714));
#2531=CARTESIAN_POINT('',(2.9943700324737,1.44201260695719,-20.3482142857143));
#2532=CARTESIAN_POINT('',(3.3235,0.758567187135676,-20.3928571428571));
#2533=CARTESIAN_POINT('',(3.3235,4.23332961887402E-14,-20.4375));
#2534=CARTESIAN_POINT('',(3.32350000000002,-0.758567187135591,-20.4821428571428));
#2535=CARTESIAN_POINT('',(2.99437003247369,-1.4420126069572,-20.5267857142857));
#2536=CARTESIAN_POINT('',(2.6652400649474,-2.12545802677872,-20.5714285714286));
#2537=CARTESIAN_POINT('',(2.07216835647755,-2.59841693198246,-20.6160714285714));
#2538=CARTESIAN_POINT('',(1.47909664800762,-3.07137583718625,-20.6607142857143));
#2539=CARTESIAN_POINT('',(0.739548324003841,-3.24017291613628,-20.7053571428571));
#2540=CARTESIAN_POINT('',(6.17973564865917E-14,-3.40896999508633,-20.75));
#2541=CARTESIAN_POINT('',(-0.739548324003816,-3.24017291613629,-20.7946428571428));
#2542=CARTESIAN_POINT('',(-1.4790966480076,-3.07137583718626,-20.8392857142857));
#2543=CARTESIAN_POINT('',(-2.07216835647746,-2.59841693198253,-20.8839285714286));
#2544=CARTESIAN_POINT('',(-2.66524006494739,-2.12545802677874,-20.9285714285714));
#2545=CARTESIAN_POINT('',(-2.99437003247368,-1.44201260695722,-20.9732142857143));
#2546=CARTESIAN_POINT('',(-3.32349999999999,-0.758567187135712,-21.0178571428571));
#2547=CARTESIAN_POINT('',(-3.3235,-7.81626392869172E-14,-21.0625));
#2548=CARTESIAN_POINT('',(-3.3235,0.75856718713565,-21.1071428571428));
#2549=CARTESIAN_POINT('',(-2.99437003247371,1.44201260695717,-21.1517857142857));
#2550=CARTESIAN_POINT('',(-2.66524006494743,2.12545802677869,-21.1964285714286));
#2551=CARTESIAN_POINT('',(-2.07216835647751,2.59841693198249,-21.2410714285714));
#2552=CARTESIAN_POINT('',(-1.47909664800766,3.07137583718623,-21.2857142857143));
#2553=CARTESIAN_POINT('',(-0.739548324003876,3.24017291613628,-21.3303571428571));
#2554=CARTESIAN_POINT('',(-1.65936324506039E-15,3.40896999508633,-21.375));
#2555=CARTESIAN_POINT('',(0.739548324003781,3.2401729161363,-21.4196428571429));
#2556=CARTESIAN_POINT('',(1.47909664800757,3.07137583718628,-21.4642857142857));
#2557=CARTESIAN_POINT('',(2.0721683564775,2.59841693198249,-21.5089285714286));
#2558=CARTESIAN_POINT('',(2.66524006494736,2.12545802677877,-21.5535714285714));
#2559=CARTESIAN_POINT('',(2.99437003247367,1.44201260695725,-21.5982142857143));
#2560=CARTESIAN_POINT('',(3.3235,0.758567187135653,-21.6428571428571));
#2561=CARTESIAN_POINT('',(3.3235,1.95324310931465E-14,-21.6875));
#2562=CARTESIAN_POINT('',(3.32350000000001,-0.758567187135614,-21.7321428571429));
#2563=CARTESIAN_POINT('',(2.99437003247368,-1.44201260695722,-21.7767857142857));
#2564=CARTESIAN_POINT('',(2.66524006494739,-2.12545802677873,-21.8214285714286));
#2565=CARTESIAN_POINT('',(2.07216835647753,-2.59841693198247,-21.8660714285714));
#2566=CARTESIAN_POINT('',(1.47909664800769,-3.07137583718622,-21.9107142857143));
#2567=CARTESIAN_POINT('',(0.739548324003819,-3.24017291613629,-21.9553571428571));
#2568=CARTESIAN_POINT('',(3.84101246608387E-14,-3.40896999508633,-22.));
#2569=CARTESIAN_POINT('',(-0.739548324003746,-3.24017291613631,-22.0446428571429));
#2570=CARTESIAN_POINT('',(-1.47909664800762,-3.07137583718625,-22.0892857142857));
#2571=CARTESIAN_POINT('',(-2.07216835647748,-2.59841693198252,-22.1339285714286));
#2572=CARTESIAN_POINT('',(-2.66524006494734,-2.12545802677879,-22.1785714285714));
#2573=CARTESIAN_POINT('',(-2.99437003247369,-1.4420126069572,-22.2232142857143));
#2574=CARTESIAN_POINT('',(-3.32349999999999,-0.758567187135689,-22.2678571428571));
#2575=CARTESIAN_POINT('',(-3.3235,-5.53617741913235E-14,-22.3125));
#2576=CARTESIAN_POINT('',(-3.3235,0.758567187135673,-22.3571428571429));
#2577=CARTESIAN_POINT('',(-2.9943700324737,1.44201260695719,-22.4017857142857));
#2578=CARTESIAN_POINT('',(-2.66524006494741,2.12545802677871,-22.4464285714286));
#2579=CARTESIAN_POINT('',(-2.07216835647756,2.59841693198245,-22.4910714285714));
#2580=CARTESIAN_POINT('',(-1.47909664800763,3.07137583718624,-22.5357142857143));
#2581=CARTESIAN_POINT('',(-0.739548324003854,3.24017291613628,-22.5803571428571));
#2582=CARTESIAN_POINT('',(-7.51608860766169E-14,3.40896999508633,-22.625));
#2583=CARTESIAN_POINT('',(0.739548324003803,3.24017291613629,-22.6696428571429));
#2584=CARTESIAN_POINT('',(1.47909664800759,3.07137583718627,-22.7142857142857));
#2585=CARTESIAN_POINT('',(2.07216835647745,2.59841693198254,-22.7589285714286));
#2586=CARTESIAN_POINT('',(2.66524006494738,2.12545802677875,-22.8035714285714));
#2587=CARTESIAN_POINT('',(2.99437003247368,1.44201260695723,-22.8482142857143));
#2588=CARTESIAN_POINT('',(3.32349999999999,0.758567187135725,-22.8928571428571));
#2589=CARTESIAN_POINT('',(3.3235,-3.26843400244719E-15,-22.9375));
#2590=CARTESIAN_POINT('',(3.32350000000001,-0.758567187135637,-22.9821428571429));
#2591=CARTESIAN_POINT('',(2.99437003247371,-1.44201260695715,-23.0267857142857));
#2592=CARTESIAN_POINT('',(2.66524006494737,-2.12545802677875,-23.0714285714286));
#2593=CARTESIAN_POINT('',(2.07216835647752,-2.59841693198248,-23.1160714285714));
#2594=CARTESIAN_POINT('',(1.47909664800767,-3.07137583718623,-23.1607142857143));
#2595=CARTESIAN_POINT('',(0.739548324003796,-3.24017291613629,-23.2053571428571));
#2596=CARTESIAN_POINT('',(1.50228928350856E-14,-3.40896999508633,-23.25));
#2597=CARTESIAN_POINT('',(-0.739548324003768,-3.2401729161363,-23.2946428571429));
#2598=CARTESIAN_POINT('',(-1.47909664800755,-3.07137583718628,-23.3392857142857));
#2599=CARTESIAN_POINT('',(-2.07216835647749,-2.5984169319825,-23.3839285714286));
#2600=CARTESIAN_POINT('',(-2.66524006494736,-2.12545802677878,-23.4285714285714));
#2601=CARTESIAN_POINT('',(-2.99437003247366,-1.44201260695727,-23.4732142857143));
#2602=CARTESIAN_POINT('',(-3.3235,-0.758567187135666,-23.5178571428571));
#2603=CARTESIAN_POINT('',(-3.3235,-3.25609090957298E-14,-23.5625));
#2604=CARTESIAN_POINT('',(-3.32350000000001,0.758567187135601,-23.6071428571429));
#2605=CARTESIAN_POINT('',(-2.99437003247369,1.44201260695721,-23.6517857142857));
#2606=CARTESIAN_POINT('',(-2.6652400649474,2.12545802677872,-23.6964285714286));
#2607=CARTESIAN_POINT('',(-2.07216835647755,2.59841693198246,-23.7410714285714));
#2608=CARTESIAN_POINT('',(-1.47909664800761,3.07137583718625,-23.7857142857143));
#2609=CARTESIAN_POINT('',(-0.739548324003831,3.24017291613629,-23.8303571428571));
#2610=CARTESIAN_POINT('',(-5.17736542508639E-14,3.40896999508633,-23.875));
#2611=CARTESIAN_POINT('',(0.739548324003733,3.24017291613631,-23.9196428571429));
#2612=CARTESIAN_POINT('',(1.47909664800761,3.07137583718626,-23.9642857142857));
#2613=CARTESIAN_POINT('',(2.07216835647747,2.59841693198253,-24.0089285714286));
#2614=CARTESIAN_POINT('',(2.66524006494733,2.12545802677881,-24.0535714285714));
#2615=CARTESIAN_POINT('',(2.99437003247369,1.44201260695721,-24.0982142857143));
#2616=CARTESIAN_POINT('',(3.32349999999999,0.758567187135702,-24.1428571428571));
#2617=CARTESIAN_POINT('',(3.3235,6.83902521939068E-14,-24.1875));
#2618=CARTESIAN_POINT('',(3.3235,-0.75856718713566,-24.2321428571429));
#2619=CARTESIAN_POINT('',(2.9943700324737,-1.44201260695717,-24.2767857142857));
#2620=CARTESIAN_POINT('',(2.66524006494742,-2.1254580267787,-24.3214285714286));
#2621=CARTESIAN_POINT('',(2.0721683564775,-2.5984169319825,-24.3660714285714));
#2622=CARTESIAN_POINT('',(1.47909664800765,-3.07137583718624,-24.4107142857143));
#2623=CARTESIAN_POINT('',(0.739548324003866,-3.24017291613628,-24.4553571428571));
#2624=CARTESIAN_POINT('',(8.85244156666422E-14,-3.40896999508633,-24.5));
#2625=CARTESIAN_POINT('',(-0.739548324003698,-3.24017291613632,-24.5446428571429));
#2626=CARTESIAN_POINT('',(-1.47909664800766,-3.07137583718623,-24.5892857142857));
#2627=CARTESIAN_POINT('',(-2.07216835647751,-2.59841693198249,-24.6339285714286));
#2628=CARTESIAN_POINT('',(-2.66524006494737,-2.12545802677876,-24.6785714285714));
#2629=CARTESIAN_POINT('',(-2.99437003247367,-1.44201260695724,-24.7232142857143));
#2630=CARTESIAN_POINT('',(-3.32349999999998,-0.758567187135738,-24.7678571428571));
#2631=CARTESIAN_POINT('',(-3.3235,-1.04219595292084E-13,-24.8125));
#2632=CARTESIAN_POINT('',(-3.32349999999999,0.758567187135718,-24.8571428571429));
#2633=CARTESIAN_POINT('',(-2.99437003247368,1.44201260695723,-24.9017857142857));
#2634=CARTESIAN_POINT('',(-2.66524006494738,2.12545802677874,-24.9464285714286));
#2635=CARTESIAN_POINT('',(-2.07216835647753,2.59841693198248,-24.9910714285714));
#2636=CARTESIAN_POINT('',(-1.47909664800768,3.07137583718622,-25.0357142857143));
#2637=CARTESIAN_POINT('',(-0.739548324003901,3.24017291613627,-25.0803571428571));
#2638=CARTESIAN_POINT('',(-1.2527517708242E-13,3.40896999508633,-25.125));
#2639=CARTESIAN_POINT('',(0.739548324003847,3.24017291613628,-25.1696428571429));
#2640=CARTESIAN_POINT('',(1.47909664800763,3.07137583718624,-25.2142857142857));
#2641=CARTESIAN_POINT('',(2.07216835647748,2.59841693198251,-25.2589285714286));
#2642=CARTESIAN_POINT('',(2.66524006494735,2.12545802677879,-25.3035714285714));
#2643=CARTESIAN_POINT('',(2.99437003247365,1.44201260695728,-25.3482142857143));
#2644=CARTESIAN_POINT('',(3.32349999999997,0.758567187135774,-25.3928571428571));
#2645=CARTESIAN_POINT('',(3.3235,-4.88701641936346E-14,-25.4375));
#2646=CARTESIAN_POINT('',(3.3235,-0.758567187135683,-25.4821428571429));
#2647=CARTESIAN_POINT('',(2.99437003247369,-1.4420126069572,-25.5267857142857));
#2648=CARTESIAN_POINT('',(2.66524006494741,-2.12545802677871,-25.5714285714286));
#2649=CARTESIAN_POINT('',(2.07216835647756,-2.59841693198245,-25.6160714285714));
#2650=CARTESIAN_POINT('',(1.47909664800771,-3.0713758371862,-25.6607142857143));
#2651=CARTESIAN_POINT('',(0.739548324003936,-3.24017291613626,-25.7053571428571));
#2652=CARTESIAN_POINT('',(-3.17515708164204E-14,-3.40896999508633,-25.75));
#2653=CARTESIAN_POINT('',(-0.739548324003812,-3.24017291613629,-25.7946428571429));
#2654=CARTESIAN_POINT('',(-1.4790966480076,-3.07137583718626,-25.8392857142857));
#2655=CARTESIAN_POINT('',(-2.07216835647746,-2.59841693198253,-25.8839285714286));
#2656=CARTESIAN_POINT('',(-2.66524006494732,-2.12545802677882,-25.9285714285714));
#2657=CARTESIAN_POINT('',(-2.99437003247364,-1.44201260695731,-25.9732142857143));
#2658=CARTESIAN_POINT('',(-3.32350000000001,-0.758567187135621,-26.0178571428571));
#2659=CARTESIAN_POINT('',(-3.3235,1.30408210954575E-14,-26.0625));
#2660=CARTESIAN_POINT('',(-3.3235,0.758567187135647,-26.1071428571429));
#2661=CARTESIAN_POINT('',(-2.99437003247371,1.44201260695716,-26.1517857142857));
#2662=CARTESIAN_POINT('',(-2.66524006494743,2.12545802677869,-26.1964285714286));
#2663=CARTESIAN_POINT('',(-2.07216835647758,2.59841693198243,-26.2410714285714));
#2664=CARTESIAN_POINT('',(-1.47909664800757,3.07137583718627,-26.2857142857143));
#2665=CARTESIAN_POINT('',(-0.739548324003787,3.2401729161363,-26.3303571428571));
#2666=CARTESIAN_POINT('',(-4.99919059935787E-15,3.40896999508633,-26.375));
#2667=CARTESIAN_POINT('',(0.739548324003777,3.2401729161363,-26.4196428571429));
#2668=CARTESIAN_POINT('',(1.47909664800756,3.07137583718628,-26.4642857142857));
#2669=CARTESIAN_POINT('',(2.07216835647743,2.59841693198256,-26.5089285714286));
#2670=CARTESIAN_POINT('',(2.6652400649473,2.12545802677884,-26.5535714285714));
#2671=CARTESIAN_POINT('',(2.99437003247371,1.44201260695717,-26.5982142857143));
#2672=CARTESIAN_POINT('',(3.3235,0.758567187135657,-26.6428571428571));
#2673=CARTESIAN_POINT('',(3.3235,2.27885220027195E-14,-26.6875));
#2674=CARTESIAN_POINT('',(3.32350000000001,-0.758567187135611,-26.7321428571429));
#2675=CARTESIAN_POINT('',(2.99437003247373,-1.44201260695713,-26.7767857142857));
#2676=CARTESIAN_POINT('',(2.66524006494745,-2.12545802677866,-26.8214285714286));
#2677=CARTESIAN_POINT('',(2.07216835647746,-2.59841693198253,-26.8660714285714));
#2678=CARTESIAN_POINT('',(1.4790966480076,-3.07137583718626,-26.9107142857143));
#2679=CARTESIAN_POINT('',(0.739548324003822,-3.24017291613629,-26.9553571428571));
#2680=CARTESIAN_POINT('',(4.17499520151361E-14,-3.40896999508633,-27.));
#2681=CARTESIAN_POINT('',(-0.739548324003742,-3.24017291613631,-27.0446428571429));
#2682=CARTESIAN_POINT('',(-1.47909664800753,-3.07137583718629,-27.0892857142857));
#2683=CARTESIAN_POINT('',(-2.07216835647755,-2.59841693198246,-27.1339285714286));
#2684=CARTESIAN_POINT('',(-2.6652400649474,-2.12545802677872,-27.1785714285714));
#2685=CARTESIAN_POINT('',(-2.99437003247369,-1.4420126069572,-27.2232142857143));
#2686=CARTESIAN_POINT('',(-3.32349999999999,-0.758567187135692,-27.2678571428571));
#2687=CARTESIAN_POINT('',(-3.3235,-5.86178651008965E-14,-27.3125));
#2688=CARTESIAN_POINT('',(0.,0.,15.5));
#2689=CARTESIAN_POINT('',(-1.17660149804949,-6.28657741684215,-17.2631254404035));
#2690=CARTESIAN_POINT('',(0.000233126975658811,-6.41917819964569,-16.7747418476643));
#2691=CARTESIAN_POINT('',(1.17566899014685,-6.2867097845751,-17.2629071689393));
#2692=CARTESIAN_POINT('',(1.66220978712576,-6.15066016300937,-18.4358265006034));
#2693=CARTESIAN_POINT('',(1.17549013174913,-6.28675117628944,-19.6132071500455));
#2694=CARTESIAN_POINT('',(0.000659531977743903,-6.4190614085154,-20.0994369958445));
#2695=CARTESIAN_POINT('',(-1.1743587584992,-6.28700300390858,-19.6140440771799));
#2696=CARTESIAN_POINT('',(-1.66225955318384,-6.15063028600081,-18.4382698916249));
#2697=CARTESIAN_POINT('',(-1.17660149804949,-6.28657741684215,-17.2631254404035));
#2698=CARTESIAN_POINT('',(0.000233126975658811,-6.41917819964569,-16.7747418476643));
#2699=CARTESIAN_POINT('',(1.17566899014685,-6.2867097845751,-17.2629071689393));
#2700=CARTESIAN_POINT('',(-5.79436639745807E-16,-6.375,-16.9375));
#2701=CARTESIAN_POINT('',(1.17660149804949,6.28657741684214,-17.2631254404035));
#2702=CARTESIAN_POINT('',(-0.000233126975660193,6.41917819964569,-16.7747418476643));
#2703=CARTESIAN_POINT('',(-1.17566899014685,6.2867097845751,-17.2629071689393));
#2704=CARTESIAN_POINT('',(-1.66220978712576,6.15066016300937,-18.4358265006034));
#2705=CARTESIAN_POINT('',(-1.17549013174913,6.28675117628944,-19.6132071500455));
#2706=CARTESIAN_POINT('',(-0.000659531977744227,6.4190614085154,-20.0994369958445));
#2707=CARTESIAN_POINT('',(1.1743587584992,6.28700300390858,-19.6140440771799));
#2708=CARTESIAN_POINT('',(1.66225955318383,6.1506302860008,-18.4382698916249));
#2709=CARTESIAN_POINT('',(1.17660149804949,6.28657741684214,-17.2631254404035));
#2710=CARTESIAN_POINT('',(-0.000233126975660193,6.41917819964569,-16.7747418476643));
#2711=CARTESIAN_POINT('',(-1.17566899014685,6.2867097845751,-17.2629071689393));
#2712=CARTESIAN_POINT('',(4.55743359610279E-16,6.375,-16.9375));
#2713=CARTESIAN_POINT('',(-1.17660149804952,-6.28657741684215,-9.8881254404035));
#2714=CARTESIAN_POINT('',(0.000233126975657727,-6.41917819964569,-9.39974184766429));
#2715=CARTESIAN_POINT('',(1.17566899014688,-6.2867097845751,-9.88790716893925));
#2716=CARTESIAN_POINT('',(1.66220978712579,-6.15066016300936,-11.0608265006034));
#2717=CARTESIAN_POINT('',(1.17549013174916,-6.28675117628944,-12.2382071500455));
#2718=CARTESIAN_POINT('',(0.000659531977743984,-6.4190614085154,-12.7244369958445));
#2719=CARTESIAN_POINT('',(-1.17435875849923,-6.28700300390857,-12.2390440771799));
#2720=CARTESIAN_POINT('',(-1.66225955318387,-6.15063028600079,-11.0632698916249));
#2721=CARTESIAN_POINT('',(-1.17660149804952,-6.28657741684215,-9.8881254404035));
#2722=CARTESIAN_POINT('',(0.000233126975657727,-6.41917819964569,-9.39974184766429));
#2723=CARTESIAN_POINT('',(1.17566899014688,-6.2867097845751,-9.88790716893925));
#2724=CARTESIAN_POINT('',(-3.51723206927624E-16,-6.375,-9.56249999999998));
#2725=CARTESIAN_POINT('',(1.17660149804952,6.28657741684214,-9.8881254404035));
#2726=CARTESIAN_POINT('',(-0.000233126975658269,6.4191781996457,-9.39974184766428));
#2727=CARTESIAN_POINT('',(-1.17566899014688,6.2867097845751,-9.88790716893925));
#2728=CARTESIAN_POINT('',(-1.66220978712579,6.15066016300935,-11.0608265006034));
#2729=CARTESIAN_POINT('',(-1.17549013174916,6.28675117628944,-12.2382071500455));
#2730=CARTESIAN_POINT('',(-0.000659531977745386,6.4190614085154,-12.7244369958445));
#2731=CARTESIAN_POINT('',(1.17435875849923,6.28700300390857,-12.2390440771799));
#2732=CARTESIAN_POINT('',(1.66225955318387,6.15063028600079,-11.063269891625));
#2733=CARTESIAN_POINT('',(1.17660149804952,6.28657741684214,-9.8881254404035));
#2734=CARTESIAN_POINT('',(-0.000233126975658269,6.4191781996457,-9.39974184766428));
#2735=CARTESIAN_POINT('',(-1.17566899014688,6.2867097845751,-9.88790716893925));
#2736=CARTESIAN_POINT('',(1.34882772430523E-16,6.375,-9.56249999999998));
#2737=CARTESIAN_POINT('',(0.,0.,20.5));
#2738=CARTESIAN_POINT('',(-6.375,0.,20.5));
#2739=CARTESIAN_POINT('',(0.,0.,-22.25));
#2740=CARTESIAN_POINT('',(6.375,0.,-22.25));
#2741=CARTESIAN_POINT('',(0.,0.,20.5));
#2742=CARTESIAN_POINT('',(0.,0.,20.5));
#2743=CARTESIAN_POINT('',(7.5,0.,20.5));
#2744=CARTESIAN_POINT('',(0.,0.,25.5));
#2745=CARTESIAN_POINT('',(7.5,0.,25.5));
#2746=CARTESIAN_POINT('',(0.,0.,20.5));
#2747=CARTESIAN_POINT('',(0.,0.,25.5));
#2748=CARTESIAN_POINT('',(0.,0.,25.5));
#2749=CARTESIAN_POINT('',(1.53239448797112,3.69491893194823,25.5));
#2750=CARTESIAN_POINT('',(3.69654916196758,1.52845774347559,25.5));
#2751=CARTESIAN_POINT('',(3.69654916196757,1.52845774347561,25.5));
#2752=CARTESIAN_POINT('',(3.87973509348329,0.94988483003856,25.5));
#2753=CARTESIAN_POINT('',(3.97448464517035,-0.274743513029572,25.5));
#2754=CARTESIAN_POINT('',(3.27213768463855,-1.98939170171872,25.5));
#2755=CARTESIAN_POINT('',(1.82707699672444,-3.1744457977833,25.5));
#2756=CARTESIAN_POINT('',(0.604546683190836,-3.38670855973163,25.5));
#2757=CARTESIAN_POINT('',(-1.33402908677773E-14,-3.3235,25.5));
#2758=CARTESIAN_POINT('',(-3.3235,0.,25.5));
#2759=CARTESIAN_POINT('',(-3.38515330429117,0.604836234809341,25.5));
#2760=CARTESIAN_POINT('',(-3.17518061569412,1.82463674847658,25.5));
#2761=CARTESIAN_POINT('',(-1.99018009512468,3.2716246558254,25.5));
#2762=CARTESIAN_POINT('',(-0.270791725715691,3.97547909969907,25.5));
#2763=CARTESIAN_POINT('',(0.953818577215838,3.87809906796959,25.5));
#2764=CARTESIAN_POINT('',(1.53239448797112,3.69491893194823,25.5));
#2765=CARTESIAN_POINT('',(0.,0.,-22.25));
#2766=CARTESIAN_POINT('',(0.,0.,28.));
#2767=CARTESIAN_POINT('',(-4.00008234670659,0.,25.890625));
#2768=CARTESIAN_POINT('',(-4.00008234670659,0.912992692659017,25.8459821428571));
#2769=CARTESIAN_POINT('',(-3.60394966342869,1.73557068536719,25.8013392857143));
#2770=CARTESIAN_POINT('',(-3.20781698015079,2.55814867807537,25.7566964285714));
#2771=CARTESIAN_POINT('',(-2.49401054976671,3.12739031111981,25.7120535714286));
#2772=CARTESIAN_POINT('',(-1.78020411938263,3.69663194416425,25.6674107142857));
#2773=CARTESIAN_POINT('',(-0.890102059691317,3.89979193083003,25.6227678571429));
#2774=CARTESIAN_POINT('',(-2.51233346640836E-16,4.1029519174958,25.578125));
#2775=CARTESIAN_POINT('',(0.890102059691317,3.89979193083003,25.5334821428571));
#2776=CARTESIAN_POINT('',(1.78020411938263,3.69663194416425,25.4888392857143));
#2777=CARTESIAN_POINT('',(2.49401054976671,3.12739031111981,25.4441964285714));
#2778=CARTESIAN_POINT('',(3.20781698015079,2.55814867807537,25.3995535714286));
#2779=CARTESIAN_POINT('',(3.60394966342869,1.73557068536719,25.3549107142857));
#2780=CARTESIAN_POINT('',(4.00008234670659,0.912992692659017,25.3102678571429));
#2781=CARTESIAN_POINT('',(4.00008234670659,4.89868804222006E-16,25.265625));
#2782=CARTESIAN_POINT('',(4.00008234670659,-0.912992692659017,25.2209821428571));
#2783=CARTESIAN_POINT('',(3.60394966342869,-1.73557068536719,25.1763392857143));
#2784=CARTESIAN_POINT('',(3.20781698015079,-2.55814867807537,25.1316964285714));
#2785=CARTESIAN_POINT('',(2.49401054976671,-3.12739031111981,25.0870535714286));
#2786=CARTESIAN_POINT('',(1.78020411938263,-3.69663194416425,25.0424107142857));
#2787=CARTESIAN_POINT('',(0.890102059691318,-3.89979193083003,24.9977678571429));
#2788=CARTESIAN_POINT('',(7.53700039922509E-16,-4.1029519174958,24.953125));
#2789=CARTESIAN_POINT('',(-0.890102059691316,-3.89979193083003,24.9084821428571));
#2790=CARTESIAN_POINT('',(-1.78020411938263,-3.69663194416425,24.8638392857143));
#2791=CARTESIAN_POINT('',(-2.49401054976671,-3.12739031111981,24.8191964285714));
#2792=CARTESIAN_POINT('',(-3.20781698015079,-2.55814867807537,24.7745535714286));
#2793=CARTESIAN_POINT('',(-3.60394966342869,-1.73557068536719,24.7299107142857));
#2794=CARTESIAN_POINT('',(-4.00008234670659,-0.912992692659018,24.6852678571429));
#2795=CARTESIAN_POINT('',(-4.00008234670659,-9.79737608444012E-16,24.640625));
#2796=CARTESIAN_POINT('',(-4.00008234670659,0.912992692659016,24.5959821428572));
#2797=CARTESIAN_POINT('',(-3.60394966342869,1.73557068536719,24.5513392857143));
#2798=CARTESIAN_POINT('',(-3.20781698015079,2.55814867807537,24.5066964285714));
#2799=CARTESIAN_POINT('',(-2.49401054976671,3.12739031111981,24.4620535714286));
#2800=CARTESIAN_POINT('',(-1.78020411938263,3.69663194416425,24.4174107142857));
#2801=CARTESIAN_POINT('',(-0.890102059691318,3.89979193083003,24.3727678571429));
#2802=CARTESIAN_POINT('',(-1.25616673320418E-15,4.1029519174958,24.328125));
#2803=CARTESIAN_POINT('',(0.890102059691316,3.89979193083003,24.2834821428572));
#2804=CARTESIAN_POINT('',(1.78020411938263,3.69663194416425,24.2388392857143));
#2805=CARTESIAN_POINT('',(2.49401054976671,3.12739031111981,24.1941964285714));
#2806=CARTESIAN_POINT('',(3.20781698015079,2.55814867807537,24.1495535714286));
#2807=CARTESIAN_POINT('',(3.60394966342869,1.73557068536719,24.1049107142857));
#2808=CARTESIAN_POINT('',(4.00008234670659,0.912992692659019,24.0602678571429));
#2809=CARTESIAN_POINT('',(4.00008234670659,1.46960641266602E-15,24.015625));
#2810=CARTESIAN_POINT('',(4.00008234670659,-0.912992692659016,23.9709821428572));
#2811=CARTESIAN_POINT('',(3.60394966342869,-1.73557068536719,23.9263392857143));
#2812=CARTESIAN_POINT('',(3.20781698015079,-2.55814867807537,23.8816964285714));
#2813=CARTESIAN_POINT('',(2.49401054976671,-3.12739031111981,23.8370535714286));
#2814=CARTESIAN_POINT('',(1.78020411938264,-3.69663194416425,23.7924107142857));
#2815=CARTESIAN_POINT('',(0.890102059691318,-3.89979193083003,23.7477678571429));
#2816=CARTESIAN_POINT('',(1.75863342648586E-15,-4.1029519174958,23.703125));
#2817=CARTESIAN_POINT('',(-0.890102059691315,-3.89979193083003,23.6584821428572));
#2818=CARTESIAN_POINT('',(-1.78020411938263,-3.69663194416425,23.6138392857143));
#2819=CARTESIAN_POINT('',(-2.49401054976671,-3.12739031111981,23.5691964285714));
#2820=CARTESIAN_POINT('',(-3.20781698015079,-2.55814867807537,23.5245535714286));
#2821=CARTESIAN_POINT('',(-3.60394966342869,-1.73557068536719,23.4799107142857));
#2822=CARTESIAN_POINT('',(-4.00008234670659,-0.912992692659019,23.4352678571429));
#2823=CARTESIAN_POINT('',(-4.00008234670659,-1.95947521688802E-15,23.390625));
#2824=CARTESIAN_POINT('',(-4.00008234670659,0.912992692659015,23.3459821428571));
#2825=CARTESIAN_POINT('',(-3.60394966342869,1.73557068536719,23.3013392857143));
#2826=CARTESIAN_POINT('',(-3.20781698015079,2.55814867807537,23.2566964285714));
#2827=CARTESIAN_POINT('',(-2.49401054976671,3.12739031111981,23.2120535714286));
#2828=CARTESIAN_POINT('',(-1.78020411938264,3.69663194416425,23.1674107142857));
#2829=CARTESIAN_POINT('',(-0.890102059691319,3.89979193083003,23.1227678571429));
#2830=CARTESIAN_POINT('',(-2.26110011976753E-15,4.1029519174958,23.078125));
#2831=CARTESIAN_POINT('',(0.890102059691315,3.89979193083003,23.0334821428571));
#2832=CARTESIAN_POINT('',(1.78020411938263,3.69663194416425,22.9888392857143));
#2833=CARTESIAN_POINT('',(2.49401054976671,3.12739031111981,22.9441964285714));
#2834=CARTESIAN_POINT('',(3.20781698015079,2.55814867807537,22.8995535714286));
#2835=CARTESIAN_POINT('',(3.60394966342869,1.7355706853672,22.8549107142857));
#2836=CARTESIAN_POINT('',(4.00008234670659,0.91299269265902,22.8102678571429));
#2837=CARTESIAN_POINT('',(4.00008234670659,2.44934402111003E-15,22.765625));
#2838=CARTESIAN_POINT('',(4.00008234670659,-0.912992692659015,22.7209821428571));
#2839=CARTESIAN_POINT('',(3.60394966342869,-1.73557068536719,22.6763392857143));
#2840=CARTESIAN_POINT('',(3.2078169801508,-2.55814867807536,22.6316964285714));
#2841=CARTESIAN_POINT('',(2.49401054976671,-3.12739031111981,22.5870535714286));
#2842=CARTESIAN_POINT('',(1.78020411938263,-3.69663194416425,22.5424107142857));
#2843=CARTESIAN_POINT('',(0.890102059691319,-3.89979193083003,22.4977678571429));
#2844=CARTESIAN_POINT('',(1.00518735134232E-14,-4.1029519174958,22.453125));
#2845=CARTESIAN_POINT('',(-0.890102059691314,-3.89979193083003,22.4084821428571));
#2846=CARTESIAN_POINT('',(-1.78020411938264,-3.69663194416425,22.3638392857143));
#2847=CARTESIAN_POINT('',(-2.49401054976671,-3.12739031111981,22.3191964285714));
#2848=CARTESIAN_POINT('',(-3.20781698015078,-2.55814867807538,22.2745535714286));
#2849=CARTESIAN_POINT('',(-3.60394966342869,-1.7355706853672,22.2299107142857));
#2850=CARTESIAN_POINT('',(-4.00008234670659,-0.912992692659013,22.1852678571429));
#2851=CARTESIAN_POINT('',(-4.00008234670659,-2.93921282533204E-15,22.140625));
#2852=CARTESIAN_POINT('',(-4.00008234670659,0.912992692659007,22.0959821428571));
#2853=CARTESIAN_POINT('',(-3.60394966342869,1.73557068536719,22.0513392857143));
#2854=CARTESIAN_POINT('',(-3.20781698015079,2.55814867807537,22.0066964285714));
#2855=CARTESIAN_POINT('',(-2.49401054976671,3.12739031111981,21.9620535714286));
#2856=CARTESIAN_POINT('',(-1.78020411938264,3.69663194416425,21.9174107142857));
#2857=CARTESIAN_POINT('',(-0.89010205969132,3.89979193083003,21.8727678571429));
#2858=CARTESIAN_POINT('',(4.02227319404317E-15,4.1029519174958,21.828125));
#2859=CARTESIAN_POINT('',(0.890102059691314,3.89979193083003,21.7834821428571));
#2860=CARTESIAN_POINT('',(1.78020411938262,3.69663194416426,21.7388392857143));
#2861=CARTESIAN_POINT('',(2.49401054976671,3.12739031111981,21.6941964285714));
#2862=CARTESIAN_POINT('',(3.20781698015079,2.55814867807537,21.6495535714286));
#2863=CARTESIAN_POINT('',(3.60394966342869,1.7355706853672,21.6049107142857));
#2864=CARTESIAN_POINT('',(4.00008234670659,0.912992692659028,21.5602678571429));
#2865=CARTESIAN_POINT('',(4.00008234670659,3.42908162955404E-15,21.515625));
#2866=CARTESIAN_POINT('',(4.00008234670659,-0.912992692659021,21.4709821428571));
#2867=CARTESIAN_POINT('',(3.60394966342869,-1.73557068536719,21.4263392857143));
#2868=CARTESIAN_POINT('',(3.2078169801508,-2.55814867807536,21.3816964285714));
#2869=CARTESIAN_POINT('',(2.49401054976671,-3.12739031111981,21.3370535714286));
#2870=CARTESIAN_POINT('',(1.78020411938263,-3.69663194416425,21.2924107142857));
#2871=CARTESIAN_POINT('',(0.89010205969132,-3.89979193083003,21.2477678571429));
#2872=CARTESIAN_POINT('',(1.10568068999866E-14,-4.1029519174958,21.203125));
#2873=CARTESIAN_POINT('',(-0.890102059691313,-3.89979193083003,21.1584821428571));
#2874=CARTESIAN_POINT('',(-1.78020411938264,-3.69663194416425,21.1138392857143));
#2875=CARTESIAN_POINT('',(-2.49401054976671,-3.12739031111981,21.0691964285714));
#2876=CARTESIAN_POINT('',(-3.20781698015078,-2.55814867807538,21.0245535714286));
#2877=CARTESIAN_POINT('',(-3.60394966342869,-1.7355706853672,20.9799107142857));
#2878=CARTESIAN_POINT('',(-4.00008234670659,-0.912992692659014,20.9352678571429));
#2879=CARTESIAN_POINT('',(-4.00008234670659,-3.91895043377605E-15,20.890625));
#2880=CARTESIAN_POINT('',(-4.00008234670659,0.912992692659006,20.8459821428571));
#2881=CARTESIAN_POINT('',(-3.60394966342869,1.73557068536719,20.8013392857143));
#2882=CARTESIAN_POINT('',(-3.20781698015079,2.55814867807537,20.7566964285714));
#2883=CARTESIAN_POINT('',(-2.49401054976671,3.12739031111981,20.7120535714286));
#2884=CARTESIAN_POINT('',(-1.78020411938264,3.69663194416425,20.6674107142857));
#2885=CARTESIAN_POINT('',(-0.890102059691321,3.89979193083003,20.6227678571429));
#2886=CARTESIAN_POINT('',(3.01733980747982E-15,4.1029519174958,20.578125));
#2887=CARTESIAN_POINT('',(0.890102059691313,3.89979193083003,20.5334821428571));
#2888=CARTESIAN_POINT('',(1.78020411938262,3.69663194416426,20.4888392857143));
#2889=CARTESIAN_POINT('',(2.49401054976671,3.12739031111981,20.4441964285714));
#2890=CARTESIAN_POINT('',(3.20781698015079,2.55814867807537,20.3995535714286));
#2891=CARTESIAN_POINT('',(3.60394966342869,1.7355706853672,20.3549107142857));
#2892=CARTESIAN_POINT('',(4.00008234670659,0.912992692659028,20.3102678571429));
#2893=CARTESIAN_POINT('',(4.00008234670659,4.40881923799806E-15,20.265625));
#2894=CARTESIAN_POINT('',(4.00008234670659,-0.91299269265902,20.2209821428571));
#2895=CARTESIAN_POINT('',(3.60394966342869,-1.73557068536719,20.1763392857143));
#2896=CARTESIAN_POINT('',(3.2078169801508,-2.55814867807536,20.1316964285714));
#2897=CARTESIAN_POINT('',(2.49401054976671,-3.12739031111981,20.0870535714286));
#2898=CARTESIAN_POINT('',(1.78020411938263,-3.69663194416425,20.0424107142857));
#2899=CARTESIAN_POINT('',(0.890102059691321,-3.89979193083003,19.9977678571429));
#2900=CARTESIAN_POINT('',(1.20617402865499E-14,-4.1029519174958,19.953125));
#2901=CARTESIAN_POINT('',(-0.890102059691312,-3.89979193083003,19.9084821428572));
#2902=CARTESIAN_POINT('',(-1.78020411938264,-3.69663194416425,19.8638392857143));
#2903=CARTESIAN_POINT('',(-2.49401054976671,-3.12739031111981,19.8191964285714));
#2904=CARTESIAN_POINT('',(-3.20781698015078,-2.55814867807538,19.7745535714286));
#2905=CARTESIAN_POINT('',(-3.60394966342869,-1.7355706853672,19.7299107142857));
#2906=CARTESIAN_POINT('',(-4.00008234670659,-0.912992692659015,19.6852678571429));
#2907=CARTESIAN_POINT('',(-4.00008234670659,-4.89868804222006E-15,19.640625));
#2908=CARTESIAN_POINT('',(-4.00008234670659,0.912992692659005,19.5959821428571));
#2909=CARTESIAN_POINT('',(-3.60394966342869,1.73557068536719,19.5513392857143));
#2910=CARTESIAN_POINT('',(-3.20781698015079,2.55814867807537,19.5066964285714));
#2911=CARTESIAN_POINT('',(-2.49401054976671,3.12739031111981,19.4620535714286));
#2912=CARTESIAN_POINT('',(-1.78020411938265,3.69663194416425,19.4174107142857));
#2913=CARTESIAN_POINT('',(-0.890102059691336,3.89979193083002,19.3727678571429));
#2914=CARTESIAN_POINT('',(2.01240642091648E-15,4.1029519174958,19.328125));
#2915=CARTESIAN_POINT('',(0.890102059691312,3.89979193083003,19.2834821428571));
#2916=CARTESIAN_POINT('',(1.78020411938262,3.69663194416426,19.2388392857143));
#2917=CARTESIAN_POINT('',(2.49401054976672,3.12739031111981,19.1941964285714));
#2918=CARTESIAN_POINT('',(3.20781698015079,2.55814867807537,19.1495535714286));
#2919=CARTESIAN_POINT('',(3.60394966342869,1.7355706853672,19.1049107142857));
#2920=CARTESIAN_POINT('',(4.00008234670659,0.912992692659029,19.0602678571429));
#2921=CARTESIAN_POINT('',(4.00008234670659,1.9599704115915E-14,19.015625));
#2922=CARTESIAN_POINT('',(4.00008234670659,-0.912992692659019,18.9709821428571));
#2923=CARTESIAN_POINT('',(3.60394966342869,-1.73557068536719,18.9263392857143));
#2924=CARTESIAN_POINT('',(3.2078169801508,-2.55814867807536,18.8816964285714));
#2925=CARTESIAN_POINT('',(2.4940105497667,-3.12739031111982,18.8370535714286));
#2926=CARTESIAN_POINT('',(1.78020411938263,-3.69663194416425,18.7924107142857));
#2927=CARTESIAN_POINT('',(0.890102059691322,-3.89979193083003,18.7477678571429));
#2928=CARTESIAN_POINT('',(1.30666736731133E-14,-4.1029519174958,18.703125));
#2929=CARTESIAN_POINT('',(-0.890102059691297,-3.89979193083003,18.6584821428571));
#2930=CARTESIAN_POINT('',(-1.78020411938264,-3.69663194416425,18.6138392857143));
#2931=CARTESIAN_POINT('',(-2.49401054976671,-3.12739031111981,18.5691964285714));
#2932=CARTESIAN_POINT('',(-3.20781698015078,-2.55814867807538,18.5245535714286));
#2933=CARTESIAN_POINT('',(-3.60394966342869,-1.73557068536719,18.4799107142857));
#2934=CARTESIAN_POINT('',(-4.00008234670659,-0.912992692659016,18.4352678571429));
#2935=CARTESIAN_POINT('',(-4.00008234670659,-5.87842565066407E-15,18.390625));
#2936=CARTESIAN_POINT('',(-4.00008234670659,0.912992692659004,18.3459821428571));
#2937=CARTESIAN_POINT('',(-3.6039496634287,1.73557068536717,18.3013392857143));
#2938=CARTESIAN_POINT('',(-3.20781698015079,2.55814867807537,18.2566964285714));
#2939=CARTESIAN_POINT('',(-2.49401054976672,3.12739031111981,18.2120535714286));
#2940=CARTESIAN_POINT('',(-1.78020411938265,3.69663194416425,18.1674107142857));
#2941=CARTESIAN_POINT('',(-0.890102059691309,3.89979193083003,18.1227678571429));
#2942=CARTESIAN_POINT('',(1.00747303435313E-15,4.1029519174958,18.078125));
#2943=CARTESIAN_POINT('',(0.890102059691311,3.89979193083003,18.0334821428571));
#2944=CARTESIAN_POINT('',(1.78020411938262,3.69663194416426,17.9888392857143));
#2945=CARTESIAN_POINT('',(2.4940105497667,3.12739031111982,17.9441964285714));
#2946=CARTESIAN_POINT('',(3.20781698015079,2.55814867807537,17.8995535714286));
#2947=CARTESIAN_POINT('',(3.60394966342869,1.7355706853672,17.8549107142857));
#2948=CARTESIAN_POINT('',(4.00008234670659,0.91299269265903,17.8102678571429));
#2949=CARTESIAN_POINT('',(4.00008234670659,-7.84285281458684E-15,17.765625));
#2950=CARTESIAN_POINT('',(4.00008234670659,-0.912992692659018,17.7209821428571));
#2951=CARTESIAN_POINT('',(3.60394966342869,-1.73557068536719,17.6763392857143));
#2952=CARTESIAN_POINT('',(3.2078169801508,-2.55814867807536,17.6316964285714));
#2953=CARTESIAN_POINT('',(2.49401054976673,-3.1273903111198,17.5870535714286));
#2954=CARTESIAN_POINT('',(1.78020411938263,-3.69663194416425,17.5424107142857));
#2955=CARTESIAN_POINT('',(0.890102059691323,-3.89979193083003,17.4977678571429));
#2956=CARTESIAN_POINT('',(1.40716070596766E-14,-4.1029519174958,17.453125));
#2957=CARTESIAN_POINT('',(-0.890102059691324,-3.89979193083003,17.4084821428572));
#2958=CARTESIAN_POINT('',(-1.78020411938263,-3.69663194416425,17.3638392857143));
#2959=CARTESIAN_POINT('',(-2.49401054976671,-3.12739031111981,17.3191964285714));
#2960=CARTESIAN_POINT('',(-3.20781698015078,-2.55814867807538,17.2745535714286));
#2961=CARTESIAN_POINT('',(-3.60394966342868,-1.73557068536721,17.2299107142857));
#2962=CARTESIAN_POINT('',(-4.00008234670659,-0.912992692659017,17.1852678571429));
#2963=CARTESIAN_POINT('',(-4.00008234670659,-6.85816325910809E-15,17.140625));
#2964=CARTESIAN_POINT('',(-4.0000823467066,0.912992692659003,17.0959821428572));
#2965=CARTESIAN_POINT('',(-3.60394966342869,1.7355706853672,17.0513392857143));
#2966=CARTESIAN_POINT('',(-3.20781698015079,2.55814867807537,17.0066964285714));
#2967=CARTESIAN_POINT('',(-2.49401054976672,3.12739031111981,16.9620535714286));
#2968=CARTESIAN_POINT('',(-1.78020411938265,3.69663194416425,16.9174107142857));
#2969=CARTESIAN_POINT('',(-0.890102059691337,3.89979193083002,16.8727678571429));
#2970=CARTESIAN_POINT('',(2.53964778978297E-18,4.1029519174958,16.828125));
#2971=CARTESIAN_POINT('',(0.89010205969131,3.89979193083003,16.7834821428572));
#2972=CARTESIAN_POINT('',(1.78020411938262,3.69663194416426,16.7388392857143));
#2973=CARTESIAN_POINT('',(2.49401054976672,3.12739031111981,16.6941964285714));
#2974=CARTESIAN_POINT('',(3.20781698015079,2.55814867807537,16.6495535714286));
#2975=CARTESIAN_POINT('',(3.60394966342869,1.7355706853672,16.6049107142857));
#2976=CARTESIAN_POINT('',(4.00008234670659,0.912992692659031,16.5602678571429));
#2977=CARTESIAN_POINT('',(4.00008234670659,2.1559179332803E-14,16.515625));
#2978=CARTESIAN_POINT('',(4.00008234670659,-0.912992692659017,16.4709821428572));
#2979=CARTESIAN_POINT('',(3.60394966342869,-1.73557068536719,16.4263392857143));
#2980=CARTESIAN_POINT('',(3.2078169801508,-2.55814867807536,16.3816964285714));
#2981=CARTESIAN_POINT('',(2.49401054976671,-3.12739031111981,16.3370535714286));
#2982=CARTESIAN_POINT('',(1.78020411938263,-3.69663194416425,16.2924107142857));
#2983=CARTESIAN_POINT('',(0.890102059691324,-3.89979193083003,16.2477678571429));
#2984=CARTESIAN_POINT('',(1.507654044624E-14,-4.1029519174958,16.203125));
#2985=CARTESIAN_POINT('',(-0.890102059691296,-3.89979193083003,16.1584821428572));
#2986=CARTESIAN_POINT('',(-1.78020411938263,-3.69663194416425,16.1138392857143));
#2987=CARTESIAN_POINT('',(-2.49401054976671,-3.12739031111982,16.0691964285714));
#2988=CARTESIAN_POINT('',(-3.20781698015078,-2.55814867807538,16.0245535714286));
#2989=CARTESIAN_POINT('',(-3.60394966342869,-1.73557068536719,15.9799107142857));
#2990=CARTESIAN_POINT('',(-4.00008234670659,-0.912992692659018,15.9352678571429));
#2991=CARTESIAN_POINT('',(-4.00008234670659,-7.8379008675521E-15,15.890625));
#2992=CARTESIAN_POINT('',(-4.0000823467066,0.912992692659002,15.8459821428572));
#2993=CARTESIAN_POINT('',(-3.6039496634287,1.73557068536717,15.8013392857143));
#2994=CARTESIAN_POINT('',(-3.20781698015079,2.55814867807537,15.7566964285714));
#2995=CARTESIAN_POINT('',(-2.49401054976672,3.12739031111981,15.7120535714286));
#2996=CARTESIAN_POINT('',(-1.78020411938265,3.69663194416425,15.6674107142857));
#2997=CARTESIAN_POINT('',(-0.890102059691311,3.89979193083003,15.6227678571429));
#2998=CARTESIAN_POINT('',(-1.00239373877356E-15,4.1029519174958,15.578125));
#2999=CARTESIAN_POINT('',(0.890102059691309,3.89979193083003,15.5334821428572));
#3000=CARTESIAN_POINT('',(1.78020411938262,3.69663194416426,15.4888392857143));
#3001=CARTESIAN_POINT('',(2.49401054976669,3.12739031111983,15.4441964285714));
#3002=CARTESIAN_POINT('',(3.20781698015079,2.55814867807537,15.3995535714286));
#3003=CARTESIAN_POINT('',(3.60394966342869,1.7355706853672,15.3549107142857));
#3004=CARTESIAN_POINT('',(4.00008234670659,0.912992692659032,15.3102678571429));
#3005=CARTESIAN_POINT('',(4.00008234670659,-5.88337759769881E-15,15.265625));
#3006=CARTESIAN_POINT('',(4.00008234670659,-0.912992692659016,15.2209821428572));
#3007=CARTESIAN_POINT('',(3.60394966342869,-1.73557068536719,15.1763392857143));
#3008=CARTESIAN_POINT('',(3.2078169801508,-2.55814867807536,15.1316964285714));
#3009=CARTESIAN_POINT('',(2.49401054976673,-3.1273903111198,15.0870535714286));
#3010=CARTESIAN_POINT('',(1.78020411938264,-3.69663194416425,15.0424107142857));
#3011=CARTESIAN_POINT('',(0.890102059691325,-3.89979193083003,14.9977678571429));
#3012=CARTESIAN_POINT('',(1.60814738328033E-14,-4.1029519174958,14.953125));
#3013=CARTESIAN_POINT('',(-0.890102059691322,-3.89979193083003,14.9084821428572));
#3014=CARTESIAN_POINT('',(-1.78020411938263,-3.69663194416425,14.8638392857143));
#3015=CARTESIAN_POINT('',(-2.4940105497667,-3.12739031111982,14.8191964285714));
#3016=CARTESIAN_POINT('',(-3.20781698015078,-2.55814867807538,14.7745535714286));
#3017=CARTESIAN_POINT('',(-3.60394966342868,-1.73557068536721,14.7299107142857));
#3018=CARTESIAN_POINT('',(-4.00008234670659,-0.912992692659019,14.6852678571429));
#3019=CARTESIAN_POINT('',(-4.00008234670659,-8.81763847599611E-15,14.640625));
#3020=CARTESIAN_POINT('',(-4.0000823467066,0.912992692659001,14.5959821428571));
#3021=CARTESIAN_POINT('',(-3.60394966342869,1.7355706853672,14.5513392857143));
#3022=CARTESIAN_POINT('',(-3.20781698015079,2.55814867807537,14.5066964285714));
#3023=CARTESIAN_POINT('',(-2.49401054976672,3.12739031111981,14.4620535714286));
#3024=CARTESIAN_POINT('',(-1.78020411938265,3.69663194416425,14.4174107142857));
#3025=CARTESIAN_POINT('',(-0.890102059691339,3.89979193083002,14.3727678571429));
#3026=CARTESIAN_POINT('',(-2.00732712533691E-15,4.1029519174958,14.328125));
#3027=CARTESIAN_POINT('',(0.890102059691308,3.89979193083003,14.2834821428571));
#3028=CARTESIAN_POINT('',(1.78020411938262,3.69663194416426,14.2388392857143));
#3029=CARTESIAN_POINT('',(2.49401054976671,3.12739031111981,14.1941964285714));
#3030=CARTESIAN_POINT('',(3.20781698015079,2.55814867807537,14.1495535714286));
#3031=CARTESIAN_POINT('',(3.60394966342869,1.7355706853672,14.1049107142857));
#3032=CARTESIAN_POINT('',(4.00008234670659,0.912992692659033,14.0602678571429));
#3033=CARTESIAN_POINT('',(4.00008234670659,2.3518654549691E-14,14.015625));
#3034=CARTESIAN_POINT('',(4.00008234670659,-0.912992692659015,13.9709821428571));
#3035=CARTESIAN_POINT('',(3.60394966342869,-1.73557068536718,13.9263392857143));
#3036=CARTESIAN_POINT('',(3.2078169801508,-2.55814867807536,13.8816964285714));
#3037=CARTESIAN_POINT('',(2.49401054976671,-3.12739031111981,13.8370535714286));
#3038=CARTESIAN_POINT('',(1.78020411938264,-3.69663194416425,13.7924107142857));
#3039=CARTESIAN_POINT('',(0.890102059691326,-3.89979193083003,13.7477678571429));
#3040=CARTESIAN_POINT('',(1.70864072193667E-14,-4.1029519174958,13.703125));
#3041=CARTESIAN_POINT('',(-0.890102059691294,-3.89979193083003,13.6584821428572));
#3042=CARTESIAN_POINT('',(-1.78020411938263,-3.69663194416425,13.6138392857143));
#3043=CARTESIAN_POINT('',(-2.4940105497667,-3.12739031111982,13.5691964285714));
#3044=CARTESIAN_POINT('',(-3.20781698015078,-2.55814867807538,13.5245535714286));
#3045=CARTESIAN_POINT('',(-3.60394966342869,-1.73557068536719,13.4799107142857));
#3046=CARTESIAN_POINT('',(-4.00008234670659,-0.91299269265902,13.4352678571429));
#3047=CARTESIAN_POINT('',(-4.00008234670659,-9.79737608444012E-15,13.390625));
#3048=CARTESIAN_POINT('',(-4.0000823467066,0.912992692659,13.3459821428572));
#3049=CARTESIAN_POINT('',(-3.6039496634287,1.73557068536717,13.3013392857143));
#3050=CARTESIAN_POINT('',(-3.20781698015079,2.55814867807537,13.2566964285714));
#3051=CARTESIAN_POINT('',(-2.49401054976672,3.1273903111198,13.2120535714286));
#3052=CARTESIAN_POINT('',(-1.78020411938265,3.69663194416425,13.1674107142857));
#3053=CARTESIAN_POINT('',(-0.890102059691313,3.89979193083003,13.1227678571429));
#3054=CARTESIAN_POINT('',(-3.21654873133964E-14,4.1029519174958,13.078125));
#3055=CARTESIAN_POINT('',(0.890102059691307,3.89979193083003,13.0334821428572));
#3056=CARTESIAN_POINT('',(1.78020411938264,3.69663194416425,12.9888392857143));
#3057=CARTESIAN_POINT('',(2.49401054976669,3.12739031111983,12.9441964285714));
#3058=CARTESIAN_POINT('',(3.20781698015079,2.55814867807537,12.8995535714286));
#3059=CARTESIAN_POINT('',(3.60394966342867,1.73557068536723,12.8549107142857));
#3060=CARTESIAN_POINT('',(4.00008234670659,0.912992692659034,12.8102678571429));
#3061=CARTESIAN_POINT('',(4.00008234670659,-3.92390238081079E-15,12.765625));
#3062=CARTESIAN_POINT('',(4.0000823467066,-0.912992692658985,12.7209821428571));
#3063=CARTESIAN_POINT('',(3.6039496634287,-1.73557068536718,12.6763392857143));
#3064=CARTESIAN_POINT('',(3.20781698015078,-2.55814867807538,12.6316964285714));
#3065=CARTESIAN_POINT('',(2.49401054976673,-3.12739031111979,12.5870535714286));
#3066=CARTESIAN_POINT('',(1.78020411938264,-3.69663194416425,12.5424107142857));
#3067=CARTESIAN_POINT('',(0.890102059691299,-3.89979193083003,12.4977678571429));
#3068=CARTESIAN_POINT('',(1.809134060593E-14,-4.1029519174958,12.453125));
#3069=CARTESIAN_POINT('',(-0.89010205969132,-3.89979193083003,12.4084821428571));
#3070=CARTESIAN_POINT('',(-1.7802041193826,-3.69663194416427,12.3638392857143));
#3071=CARTESIAN_POINT('',(-2.4940105497667,-3.12739031111982,12.3191964285714));
#3072=CARTESIAN_POINT('',(-3.2078169801508,-2.55814867807536,12.2745535714286));
#3073=CARTESIAN_POINT('',(-3.60394966342868,-1.73557068536722,12.2299107142857));
#3074=CARTESIAN_POINT('',(-4.00008234670659,-0.912992692659021,12.1852678571429));
#3075=CARTESIAN_POINT('',(-4.00008234670659,-3.919940823183E-14,12.140625));
#3076=CARTESIAN_POINT('',(-4.0000823467066,0.912992692658999,12.0959821428571));
#3077=CARTESIAN_POINT('',(-3.60394966342869,1.7355706853672,12.0513392857143));
#3078=CARTESIAN_POINT('',(-3.20781698015081,2.55814867807534,12.0066964285714));
#3079=CARTESIAN_POINT('',(-2.49401054976672,3.1273903111198,11.9620535714286));
#3080=CARTESIAN_POINT('',(-1.78020411938262,3.69663194416426,11.9174107142857));
#3081=CARTESIAN_POINT('',(-0.890102059691341,3.89979193083002,11.8727678571429));
#3082=CARTESIAN_POINT('',(-4.0171938984636E-15,4.1029519174958,11.828125));
#3083=CARTESIAN_POINT('',(0.890102059691334,3.89979193083002,11.7834821428572));
#3084=CARTESIAN_POINT('',(1.78020411938262,3.69663194416426,11.7388392857143));
#3085=CARTESIAN_POINT('',(2.49401054976671,3.12739031111981,11.6941964285714));
#3086=CARTESIAN_POINT('',(3.20781698015077,2.5581486780754,11.6495535714286));
#3087=CARTESIAN_POINT('',(3.60394966342869,1.7355706853672,11.6049107142857));
#3088=CARTESIAN_POINT('',(4.00008234670659,0.912992692659007,11.5602678571429));
#3089=CARTESIAN_POINT('',(4.00008234670659,2.54781297665791E-14,11.515625));
#3090=CARTESIAN_POINT('',(4.00008234670659,-0.912992692659013,11.4709821428572));
#3091=CARTESIAN_POINT('',(3.60394966342871,-1.73557068536716,11.4263392857143));
#3092=CARTESIAN_POINT('',(3.2078169801508,-2.55814867807535,11.3816964285714));
#3093=CARTESIAN_POINT('',(2.49401054976671,-3.12739031111981,11.3370535714286));
#3094=CARTESIAN_POINT('',(1.78020411938266,-3.69663194416424,11.2924107142857));
#3095=CARTESIAN_POINT('',(0.890102059691328,-3.89979193083003,11.2477678571429));
#3096=CARTESIAN_POINT('',(-1.00569528090028E-14,-4.1029519174958,11.203125));
#3097=CARTESIAN_POINT('',(-0.890102059691292,-3.89979193083003,11.1584821428572));
#3098=CARTESIAN_POINT('',(-1.78020411938263,-3.69663194416425,11.1138392857143));
#3099=CARTESIAN_POINT('',(-2.49401054976672,-3.1273903111198,11.0691964285714));
#3100=CARTESIAN_POINT('',(-3.20781698015078,-2.55814867807538,11.0245535714286));
#3101=CARTESIAN_POINT('',(-3.60394966342869,-1.73557068536719,10.9799107142857));
#3102=CARTESIAN_POINT('',(-4.00008234670659,-0.91299269265905,10.9352678571429));
#3103=CARTESIAN_POINT('',(-4.00008234670659,-1.17568513013281E-14,10.890625));
#3104=CARTESIAN_POINT('',(-4.00008234670659,0.912992692659026,10.8459821428571));
#3105=CARTESIAN_POINT('',(-3.6039496634287,1.73557068536717,10.8013392857143));
#3106=CARTESIAN_POINT('',(-3.20781698015079,2.55814867807536,10.7566964285714));
#3107=CARTESIAN_POINT('',(-2.49401054976674,3.12739031111979,10.7120535714286));
#3108=CARTESIAN_POINT('',(-1.78020411938265,3.69663194416424,10.6674107142857));
#3109=CARTESIAN_POINT('',(-0.890102059691315,3.89979193083003,10.6227678571429));
#3110=CARTESIAN_POINT('',(-3.41753540865231E-14,4.1029519174958,10.578125));
#3111=CARTESIAN_POINT('',(0.890102059691305,3.89979193083003,10.5334821428571));
#3112=CARTESIAN_POINT('',(1.78020411938264,3.69663194416425,10.4888392857143));
#3113=CARTESIAN_POINT('',(2.49401054976669,3.12739031111983,10.4441964285714));
#3114=CARTESIAN_POINT('',(3.20781698015079,2.55814867807537,10.3995535714286));
#3115=CARTESIAN_POINT('',(3.6039496634287,1.73557068536718,10.3549107142857));
#3116=CARTESIAN_POINT('',(4.00008234670659,0.912992692659036,10.3102678571429));
#3117=CARTESIAN_POINT('',(4.00008234670659,-1.96442716392277E-15,10.265625));
#3118=CARTESIAN_POINT('',(4.0000823467066,-0.912992692658983,10.2209821428571));
#3119=CARTESIAN_POINT('',(3.6039496634287,-1.73557068536718,10.1763392857143));
#3120=CARTESIAN_POINT('',(3.20781698015078,-2.55814867807538,10.1316964285714));
#3121=CARTESIAN_POINT('',(2.49401054976673,-3.12739031111979,10.0870535714286));
#3122=CARTESIAN_POINT('',(1.78020411938264,-3.69663194416425,10.0424107142857));
#3123=CARTESIAN_POINT('',(0.890102059691357,-3.89979193083002,9.99776785714286));
#3124=CARTESIAN_POINT('',(2.01012073790567E-14,-4.1029519174958,9.95312500000001));
#3125=CARTESIAN_POINT('',(-0.890102059691318,-3.89979193083003,9.90848214285715));
#3126=CARTESIAN_POINT('',(-1.7802041193826,-3.69663194416427,9.86383928571429));
#3127=CARTESIAN_POINT('',(-2.4940105497667,-3.12739031111982,9.81919642857144));
#3128=CARTESIAN_POINT('',(-3.20781698015079,-2.55814867807536,9.77455357142858));
#3129=CARTESIAN_POINT('',(-3.60394966342868,-1.73557068536722,9.72991071428572));
#3130=CARTESIAN_POINT('',(-4.00008234670659,-0.912992692659023,9.68526785714286));
#3131=CARTESIAN_POINT('',(-4.00008234670659,1.56857056291737E-14,9.64062500000001));
#3132=CARTESIAN_POINT('',(-4.0000823467066,0.912992692658997,9.59598214285715));
#3133=CARTESIAN_POINT('',(-3.60394966342869,1.73557068536719,9.55133928571429));
#3134=CARTESIAN_POINT('',(-3.20781698015081,2.55814867807534,9.50669642857144));
#3135=CARTESIAN_POINT('',(-2.49401054976672,3.1273903111198,9.46205357142858));
#3136=CARTESIAN_POINT('',(-1.78020411938263,3.69663194416426,9.41741071428572));
#3137=CARTESIAN_POINT('',(-0.890102059691343,3.89979193083002,9.37276785714286));
#3138=CARTESIAN_POINT('',(-6.02706067159029E-15,4.1029519174958,9.32812500000001));
#3139=CARTESIAN_POINT('',(0.890102059691277,3.89979193083004,9.28348214285715));
#3140=CARTESIAN_POINT('',(1.78020411938262,3.69663194416426,9.2388392857143));
#3141=CARTESIAN_POINT('',(2.49401054976671,3.12739031111981,9.19419642857144));
#3142=CARTESIAN_POINT('',(3.20781698015077,2.5581486780754,9.14955357142858));
#3143=CARTESIAN_POINT('',(3.60394966342868,1.7355706853672,9.10491071428572));
#3144=CARTESIAN_POINT('',(4.00008234670659,0.912992692659009,9.06026785714286));
#3145=CARTESIAN_POINT('',(4.00008234670659,2.74376049834671E-14,9.01562500000001));
#3146=CARTESIAN_POINT('',(4.00008234670659,-0.912992692659011,8.97098214285715));
#3147=CARTESIAN_POINT('',(3.60394966342868,-1.73557068536721,8.92633928571429));
#3148=CARTESIAN_POINT('',(3.2078169801508,-2.55814867807535,8.88169642857144));
#3149=CARTESIAN_POINT('',(2.49401054976671,-3.12739031111981,8.83705357142858));
#3150=CARTESIAN_POINT('',(1.78020411938267,-3.69663194416424,8.79241071428572));
#3151=CARTESIAN_POINT('',(0.89010205969133,-3.89979193083002,8.74776785714286));
#3152=CARTESIAN_POINT('',(-8.04708603587612E-15,-4.1029519174958,8.70312500000001));
#3153=CARTESIAN_POINT('',(-0.89010205969129,-3.89979193083003,8.65848214285715));
#3154=CARTESIAN_POINT('',(-1.78020411938263,-3.69663194416426,8.61383928571429));
#3155=CARTESIAN_POINT('',(-2.49401054976668,-3.12739031111984,8.56919642857144));
#3156=CARTESIAN_POINT('',(-3.20781698015078,-2.55814867807539,8.52455357142858));
#3157=CARTESIAN_POINT('',(-3.60394966342869,-1.73557068536719,8.47991071428572));
#3158=CARTESIAN_POINT('',(-4.00008234670659,-0.912992692659052,8.43526785714286));
#3159=CARTESIAN_POINT('',(-4.00008234670659,-1.37163265182162E-14,8.39062500000001));
#3160=CARTESIAN_POINT('',(-4.00008234670659,0.912992692659025,8.34598214285715));
#3161=CARTESIAN_POINT('',(-3.6039496634287,1.73557068536717,8.30133928571429));
#3162=CARTESIAN_POINT('',(-3.20781698015079,2.55814867807536,8.25669642857144));
#3163=CARTESIAN_POINT('',(-2.4940105497667,3.12739031111982,8.21205357142858));
#3164=CARTESIAN_POINT('',(-1.78020411938265,3.69663194416424,8.16741071428572));
#3165=CARTESIAN_POINT('',(-0.890102059691317,3.89979193083003,8.12276785714286));
#3166=CARTESIAN_POINT('',(-3.61852208596498E-14,4.1029519174958,8.07812500000001));
#3167=CARTESIAN_POINT('',(0.890102059691303,3.89979193083003,8.03348214285715));
#3168=CARTESIAN_POINT('',(1.78020411938264,3.69663194416425,7.98883928571429));
#3169=CARTESIAN_POINT('',(2.49401054976669,3.12739031111983,7.94419642857144));
#3170=CARTESIAN_POINT('',(3.20781698015078,2.55814867807537,7.89955357142858));
#3171=CARTESIAN_POINT('',(3.60394966342867,1.73557068536723,7.85491071428572));
#3172=CARTESIAN_POINT('',(4.00008234670659,0.912992692659038,7.81026785714286));
#3173=CARTESIAN_POINT('',(4.00008234670659,-4.9519470347406E-18,7.76562500000001));
#3174=CARTESIAN_POINT('',(4.0000823467066,-0.912992692658981,7.72098214285715));
#3175=CARTESIAN_POINT('',(3.6039496634287,-1.73557068536718,7.67633928571429));
#3176=CARTESIAN_POINT('',(3.20781698015078,-2.55814867807537,7.63169642857144));
#3177=CARTESIAN_POINT('',(2.49401054976673,-3.12739031111979,7.58705357142858));
#3178=CARTESIAN_POINT('',(1.78020411938264,-3.69663194416425,7.54241071428572));
#3179=CARTESIAN_POINT('',(0.890102059691303,-3.89979193083003,7.49776785714287));
#3180=CARTESIAN_POINT('',(2.21110741521834E-14,-4.1029519174958,7.45312500000001));
#3181=CARTESIAN_POINT('',(-0.890102059691317,-3.89979193083003,7.40848214285715));
#3182=CARTESIAN_POINT('',(-1.7802041193826,-3.69663194416427,7.36383928571429));
#3183=CARTESIAN_POINT('',(-2.4940105497667,-3.12739031111982,7.31919642857144));
#3184=CARTESIAN_POINT('',(-3.20781698015079,-2.55814867807536,7.27455357142858));
#3185=CARTESIAN_POINT('',(-3.60394966342868,-1.73557068536722,7.22991071428572));
#3186=CARTESIAN_POINT('',(-4.00008234670659,-0.912992692659025,7.18526785714287));
#3187=CARTESIAN_POINT('',(-4.00008234670659,-4.3118358665606E-14,7.14062500000001));
#3188=CARTESIAN_POINT('',(-4.0000823467066,0.912992692658995,7.09598214285715));
#3189=CARTESIAN_POINT('',(-3.60394966342869,1.73557068536719,7.05133928571429));
#3190=CARTESIAN_POINT('',(-3.20781698015081,2.55814867807534,7.00669642857144));
#3191=CARTESIAN_POINT('',(-2.49401054976672,3.1273903111198,6.96205357142858));
#3192=CARTESIAN_POINT('',(-1.78020411938263,3.69663194416426,6.91741071428572));
#3193=CARTESIAN_POINT('',(-0.890102059691345,3.89979193083002,6.87276785714287));
#3194=CARTESIAN_POINT('',(-8.03692744471698E-15,4.1029519174958,6.82812500000001));
#3195=CARTESIAN_POINT('',(0.89010205969133,3.89979193083002,6.78348214285715));
#3196=CARTESIAN_POINT('',(1.78020411938261,3.69663194416426,6.73883928571429));
#3197=CARTESIAN_POINT('',(2.49401054976671,3.12739031111981,6.69419642857144));
#3198=CARTESIAN_POINT('',(3.20781698015077,2.5581486780754,6.64955357142858));
#3199=CARTESIAN_POINT('',(3.60394966342868,1.73557068536721,6.60491071428572));
#3200=CARTESIAN_POINT('',(4.00008234670659,0.912992692659011,6.56026785714286));
#3201=CARTESIAN_POINT('',(4.00008234670659,2.93970802003551E-14,6.51562500000001));
#3202=CARTESIAN_POINT('',(4.00008234670659,-0.912992692659009,6.47098214285715));
#3203=CARTESIAN_POINT('',(3.60394966342871,-1.73557068536715,6.42633928571429));
#3204=CARTESIAN_POINT('',(3.2078169801508,-2.55814867807535,6.38169642857143));
#3205=CARTESIAN_POINT('',(2.49401054976671,-3.12739031111981,6.33705357142858));
#3206=CARTESIAN_POINT('',(1.78020411938267,-3.69663194416424,6.29241071428572));
#3207=CARTESIAN_POINT('',(0.890102059691332,-3.89979193083002,6.24776785714286));
#3208=CARTESIAN_POINT('',(-6.03721926274942E-15,-4.1029519174958,6.20312500000001));
#3209=CARTESIAN_POINT('',(-0.890102059691288,-3.89979193083003,6.15848214285715));
#3210=CARTESIAN_POINT('',(-1.78020411938263,-3.69663194416426,6.11383928571429));
#3211=CARTESIAN_POINT('',(-2.49401054976672,-3.1273903111198,6.06919642857144));
#3212=CARTESIAN_POINT('',(-3.20781698015077,-2.55814867807539,6.02455357142858));
#3213=CARTESIAN_POINT('',(-3.60394966342869,-1.73557068536719,5.97991071428572));
#3214=CARTESIAN_POINT('',(-4.00008234670658,-0.912992692659054,5.93526785714287));
#3215=CARTESIAN_POINT('',(-4.00008234670659,-1.56758017351042E-14,5.89062500000001));
#3216=CARTESIAN_POINT('',(-4.00008234670659,0.912992692659023,5.84598214285715));
#3217=CARTESIAN_POINT('',(-3.6039496634287,1.73557068536717,5.80133928571429));
#3218=CARTESIAN_POINT('',(-3.20781698015079,2.55814867807536,5.75669642857144));
#3219=CARTESIAN_POINT('',(-2.49401054976675,3.12739031111978,5.71205357142858));
#3220=CARTESIAN_POINT('',(-1.78020411938265,3.69663194416424,5.66741071428572));
#3221=CARTESIAN_POINT('',(-0.890102059691318,3.89979193083003,5.62276785714286));
#3222=CARTESIAN_POINT('',(-3.81950876327765E-14,4.1029519174958,5.57812500000001));
#3223=CARTESIAN_POINT('',(0.890102059691301,3.89979193083003,5.53348214285715));
#3224=CARTESIAN_POINT('',(1.78020411938264,3.69663194416425,5.48883928571429));
#3225=CARTESIAN_POINT('',(2.49401054976669,3.12739031111983,5.44419642857144));
#3226=CARTESIAN_POINT('',(3.20781698015078,2.55814867807538,5.39955357142858));
#3227=CARTESIAN_POINT('',(3.6039496634287,1.73557068536718,5.35491071428572));
#3228=CARTESIAN_POINT('',(4.00008234670659,0.91299269265904,5.31026785714286));
#3229=CARTESIAN_POINT('',(4.00008234670659,1.95452326985328E-15,5.26562500000001));
#3230=CARTESIAN_POINT('',(4.0000823467066,-0.91299269265898,5.22098214285715));
#3231=CARTESIAN_POINT('',(3.6039496634287,-1.73557068536718,5.17633928571429));
#3232=CARTESIAN_POINT('',(3.20781698015079,-2.55814867807537,5.13169642857144));
#3233=CARTESIAN_POINT('',(2.49401054976673,-3.12739031111979,5.08705357142858));
#3234=CARTESIAN_POINT('',(1.78020411938264,-3.69663194416425,5.04241071428572));
#3235=CARTESIAN_POINT('',(0.89010205969136,-3.89979193083002,4.99776785714286));
#3236=CARTESIAN_POINT('',(2.41209409253101E-14,-4.1029519174958,4.95312500000001));
#3237=CARTESIAN_POINT('',(-0.890102059691315,-3.89979193083003,4.90848214285715));
#3238=CARTESIAN_POINT('',(-1.7802041193826,-3.69663194416427,4.86383928571429));
#3239=CARTESIAN_POINT('',(-2.4940105497667,-3.12739031111982,4.81919642857144));
#3240=CARTESIAN_POINT('',(-3.20781698015079,-2.55814867807536,4.77455357142858));
#3241=CARTESIAN_POINT('',(-3.60394966342868,-1.73557068536722,4.72991071428572));
#3242=CARTESIAN_POINT('',(-4.00008234670659,-0.912992692659026,4.68526785714286));
#3243=CARTESIAN_POINT('',(-4.00008234670659,1.17667551953976E-14,4.64062500000001));
#3244=CARTESIAN_POINT('',(-4.0000823467066,0.912992692658993,4.59598214285715));
#3245=CARTESIAN_POINT('',(-3.60394966342869,1.73557068536719,4.55133928571429));
#3246=CARTESIAN_POINT('',(-3.20781698015081,2.55814867807534,4.50669642857144));
#3247=CARTESIAN_POINT('',(-2.49401054976672,3.1273903111198,4.46205357142858));
#3248=CARTESIAN_POINT('',(-1.78020411938263,3.69663194416425,4.41741071428572));
#3249=CARTESIAN_POINT('',(-0.890102059691347,3.89979193083002,4.37276785714286));
#3250=CARTESIAN_POINT('',(-1.00467942178437E-14,4.1029519174958,4.32812500000001));
#3251=CARTESIAN_POINT('',(0.890102059691273,3.89979193083004,4.28348214285715));
#3252=CARTESIAN_POINT('',(1.78020411938261,3.69663194416426,4.23883928571429));
#3253=CARTESIAN_POINT('',(2.49401054976671,3.12739031111981,4.19419642857144));
#3254=CARTESIAN_POINT('',(3.20781698015076,2.5581486780754,4.14955357142858));
#3255=CARTESIAN_POINT('',(3.60394966342868,1.73557068536721,4.10491071428572));
#3256=CARTESIAN_POINT('',(4.00008234670659,0.912992692659013,4.06026785714286));
#3257=CARTESIAN_POINT('',(4.00008234670659,3.13565554172431E-14,4.01562500000001));
#3258=CARTESIAN_POINT('',(4.00008234670659,-0.912992692659007,3.97098214285715));
#3259=CARTESIAN_POINT('',(3.60394966342869,-1.7355706853672,3.92633928571429));
#3260=CARTESIAN_POINT('',(3.2078169801508,-2.55814867807535,3.88169642857144));
#3261=CARTESIAN_POINT('',(2.49401054976671,-3.12739031111981,3.83705357142858));
#3262=CARTESIAN_POINT('',(1.78020411938267,-3.69663194416424,3.79241071428572));
#3263=CARTESIAN_POINT('',(0.890102059691334,-3.89979193083002,3.74776785714287));
#3264=CARTESIAN_POINT('',(-4.02735248962273E-15,-4.1029519174958,3.70312500000001));
#3265=CARTESIAN_POINT('',(-0.890102059691286,-3.89979193083003,3.65848214285715));
#3266=CARTESIAN_POINT('',(-1.78020411938262,-3.69663194416426,3.61383928571429));
#3267=CARTESIAN_POINT('',(-2.49401054976668,-3.12739031111984,3.56919642857144));
#3268=CARTESIAN_POINT('',(-3.20781698015077,-2.55814867807539,3.52455357142858));
#3269=CARTESIAN_POINT('',(-3.60394966342869,-1.7355706853672,3.47991071428572));
#3270=CARTESIAN_POINT('',(-4.00008234670658,-0.912992692659056,3.43526785714287));
#3271=CARTESIAN_POINT('',(-4.00008234670659,-1.76352769519922E-14,3.39062500000001));
#3272=CARTESIAN_POINT('',(-4.00008234670659,0.912992692659021,3.34598214285715));
#3273=CARTESIAN_POINT('',(-3.6039496634287,1.73557068536716,3.30133928571429));
#3274=CARTESIAN_POINT('',(-3.2078169801508,2.55814867807536,3.25669642857144));
#3275=CARTESIAN_POINT('',(-2.4940105497667,3.12739031111982,3.21205357142858));
#3276=CARTESIAN_POINT('',(-1.78020411938266,3.69663194416424,3.16741071428572));
#3277=CARTESIAN_POINT('',(-0.89010205969132,3.89979193083003,3.12276785714287));
#3278=CARTESIAN_POINT('',(-4.02049544059032E-14,4.1029519174958,3.07812500000001));
#3279=CARTESIAN_POINT('',(0.890102059691299,3.89979193083003,3.03348214285715));
#3280=CARTESIAN_POINT('',(1.78020411938264,3.69663194416425,2.98883928571429));
#3281=CARTESIAN_POINT('',(2.49401054976669,3.12739031111983,2.94419642857144));
#3282=CARTESIAN_POINT('',(3.20781698015078,2.55814867807538,2.89955357142858));
#3283=CARTESIAN_POINT('',(3.60394966342867,1.73557068536723,2.85491071428572));
#3284=CARTESIAN_POINT('',(4.00008234670659,0.912992692659042,2.81026785714287));
#3285=CARTESIAN_POINT('',(4.00008234670659,3.91399848674131E-15,2.76562500000001));
#3286=CARTESIAN_POINT('',(4.0000823467066,-0.912992692658978,2.72098214285715));
#3287=CARTESIAN_POINT('',(3.6039496634287,-1.73557068536718,2.67633928571429));
#3288=CARTESIAN_POINT('',(3.20781698015079,-2.55814867807537,2.63169642857143));
#3289=CARTESIAN_POINT('',(2.49401054976674,-3.12739031111979,2.58705357142858));
#3290=CARTESIAN_POINT('',(1.78020411938264,-3.69663194416425,2.54241071428572));
#3291=CARTESIAN_POINT('',(0.890102059691307,-3.89979193083003,2.49776785714287));
#3292=CARTESIAN_POINT('',(2.61308076984368E-14,-4.1029519174958,2.45312500000001));
#3293=CARTESIAN_POINT('',(-0.890102059691313,-3.89979193083003,2.40848214285715));
#3294=CARTESIAN_POINT('',(-1.7802041193826,-3.69663194416427,2.36383928571429));
#3295=CARTESIAN_POINT('',(-2.4940105497667,-3.12739031111982,2.31919642857143));
#3296=CARTESIAN_POINT('',(-3.20781698015079,-2.55814867807537,2.27455357142858));
#3297=CARTESIAN_POINT('',(-3.60394966342868,-1.73557068536722,2.22991071428572));
#3298=CARTESIAN_POINT('',(-4.00008234670659,-0.912992692659028,2.18526785714286));
#3299=CARTESIAN_POINT('',(-4.00008234670659,-4.70373090993821E-14,2.14062500000001));
#3300=CARTESIAN_POINT('',(-4.0000823467066,0.912992692658991,2.09598214285715));
#3301=CARTESIAN_POINT('',(-3.60394966342869,1.73557068536719,2.05133928571429));
#3302=CARTESIAN_POINT('',(-3.20781698015081,2.55814867807534,2.00669642857144));
#3303=CARTESIAN_POINT('',(-2.49401054976673,3.1273903111198,1.96205357142858));
#3304=CARTESIAN_POINT('',(-1.78020411938263,3.69663194416425,1.91741071428572));
#3305=CARTESIAN_POINT('',(-0.890102059691349,3.89979193083002,1.87276785714286));
#3306=CARTESIAN_POINT('',(-1.20566609909704E-14,4.1029519174958,1.82812500000001));
#3307=CARTESIAN_POINT('',(0.890102059691326,3.89979193083003,1.78348214285715));
#3308=CARTESIAN_POINT('',(1.78020411938261,3.69663194416426,1.73883928571429));
#3309=CARTESIAN_POINT('',(2.49401054976671,3.12739031111981,1.69419642857144));
#3310=CARTESIAN_POINT('',(3.20781698015076,2.5581486780754,1.64955357142858));
#3311=CARTESIAN_POINT('',(3.60394966342868,1.73557068536721,1.60491071428572));
#3312=CARTESIAN_POINT('',(4.00008234670659,0.912992692659015,1.56026785714286));
#3313=CARTESIAN_POINT('',(4.00008234670659,3.33160306341312E-14,1.51562500000001));
#3314=CARTESIAN_POINT('',(4.00008234670659,-0.912992692659005,1.47098214285715));
#3315=CARTESIAN_POINT('',(3.60394966342871,-1.73557068536715,1.42633928571429));
#3316=CARTESIAN_POINT('',(3.20781698015081,-2.55814867807535,1.38169642857144));
#3317=CARTESIAN_POINT('',(2.49401054976671,-3.12739031111981,1.33705357142858));
#3318=CARTESIAN_POINT('',(1.78020411938267,-3.69663194416423,1.29241071428572));
#3319=CARTESIAN_POINT('',(0.890102059691336,-3.89979193083002,1.24776785714286));
#3320=CARTESIAN_POINT('',(-2.01748571649604E-15,-4.1029519174958,1.20312500000001));
#3321=CARTESIAN_POINT('',(-0.890102059691284,-3.89979193083004,1.15848214285715));
#3322=CARTESIAN_POINT('',(-1.78020411938262,-3.69663194416426,1.11383928571429));
#3323=CARTESIAN_POINT('',(-2.49401054976672,-3.12739031111981,1.06919642857144));
#3324=CARTESIAN_POINT('',(-3.20781698015077,-2.55814867807539,1.02455357142858));
#3325=CARTESIAN_POINT('',(-3.60394966342869,-1.7355706853672,0.979910714285721));
#3326=CARTESIAN_POINT('',(-4.00008234670658,-0.912992692659058,0.935267857142864));
#3327=CARTESIAN_POINT('',(-4.00008234670659,-1.95947521688802E-14,0.890625000000006));
#3328=CARTESIAN_POINT('',(-4.00008234670659,0.912992692659019,0.845982142857152));
#3329=CARTESIAN_POINT('',(-3.60394966342871,1.73557068536716,0.801339285714294));
#3330=CARTESIAN_POINT('',(-3.2078169801508,2.55814867807536,0.756696428571436));
#3331=CARTESIAN_POINT('',(-2.49401054976675,3.12739031111978,0.712053571428579));
#3332=CARTESIAN_POINT('',(-1.78020411938266,3.69663194416424,0.667410714285721));
#3333=CARTESIAN_POINT('',(-0.890102059691322,3.89979193083003,0.622767857142863));
#3334=CARTESIAN_POINT('',(-4.22148211790299E-14,4.1029519174958,0.578125000000006));
#3335=CARTESIAN_POINT('',(0.890102059691297,3.89979193083003,0.533482142857151));
#3336=CARTESIAN_POINT('',(1.78020411938264,3.69663194416425,0.488839285714294));
#3337=CARTESIAN_POINT('',(2.49401054976668,3.12739031111983,0.444196428571436));
#3338=CARTESIAN_POINT('',(3.20781698015074,2.55814867807542,0.399553571428579));
#3339=CARTESIAN_POINT('',(3.60394966342869,1.73557068536719,0.354910714285721));
#3340=CARTESIAN_POINT('',(4.00008234670659,0.912992692659044,0.310267857142863));
#3341=CARTESIAN_POINT('',(4.00008234670659,6.2718062781521E-14,0.265625000000009));
#3342=CARTESIAN_POINT('',(4.00008234670659,-0.912992692659032,0.220982142857151));
#3343=CARTESIAN_POINT('',(3.6039496634287,-1.73557068536717,0.176339285714294));
#3344=CARTESIAN_POINT('',(3.20781698015082,-2.55814867807532,0.131696428571436));
#3345=CARTESIAN_POINT('',(2.49401054976669,-3.12739031111983,0.0870535714285782));
#3346=CARTESIAN_POINT('',(1.78020411938265,-3.69663194416425,0.0424107142857205));
#3347=CARTESIAN_POINT('',(0.890102059691364,-3.89979193083002,-0.00223214285713716));
#3348=CARTESIAN_POINT('',(-3.01657791314289E-14,-4.1029519174958,-0.0468749999999914));
#3349=CARTESIAN_POINT('',(-0.890102059691311,-3.89979193083003,-0.091517857142849));
#3350=CARTESIAN_POINT('',(-1.7802041193826,-3.69663194416427,-0.136160714285707));
#3351=CARTESIAN_POINT('',(-2.49401054976665,-3.12739031111986,-0.180803571428564));
#3352=CARTESIAN_POINT('',(-3.20781698015079,-2.55814867807537,-0.225446428571422));
#3353=CARTESIAN_POINT('',(-3.60394966342868,-1.73557068536722,-0.27008928571428));
#3354=CARTESIAN_POINT('',(-4.00008234670658,-0.912992692659087,-0.314732142857134));
#3355=CARTESIAN_POINT('',(-4.00008234670659,7.84780476162158E-15,-0.359374999999992));
#3356=CARTESIAN_POINT('',(-4.0000823467066,0.912992692658989,-0.404017857142849));
#3357=CARTESIAN_POINT('',(-3.60394966342872,1.73557068536714,-0.448660714285707));
#3358=CARTESIAN_POINT('',(-3.20781698015078,2.55814867807538,-0.493303571428565));
#3359=CARTESIAN_POINT('',(-2.49401054976673,3.1273903111198,-0.537946428571422));
#3360=CARTESIAN_POINT('',(-1.78020411938269,3.69663194416423,-0.58258928571428));
#3361=CARTESIAN_POINT('',(-0.890102059691296,3.89979193083003,-0.627232142857134));
#3362=CARTESIAN_POINT('',(-1.40665277640971E-14,4.1029519174958,-0.671874999999992));
#3363=CARTESIAN_POINT('',(0.890102059691269,3.89979193083004,-0.71651785714285));
#3364=CARTESIAN_POINT('',(1.78020411938266,3.69663194416424,-0.761160714285707));
#3365=CARTESIAN_POINT('',(2.49401054976671,3.12739031111981,-0.805803571428565));
#3366=CARTESIAN_POINT('',(3.20781698015076,2.5581486780754,-0.850446428571423));
#3367=CARTESIAN_POINT('',(3.60394966342871,1.73557068536716,-0.895089285714277));
#3368=CARTESIAN_POINT('',(4.00008234670659,0.912992692659017,-0.939732142857135));
#3369=CARTESIAN_POINT('',(4.00008234670659,3.52755058510192E-14,-0.984374999999992));
#3370=CARTESIAN_POINT('',(4.00008234670661,-0.912992692658946,-1.02901785714285));
#3371=CARTESIAN_POINT('',(3.60394966342869,-1.7355706853672,-1.07366071428571));
#3372=CARTESIAN_POINT('',(3.20781698015081,-2.55814867807535,-1.11830357142857));
#3373=CARTESIAN_POINT('',(2.49401054976676,-3.12739031111977,-1.16294642857142));
#3374=CARTESIAN_POINT('',(1.78020411938262,-3.69663194416426,-1.20758928571428));
#3375=CARTESIAN_POINT('',(0.890102059691337,-3.89979193083002,-1.25223214285713));
#3376=CARTESIAN_POINT('',(5.8298834659623E-14,-4.1029519174958,-1.29687499999999));
#3377=CARTESIAN_POINT('',(-0.890102059691337,-3.89979193083002,-1.34151785714285));
#3378=CARTESIAN_POINT('',(-1.78020411938262,-3.69663194416426,-1.38616071428571));
#3379=CARTESIAN_POINT('',(-2.49401054976667,-3.12739031111984,-1.43080357142857));
#3380=CARTESIAN_POINT('',(-3.20781698015081,-2.55814867807535,-1.47544642857142));
#3381=CARTESIAN_POINT('',(-3.60394966342869,-1.7355706853672,-1.52008928571428));
#3382=CARTESIAN_POINT('',(-4.00008234670658,-0.91299269265906,-1.56473214285714));
#3383=CARTESIAN_POINT('',(-4.00008234670659,-7.83988164636599E-14,-1.60937499999999));
#3384=CARTESIAN_POINT('',(-4.00008234670659,0.912992692659017,-1.65401785714285));
#3385=CARTESIAN_POINT('',(-3.60394966342871,1.73557068536716,-1.69866071428571));
#3386=CARTESIAN_POINT('',(-3.20781698015083,2.55814867807531,-1.74330357142856));
#3387=CARTESIAN_POINT('',(-2.49401054976671,3.12739031111981,-1.78794642857142));
#3388=CARTESIAN_POINT('',(-1.78020411938266,3.69663194416424,-1.83258928571428));
#3389=CARTESIAN_POINT('',(-0.89010205969138,3.89979193083001,-1.87723214285714));
#3390=CARTESIAN_POINT('',(1.40817656508358E-14,4.1029519174958,-1.92187499999999));
#3391=CARTESIAN_POINT('',(0.890102059691296,3.89979193083003,-1.96651785714285));
#3392=CARTESIAN_POINT('',(1.78020411938258,3.69663194416428,-2.01116071428571));
#3393=CARTESIAN_POINT('',(2.49401054976673,3.1273903111198,-2.05580357142856));
#3394=CARTESIAN_POINT('',(3.20781698015078,2.55814867807538,-2.10044642857142));
#3395=CARTESIAN_POINT('',(3.60394966342867,1.73557068536724,-2.14508928571428));
#3396=CARTESIAN_POINT('',(4.0000823467066,0.912992692658989,-2.18973214285714));
#3397=CARTESIAN_POINT('',(4.00008234670659,7.83294892051736E-15,-2.23437499999999));
#3398=CARTESIAN_POINT('',(4.0000823467066,-0.912992692658974,-2.27901785714285));
#3399=CARTESIAN_POINT('',(3.60394966342868,-1.73557068536722,-2.32366071428571));
#3400=CARTESIAN_POINT('',(3.20781698015079,-2.55814867807537,-2.36830357142856));
#3401=CARTESIAN_POINT('',(2.49401054976674,-3.12739031111979,-2.41294642857142));
#3402=CARTESIAN_POINT('',(1.7802041193827,-3.69663194416422,-2.45758928571428));
#3403=CARTESIAN_POINT('',(0.890102059691311,-3.89979193083003,-2.50223214285714));
#3404=CARTESIAN_POINT('',(3.01505412446902E-14,-4.1029519174958,-2.54687499999999));
#3405=CARTESIAN_POINT('',(-0.890102059691253,-3.89979193083004,-2.59151785714285));
#3406=CARTESIAN_POINT('',(-1.78020411938265,-3.69663194416425,-2.63616071428571));
#3407=CARTESIAN_POINT('',(-2.49401054976669,-3.12739031111983,-2.68080357142856));
#3408=CARTESIAN_POINT('',(-3.20781698015075,-2.55814867807542,-2.72544642857142));
#3409=CARTESIAN_POINT('',(-3.6039496634287,-1.73557068536717,-2.77008928571428));
#3410=CARTESIAN_POINT('',(-4.00008234670659,-0.912992692659032,-2.81473214285714));
#3411=CARTESIAN_POINT('',(-4.00008234670659,-5.09562595331581E-14,-2.85937499999999));
#3412=CARTESIAN_POINT('',(-4.00008234670659,0.912992692659044,-2.90401785714285));
#3413=CARTESIAN_POINT('',(-3.60394966342869,1.73557068536719,-2.94866071428571));
#3414=CARTESIAN_POINT('',(-3.20781698015082,2.55814867807533,-2.99330357142856));
#3415=CARTESIAN_POINT('',(-2.49401054976677,3.12739031111976,-3.03794642857142));
#3416=CARTESIAN_POINT('',(-1.78020411938264,3.69663194416425,-3.08258928571428));
#3417=CARTESIAN_POINT('',(-0.890102059691353,3.89979193083002,-3.12723214285714));
#3418=CARTESIAN_POINT('',(-7.43828481402161E-14,4.1029519174958,-3.17187499999999));
#3419=CARTESIAN_POINT('',(0.890102059691322,3.89979193083003,-3.21651785714285));
#3420=CARTESIAN_POINT('',(1.78020411938261,3.69663194416427,-3.26116071428571));
#3421=CARTESIAN_POINT('',(2.49401054976666,3.12739031111985,-3.30580357142856));
#3422=CARTESIAN_POINT('',(3.2078169801508,2.55814867807536,-3.35044642857142));
#3423=CARTESIAN_POINT('',(3.60394966342868,1.73557068536721,-3.39508928571428));
#3424=CARTESIAN_POINT('',(4.00008234670658,0.912992692659076,-3.43973214285714));
#3425=CARTESIAN_POINT('',(4.00008234670659,-1.96096080099845E-14,-3.48437499999999));
#3426=CARTESIAN_POINT('',(4.0000823467066,-0.912992692659001,-3.52901785714285));
#3427=CARTESIAN_POINT('',(3.60394966342871,-1.73557068536715,-3.57366071428571));
#3428=CARTESIAN_POINT('',(3.20781698015077,-2.55814867807539,-3.61830357142856));
#3429=CARTESIAN_POINT('',(2.49401054976672,-3.12739031111981,-3.66294642857142));
#3430=CARTESIAN_POINT('',(1.78020411938267,-3.69663194416423,-3.70758928571428));
#3431=CARTESIAN_POINT('',(0.890102059691284,-3.89979193083004,-3.75223214285714));
#3432=CARTESIAN_POINT('',(2.00224782975734E-15,-4.1029519174958,-3.79687499999999));
#3433=CARTESIAN_POINT('',(-0.89010205969128,-3.89979193083004,-3.84151785714285));
#3434=CARTESIAN_POINT('',(-1.78020411938257,-3.69663194416428,-3.88616071428571));
#3435=CARTESIAN_POINT('',(-2.49401054976671,-3.12739031111981,-3.93080357142856));
#3436=CARTESIAN_POINT('',(-3.20781698015077,-2.55814867807539,-3.97544642857142));
#3437=CARTESIAN_POINT('',(-3.60394966342866,-1.73557068536725,-4.02008928571428));
#3438=CARTESIAN_POINT('',(-4.00008234670659,-0.912992692659005,-4.06473214285713));
#3439=CARTESIAN_POINT('',(-4.00008234670659,-2.35137026026563E-14,-4.10937499999999));
#3440=CARTESIAN_POINT('',(-4.00008234670661,0.912992692658958,-4.15401785714285));
#3441=CARTESIAN_POINT('',(-3.60394966342868,1.73557068536721,-4.19866071428571));
#3442=CARTESIAN_POINT('',(-3.2078169801508,2.55814867807536,-4.24330357142856));
#3443=CARTESIAN_POINT('',(-2.49401054976675,3.12739031111978,-4.28794642857142));
#3444=CARTESIAN_POINT('',(-1.78020411938261,3.69663194416426,-4.33258928571428));
#3445=CARTESIAN_POINT('',(-0.890102059691326,3.89979193083003,-4.37723214285713));
#3446=CARTESIAN_POINT('',(-4.62345547252833E-14,4.1029519174958,-4.42187499999999));
#3447=CARTESIAN_POINT('',(0.890102059691238,3.89979193083005,-4.46651785714285));
#3448=CARTESIAN_POINT('',(1.78020411938263,3.69663194416425,-4.51116071428571));
#3449=CARTESIAN_POINT('',(2.49401054976668,3.12739031111983,-4.55580357142856));
#3450=CARTESIAN_POINT('',(3.20781698015074,2.55814867807543,-4.60044642857142));
#3451=CARTESIAN_POINT('',(3.60394966342869,1.73557068536719,-4.64508928571428));
#3452=CARTESIAN_POINT('',(4.00008234670659,0.912992692659048,-4.68973214285713));
#3453=CARTESIAN_POINT('',(4.00008234670659,6.66370132152971E-14,-4.73437499999999));
#3454=CARTESIAN_POINT('',(4.00008234670659,-0.912992692659028,-4.77901785714285));
#3455=CARTESIAN_POINT('',(3.6039496634287,-1.73557068536717,-4.82366071428571));
#3456=CARTESIAN_POINT('',(3.20781698015083,-2.55814867807532,-4.86830357142856));
#3457=CARTESIAN_POINT('',(2.4940105497667,-3.12739031111982,-4.91294642857142));
#3458=CARTESIAN_POINT('',(1.78020411938265,-3.69663194416425,-4.95758928571428));
#3459=CARTESIAN_POINT('',(0.890102059691368,-3.89979193083002,-5.00223214285713));
#3460=CARTESIAN_POINT('',(-2.61460455851755E-14,-4.1029519174958,-5.04687499999999));
#3461=CARTESIAN_POINT('',(-0.890102059691307,-3.89979193083003,-5.09151785714285));
#3462=CARTESIAN_POINT('',(-1.78020411938259,-3.69663194416427,-5.13616071428571));
#3463=CARTESIAN_POINT('',(-2.49401054976674,-3.12739031111979,-5.18080357142856));
#3464=CARTESIAN_POINT('',(-3.20781698015079,-2.55814867807537,-5.22544642857142));
#3465=CARTESIAN_POINT('',(-3.60394966342867,-1.73557068536723,-5.27008928571428));
#3466=CARTESIAN_POINT('',(-4.00008234670658,-0.912992692659091,-5.31473214285714));
#3467=CARTESIAN_POINT('',(-4.00008234670659,3.92885432784553E-15,-5.35937499999999));
#3468=CARTESIAN_POINT('',(-4.0000823467066,0.912992692658985,-5.40401785714285));
#3469=CARTESIAN_POINT('',(-3.60394966342872,1.73557068536713,-5.44866071428571));
#3470=CARTESIAN_POINT('',(-3.20781698015078,2.55814867807538,-5.49330357142856));
#3471=CARTESIAN_POINT('',(-2.49401054976673,3.12739031111979,-5.53794642857142));
#3472=CARTESIAN_POINT('',(-1.78020411938269,3.69663194416423,-5.58258928571428));
#3473=CARTESIAN_POINT('',(-0.890102059691299,3.89979193083003,-5.62723214285714));
#3474=CARTESIAN_POINT('',(-1.80862613103504E-14,4.1029519174958,-5.67187499999999));
#3475=CARTESIAN_POINT('',(0.890102059691265,3.89979193083004,-5.71651785714285));
#3476=CARTESIAN_POINT('',(1.78020411938266,3.69663194416424,-5.76116071428571));
#3477=CARTESIAN_POINT('',(2.4940105497667,3.12739031111982,-5.80580357142856));
#3478=CARTESIAN_POINT('',(3.20781698015076,2.55814867807541,-5.85044642857142));
#3479=CARTESIAN_POINT('',(3.60394966342866,1.73557068536727,-5.89508928571428));
#3480=CARTESIAN_POINT('',(4.00008234670659,0.912992692659021,-5.93973214285713));
#3481=CARTESIAN_POINT('',(4.00008234670659,3.91944562847952E-14,-5.98437499999999));
#3482=CARTESIAN_POINT('',(4.00008234670661,-0.912992692658942,-6.02901785714285));
#3483=CARTESIAN_POINT('',(3.60394966342869,-1.7355706853672,-6.07366071428571));
#3484=CARTESIAN_POINT('',(3.20781698015081,-2.55814867807534,-6.11830357142856));
#3485=CARTESIAN_POINT('',(2.49401054976676,-3.12739031111977,-6.16294642857142));
#3486=CARTESIAN_POINT('',(1.78020411938262,-3.69663194416426,-6.20758928571428));
#3487=CARTESIAN_POINT('',(0.890102059691341,-3.89979193083002,-6.25223214285713));
#3488=CARTESIAN_POINT('',(6.23185682058764E-14,-4.1029519174958,-6.29687499999999));
#3489=CARTESIAN_POINT('',(-0.890102059691334,-3.89979193083002,-6.34151785714285));
#3490=CARTESIAN_POINT('',(-1.78020411938262,-3.69663194416426,-6.38616071428571));
#3491=CARTESIAN_POINT('',(-2.49401054976667,-3.12739031111984,-6.43080357142856));
#3492=CARTESIAN_POINT('',(-3.2078169801508,-2.55814867807535,-6.47544642857142));
#3493=CARTESIAN_POINT('',(-3.60394966342869,-1.7355706853672,-6.52008928571428));
#3494=CARTESIAN_POINT('',(-4.00008234670658,-0.912992692659064,-6.56473214285713));
#3495=CARTESIAN_POINT('',(-4.00008234670659,3.13714112583474E-14,-6.60937499999999));
#3496=CARTESIAN_POINT('',(-4.00008234670659,0.912992692659013,-6.65401785714285));
#3497=CARTESIAN_POINT('',(-3.60394966342871,1.73557068536716,-6.69866071428571));
#3498=CARTESIAN_POINT('',(-3.20781698015084,2.55814867807531,-6.74330357142856));
#3499=CARTESIAN_POINT('',(-2.49401054976671,3.12739031111981,-6.78794642857142));
#3500=CARTESIAN_POINT('',(-1.78020411938266,3.69663194416424,-6.83258928571428));
#3501=CARTESIAN_POINT('',(-0.890102059691383,3.89979193083001,-6.87723214285713));
#3502=CARTESIAN_POINT('',(1.00620321045824E-14,4.1029519174958,-6.92187499999999));
#3503=CARTESIAN_POINT('',(0.890102059691292,3.89979193083003,-6.96651785714285));
#3504=CARTESIAN_POINT('',(1.78020411938258,3.69663194416428,-7.01116071428571));
#3505=CARTESIAN_POINT('',(2.49401054976672,3.1273903111198,-7.05580357142856));
#3506=CARTESIAN_POINT('',(3.20781698015078,2.55814867807538,-7.10044642857142));
#3507=CARTESIAN_POINT('',(3.60394966342867,1.73557068536724,-7.14508928571428));
#3508=CARTESIAN_POINT('',(4.0000823467066,0.912992692658993,-7.18973214285713));
#3509=CARTESIAN_POINT('',(4.00008234670659,1.17518993542934E-14,-7.23437499999999));
#3510=CARTESIAN_POINT('',(4.0000823467066,-0.91299269265897,-7.27901785714285));
#3511=CARTESIAN_POINT('',(3.60394966342873,-1.73557068536712,-7.32366071428571));
#3512=CARTESIAN_POINT('',(3.20781698015079,-2.55814867807536,-7.36830357142856));
#3513=CARTESIAN_POINT('',(2.49401054976674,-3.12739031111979,-7.41294642857142));
#3514=CARTESIAN_POINT('',(1.7802041193827,-3.69663194416422,-7.45758928571428));
#3515=CARTESIAN_POINT('',(0.890102059691315,-3.89979193083003,-7.50223214285713));
#3516=CARTESIAN_POINT('',(3.41702747909435E-14,-4.1029519174958,-7.54687499999999));
#3517=CARTESIAN_POINT('',(-0.89010205969125,-3.89979193083004,-7.59151785714285));
#3518=CARTESIAN_POINT('',(-1.78020411938264,-3.69663194416425,-7.63616071428571));
#3519=CARTESIAN_POINT('',(-2.49401054976669,-3.12739031111983,-7.68080357142856));
#3520=CARTESIAN_POINT('',(-3.20781698015075,-2.55814867807542,-7.72544642857142));
#3521=CARTESIAN_POINT('',(-3.6039496634287,-1.73557068536718,-7.77008928571428));
#3522=CARTESIAN_POINT('',(-4.00008234670659,-0.912992692659036,-7.81473214285713));
#3523=CARTESIAN_POINT('',(-4.00008234670659,-5.48752099669342E-14,-7.85937499999999));
#3524=CARTESIAN_POINT('',(-4.00008234670659,0.91299269265904,-7.90401785714285));
#3525=CARTESIAN_POINT('',(-3.6039496634287,1.73557068536718,-7.94866071428571));
#3526=CARTESIAN_POINT('',(-3.20781698015082,2.55814867807533,-7.99330357142856));
#3527=CARTESIAN_POINT('',(-2.49401054976669,3.12739031111983,-8.03794642857142));
#3528=CARTESIAN_POINT('',(-1.78020411938264,3.69663194416425,-8.08258928571428));
#3529=CARTESIAN_POINT('',(-0.890102059691357,3.89979193083002,-8.12723214285713));
#3530=CARTESIAN_POINT('',(-7.84025816864695E-14,4.1029519174958,-8.17187499999999));
#3531=CARTESIAN_POINT('',(0.890102059691318,3.89979193083003,-8.21651785714285));
#3532=CARTESIAN_POINT('',(1.7802041193826,3.69663194416427,-8.2611607142857));
#3533=CARTESIAN_POINT('',(2.49401054976666,3.12739031111985,-8.30580357142856));
#3534=CARTESIAN_POINT('',(3.20781698015079,2.55814867807536,-8.35044642857142));
#3535=CARTESIAN_POINT('',(3.60394966342868,1.73557068536722,-8.39508928571428));
#3536=CARTESIAN_POINT('',(4.00008234670658,0.912992692659079,-8.43973214285713));
#3537=CARTESIAN_POINT('',(4.00008234670659,-1.56906575762084E-14,-8.48437499999999));
#3538=CARTESIAN_POINT('',(4.0000823467066,-0.912992692658997,-8.52901785714285));
#3539=CARTESIAN_POINT('',(3.60394966342871,-1.73557068536714,-8.5736607142857));
#3540=CARTESIAN_POINT('',(3.20781698015077,-2.55814867807539,-8.61830357142857));
#3541=CARTESIAN_POINT('',(2.49401054976672,-3.1273903111198,-8.66294642857142));
#3542=CARTESIAN_POINT('',(1.78020411938268,-3.69663194416423,-8.70758928571428));
#3543=CARTESIAN_POINT('',(0.890102059691399,-3.89979193083001,-8.75223214285714));
#3544=CARTESIAN_POINT('',(6.02198137601073E-15,-4.1029519174958,-8.796875));
#3545=CARTESIAN_POINT('',(-0.890102059691277,-3.89979193083004,-8.84151785714285));
#3546=CARTESIAN_POINT('',(-1.78020411938256,-3.69663194416429,-8.8861607142857));
#3547=CARTESIAN_POINT('',(-2.49401054976671,-3.12739031111981,-8.93080357142857));
#3548=CARTESIAN_POINT('',(-3.20781698015077,-2.5581486780754,-8.97544642857142));
#3549=CARTESIAN_POINT('',(-3.60394966342866,-1.73557068536726,-9.02008928571428));
#3550=CARTESIAN_POINT('',(-4.00008234670659,-0.912992692659009,-9.06473214285714));
#3551=CARTESIAN_POINT('',(-4.00008234670659,-2.74326530364323E-14,-9.109375));
#3552=CARTESIAN_POINT('',(-4.00008234670661,0.912992692658954,-9.15401785714285));
#3553=CARTESIAN_POINT('',(-3.60394966342868,1.73557068536721,-9.1986607142857));
#3554=CARTESIAN_POINT('',(-3.2078169801508,2.55814867807535,-9.24330357142857));
#3555=CARTESIAN_POINT('',(-2.49401054976676,3.12739031111978,-9.28794642857142));
#3556=CARTESIAN_POINT('',(-1.78020411938261,3.69663194416426,-9.33258928571428));
#3557=CARTESIAN_POINT('',(-0.89010205969133,3.89979193083002,-9.37723214285714));
#3558=CARTESIAN_POINT('',(-5.02542882715366E-14,4.1029519174958,-9.42187499999999));
#3559=CARTESIAN_POINT('',(0.890102059691345,3.89979193083002,-9.46651785714285));
#3560=CARTESIAN_POINT('',(1.78020411938263,3.69663194416426,-9.5111607142857));
#3561=CARTESIAN_POINT('',(2.49401054976668,3.12739031111984,-9.55580357142857));
#3562=CARTESIAN_POINT('',(3.20781698015074,2.55814867807543,-9.60044642857142));
#3563=CARTESIAN_POINT('',(3.60394966342869,1.73557068536719,-9.64508928571428));
#3564=CARTESIAN_POINT('',(4.00008234670659,0.912992692659052,-9.68973214285714));
#3565=CARTESIAN_POINT('',(4.00008234670659,7.05559636490731E-14,-9.73437499999999));
#3566=CARTESIAN_POINT('',(4.00008234670659,-0.912992692659025,-9.77901785714285));
#3567=CARTESIAN_POINT('',(3.6039496634287,-1.73557068536717,-9.8236607142857));
#3568=CARTESIAN_POINT('',(3.20781698015083,-2.55814867807532,-9.86830357142857));
#3569=CARTESIAN_POINT('',(2.4940105497667,-3.12739031111982,-9.91294642857142));
#3570=CARTESIAN_POINT('',(1.78020411938265,-3.69663194416424,-9.95758928571428));
#3571=CARTESIAN_POINT('',(0.890102059691372,-3.89979193083002,-10.0022321428571));
#3572=CARTESIAN_POINT('',(-2.21263120389221E-14,-4.1029519174958,-10.046875));
#3573=CARTESIAN_POINT('',(-0.890102059691303,-3.89979193083003,-10.0915178571429));
#3574=CARTESIAN_POINT('',(-1.78020411938259,-3.69663194416428,-10.1361607142857));
#3575=CARTESIAN_POINT('',(-2.49401054976664,-3.12739031111986,-10.1808035714286));
#3576=CARTESIAN_POINT('',(-3.20781698015078,-2.55814867807537,-10.2254464285714));
#3577=CARTESIAN_POINT('',(-3.60394966342867,-1.73557068536723,-10.2700892857143));
#3578=CARTESIAN_POINT('',(-4.00008234670658,-0.912992692659095,-10.3147321428571));
#3579=CARTESIAN_POINT('',(-4.00008234670659,9.90389406948119E-18,-10.359375));
#3580=CARTESIAN_POINT('',(-4.0000823467066,0.912992692658981,-10.4040178571429));
#3581=CARTESIAN_POINT('',(-3.60394966342872,1.73557068536713,-10.4486607142857));
#3582=CARTESIAN_POINT('',(-3.20781698015078,2.55814867807537,-10.4933035714286));
#3583=CARTESIAN_POINT('',(-2.49401054976673,3.12739031111979,-10.5379464285714));
#3584=CARTESIAN_POINT('',(-1.78020411938269,3.69663194416422,-10.5825892857143));
#3585=CARTESIAN_POINT('',(-0.890102059691303,3.89979193083003,-10.6272321428571));
#3586=CARTESIAN_POINT('',(-2.21059948566038E-14,4.1029519174958,-10.671875));
#3587=CARTESIAN_POINT('',(0.890102059691261,3.89979193083004,-10.7165178571429));
#3588=CARTESIAN_POINT('',(1.78020411938265,3.69663194416424,-10.7611607142857));
#3589=CARTESIAN_POINT('',(2.4940105497667,3.12739031111982,-10.8058035714286));
#3590=CARTESIAN_POINT('',(3.20781698015076,2.55814867807541,-10.8504464285714));
#3591=CARTESIAN_POINT('',(3.6039496634287,1.73557068536717,-10.8950892857143));
#3592=CARTESIAN_POINT('',(4.00008234670659,0.912992692659025,-10.9397321428571));
#3593=CARTESIAN_POINT('',(4.00008234670659,4.31134067185713E-14,-10.984375));
#3594=CARTESIAN_POINT('',(4.00008234670661,-0.912992692658938,-11.0290178571429));
#3595=CARTESIAN_POINT('',(3.60394966342869,-1.73557068536719,-11.0736607142857));
#3596=CARTESIAN_POINT('',(3.20781698015081,-2.55814867807534,-11.1183035714286));
#3597=CARTESIAN_POINT('',(2.49401054976677,-3.12739031111977,-11.1629464285714));
#3598=CARTESIAN_POINT('',(1.78020411938263,-3.69663194416426,-11.2075892857143));
#3599=CARTESIAN_POINT('',(0.890102059691345,-3.89979193083002,-11.2522321428571));
#3600=CARTESIAN_POINT('',(6.63383017521297E-14,-4.1029519174958,-11.296875));
#3601=CARTESIAN_POINT('',(-0.89010205969133,-3.89979193083002,-11.3415178571429));
#3602=CARTESIAN_POINT('',(-1.78020411938261,-3.69663194416426,-11.3861607142857));
#3603=CARTESIAN_POINT('',(-2.49401054976667,-3.12739031111985,-11.4308035714286));
#3604=CARTESIAN_POINT('',(-3.2078169801508,-2.55814867807535,-11.4754464285714));
#3605=CARTESIAN_POINT('',(-3.60394966342868,-1.73557068536721,-11.5200892857143));
#3606=CARTESIAN_POINT('',(-4.00008234670658,-0.912992692659068,-11.5647321428571));
#3607=CARTESIAN_POINT('',(-4.00008234670659,-8.6236717331212E-14,-11.609375));
#3608=CARTESIAN_POINT('',(-4.00008234670659,0.912992692659009,-11.6540178571429));
#3609=CARTESIAN_POINT('',(-3.60394966342871,1.73557068536715,-11.6986607142857));
#3610=CARTESIAN_POINT('',(-3.20781698015084,2.55814867807531,-11.7433035714286));
#3611=CARTESIAN_POINT('',(-2.49401054976671,3.12739031111981,-11.7879464285714));
#3612=CARTESIAN_POINT('',(-1.78020411938267,3.69663194416424,-11.8325892857143));
#3613=CARTESIAN_POINT('',(-0.890102059691387,3.89979193083001,-11.8772321428571));
#3614=CARTESIAN_POINT('',(6.04229855832899E-15,4.1029519174958,-11.921875));
#3615=CARTESIAN_POINT('',(0.890102059691288,3.89979193083003,-11.9665178571429));
#3616=CARTESIAN_POINT('',(1.78020411938257,3.69663194416428,-12.0111607142857));
#3617=CARTESIAN_POINT('',(2.49401054976672,3.1273903111198,-12.0558035714286));
#3618=CARTESIAN_POINT('',(3.20781698015077,2.55814867807539,-12.1004464285714));
#3619=CARTESIAN_POINT('',(3.60394966342867,1.73557068536725,-12.1450892857143));
#3620=CARTESIAN_POINT('',(4.0000823467066,0.912992692658997,-12.1897321428571));
#3621=CARTESIAN_POINT('',(4.00008234670659,1.56708497880695E-14,-12.234375));
#3622=CARTESIAN_POINT('',(4.0000823467066,-0.912992692658966,-12.2790178571429));
#3623=CARTESIAN_POINT('',(3.60394966342868,-1.73557068536722,-12.3236607142857));
#3624=CARTESIAN_POINT('',(3.20781698015079,-2.55814867807536,-12.3683035714286));
#3625=CARTESIAN_POINT('',(2.49401054976675,-3.12739031111978,-12.4129464285714));
#3626=CARTESIAN_POINT('',(1.78020411938271,-3.69663194416422,-12.4575892857143));
#3627=CARTESIAN_POINT('',(0.890102059691318,-3.89979193083003,-12.5022321428571));
#3628=CARTESIAN_POINT('',(3.81900083371969E-14,-4.1029519174958,-12.546875));
#3629=CARTESIAN_POINT('',(-0.890102059691246,-3.89979193083004,-12.5915178571428));
#3630=CARTESIAN_POINT('',(-1.78020411938264,-3.69663194416425,-12.6361607142857));
#3631=CARTESIAN_POINT('',(-2.49401054976669,-3.12739031111983,-12.6808035714286));
#3632=CARTESIAN_POINT('',(-3.20781698015075,-2.55814867807542,-12.7254464285714));
#3633=CARTESIAN_POINT('',(-3.6039496634287,-1.73557068536718,-12.7700892857143));
#3634=CARTESIAN_POINT('',(-4.00008234670659,-0.91299269265904,-12.8147321428571));
#3635=CARTESIAN_POINT('',(-4.00008234670659,-5.87941604007102E-14,-12.859375));
#3636=CARTESIAN_POINT('',(-4.00008234670659,0.912992692659036,-12.9040178571428));
#3637=CARTESIAN_POINT('',(-3.6039496634287,1.73557068536718,-12.9486607142857));
#3638=CARTESIAN_POINT('',(-3.20781698015082,2.55814867807533,-12.9933035714286));
#3639=CARTESIAN_POINT('',(-2.49401054976678,3.12739031111976,-13.0379464285714));
#3640=CARTESIAN_POINT('',(-1.78020411938264,3.69663194416425,-13.0825892857143));
#3641=CARTESIAN_POINT('',(-0.89010205969136,3.89979193083002,-13.1272321428571));
#3642=CARTESIAN_POINT('',(-8.24223152327228E-14,4.1029519174958,-13.171875));
#3643=CARTESIAN_POINT('',(0.890102059691315,3.89979193083003,-13.2165178571428));
#3644=CARTESIAN_POINT('',(1.7802041193826,3.69663194416427,-13.2611607142857));
#3645=CARTESIAN_POINT('',(2.49401054976665,3.12739031111986,-13.3058035714286));
#3646=CARTESIAN_POINT('',(3.20781698015079,2.55814867807536,-13.3504464285714));
#3647=CARTESIAN_POINT('',(3.60394966342868,1.73557068536722,-13.3950892857143));
#3648=CARTESIAN_POINT('',(4.00008234670658,0.912992692659083,-13.4397321428571));
#3649=CARTESIAN_POINT('',(4.00008234670659,-1.17717071424324E-14,-13.484375));
#3650=CARTESIAN_POINT('',(4.0000823467066,-0.912992692658993,-13.5290178571428));
#3651=CARTESIAN_POINT('',(3.60394966342872,-1.73557068536714,-13.5736607142857));
#3652=CARTESIAN_POINT('',(3.20781698015078,-2.55814867807538,-13.6183035714286));
#3653=CARTESIAN_POINT('',(2.49401054976672,-3.1273903111198,-13.6629464285714));
#3654=CARTESIAN_POINT('',(1.78020411938268,-3.69663194416423,-13.7075892857143));
#3655=CARTESIAN_POINT('',(0.890102059691292,-3.89979193083003,-13.7522321428571));
#3656=CARTESIAN_POINT('',(1.00417149222641E-14,-4.1029519174958,-13.796875));
#3657=CARTESIAN_POINT('',(-0.890102059691273,-3.89979193083004,-13.8415178571428));
#3658=CARTESIAN_POINT('',(-1.78020411938256,-3.69663194416429,-13.8861607142857));
#3659=CARTESIAN_POINT('',(-2.49401054976671,-3.12739031111981,-13.9308035714286));
#3660=CARTESIAN_POINT('',(-3.20781698015076,-2.5581486780754,-13.9754464285714));
#3661=CARTESIAN_POINT('',(-3.60394966342866,-1.73557068536726,-14.0200892857143));
#3662=CARTESIAN_POINT('',(-4.00008234670659,-0.912992692659013,-14.0647321428571));
#3663=CARTESIAN_POINT('',(-4.00008234670659,-3.13516034702084E-14,-14.109375));
#3664=CARTESIAN_POINT('',(-4.00008234670661,0.91299269265895,-14.1540178571428));
#3665=CARTESIAN_POINT('',(-3.60394966342869,1.7355706853672,-14.1986607142857));
#3666=CARTESIAN_POINT('',(-3.2078169801508,2.55814867807535,-14.2433035714286));
#3667=CARTESIAN_POINT('',(-2.49401054976676,3.12739031111977,-14.2879464285714));
#3668=CARTESIAN_POINT('',(-1.78020411938262,3.69663194416426,-14.3325892857143));
#3669=CARTESIAN_POINT('',(-0.890102059691334,3.89979193083002,-14.3772321428571));
#3670=CARTESIAN_POINT('',(-5.427402181779E-14,4.1029519174958,-14.421875));
#3671=CARTESIAN_POINT('',(0.89010205969123,3.89979193083005,-14.4665178571428));
#3672=CARTESIAN_POINT('',(1.78020411938262,3.69663194416426,-14.5111607142857));
#3673=CARTESIAN_POINT('',(2.49401054976668,3.12739031111984,-14.5558035714286));
#3674=CARTESIAN_POINT('',(3.20781698015074,2.55814867807543,-14.6004464285714));
#3675=CARTESIAN_POINT('',(3.60394966342869,1.7355706853672,-14.6450892857143));
#3676=CARTESIAN_POINT('',(4.00008234670658,0.912992692659056,-14.6897321428571));
#3677=CARTESIAN_POINT('',(4.00008234670659,7.44749140828492E-14,-14.734375));
#3678=CARTESIAN_POINT('',(4.00008234670659,-0.912992692659021,-14.7790178571428));
#3679=CARTESIAN_POINT('',(3.6039496634287,-1.73557068536716,-14.8236607142857));
#3680=CARTESIAN_POINT('',(3.20781698015083,-2.55814867807531,-14.8683035714286));
#3681=CARTESIAN_POINT('',(2.4940105497667,-3.12739031111982,-14.9129464285714));
#3682=CARTESIAN_POINT('',(1.78020411938266,-3.69663194416424,-14.9575892857143));
#3683=CARTESIAN_POINT('',(0.890102059691376,-3.89979193083001,-15.0022321428571));
#3684=CARTESIAN_POINT('',(-1.81065784926687E-14,-4.1029519174958,-15.046875));
#3685=CARTESIAN_POINT('',(-0.890102059691299,-3.89979193083003,-15.0915178571428));
#3686=CARTESIAN_POINT('',(-1.78020411938258,-3.69663194416428,-15.1361607142857));
#3687=CARTESIAN_POINT('',(-2.49401054976673,-3.12739031111979,-15.1808035714286));
#3688=CARTESIAN_POINT('',(-3.20781698015078,-2.55814867807538,-15.2254464285714));
#3689=CARTESIAN_POINT('',(-3.60394966342867,-1.73557068536723,-15.2700892857143));
#3690=CARTESIAN_POINT('',(-4.00008234670657,-0.912992692659099,-15.3147321428571));
#3691=CARTESIAN_POINT('',(-4.00008234670659,-3.90904653970657E-15,-15.359375));
#3692=CARTESIAN_POINT('',(-4.0000823467066,0.912992692658978,-15.4040178571428));
#3693=CARTESIAN_POINT('',(-3.60394966342872,1.73557068536713,-15.4486607142857));
#3694=CARTESIAN_POINT('',(-3.20781698015079,2.55814867807537,-15.4933035714286));
#3695=CARTESIAN_POINT('',(-2.49401054976674,3.12739031111979,-15.5379464285714));
#3696=CARTESIAN_POINT('',(-1.7802041193827,3.69663194416422,-15.5825892857143));
#3697=CARTESIAN_POINT('',(-0.890102059691307,3.89979193083003,-15.6272321428571));
#3698=CARTESIAN_POINT('',(-2.61257284028572E-14,4.1029519174958,-15.671875));
#3699=CARTESIAN_POINT('',(0.890102059691257,3.89979193083004,-15.7165178571428));
#3700=CARTESIAN_POINT('',(1.78020411938265,3.69663194416425,-15.7611607142857));
#3701=CARTESIAN_POINT('',(2.4940105497667,3.12739031111982,-15.8058035714286));
#3702=CARTESIAN_POINT('',(3.20781698015075,2.55814867807541,-15.8504464285714));
#3703=CARTESIAN_POINT('',(3.60394966342865,1.73557068536727,-15.8950892857143));
#3704=CARTESIAN_POINT('',(4.00008234670659,0.912992692659028,-15.9397321428571));
#3705=CARTESIAN_POINT('',(4.00008234670659,4.70323571523473E-14,-15.984375));
#3706=CARTESIAN_POINT('',(4.00008234670661,-0.912992692658934,-16.0290178571429));
#3707=CARTESIAN_POINT('',(3.60394966342869,-1.73557068536719,-16.0736607142857));
#3708=CARTESIAN_POINT('',(3.20781698015081,-2.55814867807534,-16.1183035714286));
#3709=CARTESIAN_POINT('',(2.49401054976677,-3.12739031111976,-16.1629464285714));
#3710=CARTESIAN_POINT('',(1.78020411938263,-3.69663194416425,-16.2075892857143));
#3711=CARTESIAN_POINT('',(0.890102059691349,-3.89979193083002,-16.2522321428571));
#3712=CARTESIAN_POINT('',(7.03580352983831E-14,-4.1029519174958,-16.296875));
#3713=CARTESIAN_POINT('',(-0.890102059691326,-3.89979193083003,-16.3415178571429));
#3714=CARTESIAN_POINT('',(-1.78020411938261,-3.69663194416426,-16.3861607142857));
#3715=CARTESIAN_POINT('',(-2.49401054976666,-3.12739031111985,-16.4308035714286));
#3716=CARTESIAN_POINT('',(-3.2078169801508,-2.55814867807536,-16.4754464285714));
#3717=CARTESIAN_POINT('',(-3.60394966342868,-1.73557068536721,-16.5200892857143));
#3718=CARTESIAN_POINT('',(-4.00008234670658,-0.912992692659072,-16.5647321428571));
#3719=CARTESIAN_POINT('',(-4.00008234670659,2.35335103907953E-14,-16.609375));
#3720=CARTESIAN_POINT('',(-4.00008234670659,0.912992692659005,-16.6540178571429));
#3721=CARTESIAN_POINT('',(-3.60394966342871,1.73557068536715,-16.6986607142857));
#3722=CARTESIAN_POINT('',(-3.20781698015084,2.5581486780753,-16.7433035714286));
#3723=CARTESIAN_POINT('',(-2.49401054976671,3.12739031111981,-16.7879464285714));
#3724=CARTESIAN_POINT('',(-1.78020411938267,3.69663194416423,-16.8325892857143));
#3725=CARTESIAN_POINT('',(-0.890102059691391,3.89979193083001,-16.8772321428571));
#3726=CARTESIAN_POINT('',(2.02256501207561E-15,4.1029519174958,-16.921875));
#3727=CARTESIAN_POINT('',(0.890102059691284,3.89979193083004,-16.9665178571429));
#3728=CARTESIAN_POINT('',(1.78020411938257,3.69663194416428,-17.0111607142857));
#3729=CARTESIAN_POINT('',(2.49401054976672,3.12739031111981,-17.0558035714286));
#3730=CARTESIAN_POINT('',(3.20781698015077,2.55814867807539,-17.1004464285714));
#3731=CARTESIAN_POINT('',(3.60394966342866,1.73557068536725,-17.1450892857143));
#3732=CARTESIAN_POINT('',(4.0000823467066,0.912992692659001,-17.1897321428571));
#3733=CARTESIAN_POINT('',(4.00008234670659,1.95898002218455E-14,-17.234375));
#3734=CARTESIAN_POINT('',(4.0000823467066,-0.912992692658962,-17.2790178571429));
#3735=CARTESIAN_POINT('',(3.60394966342873,-1.73557068536711,-17.3236607142857));
#3736=CARTESIAN_POINT('',(3.2078169801508,-2.55814867807536,-17.3683035714286));
#3737=CARTESIAN_POINT('',(2.49401054976675,-3.12739031111978,-17.4129464285714));
#3738=CARTESIAN_POINT('',(1.78020411938271,-3.69663194416422,-17.4575892857143));
#3739=CARTESIAN_POINT('',(0.890102059691322,-3.89979193083003,-17.5022321428571));
#3740=CARTESIAN_POINT('',(4.22097418834503E-14,-4.1029519174958,-17.546875));
#3741=CARTESIAN_POINT('',(-0.890102059691242,-3.89979193083004,-17.5915178571429));
#3742=CARTESIAN_POINT('',(-1.78020411938264,-3.69663194416425,-17.6361607142857));
#3743=CARTESIAN_POINT('',(-2.49401054976668,-3.12739031111983,-17.6808035714286));
#3744=CARTESIAN_POINT('',(-3.20781698015074,-2.55814867807542,-17.7254464285714));
#3745=CARTESIAN_POINT('',(-3.60394966342869,-1.73557068536719,-17.7700892857143));
#3746=CARTESIAN_POINT('',(-4.00008234670659,-0.912992692659044,-17.8147321428571));
#3747=CARTESIAN_POINT('',(-4.00008234670659,-6.27131108344863E-14,-17.859375));
#3748=CARTESIAN_POINT('',(-4.00008234670659,0.912992692659032,-17.9040178571429));
#3749=CARTESIAN_POINT('',(-3.6039496634287,1.73557068536717,-17.9486607142857));
#3750=CARTESIAN_POINT('',(-3.20781698015082,2.55814867807532,-17.9933035714286));
#3751=CARTESIAN_POINT('',(-2.49401054976669,3.12739031111983,-18.0379464285714));
#3752=CARTESIAN_POINT('',(-1.78020411938265,3.69663194416425,-18.0825892857143));
#3753=CARTESIAN_POINT('',(-0.890102059691364,3.89979193083002,-18.1272321428571));
#3754=CARTESIAN_POINT('',(-8.64420487789762E-14,4.1029519174958,-18.171875));
#3755=CARTESIAN_POINT('',(0.890102059691311,3.89979193083003,-18.2165178571429));
#3756=CARTESIAN_POINT('',(1.7802041193826,3.69663194416427,-18.2611607142857));
#3757=CARTESIAN_POINT('',(2.49401054976665,3.12739031111986,-18.3058035714286));
#3758=CARTESIAN_POINT('',(3.20781698015079,2.55814867807537,-18.3504464285714));
#3759=CARTESIAN_POINT('',(3.60394966342868,1.73557068536722,-18.3950892857143));
#3760=CARTESIAN_POINT('',(4.00008234670658,0.912992692659087,-18.4397321428571));
#3761=CARTESIAN_POINT('',(4.00008234670659,-7.85275670865632E-15,-18.484375));
#3762=CARTESIAN_POINT('',(4.0000823467066,-0.912992692658989,-18.5290178571429));
#3763=CARTESIAN_POINT('',(3.60394966342872,-1.73557068536714,-18.5736607142857));
#3764=CARTESIAN_POINT('',(3.20781698015078,-2.55814867807538,-18.6183035714286));
#3765=CARTESIAN_POINT('',(2.49401054976673,-3.1273903111198,-18.6629464285714));
#3766=CARTESIAN_POINT('',(1.78020411938269,-3.69663194416423,-18.7075892857143));
#3767=CARTESIAN_POINT('',(0.890102059691406,-3.89979193083001,-18.7522321428571));
#3768=CARTESIAN_POINT('',(1.40614484685175E-14,-4.1029519174958,-18.796875));
#3769=CARTESIAN_POINT('',(-0.890102059691269,-3.89979193083004,-18.8415178571429));
#3770=CARTESIAN_POINT('',(-1.78020411938256,-3.69663194416429,-18.8861607142857));
#3771=CARTESIAN_POINT('',(-2.49401054976671,-3.12739031111981,-18.9308035714286));
#3772=CARTESIAN_POINT('',(-3.20781698015076,-2.5581486780754,-18.9754464285714));
#3773=CARTESIAN_POINT('',(-3.60394966342866,-1.73557068536726,-19.0200892857143));
#3774=CARTESIAN_POINT('',(-4.00008234670659,-0.912992692659017,-19.0647321428571));
#3775=CARTESIAN_POINT('',(-4.00008234670659,-3.52705539039844E-14,-19.109375));
#3776=CARTESIAN_POINT('',(-4.00008234670661,0.912992692658946,-19.1540178571429));
#3777=CARTESIAN_POINT('',(-3.60394966342869,1.7355706853672,-19.1986607142857));
#3778=CARTESIAN_POINT('',(-3.20781698015081,2.55814867807535,-19.2433035714286));
#3779=CARTESIAN_POINT('',(-2.49401054976676,3.12739031111977,-19.2879464285714));
#3780=CARTESIAN_POINT('',(-1.78020411938262,3.69663194416426,-19.3325892857143));
#3781=CARTESIAN_POINT('',(-0.890102059691337,3.89979193083002,-19.3772321428571));
#3782=CARTESIAN_POINT('',(-5.82937553640434E-14,4.1029519174958,-19.421875));
#3783=CARTESIAN_POINT('',(0.890102059691337,3.89979193083002,-19.4665178571429));
#3784=CARTESIAN_POINT('',(1.78020411938262,3.69663194416426,-19.5111607142857));
#3785=CARTESIAN_POINT('',(2.49401054976667,3.12739031111984,-19.5558035714286));
#3786=CARTESIAN_POINT('',(3.20781698015073,2.55814867807544,-19.6004464285714));
#3787=CARTESIAN_POINT('',(3.60394966342869,1.7355706853672,-19.6450892857143));
#3788=CARTESIAN_POINT('',(4.00008234670658,0.91299269265906,-19.6897321428571));
#3789=CARTESIAN_POINT('',(4.00008234670659,7.83938645166252E-14,-19.734375));
#3790=CARTESIAN_POINT('',(4.00008234670659,-0.912992692659017,-19.7790178571429));
#3791=CARTESIAN_POINT('',(3.60394966342871,-1.73557068536716,-19.8236607142857));
#3792=CARTESIAN_POINT('',(3.20781698015083,-2.55814867807531,-19.8683035714286));
#3793=CARTESIAN_POINT('',(2.49401054976671,-3.12739031111981,-19.9129464285714));
#3794=CARTESIAN_POINT('',(1.78020411938266,-3.69663194416424,-19.9575892857143));
#3795=CARTESIAN_POINT('',(0.89010205969138,-3.89979193083001,-20.0022321428571));
#3796=CARTESIAN_POINT('',(-1.40868449464153E-14,-4.1029519174958,-20.046875));
#3797=CARTESIAN_POINT('',(-0.890102059691296,-3.89979193083003,-20.0915178571429));
#3798=CARTESIAN_POINT('',(-1.78020411938258,-3.69663194416428,-20.1361607142857));
#3799=CARTESIAN_POINT('',(-2.49401054976664,-3.12739031111987,-20.1808035714286));
#3800=CARTESIAN_POINT('',(-3.20781698015078,-2.55814867807538,-20.2254464285714));
#3801=CARTESIAN_POINT('',(-3.60394966342867,-1.73557068536724,-20.2700892857143));
#3802=CARTESIAN_POINT('',(-4.00008234670657,-0.912992692659103,-20.3147321428571));
#3803=CARTESIAN_POINT('',(-4.00008234670659,-7.82799697348262E-15,-20.359375));
#3804=CARTESIAN_POINT('',(-4.0000823467066,0.912992692658974,-20.4040178571428));
#3805=CARTESIAN_POINT('',(-3.60394966342872,1.73557068536712,-20.4486607142857));
#3806=CARTESIAN_POINT('',(-3.20781698015079,2.55814867807537,-20.4933035714286));
#3807=CARTESIAN_POINT('',(-2.49401054976674,3.12739031111979,-20.5379464285714));
#3808=CARTESIAN_POINT('',(-1.7802041193827,3.69663194416422,-20.5825892857143));
#3809=CARTESIAN_POINT('',(-0.890102059691311,3.89979193083003,-20.6272321428571));
#3810=CARTESIAN_POINT('',(-3.01454619491106E-14,4.1029519174958,-20.671875));
#3811=CARTESIAN_POINT('',(0.890102059691253,3.89979193083004,-20.7165178571428));
#3812=CARTESIAN_POINT('',(1.78020411938265,3.69663194416425,-20.7611607142857));
#3813=CARTESIAN_POINT('',(2.49401054976669,3.12739031111983,-20.8058035714286));
#3814=CARTESIAN_POINT('',(3.20781698015075,2.55814867807542,-20.8504464285714));
#3815=CARTESIAN_POINT('',(3.6039496634287,1.73557068536717,-20.8950892857143));
#3816=CARTESIAN_POINT('',(4.00008234670659,0.912992692659032,-20.9397321428571));
#3817=CARTESIAN_POINT('',(4.00008234670659,5.09513075861234E-14,-20.984375));
#3818=CARTESIAN_POINT('',(4.00008234670661,-0.912992692658931,-21.0290178571428));
#3819=CARTESIAN_POINT('',(3.60394966342869,-1.73557068536719,-21.0736607142857));
#3820=CARTESIAN_POINT('',(3.20781698015082,-2.55814867807533,-21.1183035714286));
#3821=CARTESIAN_POINT('',(2.49401054976677,-3.12739031111976,-21.1629464285714));
#3822=CARTESIAN_POINT('',(1.78020411938264,-3.69663194416425,-21.2075892857143));
#3823=CARTESIAN_POINT('',(0.890102059691353,-3.89979193083002,-21.2522321428571));
#3824=CARTESIAN_POINT('',(7.43777688446365E-14,-4.1029519174958,-21.296875));
#3825=CARTESIAN_POINT('',(-0.890102059691322,-3.89979193083003,-21.3415178571428));
#3826=CARTESIAN_POINT('',(-1.78020411938261,-3.69663194416427,-21.3861607142857));
#3827=CARTESIAN_POINT('',(-2.49401054976666,-3.12739031111985,-21.4308035714286));
#3828=CARTESIAN_POINT('',(-3.2078169801508,-2.55814867807536,-21.4754464285714));
#3829=CARTESIAN_POINT('',(-3.60394966342868,-1.73557068536721,-21.5200892857143));
#3830=CARTESIAN_POINT('',(-4.00008234670658,-0.912992692659076,-21.5647321428571));
#3831=CARTESIAN_POINT('',(-4.00008234670659,-9.40746181987641E-14,-21.609375));
#3832=CARTESIAN_POINT('',(-4.0000823467066,0.912992692659001,-21.6540178571428));
#3833=CARTESIAN_POINT('',(-3.60394966342871,1.73557068536715,-21.6986607142857));
#3834=CARTESIAN_POINT('',(-3.20781698015084,2.5581486780753,-21.7433035714286));
#3835=CARTESIAN_POINT('',(-2.49401054976672,3.12739031111981,-21.7879464285714));
#3836=CARTESIAN_POINT('',(-1.78020411938267,3.69663194416423,-21.8325892857143));
#3837=CARTESIAN_POINT('',(-0.890102059691395,3.89979193083001,-21.8772321428571));
#3838=CARTESIAN_POINT('',(-1.99716853417778E-15,4.1029519174958,-21.921875));
#3839=CARTESIAN_POINT('',(0.89010205969128,3.89979193083004,-21.9665178571428));
#3840=CARTESIAN_POINT('',(1.78020411938257,3.69663194416428,-22.0111607142857));
#3841=CARTESIAN_POINT('',(2.49401054976671,3.12739031111981,-22.0558035714286));
#3842=CARTESIAN_POINT('',(3.20781698015077,2.55814867807539,-22.1004464285714));
#3843=CARTESIAN_POINT('',(3.60394966342866,1.73557068536725,-22.1450892857143));
#3844=CARTESIAN_POINT('',(4.00008234670659,0.912992692659005,-22.1897321428571));
#3845=CARTESIAN_POINT('',(4.00008234670659,2.35087506556216E-14,-22.234375));
#3846=CARTESIAN_POINT('',(4.00008234670661,-0.912992692658958,-22.2790178571428));
#3847=CARTESIAN_POINT('',(3.60394966342868,-1.73557068536721,-22.3236607142857));
#3848=CARTESIAN_POINT('',(3.2078169801508,-2.55814867807536,-22.3683035714286));
#3849=CARTESIAN_POINT('',(2.49401054976675,-3.12739031111978,-22.4129464285714));
#3850=CARTESIAN_POINT('',(1.78020411938271,-3.69663194416421,-22.4575892857143));
#3851=CARTESIAN_POINT('',(0.890102059691326,-3.89979193083003,-22.5022321428571));
#3852=CARTESIAN_POINT('',(4.62294754297037E-14,-4.1029519174958,-22.546875));
#3853=CARTESIAN_POINT('',(-0.890102059691238,-3.89979193083005,-22.5915178571428));
#3854=CARTESIAN_POINT('',(-1.78020411938263,-3.69663194416425,-22.6361607142857));
#3855=CARTESIAN_POINT('',(-2.49401054976668,-3.12739031111983,-22.6808035714286));
#3856=CARTESIAN_POINT('',(-3.20781698015074,-2.55814867807543,-22.7254464285714));
#3857=CARTESIAN_POINT('',(-3.60394966342869,-1.73557068536719,-22.7700892857143));
#3858=CARTESIAN_POINT('',(-4.00008234670659,-0.912992692659048,-22.8147321428571));
#3859=CARTESIAN_POINT('',(-4.00008234670659,-6.66320612682623E-14,-22.859375));
#3860=CARTESIAN_POINT('',(-4.00008234670659,0.912992692659028,-22.9040178571428));
#3861=CARTESIAN_POINT('',(-3.6039496634287,1.73557068536717,-22.9486607142857));
#3862=CARTESIAN_POINT('',(-3.20781698015083,2.55814867807532,-22.9933035714286));
#3863=CARTESIAN_POINT('',(-2.49401054976679,3.12739031111975,-23.0379464285714));
#3864=CARTESIAN_POINT('',(-1.78020411938265,3.69663194416425,-23.0825892857143));
#3865=CARTESIAN_POINT('',(-0.890102059691368,3.89979193083002,-23.1272321428571));
#3866=CARTESIAN_POINT('',(-9.04617823252296E-14,4.1029519174958,-23.171875));
#3867=CARTESIAN_POINT('',(0.890102059691307,3.89979193083003,-23.2165178571428));
#3868=CARTESIAN_POINT('',(1.78020411938259,3.69663194416427,-23.2611607142857));
#3869=CARTESIAN_POINT('',(2.49401054976665,3.12739031111986,-23.3058035714286));
#3870=CARTESIAN_POINT('',(3.20781698015079,2.55814867807537,-23.3504464285714));
#3871=CARTESIAN_POINT('',(3.60394966342867,1.73557068536723,-23.3950892857143));
#3872=CARTESIAN_POINT('',(4.00008234670658,0.912992692659091,-23.4397321428571));
#3873=CARTESIAN_POINT('',(4.00008234670659,-3.93380627488027E-15,-23.484375));
#3874=CARTESIAN_POINT('',(4.0000823467066,-0.912992692658985,-23.5290178571429));
#3875=CARTESIAN_POINT('',(3.60394966342872,-1.73557068536713,-23.5736607142857));
#3876=CARTESIAN_POINT('',(3.20781698015078,-2.55814867807538,-23.6183035714286));
#3877=CARTESIAN_POINT('',(2.49401054976673,-3.12739031111979,-23.6629464285714));
#3878=CARTESIAN_POINT('',(1.78020411938269,-3.69663194416423,-23.7075892857143));
#3879=CARTESIAN_POINT('',(0.890102059691299,-3.89979193083003,-23.7522321428571));
#3880=CARTESIAN_POINT('',(1.80811820147709E-14,-4.1029519174958,-23.796875));
#3881=CARTESIAN_POINT('',(-0.890102059691265,-3.89979193083004,-23.8415178571429));
#3882=CARTESIAN_POINT('',(-1.78020411938255,-3.69663194416429,-23.8861607142857));
#3883=CARTESIAN_POINT('',(-2.4940105497667,-3.12739031111982,-23.9308035714286));
#3884=CARTESIAN_POINT('',(-3.20781698015076,-2.55814867807541,-23.9754464285714));
#3885=CARTESIAN_POINT('',(-3.60394966342866,-1.73557068536727,-24.0200892857143));
#3886=CARTESIAN_POINT('',(-4.00008234670659,-0.912992692659021,-24.0647321428571));
#3887=CARTESIAN_POINT('',(-4.00008234670659,-3.91895043377605E-14,-24.109375));
#3888=CARTESIAN_POINT('',(-4.00008234670661,0.912992692658942,-24.1540178571429));
#3889=CARTESIAN_POINT('',(-3.60394966342869,1.7355706853672,-24.1986607142857));
#3890=CARTESIAN_POINT('',(-3.20781698015081,2.55814867807534,-24.2433035714286));
#3891=CARTESIAN_POINT('',(-2.49401054976676,3.12739031111977,-24.2879464285714));
#3892=CARTESIAN_POINT('',(-1.78020411938262,3.69663194416426,-24.3325892857143));
#3893=CARTESIAN_POINT('',(-0.890102059691341,3.89979193083002,-24.3772321428571));
#3894=CARTESIAN_POINT('',(-6.23134889102968E-14,4.1029519174958,-24.421875));
#3895=CARTESIAN_POINT('',(0.890102059691223,3.89979193083005,-24.4665178571429));
#3896=CARTESIAN_POINT('',(1.78020411938262,3.69663194416426,-24.5111607142857));
#3897=CARTESIAN_POINT('',(2.49401054976667,3.12739031111984,-24.5558035714286));
#3898=CARTESIAN_POINT('',(3.20781698015073,2.55814867807544,-24.6004464285714));
#3899=CARTESIAN_POINT('',(3.60394966342869,1.7355706853672,-24.6450892857143));
#3900=CARTESIAN_POINT('',(4.00008234670658,0.912992692659064,-24.6897321428571));
#3901=CARTESIAN_POINT('',(4.00008234670659,8.23128149504013E-14,-24.734375));
#3902=CARTESIAN_POINT('',(4.00008234670659,-0.912992692659013,-24.7790178571429));
#3903=CARTESIAN_POINT('',(3.60394966342871,-1.73557068536716,-24.8236607142857));
#3904=CARTESIAN_POINT('',(3.20781698015084,-2.55814867807531,-24.8683035714286));
#3905=CARTESIAN_POINT('',(2.49401054976671,-3.12739031111981,-24.9129464285714));
#3906=CARTESIAN_POINT('',(1.78020411938266,-3.69663194416424,-24.9575892857143));
#3907=CARTESIAN_POINT('',(0.890102059691383,-3.89979193083001,-25.0022321428571));
#3908=CARTESIAN_POINT('',(1.06545795805823E-13,-4.1029519174958,-25.046875));
#3909=CARTESIAN_POINT('',(-0.890102059691181,-3.89979193083006,-25.0915178571429));
#3910=CARTESIAN_POINT('',(-1.78020411938268,-3.69663194416423,-25.1361607142857));
#3911=CARTESIAN_POINT('',(-2.49401054976672,-3.1273903111198,-25.1808035714286));
#3912=CARTESIAN_POINT('',(-3.20781698015078,-2.55814867807538,-25.2254464285714));
#3913=CARTESIAN_POINT('',(-3.60394966342867,-1.73557068536724,-25.2700892857143));
#3914=CARTESIAN_POINT('',(-4.00008234670657,-0.912992692659107,-25.3147321428571));
#3915=CARTESIAN_POINT('',(-4.00008234670659,-1.25436125563042E-13,-25.359375));
#3916=CARTESIAN_POINT('',(-4.00008234670658,0.912992692659083,-25.4040178571429));
#3917=CARTESIAN_POINT('',(-3.60394966342868,1.73557068536722,-25.4486607142857));
#3918=CARTESIAN_POINT('',(-3.20781698015079,2.55814867807536,-25.4933035714286));
#3919=CARTESIAN_POINT('',(-2.49401054976674,3.12739031111979,-25.5379464285714));
#3920=CARTESIAN_POINT('',(-1.7802041193827,3.69663194416422,-25.5825892857143));
#3921=CARTESIAN_POINT('',(-0.890102059691425,3.89979193083,-25.6272321428571));
#3922=CARTESIAN_POINT('',(-1.50778102701349E-13,4.1029519174958,-25.671875));
#3923=CARTESIAN_POINT('',(0.89010205969136,3.89979193083002,-25.7165178571429));
#3924=CARTESIAN_POINT('',(1.78020411938264,3.69663194416425,-25.7611607142857));
#3925=CARTESIAN_POINT('',(2.49401054976669,3.12739031111983,-25.8058035714286));
#3926=CARTESIAN_POINT('',(3.20781698015075,2.55814867807542,-25.8504464285714));
#3927=CARTESIAN_POINT('',(3.60394966342865,1.73557068536728,-25.8950892857143));
#3928=CARTESIAN_POINT('',(4.00008234670656,0.91299269265915,-25.9397321428571));
#3929=CARTESIAN_POINT('',(4.00008234670659,-5.88189201358839E-14,-25.984375));
#3930=CARTESIAN_POINT('',(4.00008234670659,-0.91299269265904,-26.0290178571429));
#3931=CARTESIAN_POINT('',(3.6039496634287,-1.73557068536718,-26.0736607142857));
#3932=CARTESIAN_POINT('',(3.20781698015082,-2.55814867807533,-26.1183035714286));
#3933=CARTESIAN_POINT('',(2.49401054976678,-3.12739031111976,-26.1629464285714));
#3934=CARTESIAN_POINT('',(1.78020411938274,-3.6966319441642,-26.2075892857143));
#3935=CARTESIAN_POINT('',(0.890102059691467,-3.89979193082999,-26.2522321428571));
#3936=CARTESIAN_POINT('',(-3.82154048150948E-14,-4.1029519174958,-26.296875));
#3937=CARTESIAN_POINT('',(-0.890102059691318,-3.89979193083003,-26.3415178571429));
#3938=CARTESIAN_POINT('',(-1.7802041193826,-3.69663194416427,-26.3861607142857));
#3939=CARTESIAN_POINT('',(-2.49401054976666,-3.12739031111985,-26.4308035714286));
#3940=CARTESIAN_POINT('',(-3.20781698015072,-2.55814867807545,-26.4754464285714));
#3941=CARTESIAN_POINT('',(-3.60394966342863,-1.73557068536732,-26.5200892857143));
#3942=CARTESIAN_POINT('',(-4.0000823467066,-0.912992692658966,-26.5647321428571));
#3943=CARTESIAN_POINT('',(-4.00008234670659,1.56956095232432E-14,-26.609375));
#3944=CARTESIAN_POINT('',(-4.0000823467066,0.912992692658997,-26.6540178571429));
#3945=CARTESIAN_POINT('',(-3.60394966342871,1.73557068536714,-26.6986607142857));
#3946=CARTESIAN_POINT('',(-3.20781698015085,2.5581486780753,-26.7433035714286));
#3947=CARTESIAN_POINT('',(-2.49401054976681,3.12739031111973,-26.7879464285714));
#3948=CARTESIAN_POINT('',(-1.78020411938257,3.69663194416428,-26.8325892857143));
#3949=CARTESIAN_POINT('',(-0.890102059691288,3.89979193083003,-26.8772321428571));
#3950=CARTESIAN_POINT('',(-6.01690208043116E-15,4.1029519174958,-26.921875));
#3951=CARTESIAN_POINT('',(0.890102059691277,3.89979193083004,-26.9665178571429));
#3952=CARTESIAN_POINT('',(1.78020411938256,3.69663194416429,-27.0111607142857));
#3953=CARTESIAN_POINT('',(2.49401054976662,3.12739031111988,-27.0558035714286));
#3954=CARTESIAN_POINT('',(3.20781698015069,2.55814867807549,-27.1004464285714));
#3955=CARTESIAN_POINT('',(3.60394966342871,1.73557068536715,-27.1450892857143));
#3956=CARTESIAN_POINT('',(4.00008234670659,0.912992692659009,-27.1897321428571));
#3957=CARTESIAN_POINT('',(4.00008234670659,2.74277010893976E-14,-27.234375));
#3958=CARTESIAN_POINT('',(4.00008234670661,-0.912992692658954,-27.2790178571429));
#3959=CARTESIAN_POINT('',(3.60394966342873,-1.7355706853671,-27.3236607142857));
#3960=CARTESIAN_POINT('',(3.20781698015087,-2.55814867807526,-27.3683035714286));
#3961=CARTESIAN_POINT('',(2.49401054976667,-3.12739031111985,-27.4129464285714));
#3962=CARTESIAN_POINT('',(1.78020411938261,-3.69663194416426,-27.4575892857143));
#3963=CARTESIAN_POINT('',(0.89010205969133,-3.89979193083002,-27.5022321428571));
#3964=CARTESIAN_POINT('',(5.02492089759571E-14,-4.1029519174958,-27.546875));
#3965=CARTESIAN_POINT('',(-0.890102059691234,-3.89979193083005,-27.5915178571429));
#3966=CARTESIAN_POINT('',(-1.78020411938252,-3.69663194416431,-27.6361607142857));
#3967=CARTESIAN_POINT('',(-2.49401054976677,-3.12739031111977,-27.6808035714286));
#3968=CARTESIAN_POINT('',(-3.20781698015081,-2.55814867807534,-27.7254464285714));
#3969=CARTESIAN_POINT('',(-3.60394966342869,-1.73557068536719,-27.7700892857143));
#3970=CARTESIAN_POINT('',(-4.00008234670659,-0.912992692659052,-27.8147321428571));
#3971=CARTESIAN_POINT('',(-4.00008234670659,-7.05510117020384E-14,-27.859375));
#3972=CARTESIAN_POINT('',(3.98752698318715,-0.31668176263888,4.));
#3973=CARTESIAN_POINT('',(0.,0.,4.));
#3974=CARTESIAN_POINT('',(2.59921552038632,-3.04051598565385,4.));
#3975=CARTESIAN_POINT('',(-4.00008234670659,0.,26.046875));
#3976=CARTESIAN_POINT('',(-4.00008234670659,0.912992692659017,26.0022321428571));
#3977=CARTESIAN_POINT('',(-3.60394966342869,1.73557068536719,25.9575892857143));
#3978=CARTESIAN_POINT('',(-3.20781698015079,2.55814867807537,25.9129464285714));
#3979=CARTESIAN_POINT('',(-2.49401054976671,3.12739031111981,25.8683035714286));
#3980=CARTESIAN_POINT('',(-1.78020411938263,3.69663194416425,25.8236607142857));
#3981=CARTESIAN_POINT('',(-0.890102059691317,3.89979193083003,25.7790178571429));
#3982=CARTESIAN_POINT('',(-2.51233346640836E-16,4.1029519174958,25.734375));
#3983=CARTESIAN_POINT('',(0.890102059691317,3.89979193083003,25.6897321428571));
#3984=CARTESIAN_POINT('',(1.78020411938263,3.69663194416425,25.6450892857143));
#3985=CARTESIAN_POINT('',(2.49401054976671,3.12739031111981,25.6004464285714));
#3986=CARTESIAN_POINT('',(3.20781698015079,2.55814867807537,25.5558035714286));
#3987=CARTESIAN_POINT('',(3.60394966342869,1.73557068536719,25.5111607142857));
#3988=CARTESIAN_POINT('',(4.00008234670659,0.912992692659017,25.4665178571429));
#3989=CARTESIAN_POINT('',(4.00008234670659,4.89868804222006E-16,25.421875));
#3990=CARTESIAN_POINT('',(4.00008234670659,-0.912992692659017,25.3772321428571));
#3991=CARTESIAN_POINT('',(3.60394966342869,-1.73557068536719,25.3325892857143));
#3992=CARTESIAN_POINT('',(3.20781698015079,-2.55814867807537,25.2879464285714));
#3993=CARTESIAN_POINT('',(2.49401054976671,-3.12739031111981,25.2433035714286));
#3994=CARTESIAN_POINT('',(1.78020411938263,-3.69663194416425,25.1986607142857));
#3995=CARTESIAN_POINT('',(0.890102059691318,-3.89979193083003,25.1540178571429));
#3996=CARTESIAN_POINT('',(7.53700039922509E-16,-4.1029519174958,25.109375));
#3997=CARTESIAN_POINT('',(-0.890102059691316,-3.89979193083003,25.0647321428571));
#3998=CARTESIAN_POINT('',(-1.78020411938263,-3.69663194416425,25.0200892857143));
#3999=CARTESIAN_POINT('',(-2.49401054976671,-3.12739031111981,24.9754464285714));
#4000=CARTESIAN_POINT('',(-3.20781698015079,-2.55814867807537,24.9308035714286));
#4001=CARTESIAN_POINT('',(-3.60394966342869,-1.73557068536719,24.8861607142857));
#4002=CARTESIAN_POINT('',(-4.00008234670659,-0.912992692659018,24.8415178571429));
#4003=CARTESIAN_POINT('',(-4.00008234670659,-9.79737608444012E-16,24.796875));
#4004=CARTESIAN_POINT('',(-4.00008234670659,0.912992692659016,24.7522321428571));
#4005=CARTESIAN_POINT('',(-3.60394966342869,1.73557068536719,24.7075892857143));
#4006=CARTESIAN_POINT('',(-3.20781698015079,2.55814867807537,24.6629464285714));
#4007=CARTESIAN_POINT('',(-2.49401054976671,3.12739031111981,24.6183035714286));
#4008=CARTESIAN_POINT('',(-1.78020411938263,3.69663194416425,24.5736607142857));
#4009=CARTESIAN_POINT('',(-0.890102059691318,3.89979193083003,24.5290178571429));
#4010=CARTESIAN_POINT('',(-1.25616673320418E-15,4.1029519174958,24.484375));
#4011=CARTESIAN_POINT('',(0.890102059691316,3.89979193083003,24.4397321428572));
#4012=CARTESIAN_POINT('',(1.78020411938263,3.69663194416425,24.3950892857143));
#4013=CARTESIAN_POINT('',(2.49401054976671,3.12739031111981,24.3504464285714));
#4014=CARTESIAN_POINT('',(3.20781698015079,2.55814867807537,24.3058035714286));
#4015=CARTESIAN_POINT('',(3.60394966342869,1.73557068536719,24.2611607142857));
#4016=CARTESIAN_POINT('',(4.00008234670659,0.912992692659019,24.2165178571429));
#4017=CARTESIAN_POINT('',(4.00008234670659,1.46960641266602E-15,24.171875));
#4018=CARTESIAN_POINT('',(4.00008234670659,-0.912992692659016,24.1272321428572));
#4019=CARTESIAN_POINT('',(3.60394966342869,-1.73557068536719,24.0825892857143));
#4020=CARTESIAN_POINT('',(3.20781698015079,-2.55814867807537,24.0379464285714));
#4021=CARTESIAN_POINT('',(2.49401054976671,-3.12739031111981,23.9933035714286));
#4022=CARTESIAN_POINT('',(1.78020411938264,-3.69663194416425,23.9486607142857));
#4023=CARTESIAN_POINT('',(0.890102059691318,-3.89979193083003,23.9040178571429));
#4024=CARTESIAN_POINT('',(1.75863342648586E-15,-4.1029519174958,23.859375));
#4025=CARTESIAN_POINT('',(-0.890102059691315,-3.89979193083003,23.8147321428572));
#4026=CARTESIAN_POINT('',(-1.78020411938263,-3.69663194416425,23.7700892857143));
#4027=CARTESIAN_POINT('',(-2.49401054976671,-3.12739031111981,23.7254464285714));
#4028=CARTESIAN_POINT('',(-3.20781698015079,-2.55814867807537,23.6808035714286));
#4029=CARTESIAN_POINT('',(-3.60394966342869,-1.73557068536719,23.6361607142857));
#4030=CARTESIAN_POINT('',(-4.00008234670659,-0.912992692659019,23.5915178571429));
#4031=CARTESIAN_POINT('',(-4.00008234670659,-1.95947521688802E-15,23.546875));
#4032=CARTESIAN_POINT('',(-4.00008234670659,0.912992692659015,23.5022321428571));
#4033=CARTESIAN_POINT('',(-3.60394966342869,1.73557068536719,23.4575892857143));
#4034=CARTESIAN_POINT('',(-3.20781698015079,2.55814867807537,23.4129464285714));
#4035=CARTESIAN_POINT('',(-2.49401054976671,3.12739031111981,23.3683035714286));
#4036=CARTESIAN_POINT('',(-1.78020411938264,3.69663194416425,23.3236607142857));
#4037=CARTESIAN_POINT('',(-0.890102059691319,3.89979193083003,23.2790178571429));
#4038=CARTESIAN_POINT('',(-2.26110011976753E-15,4.1029519174958,23.234375));
#4039=CARTESIAN_POINT('',(0.890102059691315,3.89979193083003,23.1897321428571));
#4040=CARTESIAN_POINT('',(1.78020411938263,3.69663194416425,23.1450892857143));
#4041=CARTESIAN_POINT('',(2.49401054976671,3.12739031111981,23.1004464285714));
#4042=CARTESIAN_POINT('',(3.20781698015079,2.55814867807537,23.0558035714286));
#4043=CARTESIAN_POINT('',(3.60394966342869,1.7355706853672,23.0111607142857));
#4044=CARTESIAN_POINT('',(4.00008234670659,0.91299269265902,22.9665178571429));
#4045=CARTESIAN_POINT('',(4.00008234670659,2.44934402111003E-15,22.921875));
#4046=CARTESIAN_POINT('',(4.00008234670659,-0.912992692659015,22.8772321428571));
#4047=CARTESIAN_POINT('',(3.60394966342869,-1.73557068536719,22.8325892857143));
#4048=CARTESIAN_POINT('',(3.2078169801508,-2.55814867807536,22.7879464285714));
#4049=CARTESIAN_POINT('',(2.49401054976671,-3.12739031111981,22.7433035714286));
#4050=CARTESIAN_POINT('',(1.78020411938263,-3.69663194416425,22.6986607142857));
#4051=CARTESIAN_POINT('',(0.890102059691319,-3.89979193083003,22.6540178571429));
#4052=CARTESIAN_POINT('',(1.00518735134232E-14,-4.1029519174958,22.609375));
#4053=CARTESIAN_POINT('',(-0.890102059691314,-3.89979193083003,22.5647321428571));
#4054=CARTESIAN_POINT('',(-1.78020411938264,-3.69663194416425,22.5200892857143));
#4055=CARTESIAN_POINT('',(-2.49401054976671,-3.12739031111981,22.4754464285714));
#4056=CARTESIAN_POINT('',(-3.20781698015078,-2.55814867807538,22.4308035714286));
#4057=CARTESIAN_POINT('',(-3.60394966342869,-1.7355706853672,22.3861607142857));
#4058=CARTESIAN_POINT('',(-4.00008234670659,-0.912992692659013,22.3415178571429));
#4059=CARTESIAN_POINT('',(-4.00008234670659,-2.93921282533204E-15,22.296875));
#4060=CARTESIAN_POINT('',(-4.00008234670659,0.912992692659007,22.2522321428571));
#4061=CARTESIAN_POINT('',(-3.60394966342869,1.73557068536719,22.2075892857143));
#4062=CARTESIAN_POINT('',(-3.20781698015079,2.55814867807537,22.1629464285714));
#4063=CARTESIAN_POINT('',(-2.49401054976671,3.12739031111981,22.1183035714286));
#4064=CARTESIAN_POINT('',(-1.78020411938264,3.69663194416425,22.0736607142857));
#4065=CARTESIAN_POINT('',(-0.89010205969132,3.89979193083003,22.0290178571429));
#4066=CARTESIAN_POINT('',(4.02227319404317E-15,4.1029519174958,21.984375));
#4067=CARTESIAN_POINT('',(0.890102059691314,3.89979193083003,21.9397321428571));
#4068=CARTESIAN_POINT('',(1.78020411938262,3.69663194416426,21.8950892857143));
#4069=CARTESIAN_POINT('',(2.49401054976671,3.12739031111981,21.8504464285714));
#4070=CARTESIAN_POINT('',(3.20781698015079,2.55814867807537,21.8058035714286));
#4071=CARTESIAN_POINT('',(3.60394966342869,1.7355706853672,21.7611607142857));
#4072=CARTESIAN_POINT('',(4.00008234670659,0.912992692659028,21.7165178571429));
#4073=CARTESIAN_POINT('',(4.00008234670659,3.42908162955404E-15,21.671875));
#4074=CARTESIAN_POINT('',(4.00008234670659,-0.912992692659021,21.6272321428571));
#4075=CARTESIAN_POINT('',(3.60394966342869,-1.73557068536719,21.5825892857143));
#4076=CARTESIAN_POINT('',(3.2078169801508,-2.55814867807536,21.5379464285714));
#4077=CARTESIAN_POINT('',(2.49401054976671,-3.12739031111981,21.4933035714286));
#4078=CARTESIAN_POINT('',(1.78020411938263,-3.69663194416425,21.4486607142857));
#4079=CARTESIAN_POINT('',(0.89010205969132,-3.89979193083003,21.4040178571429));
#4080=CARTESIAN_POINT('',(1.10568068999866E-14,-4.1029519174958,21.359375));
#4081=CARTESIAN_POINT('',(-0.890102059691313,-3.89979193083003,21.3147321428571));
#4082=CARTESIAN_POINT('',(-1.78020411938264,-3.69663194416425,21.2700892857143));
#4083=CARTESIAN_POINT('',(-2.49401054976671,-3.12739031111981,21.2254464285714));
#4084=CARTESIAN_POINT('',(-3.20781698015078,-2.55814867807538,21.1808035714286));
#4085=CARTESIAN_POINT('',(-3.60394966342869,-1.7355706853672,21.1361607142857));
#4086=CARTESIAN_POINT('',(-4.00008234670659,-0.912992692659014,21.0915178571429));
#4087=CARTESIAN_POINT('',(-4.00008234670659,-3.91895043377605E-15,21.046875));
#4088=CARTESIAN_POINT('',(-4.00008234670659,0.912992692659006,21.0022321428572));
#4089=CARTESIAN_POINT('',(-3.60394966342869,1.73557068536719,20.9575892857143));
#4090=CARTESIAN_POINT('',(-3.20781698015079,2.55814867807537,20.9129464285714));
#4091=CARTESIAN_POINT('',(-2.49401054976671,3.12739031111981,20.8683035714286));
#4092=CARTESIAN_POINT('',(-1.78020411938264,3.69663194416425,20.8236607142857));
#4093=CARTESIAN_POINT('',(-0.890102059691321,3.89979193083003,20.7790178571429));
#4094=CARTESIAN_POINT('',(3.01733980747982E-15,4.1029519174958,20.734375));
#4095=CARTESIAN_POINT('',(0.890102059691313,3.89979193083003,20.6897321428572));
#4096=CARTESIAN_POINT('',(1.78020411938262,3.69663194416426,20.6450892857143));
#4097=CARTESIAN_POINT('',(2.49401054976671,3.12739031111981,20.6004464285714));
#4098=CARTESIAN_POINT('',(3.20781698015079,2.55814867807537,20.5558035714286));
#4099=CARTESIAN_POINT('',(3.60394966342869,1.7355706853672,20.5111607142857));
#4100=CARTESIAN_POINT('',(4.00008234670659,0.912992692659028,20.4665178571429));
#4101=CARTESIAN_POINT('',(4.00008234670659,4.40881923799806E-15,20.421875));
#4102=CARTESIAN_POINT('',(4.00008234670659,-0.91299269265902,20.3772321428572));
#4103=CARTESIAN_POINT('',(3.60394966342869,-1.73557068536719,20.3325892857143));
#4104=CARTESIAN_POINT('',(3.2078169801508,-2.55814867807536,20.2879464285714));
#4105=CARTESIAN_POINT('',(2.49401054976671,-3.12739031111981,20.2433035714286));
#4106=CARTESIAN_POINT('',(1.78020411938263,-3.69663194416425,20.1986607142857));
#4107=CARTESIAN_POINT('',(0.890102059691321,-3.89979193083003,20.1540178571429));
#4108=CARTESIAN_POINT('',(1.20617402865499E-14,-4.1029519174958,20.109375));
#4109=CARTESIAN_POINT('',(-0.890102059691312,-3.89979193083003,20.0647321428572));
#4110=CARTESIAN_POINT('',(-1.78020411938264,-3.69663194416425,20.0200892857143));
#4111=CARTESIAN_POINT('',(-2.49401054976671,-3.12739031111981,19.9754464285714));
#4112=CARTESIAN_POINT('',(-3.20781698015078,-2.55814867807538,19.9308035714286));
#4113=CARTESIAN_POINT('',(-3.60394966342869,-1.7355706853672,19.8861607142857));
#4114=CARTESIAN_POINT('',(-4.00008234670659,-0.912992692659015,19.8415178571429));
#4115=CARTESIAN_POINT('',(-4.00008234670659,-4.89868804222006E-15,19.796875));
#4116=CARTESIAN_POINT('',(-4.00008234670659,0.912992692659005,19.7522321428572));
#4117=CARTESIAN_POINT('',(-3.60394966342869,1.73557068536719,19.7075892857143));
#4118=CARTESIAN_POINT('',(-3.20781698015079,2.55814867807537,19.6629464285714));
#4119=CARTESIAN_POINT('',(-2.49401054976671,3.12739031111981,19.6183035714286));
#4120=CARTESIAN_POINT('',(-1.78020411938265,3.69663194416425,19.5736607142857));
#4121=CARTESIAN_POINT('',(-0.890102059691336,3.89979193083002,19.5290178571429));
#4122=CARTESIAN_POINT('',(2.01240642091648E-15,4.1029519174958,19.484375));
#4123=CARTESIAN_POINT('',(0.890102059691312,3.89979193083003,19.4397321428571));
#4124=CARTESIAN_POINT('',(1.78020411938262,3.69663194416426,19.3950892857143));
#4125=CARTESIAN_POINT('',(2.49401054976672,3.12739031111981,19.3504464285714));
#4126=CARTESIAN_POINT('',(3.20781698015079,2.55814867807537,19.3058035714286));
#4127=CARTESIAN_POINT('',(3.60394966342869,1.7355706853672,19.2611607142857));
#4128=CARTESIAN_POINT('',(4.00008234670659,0.912992692659029,19.2165178571429));
#4129=CARTESIAN_POINT('',(4.00008234670659,1.9599704115915E-14,19.171875));
#4130=CARTESIAN_POINT('',(4.00008234670659,-0.912992692659019,19.1272321428571));
#4131=CARTESIAN_POINT('',(3.60394966342869,-1.73557068536719,19.0825892857143));
#4132=CARTESIAN_POINT('',(3.2078169801508,-2.55814867807536,19.0379464285714));
#4133=CARTESIAN_POINT('',(2.4940105497667,-3.12739031111982,18.9933035714286));
#4134=CARTESIAN_POINT('',(1.78020411938263,-3.69663194416425,18.9486607142857));
#4135=CARTESIAN_POINT('',(0.890102059691322,-3.89979193083003,18.9040178571429));
#4136=CARTESIAN_POINT('',(1.30666736731133E-14,-4.1029519174958,18.859375));
#4137=CARTESIAN_POINT('',(-0.890102059691297,-3.89979193083003,18.8147321428571));
#4138=CARTESIAN_POINT('',(-1.78020411938264,-3.69663194416425,18.7700892857143));
#4139=CARTESIAN_POINT('',(-2.49401054976671,-3.12739031111981,18.7254464285714));
#4140=CARTESIAN_POINT('',(-3.20781698015078,-2.55814867807538,18.6808035714286));
#4141=CARTESIAN_POINT('',(-3.60394966342869,-1.73557068536719,18.6361607142857));
#4142=CARTESIAN_POINT('',(-4.00008234670659,-0.912992692659016,18.5915178571429));
#4143=CARTESIAN_POINT('',(-4.00008234670659,-5.87842565066407E-15,18.546875));
#4144=CARTESIAN_POINT('',(-4.00008234670659,0.912992692659004,18.5022321428571));
#4145=CARTESIAN_POINT('',(-3.6039496634287,1.73557068536717,18.4575892857143));
#4146=CARTESIAN_POINT('',(-3.20781698015079,2.55814867807537,18.4129464285714));
#4147=CARTESIAN_POINT('',(-2.49401054976672,3.12739031111981,18.3683035714286));
#4148=CARTESIAN_POINT('',(-1.78020411938265,3.69663194416425,18.3236607142857));
#4149=CARTESIAN_POINT('',(-0.890102059691309,3.89979193083003,18.2790178571429));
#4150=CARTESIAN_POINT('',(1.00747303435313E-15,4.1029519174958,18.234375));
#4151=CARTESIAN_POINT('',(0.890102059691311,3.89979193083003,18.1897321428571));
#4152=CARTESIAN_POINT('',(1.78020411938262,3.69663194416426,18.1450892857143));
#4153=CARTESIAN_POINT('',(2.4940105497667,3.12739031111982,18.1004464285714));
#4154=CARTESIAN_POINT('',(3.20781698015079,2.55814867807537,18.0558035714286));
#4155=CARTESIAN_POINT('',(3.60394966342869,1.7355706853672,18.0111607142857));
#4156=CARTESIAN_POINT('',(4.00008234670659,0.91299269265903,17.9665178571429));
#4157=CARTESIAN_POINT('',(4.00008234670659,-7.84285281458684E-15,17.921875));
#4158=CARTESIAN_POINT('',(4.00008234670659,-0.912992692659018,17.8772321428571));
#4159=CARTESIAN_POINT('',(3.60394966342869,-1.73557068536719,17.8325892857143));
#4160=CARTESIAN_POINT('',(3.2078169801508,-2.55814867807536,17.7879464285714));
#4161=CARTESIAN_POINT('',(2.49401054976673,-3.1273903111198,17.7433035714286));
#4162=CARTESIAN_POINT('',(1.78020411938263,-3.69663194416425,17.6986607142857));
#4163=CARTESIAN_POINT('',(0.890102059691323,-3.89979193083003,17.6540178571429));
#4164=CARTESIAN_POINT('',(1.40716070596766E-14,-4.1029519174958,17.609375));
#4165=CARTESIAN_POINT('',(-0.890102059691324,-3.89979193083003,17.5647321428571));
#4166=CARTESIAN_POINT('',(-1.78020411938263,-3.69663194416425,17.5200892857143));
#4167=CARTESIAN_POINT('',(-2.49401054976671,-3.12739031111981,17.4754464285714));
#4168=CARTESIAN_POINT('',(-3.20781698015078,-2.55814867807538,17.4308035714286));
#4169=CARTESIAN_POINT('',(-3.60394966342868,-1.73557068536721,17.3861607142857));
#4170=CARTESIAN_POINT('',(-4.00008234670659,-0.912992692659017,17.3415178571429));
#4171=CARTESIAN_POINT('',(-4.00008234670659,-6.85816325910809E-15,17.296875));
#4172=CARTESIAN_POINT('',(-4.0000823467066,0.912992692659003,17.2522321428571));
#4173=CARTESIAN_POINT('',(-3.60394966342869,1.7355706853672,17.2075892857143));
#4174=CARTESIAN_POINT('',(-3.20781698015079,2.55814867807537,17.1629464285714));
#4175=CARTESIAN_POINT('',(-2.49401054976672,3.12739031111981,17.1183035714286));
#4176=CARTESIAN_POINT('',(-1.78020411938265,3.69663194416425,17.0736607142857));
#4177=CARTESIAN_POINT('',(-0.890102059691337,3.89979193083002,17.0290178571429));
#4178=CARTESIAN_POINT('',(2.53964778978297E-18,4.1029519174958,16.984375));
#4179=CARTESIAN_POINT('',(0.89010205969131,3.89979193083003,16.9397321428571));
#4180=CARTESIAN_POINT('',(1.78020411938262,3.69663194416426,16.8950892857143));
#4181=CARTESIAN_POINT('',(2.49401054976672,3.12739031111981,16.8504464285714));
#4182=CARTESIAN_POINT('',(3.20781698015079,2.55814867807537,16.8058035714286));
#4183=CARTESIAN_POINT('',(3.60394966342869,1.7355706853672,16.7611607142857));
#4184=CARTESIAN_POINT('',(4.00008234670659,0.912992692659031,16.7165178571429));
#4185=CARTESIAN_POINT('',(4.00008234670659,2.1559179332803E-14,16.671875));
#4186=CARTESIAN_POINT('',(4.00008234670659,-0.912992692659017,16.6272321428571));
#4187=CARTESIAN_POINT('',(3.60394966342869,-1.73557068536719,16.5825892857143));
#4188=CARTESIAN_POINT('',(3.2078169801508,-2.55814867807536,16.5379464285714));
#4189=CARTESIAN_POINT('',(2.49401054976671,-3.12739031111981,16.4933035714286));
#4190=CARTESIAN_POINT('',(1.78020411938263,-3.69663194416425,16.4486607142857));
#4191=CARTESIAN_POINT('',(0.890102059691324,-3.89979193083003,16.4040178571429));
#4192=CARTESIAN_POINT('',(1.507654044624E-14,-4.1029519174958,16.359375));
#4193=CARTESIAN_POINT('',(-0.890102059691296,-3.89979193083003,16.3147321428571));
#4194=CARTESIAN_POINT('',(-1.78020411938263,-3.69663194416425,16.2700892857143));
#4195=CARTESIAN_POINT('',(-2.49401054976671,-3.12739031111982,16.2254464285714));
#4196=CARTESIAN_POINT('',(-3.20781698015078,-2.55814867807538,16.1808035714286));
#4197=CARTESIAN_POINT('',(-3.60394966342869,-1.73557068536719,16.1361607142857));
#4198=CARTESIAN_POINT('',(-4.00008234670659,-0.912992692659018,16.0915178571429));
#4199=CARTESIAN_POINT('',(-4.00008234670659,-7.8379008675521E-15,16.046875));
#4200=CARTESIAN_POINT('',(-4.0000823467066,0.912992692659002,16.0022321428571));
#4201=CARTESIAN_POINT('',(-3.6039496634287,1.73557068536717,15.9575892857143));
#4202=CARTESIAN_POINT('',(-3.20781698015079,2.55814867807537,15.9129464285714));
#4203=CARTESIAN_POINT('',(-2.49401054976672,3.12739031111981,15.8683035714286));
#4204=CARTESIAN_POINT('',(-1.78020411938265,3.69663194416425,15.8236607142857));
#4205=CARTESIAN_POINT('',(-0.890102059691311,3.89979193083003,15.7790178571429));
#4206=CARTESIAN_POINT('',(-1.00239373877356E-15,4.1029519174958,15.734375));
#4207=CARTESIAN_POINT('',(0.890102059691309,3.89979193083003,15.6897321428572));
#4208=CARTESIAN_POINT('',(1.78020411938262,3.69663194416426,15.6450892857143));
#4209=CARTESIAN_POINT('',(2.49401054976669,3.12739031111983,15.6004464285714));
#4210=CARTESIAN_POINT('',(3.20781698015079,2.55814867807537,15.5558035714286));
#4211=CARTESIAN_POINT('',(3.60394966342869,1.7355706853672,15.5111607142857));
#4212=CARTESIAN_POINT('',(4.00008234670659,0.912992692659032,15.4665178571429));
#4213=CARTESIAN_POINT('',(4.00008234670659,-5.88337759769881E-15,15.421875));
#4214=CARTESIAN_POINT('',(4.00008234670659,-0.912992692659016,15.3772321428572));
#4215=CARTESIAN_POINT('',(3.60394966342869,-1.73557068536719,15.3325892857143));
#4216=CARTESIAN_POINT('',(3.2078169801508,-2.55814867807536,15.2879464285714));
#4217=CARTESIAN_POINT('',(2.49401054976673,-3.1273903111198,15.2433035714286));
#4218=CARTESIAN_POINT('',(1.78020411938264,-3.69663194416425,15.1986607142857));
#4219=CARTESIAN_POINT('',(0.890102059691325,-3.89979193083003,15.1540178571429));
#4220=CARTESIAN_POINT('',(1.60814738328033E-14,-4.1029519174958,15.109375));
#4221=CARTESIAN_POINT('',(-0.890102059691322,-3.89979193083003,15.0647321428572));
#4222=CARTESIAN_POINT('',(-1.78020411938263,-3.69663194416425,15.0200892857143));
#4223=CARTESIAN_POINT('',(-2.4940105497667,-3.12739031111982,14.9754464285714));
#4224=CARTESIAN_POINT('',(-3.20781698015078,-2.55814867807538,14.9308035714286));
#4225=CARTESIAN_POINT('',(-3.60394966342868,-1.73557068536721,14.8861607142857));
#4226=CARTESIAN_POINT('',(-4.00008234670659,-0.912992692659019,14.8415178571429));
#4227=CARTESIAN_POINT('',(-4.00008234670659,-8.81763847599611E-15,14.796875));
#4228=CARTESIAN_POINT('',(-4.0000823467066,0.912992692659001,14.7522321428571));
#4229=CARTESIAN_POINT('',(-3.60394966342869,1.7355706853672,14.7075892857143));
#4230=CARTESIAN_POINT('',(-3.20781698015079,2.55814867807537,14.6629464285714));
#4231=CARTESIAN_POINT('',(-2.49401054976672,3.12739031111981,14.6183035714286));
#4232=CARTESIAN_POINT('',(-1.78020411938265,3.69663194416425,14.5736607142857));
#4233=CARTESIAN_POINT('',(-0.890102059691339,3.89979193083002,14.5290178571429));
#4234=CARTESIAN_POINT('',(-2.00732712533691E-15,4.1029519174958,14.484375));
#4235=CARTESIAN_POINT('',(0.890102059691308,3.89979193083003,14.4397321428571));
#4236=CARTESIAN_POINT('',(1.78020411938262,3.69663194416426,14.3950892857143));
#4237=CARTESIAN_POINT('',(2.49401054976671,3.12739031111981,14.3504464285714));
#4238=CARTESIAN_POINT('',(3.20781698015079,2.55814867807537,14.3058035714286));
#4239=CARTESIAN_POINT('',(3.60394966342869,1.7355706853672,14.2611607142857));
#4240=CARTESIAN_POINT('',(4.00008234670659,0.912992692659033,14.2165178571429));
#4241=CARTESIAN_POINT('',(4.00008234670659,2.3518654549691E-14,14.171875));
#4242=CARTESIAN_POINT('',(4.00008234670659,-0.912992692659015,14.1272321428571));
#4243=CARTESIAN_POINT('',(3.60394966342869,-1.73557068536718,14.0825892857143));
#4244=CARTESIAN_POINT('',(3.2078169801508,-2.55814867807536,14.0379464285714));
#4245=CARTESIAN_POINT('',(2.49401054976671,-3.12739031111981,13.9933035714286));
#4246=CARTESIAN_POINT('',(1.78020411938264,-3.69663194416425,13.9486607142857));
#4247=CARTESIAN_POINT('',(0.890102059691326,-3.89979193083003,13.9040178571429));
#4248=CARTESIAN_POINT('',(1.70864072193667E-14,-4.1029519174958,13.859375));
#4249=CARTESIAN_POINT('',(-0.890102059691294,-3.89979193083003,13.8147321428572));
#4250=CARTESIAN_POINT('',(-1.78020411938263,-3.69663194416425,13.7700892857143));
#4251=CARTESIAN_POINT('',(-2.4940105497667,-3.12739031111982,13.7254464285714));
#4252=CARTESIAN_POINT('',(-3.20781698015078,-2.55814867807538,13.6808035714286));
#4253=CARTESIAN_POINT('',(-3.60394966342869,-1.73557068536719,13.6361607142857));
#4254=CARTESIAN_POINT('',(-4.00008234670659,-0.91299269265902,13.5915178571429));
#4255=CARTESIAN_POINT('',(-4.00008234670659,-9.79737608444012E-15,13.546875));
#4256=CARTESIAN_POINT('',(-4.0000823467066,0.912992692659,13.5022321428572));
#4257=CARTESIAN_POINT('',(-3.6039496634287,1.73557068536717,13.4575892857143));
#4258=CARTESIAN_POINT('',(-3.20781698015079,2.55814867807537,13.4129464285714));
#4259=CARTESIAN_POINT('',(-2.49401054976672,3.1273903111198,13.3683035714286));
#4260=CARTESIAN_POINT('',(-1.78020411938265,3.69663194416425,13.3236607142857));
#4261=CARTESIAN_POINT('',(-0.890102059691313,3.89979193083003,13.2790178571429));
#4262=CARTESIAN_POINT('',(-3.21654873133964E-14,4.1029519174958,13.234375));
#4263=CARTESIAN_POINT('',(0.890102059691307,3.89979193083003,13.1897321428572));
#4264=CARTESIAN_POINT('',(1.78020411938264,3.69663194416425,13.1450892857143));
#4265=CARTESIAN_POINT('',(2.49401054976669,3.12739031111983,13.1004464285714));
#4266=CARTESIAN_POINT('',(3.20781698015079,2.55814867807537,13.0558035714286));
#4267=CARTESIAN_POINT('',(3.60394966342867,1.73557068536723,13.0111607142857));
#4268=CARTESIAN_POINT('',(4.00008234670659,0.912992692659034,12.9665178571429));
#4269=CARTESIAN_POINT('',(4.00008234670659,-3.92390238081079E-15,12.921875));
#4270=CARTESIAN_POINT('',(4.0000823467066,-0.912992692658985,12.8772321428571));
#4271=CARTESIAN_POINT('',(3.6039496634287,-1.73557068536718,12.8325892857143));
#4272=CARTESIAN_POINT('',(3.20781698015078,-2.55814867807538,12.7879464285714));
#4273=CARTESIAN_POINT('',(2.49401054976673,-3.12739031111979,12.7433035714286));
#4274=CARTESIAN_POINT('',(1.78020411938264,-3.69663194416425,12.6986607142857));
#4275=CARTESIAN_POINT('',(0.890102059691299,-3.89979193083003,12.6540178571429));
#4276=CARTESIAN_POINT('',(1.809134060593E-14,-4.1029519174958,12.609375));
#4277=CARTESIAN_POINT('',(-0.89010205969132,-3.89979193083003,12.5647321428571));
#4278=CARTESIAN_POINT('',(-1.7802041193826,-3.69663194416427,12.5200892857143));
#4279=CARTESIAN_POINT('',(-2.4940105497667,-3.12739031111982,12.4754464285714));
#4280=CARTESIAN_POINT('',(-3.2078169801508,-2.55814867807536,12.4308035714286));
#4281=CARTESIAN_POINT('',(-3.60394966342868,-1.73557068536722,12.3861607142857));
#4282=CARTESIAN_POINT('',(-4.00008234670659,-0.912992692659021,12.3415178571429));
#4283=CARTESIAN_POINT('',(-4.00008234670659,-3.919940823183E-14,12.296875));
#4284=CARTESIAN_POINT('',(-4.0000823467066,0.912992692658999,12.2522321428571));
#4285=CARTESIAN_POINT('',(-3.60394966342869,1.7355706853672,12.2075892857143));
#4286=CARTESIAN_POINT('',(-3.20781698015081,2.55814867807534,12.1629464285714));
#4287=CARTESIAN_POINT('',(-2.49401054976672,3.1273903111198,12.1183035714286));
#4288=CARTESIAN_POINT('',(-1.78020411938262,3.69663194416426,12.0736607142857));
#4289=CARTESIAN_POINT('',(-0.890102059691341,3.89979193083002,12.0290178571429));
#4290=CARTESIAN_POINT('',(-4.0171938984636E-15,4.1029519174958,11.984375));
#4291=CARTESIAN_POINT('',(0.890102059691334,3.89979193083002,11.9397321428572));
#4292=CARTESIAN_POINT('',(1.78020411938262,3.69663194416426,11.8950892857143));
#4293=CARTESIAN_POINT('',(2.49401054976671,3.12739031111981,11.8504464285714));
#4294=CARTESIAN_POINT('',(3.20781698015077,2.5581486780754,11.8058035714286));
#4295=CARTESIAN_POINT('',(3.60394966342869,1.7355706853672,11.7611607142857));
#4296=CARTESIAN_POINT('',(4.00008234670659,0.912992692659007,11.7165178571429));
#4297=CARTESIAN_POINT('',(4.00008234670659,2.54781297665791E-14,11.671875));
#4298=CARTESIAN_POINT('',(4.00008234670659,-0.912992692659013,11.6272321428572));
#4299=CARTESIAN_POINT('',(3.60394966342871,-1.73557068536716,11.5825892857143));
#4300=CARTESIAN_POINT('',(3.2078169801508,-2.55814867807535,11.5379464285714));
#4301=CARTESIAN_POINT('',(2.49401054976671,-3.12739031111981,11.4933035714286));
#4302=CARTESIAN_POINT('',(1.78020411938266,-3.69663194416424,11.4486607142857));
#4303=CARTESIAN_POINT('',(0.890102059691328,-3.89979193083003,11.4040178571429));
#4304=CARTESIAN_POINT('',(-1.00569528090028E-14,-4.1029519174958,11.359375));
#4305=CARTESIAN_POINT('',(-0.890102059691292,-3.89979193083003,11.3147321428572));
#4306=CARTESIAN_POINT('',(-1.78020411938263,-3.69663194416425,11.2700892857143));
#4307=CARTESIAN_POINT('',(-2.49401054976672,-3.1273903111198,11.2254464285714));
#4308=CARTESIAN_POINT('',(-3.20781698015078,-2.55814867807538,11.1808035714286));
#4309=CARTESIAN_POINT('',(-3.60394966342869,-1.73557068536719,11.1361607142857));
#4310=CARTESIAN_POINT('',(-4.00008234670659,-0.91299269265905,11.0915178571429));
#4311=CARTESIAN_POINT('',(-4.00008234670659,-1.17568513013281E-14,11.046875));
#4312=CARTESIAN_POINT('',(-4.00008234670659,0.912992692659026,11.0022321428571));
#4313=CARTESIAN_POINT('',(-3.6039496634287,1.73557068536717,10.9575892857143));
#4314=CARTESIAN_POINT('',(-3.20781698015079,2.55814867807536,10.9129464285714));
#4315=CARTESIAN_POINT('',(-2.49401054976674,3.12739031111979,10.8683035714286));
#4316=CARTESIAN_POINT('',(-1.78020411938265,3.69663194416424,10.8236607142857));
#4317=CARTESIAN_POINT('',(-0.890102059691315,3.89979193083003,10.7790178571429));
#4318=CARTESIAN_POINT('',(-3.41753540865231E-14,4.1029519174958,10.734375));
#4319=CARTESIAN_POINT('',(0.890102059691305,3.89979193083003,10.6897321428571));
#4320=CARTESIAN_POINT('',(1.78020411938264,3.69663194416425,10.6450892857143));
#4321=CARTESIAN_POINT('',(2.49401054976669,3.12739031111983,10.6004464285714));
#4322=CARTESIAN_POINT('',(3.20781698015079,2.55814867807537,10.5558035714286));
#4323=CARTESIAN_POINT('',(3.6039496634287,1.73557068536718,10.5111607142857));
#4324=CARTESIAN_POINT('',(4.00008234670659,0.912992692659036,10.4665178571429));
#4325=CARTESIAN_POINT('',(4.00008234670659,-1.96442716392277E-15,10.421875));
#4326=CARTESIAN_POINT('',(4.0000823467066,-0.912992692658983,10.3772321428571));
#4327=CARTESIAN_POINT('',(3.6039496634287,-1.73557068536718,10.3325892857143));
#4328=CARTESIAN_POINT('',(3.20781698015078,-2.55814867807538,10.2879464285714));
#4329=CARTESIAN_POINT('',(2.49401054976673,-3.12739031111979,10.2433035714286));
#4330=CARTESIAN_POINT('',(1.78020411938264,-3.69663194416425,10.1986607142857));
#4331=CARTESIAN_POINT('',(0.890102059691357,-3.89979193083002,10.1540178571429));
#4332=CARTESIAN_POINT('',(2.01012073790567E-14,-4.1029519174958,10.109375));
#4333=CARTESIAN_POINT('',(-0.890102059691318,-3.89979193083003,10.0647321428571));
#4334=CARTESIAN_POINT('',(-1.7802041193826,-3.69663194416427,10.0200892857143));
#4335=CARTESIAN_POINT('',(-2.4940105497667,-3.12739031111982,9.97544642857144));
#4336=CARTESIAN_POINT('',(-3.20781698015079,-2.55814867807536,9.93080357142858));
#4337=CARTESIAN_POINT('',(-3.60394966342868,-1.73557068536722,9.88616071428572));
#4338=CARTESIAN_POINT('',(-4.00008234670659,-0.912992692659023,9.84151785714287));
#4339=CARTESIAN_POINT('',(-4.00008234670659,1.56857056291737E-14,9.79687500000001));
#4340=CARTESIAN_POINT('',(-4.0000823467066,0.912992692658997,9.75223214285715));
#4341=CARTESIAN_POINT('',(-3.60394966342869,1.73557068536719,9.70758928571429));
#4342=CARTESIAN_POINT('',(-3.20781698015081,2.55814867807534,9.66294642857144));
#4343=CARTESIAN_POINT('',(-2.49401054976672,3.1273903111198,9.61830357142858));
#4344=CARTESIAN_POINT('',(-1.78020411938263,3.69663194416426,9.57366071428572));
#4345=CARTESIAN_POINT('',(-0.890102059691343,3.89979193083002,9.52901785714286));
#4346=CARTESIAN_POINT('',(-6.02706067159029E-15,4.1029519174958,9.48437500000001));
#4347=CARTESIAN_POINT('',(0.890102059691277,3.89979193083004,9.43973214285715));
#4348=CARTESIAN_POINT('',(1.78020411938262,3.69663194416426,9.3950892857143));
#4349=CARTESIAN_POINT('',(2.49401054976671,3.12739031111981,9.35044642857144));
#4350=CARTESIAN_POINT('',(3.20781698015077,2.5581486780754,9.30580357142858));
#4351=CARTESIAN_POINT('',(3.60394966342868,1.7355706853672,9.26116071428572));
#4352=CARTESIAN_POINT('',(4.00008234670659,0.912992692659009,9.21651785714286));
#4353=CARTESIAN_POINT('',(4.00008234670659,2.74376049834671E-14,9.17187500000001));
#4354=CARTESIAN_POINT('',(4.00008234670659,-0.912992692659011,9.12723214285715));
#4355=CARTESIAN_POINT('',(3.60394966342868,-1.73557068536721,9.0825892857143));
#4356=CARTESIAN_POINT('',(3.2078169801508,-2.55814867807535,9.03794642857144));
#4357=CARTESIAN_POINT('',(2.49401054976671,-3.12739031111981,8.99330357142858));
#4358=CARTESIAN_POINT('',(1.78020411938267,-3.69663194416424,8.94866071428572));
#4359=CARTESIAN_POINT('',(0.89010205969133,-3.89979193083002,8.90401785714286));
#4360=CARTESIAN_POINT('',(-8.04708603587612E-15,-4.1029519174958,8.85937500000001));
#4361=CARTESIAN_POINT('',(-0.89010205969129,-3.89979193083003,8.81473214285715));
#4362=CARTESIAN_POINT('',(-1.78020411938263,-3.69663194416426,8.77008928571429));
#4363=CARTESIAN_POINT('',(-2.49401054976668,-3.12739031111984,8.72544642857144));
#4364=CARTESIAN_POINT('',(-3.20781698015078,-2.55814867807539,8.68080357142858));
#4365=CARTESIAN_POINT('',(-3.60394966342869,-1.73557068536719,8.63616071428572));
#4366=CARTESIAN_POINT('',(-4.00008234670659,-0.912992692659052,8.59151785714286));
#4367=CARTESIAN_POINT('',(-4.00008234670659,-1.37163265182162E-14,8.54687500000001));
#4368=CARTESIAN_POINT('',(-4.00008234670659,0.912992692659025,8.50223214285715));
#4369=CARTESIAN_POINT('',(-3.6039496634287,1.73557068536717,8.45758928571429));
#4370=CARTESIAN_POINT('',(-3.20781698015079,2.55814867807536,8.41294642857144));
#4371=CARTESIAN_POINT('',(-2.4940105497667,3.12739031111982,8.36830357142858));
#4372=CARTESIAN_POINT('',(-1.78020411938265,3.69663194416424,8.32366071428572));
#4373=CARTESIAN_POINT('',(-0.890102059691317,3.89979193083003,8.27901785714286));
#4374=CARTESIAN_POINT('',(-3.61852208596498E-14,4.1029519174958,8.23437500000001));
#4375=CARTESIAN_POINT('',(0.890102059691303,3.89979193083003,8.18973214285715));
#4376=CARTESIAN_POINT('',(1.78020411938264,3.69663194416425,8.14508928571429));
#4377=CARTESIAN_POINT('',(2.49401054976669,3.12739031111983,8.10044642857144));
#4378=CARTESIAN_POINT('',(3.20781698015078,2.55814867807537,8.05580357142858));
#4379=CARTESIAN_POINT('',(3.60394966342867,1.73557068536723,8.01116071428572));
#4380=CARTESIAN_POINT('',(4.00008234670659,0.912992692659038,7.96651785714286));
#4381=CARTESIAN_POINT('',(4.00008234670659,-4.9519470347406E-18,7.92187500000001));
#4382=CARTESIAN_POINT('',(4.0000823467066,-0.912992692658981,7.87723214285715));
#4383=CARTESIAN_POINT('',(3.6039496634287,-1.73557068536718,7.83258928571429));
#4384=CARTESIAN_POINT('',(3.20781698015078,-2.55814867807537,7.78794642857144));
#4385=CARTESIAN_POINT('',(2.49401054976673,-3.12739031111979,7.74330357142858));
#4386=CARTESIAN_POINT('',(1.78020411938264,-3.69663194416425,7.69866071428572));
#4387=CARTESIAN_POINT('',(0.890102059691303,-3.89979193083003,7.65401785714287));
#4388=CARTESIAN_POINT('',(2.21110741521834E-14,-4.1029519174958,7.60937500000001));
#4389=CARTESIAN_POINT('',(-0.890102059691317,-3.89979193083003,7.56473214285715));
#4390=CARTESIAN_POINT('',(-1.7802041193826,-3.69663194416427,7.52008928571429));
#4391=CARTESIAN_POINT('',(-2.4940105497667,-3.12739031111982,7.47544642857144));
#4392=CARTESIAN_POINT('',(-3.20781698015079,-2.55814867807536,7.43080357142858));
#4393=CARTESIAN_POINT('',(-3.60394966342868,-1.73557068536722,7.38616071428572));
#4394=CARTESIAN_POINT('',(-4.00008234670659,-0.912992692659025,7.34151785714287));
#4395=CARTESIAN_POINT('',(-4.00008234670659,-4.3118358665606E-14,7.29687500000001));
#4396=CARTESIAN_POINT('',(-4.0000823467066,0.912992692658995,7.25223214285715));
#4397=CARTESIAN_POINT('',(-3.60394966342869,1.73557068536719,7.20758928571429));
#4398=CARTESIAN_POINT('',(-3.20781698015081,2.55814867807534,7.16294642857144));
#4399=CARTESIAN_POINT('',(-2.49401054976672,3.1273903111198,7.11830357142858));
#4400=CARTESIAN_POINT('',(-1.78020411938263,3.69663194416426,7.07366071428572));
#4401=CARTESIAN_POINT('',(-0.890102059691345,3.89979193083002,7.02901785714287));
#4402=CARTESIAN_POINT('',(-8.03692744471698E-15,4.1029519174958,6.98437500000001));
#4403=CARTESIAN_POINT('',(0.89010205969133,3.89979193083002,6.93973214285715));
#4404=CARTESIAN_POINT('',(1.78020411938261,3.69663194416426,6.89508928571429));
#4405=CARTESIAN_POINT('',(2.49401054976671,3.12739031111981,6.85044642857144));
#4406=CARTESIAN_POINT('',(3.20781698015077,2.5581486780754,6.80580357142858));
#4407=CARTESIAN_POINT('',(3.60394966342868,1.73557068536721,6.76116071428572));
#4408=CARTESIAN_POINT('',(4.00008234670659,0.912992692659011,6.71651785714287));
#4409=CARTESIAN_POINT('',(4.00008234670659,2.93970802003551E-14,6.67187500000001));
#4410=CARTESIAN_POINT('',(4.00008234670659,-0.912992692659009,6.62723214285715));
#4411=CARTESIAN_POINT('',(3.60394966342871,-1.73557068536715,6.58258928571429));
#4412=CARTESIAN_POINT('',(3.2078169801508,-2.55814867807535,6.53794642857144));
#4413=CARTESIAN_POINT('',(2.49401054976671,-3.12739031111981,6.49330357142858));
#4414=CARTESIAN_POINT('',(1.78020411938267,-3.69663194416424,6.44866071428572));
#4415=CARTESIAN_POINT('',(0.890102059691332,-3.89979193083002,6.40401785714286));
#4416=CARTESIAN_POINT('',(-6.03721926274942E-15,-4.1029519174958,6.35937500000001));
#4417=CARTESIAN_POINT('',(-0.890102059691288,-3.89979193083003,6.31473214285715));
#4418=CARTESIAN_POINT('',(-1.78020411938263,-3.69663194416426,6.27008928571429));
#4419=CARTESIAN_POINT('',(-2.49401054976672,-3.1273903111198,6.22544642857144));
#4420=CARTESIAN_POINT('',(-3.20781698015077,-2.55814867807539,6.18080357142858));
#4421=CARTESIAN_POINT('',(-3.60394966342869,-1.73557068536719,6.13616071428572));
#4422=CARTESIAN_POINT('',(-4.00008234670658,-0.912992692659054,6.09151785714286));
#4423=CARTESIAN_POINT('',(-4.00008234670659,-1.56758017351042E-14,6.04687500000001));
#4424=CARTESIAN_POINT('',(-4.00008234670659,0.912992692659023,6.00223214285715));
#4425=CARTESIAN_POINT('',(-3.6039496634287,1.73557068536717,5.95758928571429));
#4426=CARTESIAN_POINT('',(-3.20781698015079,2.55814867807536,5.91294642857144));
#4427=CARTESIAN_POINT('',(-2.49401054976675,3.12739031111978,5.86830357142858));
#4428=CARTESIAN_POINT('',(-1.78020411938265,3.69663194416424,5.82366071428572));
#4429=CARTESIAN_POINT('',(-0.890102059691318,3.89979193083003,5.77901785714286));
#4430=CARTESIAN_POINT('',(-3.81950876327765E-14,4.1029519174958,5.73437500000001));
#4431=CARTESIAN_POINT('',(0.890102059691301,3.89979193083003,5.68973214285715));
#4432=CARTESIAN_POINT('',(1.78020411938264,3.69663194416425,5.6450892857143));
#4433=CARTESIAN_POINT('',(2.49401054976669,3.12739031111983,5.60044642857144));
#4434=CARTESIAN_POINT('',(3.20781698015078,2.55814867807538,5.55580357142858));
#4435=CARTESIAN_POINT('',(3.6039496634287,1.73557068536718,5.51116071428572));
#4436=CARTESIAN_POINT('',(4.00008234670659,0.91299269265904,5.46651785714286));
#4437=CARTESIAN_POINT('',(4.00008234670659,1.95452326985328E-15,5.42187500000001));
#4438=CARTESIAN_POINT('',(4.0000823467066,-0.91299269265898,5.37723214285715));
#4439=CARTESIAN_POINT('',(3.6039496634287,-1.73557068536718,5.33258928571429));
#4440=CARTESIAN_POINT('',(3.20781698015079,-2.55814867807537,5.28794642857144));
#4441=CARTESIAN_POINT('',(2.49401054976673,-3.12739031111979,5.24330357142858));
#4442=CARTESIAN_POINT('',(1.78020411938264,-3.69663194416425,5.19866071428572));
#4443=CARTESIAN_POINT('',(0.89010205969136,-3.89979193083002,5.15401785714286));
#4444=CARTESIAN_POINT('',(2.41209409253101E-14,-4.1029519174958,5.10937500000001));
#4445=CARTESIAN_POINT('',(-0.890102059691315,-3.89979193083003,5.06473214285715));
#4446=CARTESIAN_POINT('',(-1.7802041193826,-3.69663194416427,5.02008928571429));
#4447=CARTESIAN_POINT('',(-2.4940105497667,-3.12739031111982,4.97544642857144));
#4448=CARTESIAN_POINT('',(-3.20781698015079,-2.55814867807536,4.93080357142858));
#4449=CARTESIAN_POINT('',(-3.60394966342868,-1.73557068536722,4.88616071428572));
#4450=CARTESIAN_POINT('',(-4.00008234670659,-0.912992692659026,4.84151785714286));
#4451=CARTESIAN_POINT('',(-4.00008234670659,1.17667551953976E-14,4.79687500000001));
#4452=CARTESIAN_POINT('',(-4.0000823467066,0.912992692658993,4.75223214285715));
#4453=CARTESIAN_POINT('',(-3.60394966342869,1.73557068536719,4.70758928571429));
#4454=CARTESIAN_POINT('',(-3.20781698015081,2.55814867807534,4.66294642857144));
#4455=CARTESIAN_POINT('',(-2.49401054976672,3.1273903111198,4.61830357142858));
#4456=CARTESIAN_POINT('',(-1.78020411938263,3.69663194416425,4.57366071428572));
#4457=CARTESIAN_POINT('',(-0.890102059691347,3.89979193083002,4.52901785714286));
#4458=CARTESIAN_POINT('',(-1.00467942178437E-14,4.1029519174958,4.48437500000001));
#4459=CARTESIAN_POINT('',(0.890102059691273,3.89979193083004,4.43973214285715));
#4460=CARTESIAN_POINT('',(1.78020411938261,3.69663194416426,4.39508928571429));
#4461=CARTESIAN_POINT('',(2.49401054976671,3.12739031111981,4.35044642857144));
#4462=CARTESIAN_POINT('',(3.20781698015076,2.5581486780754,4.30580357142858));
#4463=CARTESIAN_POINT('',(3.60394966342868,1.73557068536721,4.26116071428572));
#4464=CARTESIAN_POINT('',(4.00008234670659,0.912992692659013,4.21651785714286));
#4465=CARTESIAN_POINT('',(4.00008234670659,3.13565554172431E-14,4.17187500000001));
#4466=CARTESIAN_POINT('',(4.00008234670659,-0.912992692659007,4.12723214285715));
#4467=CARTESIAN_POINT('',(3.60394966342869,-1.7355706853672,4.08258928571429));
#4468=CARTESIAN_POINT('',(3.2078169801508,-2.55814867807535,4.03794642857144));
#4469=CARTESIAN_POINT('',(2.49401054976671,-3.12739031111981,3.99330357142858));
#4470=CARTESIAN_POINT('',(1.78020411938267,-3.69663194416424,3.94866071428572));
#4471=CARTESIAN_POINT('',(0.890102059691334,-3.89979193083002,3.90401785714287));
#4472=CARTESIAN_POINT('',(-4.02735248962273E-15,-4.1029519174958,3.85937500000001));
#4473=CARTESIAN_POINT('',(-0.890102059691286,-3.89979193083003,3.81473214285715));
#4474=CARTESIAN_POINT('',(-1.78020411938262,-3.69663194416426,3.77008928571429));
#4475=CARTESIAN_POINT('',(-2.49401054976668,-3.12739031111984,3.72544642857144));
#4476=CARTESIAN_POINT('',(-3.20781698015077,-2.55814867807539,3.68080357142858));
#4477=CARTESIAN_POINT('',(-3.60394966342869,-1.7355706853672,3.63616071428572));
#4478=CARTESIAN_POINT('',(-4.00008234670658,-0.912992692659056,3.59151785714287));
#4479=CARTESIAN_POINT('',(-4.00008234670659,-1.76352769519922E-14,3.54687500000001));
#4480=CARTESIAN_POINT('',(-4.00008234670659,0.912992692659021,3.50223214285715));
#4481=CARTESIAN_POINT('',(-3.6039496634287,1.73557068536716,3.45758928571429));
#4482=CARTESIAN_POINT('',(-3.2078169801508,2.55814867807536,3.41294642857144));
#4483=CARTESIAN_POINT('',(-2.4940105497667,3.12739031111982,3.36830357142858));
#4484=CARTESIAN_POINT('',(-1.78020411938266,3.69663194416424,3.32366071428572));
#4485=CARTESIAN_POINT('',(-0.89010205969132,3.89979193083003,3.27901785714287));
#4486=CARTESIAN_POINT('',(-4.02049544059032E-14,4.1029519174958,3.23437500000001));
#4487=CARTESIAN_POINT('',(0.890102059691299,3.89979193083003,3.18973214285715));
#4488=CARTESIAN_POINT('',(1.78020411938264,3.69663194416425,3.14508928571429));
#4489=CARTESIAN_POINT('',(2.49401054976669,3.12739031111983,3.10044642857144));
#4490=CARTESIAN_POINT('',(3.20781698015078,2.55814867807538,3.05580357142858));
#4491=CARTESIAN_POINT('',(3.60394966342867,1.73557068536723,3.01116071428572));
#4492=CARTESIAN_POINT('',(4.00008234670659,0.912992692659042,2.96651785714287));
#4493=CARTESIAN_POINT('',(4.00008234670659,3.91399848674131E-15,2.92187500000001));
#4494=CARTESIAN_POINT('',(4.0000823467066,-0.912992692658978,2.87723214285715));
#4495=CARTESIAN_POINT('',(3.6039496634287,-1.73557068536718,2.83258928571429));
#4496=CARTESIAN_POINT('',(3.20781698015079,-2.55814867807537,2.78794642857143));
#4497=CARTESIAN_POINT('',(2.49401054976674,-3.12739031111979,2.74330357142858));
#4498=CARTESIAN_POINT('',(1.78020411938264,-3.69663194416425,2.69866071428572));
#4499=CARTESIAN_POINT('',(0.890102059691307,-3.89979193083003,2.65401785714287));
#4500=CARTESIAN_POINT('',(2.61308076984368E-14,-4.1029519174958,2.60937500000001));
#4501=CARTESIAN_POINT('',(-0.890102059691313,-3.89979193083003,2.56473214285715));
#4502=CARTESIAN_POINT('',(-1.7802041193826,-3.69663194416427,2.52008928571429));
#4503=CARTESIAN_POINT('',(-2.4940105497667,-3.12739031111982,2.47544642857143));
#4504=CARTESIAN_POINT('',(-3.20781698015079,-2.55814867807537,2.43080357142858));
#4505=CARTESIAN_POINT('',(-3.60394966342868,-1.73557068536722,2.38616071428572));
#4506=CARTESIAN_POINT('',(-4.00008234670659,-0.912992692659028,2.34151785714286));
#4507=CARTESIAN_POINT('',(-4.00008234670659,-4.70373090993821E-14,2.29687500000001));
#4508=CARTESIAN_POINT('',(-4.0000823467066,0.912992692658991,2.25223214285715));
#4509=CARTESIAN_POINT('',(-3.60394966342869,1.73557068536719,2.20758928571429));
#4510=CARTESIAN_POINT('',(-3.20781698015081,2.55814867807534,2.16294642857144));
#4511=CARTESIAN_POINT('',(-2.49401054976673,3.1273903111198,2.11830357142858));
#4512=CARTESIAN_POINT('',(-1.78020411938263,3.69663194416425,2.07366071428572));
#4513=CARTESIAN_POINT('',(-0.890102059691349,3.89979193083002,2.02901785714286));
#4514=CARTESIAN_POINT('',(-1.20566609909704E-14,4.1029519174958,1.98437500000001));
#4515=CARTESIAN_POINT('',(0.890102059691326,3.89979193083003,1.93973214285715));
#4516=CARTESIAN_POINT('',(1.78020411938261,3.69663194416426,1.89508928571429));
#4517=CARTESIAN_POINT('',(2.49401054976671,3.12739031111981,1.85044642857144));
#4518=CARTESIAN_POINT('',(3.20781698015076,2.5581486780754,1.80580357142858));
#4519=CARTESIAN_POINT('',(3.60394966342868,1.73557068536721,1.76116071428572));
#4520=CARTESIAN_POINT('',(4.00008234670659,0.912992692659015,1.71651785714286));
#4521=CARTESIAN_POINT('',(4.00008234670659,3.33160306341312E-14,1.67187500000001));
#4522=CARTESIAN_POINT('',(4.00008234670659,-0.912992692659005,1.62723214285715));
#4523=CARTESIAN_POINT('',(3.60394966342871,-1.73557068536715,1.58258928571429));
#4524=CARTESIAN_POINT('',(3.20781698015081,-2.55814867807535,1.53794642857144));
#4525=CARTESIAN_POINT('',(2.49401054976671,-3.12739031111981,1.49330357142858));
#4526=CARTESIAN_POINT('',(1.78020411938267,-3.69663194416423,1.44866071428572));
#4527=CARTESIAN_POINT('',(0.890102059691336,-3.89979193083002,1.40401785714286));
#4528=CARTESIAN_POINT('',(-2.01748571649604E-15,-4.1029519174958,1.35937500000001));
#4529=CARTESIAN_POINT('',(-0.890102059691284,-3.89979193083004,1.31473214285715));
#4530=CARTESIAN_POINT('',(-1.78020411938262,-3.69663194416426,1.27008928571429));
#4531=CARTESIAN_POINT('',(-2.49401054976672,-3.12739031111981,1.22544642857144));
#4532=CARTESIAN_POINT('',(-3.20781698015077,-2.55814867807539,1.18080357142858));
#4533=CARTESIAN_POINT('',(-3.60394966342869,-1.7355706853672,1.13616071428572));
#4534=CARTESIAN_POINT('',(-4.00008234670658,-0.912992692659058,1.09151785714286));
#4535=CARTESIAN_POINT('',(-4.00008234670659,-1.95947521688802E-14,1.04687500000001));
#4536=CARTESIAN_POINT('',(-4.00008234670659,0.912992692659019,1.00223214285715));
#4537=CARTESIAN_POINT('',(-3.60394966342871,1.73557068536716,0.957589285714294));
#4538=CARTESIAN_POINT('',(-3.2078169801508,2.55814867807536,0.912946428571437));
#4539=CARTESIAN_POINT('',(-2.49401054976675,3.12739031111978,0.868303571428579));
#4540=CARTESIAN_POINT('',(-1.78020411938266,3.69663194416424,0.823660714285721));
#4541=CARTESIAN_POINT('',(-0.890102059691322,3.89979193083003,0.779017857142864));
#4542=CARTESIAN_POINT('',(-4.22148211790299E-14,4.1029519174958,0.734375000000006));
#4543=CARTESIAN_POINT('',(0.890102059691297,3.89979193083003,0.689732142857152));
#4544=CARTESIAN_POINT('',(1.78020411938264,3.69663194416425,0.645089285714294));
#4545=CARTESIAN_POINT('',(2.49401054976668,3.12739031111983,0.600446428571436));
#4546=CARTESIAN_POINT('',(3.20781698015074,2.55814867807542,0.555803571428579));
#4547=CARTESIAN_POINT('',(3.60394966342869,1.73557068536719,0.511160714285721));
#4548=CARTESIAN_POINT('',(4.00008234670659,0.912992692659044,0.466517857142863));
#4549=CARTESIAN_POINT('',(4.00008234670659,6.2718062781521E-14,0.421875000000009));
#4550=CARTESIAN_POINT('',(4.00008234670659,-0.912992692659032,0.377232142857151));
#4551=CARTESIAN_POINT('',(3.6039496634287,-1.73557068536717,0.332589285714294));
#4552=CARTESIAN_POINT('',(3.20781698015082,-2.55814867807532,0.287946428571436));
#4553=CARTESIAN_POINT('',(2.49401054976669,-3.12739031111983,0.243303571428578));
#4554=CARTESIAN_POINT('',(1.78020411938265,-3.69663194416425,0.198660714285721));
#4555=CARTESIAN_POINT('',(0.890102059691364,-3.89979193083002,0.154017857142863));
#4556=CARTESIAN_POINT('',(-3.01657791314289E-14,-4.1029519174958,0.109375000000009));
#4557=CARTESIAN_POINT('',(-0.890102059691311,-3.89979193083003,0.0647321428571511));
#4558=CARTESIAN_POINT('',(-1.7802041193826,-3.69663194416427,0.0200892857142934));
#4559=CARTESIAN_POINT('',(-2.49401054976665,-3.12739031111986,-0.0245535714285643));
#4560=CARTESIAN_POINT('',(-3.20781698015079,-2.55814867807537,-0.0691964285714219));
#4561=CARTESIAN_POINT('',(-3.60394966342868,-1.73557068536722,-0.11383928571428));
#4562=CARTESIAN_POINT('',(-4.00008234670658,-0.912992692659087,-0.158482142857134));
#4563=CARTESIAN_POINT('',(-4.00008234670659,7.84780476162158E-15,-0.203124999999992));
#4564=CARTESIAN_POINT('',(-4.0000823467066,0.912992692658989,-0.247767857142849));
#4565=CARTESIAN_POINT('',(-3.60394966342872,1.73557068536714,-0.292410714285707));
#4566=CARTESIAN_POINT('',(-3.20781698015078,2.55814867807538,-0.337053571428565));
#4567=CARTESIAN_POINT('',(-2.49401054976673,3.1273903111198,-0.381696428571422));
#4568=CARTESIAN_POINT('',(-1.78020411938269,3.69663194416423,-0.42633928571428));
#4569=CARTESIAN_POINT('',(-0.890102059691296,3.89979193083003,-0.470982142857134));
#4570=CARTESIAN_POINT('',(-1.40665277640971E-14,4.1029519174958,-0.515624999999992));
#4571=CARTESIAN_POINT('',(0.890102059691269,3.89979193083004,-0.560267857142849));
#4572=CARTESIAN_POINT('',(1.78020411938266,3.69663194416424,-0.604910714285707));
#4573=CARTESIAN_POINT('',(2.49401054976671,3.12739031111981,-0.649553571428565));
#4574=CARTESIAN_POINT('',(3.20781698015076,2.5581486780754,-0.694196428571422));
#4575=CARTESIAN_POINT('',(3.60394966342871,1.73557068536716,-0.738839285714277));
#4576=CARTESIAN_POINT('',(4.00008234670659,0.912992692659017,-0.783482142857134));
#4577=CARTESIAN_POINT('',(4.00008234670659,3.52755058510192E-14,-0.828124999999992));
#4578=CARTESIAN_POINT('',(4.00008234670661,-0.912992692658946,-0.87276785714285));
#4579=CARTESIAN_POINT('',(3.60394966342869,-1.7355706853672,-0.917410714285707));
#4580=CARTESIAN_POINT('',(3.20781698015081,-2.55814867807535,-0.962053571428565));
#4581=CARTESIAN_POINT('',(2.49401054976676,-3.12739031111977,-1.00669642857142));
#4582=CARTESIAN_POINT('',(1.78020411938262,-3.69663194416426,-1.05133928571428));
#4583=CARTESIAN_POINT('',(0.890102059691337,-3.89979193083002,-1.09598214285713));
#4584=CARTESIAN_POINT('',(5.8298834659623E-14,-4.1029519174958,-1.14062499999999));
#4585=CARTESIAN_POINT('',(-0.890102059691337,-3.89979193083002,-1.18526785714285));
#4586=CARTESIAN_POINT('',(-1.78020411938262,-3.69663194416426,-1.22991071428571));
#4587=CARTESIAN_POINT('',(-2.49401054976667,-3.12739031111984,-1.27455357142857));
#4588=CARTESIAN_POINT('',(-3.20781698015081,-2.55814867807535,-1.31919642857142));
#4589=CARTESIAN_POINT('',(-3.60394966342869,-1.7355706853672,-1.36383928571428));
#4590=CARTESIAN_POINT('',(-4.00008234670658,-0.91299269265906,-1.40848214285714));
#4591=CARTESIAN_POINT('',(-4.00008234670659,-7.83988164636599E-14,-1.45312499999999));
#4592=CARTESIAN_POINT('',(-4.00008234670659,0.912992692659017,-1.49776785714285));
#4593=CARTESIAN_POINT('',(-3.60394966342871,1.73557068536716,-1.54241071428571));
#4594=CARTESIAN_POINT('',(-3.20781698015083,2.55814867807531,-1.58705357142856));
#4595=CARTESIAN_POINT('',(-2.49401054976671,3.12739031111981,-1.63169642857142));
#4596=CARTESIAN_POINT('',(-1.78020411938266,3.69663194416424,-1.67633928571428));
#4597=CARTESIAN_POINT('',(-0.89010205969138,3.89979193083001,-1.72098214285714));
#4598=CARTESIAN_POINT('',(1.40817656508358E-14,4.1029519174958,-1.76562499999999));
#4599=CARTESIAN_POINT('',(0.890102059691296,3.89979193083003,-1.81026785714285));
#4600=CARTESIAN_POINT('',(1.78020411938258,3.69663194416428,-1.85491071428571));
#4601=CARTESIAN_POINT('',(2.49401054976673,3.1273903111198,-1.89955357142856));
#4602=CARTESIAN_POINT('',(3.20781698015078,2.55814867807538,-1.94419642857142));
#4603=CARTESIAN_POINT('',(3.60394966342867,1.73557068536724,-1.98883928571428));
#4604=CARTESIAN_POINT('',(4.0000823467066,0.912992692658989,-2.03348214285714));
#4605=CARTESIAN_POINT('',(4.00008234670659,7.83294892051736E-15,-2.07812499999999));
#4606=CARTESIAN_POINT('',(4.0000823467066,-0.912992692658974,-2.12276785714285));
#4607=CARTESIAN_POINT('',(3.60394966342868,-1.73557068536722,-2.16741071428571));
#4608=CARTESIAN_POINT('',(3.20781698015079,-2.55814867807537,-2.21205357142856));
#4609=CARTESIAN_POINT('',(2.49401054976674,-3.12739031111979,-2.25669642857142));
#4610=CARTESIAN_POINT('',(1.7802041193827,-3.69663194416422,-2.30133928571428));
#4611=CARTESIAN_POINT('',(0.890102059691311,-3.89979193083003,-2.34598214285714));
#4612=CARTESIAN_POINT('',(3.01505412446902E-14,-4.1029519174958,-2.39062499999999));
#4613=CARTESIAN_POINT('',(-0.890102059691253,-3.89979193083004,-2.43526785714285));
#4614=CARTESIAN_POINT('',(-1.78020411938265,-3.69663194416425,-2.47991071428571));
#4615=CARTESIAN_POINT('',(-2.49401054976669,-3.12739031111983,-2.52455357142856));
#4616=CARTESIAN_POINT('',(-3.20781698015075,-2.55814867807542,-2.56919642857142));
#4617=CARTESIAN_POINT('',(-3.6039496634287,-1.73557068536717,-2.61383928571428));
#4618=CARTESIAN_POINT('',(-4.00008234670659,-0.912992692659032,-2.65848214285714));
#4619=CARTESIAN_POINT('',(-4.00008234670659,-5.09562595331581E-14,-2.70312499999999));
#4620=CARTESIAN_POINT('',(-4.00008234670659,0.912992692659044,-2.74776785714285));
#4621=CARTESIAN_POINT('',(-3.60394966342869,1.73557068536719,-2.79241071428571));
#4622=CARTESIAN_POINT('',(-3.20781698015082,2.55814867807533,-2.83705357142856));
#4623=CARTESIAN_POINT('',(-2.49401054976677,3.12739031111976,-2.88169642857142));
#4624=CARTESIAN_POINT('',(-1.78020411938264,3.69663194416425,-2.92633928571428));
#4625=CARTESIAN_POINT('',(-0.890102059691353,3.89979193083002,-2.97098214285714));
#4626=CARTESIAN_POINT('',(-7.43828481402161E-14,4.1029519174958,-3.01562499999999));
#4627=CARTESIAN_POINT('',(0.890102059691322,3.89979193083003,-3.06026785714285));
#4628=CARTESIAN_POINT('',(1.78020411938261,3.69663194416427,-3.10491071428571));
#4629=CARTESIAN_POINT('',(2.49401054976666,3.12739031111985,-3.14955357142856));
#4630=CARTESIAN_POINT('',(3.2078169801508,2.55814867807536,-3.19419642857142));
#4631=CARTESIAN_POINT('',(3.60394966342868,1.73557068536721,-3.23883928571428));
#4632=CARTESIAN_POINT('',(4.00008234670658,0.912992692659076,-3.28348214285714));
#4633=CARTESIAN_POINT('',(4.00008234670659,-1.96096080099845E-14,-3.32812499999999));
#4634=CARTESIAN_POINT('',(4.0000823467066,-0.912992692659001,-3.37276785714285));
#4635=CARTESIAN_POINT('',(3.60394966342871,-1.73557068536715,-3.41741071428571));
#4636=CARTESIAN_POINT('',(3.20781698015077,-2.55814867807539,-3.46205357142856));
#4637=CARTESIAN_POINT('',(2.49401054976672,-3.12739031111981,-3.50669642857142));
#4638=CARTESIAN_POINT('',(1.78020411938267,-3.69663194416423,-3.55133928571428));
#4639=CARTESIAN_POINT('',(0.890102059691284,-3.89979193083004,-3.59598214285714));
#4640=CARTESIAN_POINT('',(2.00224782975734E-15,-4.1029519174958,-3.64062499999999));
#4641=CARTESIAN_POINT('',(-0.89010205969128,-3.89979193083004,-3.68526785714285));
#4642=CARTESIAN_POINT('',(-1.78020411938257,-3.69663194416428,-3.72991071428571));
#4643=CARTESIAN_POINT('',(-2.49401054976671,-3.12739031111981,-3.77455357142856));
#4644=CARTESIAN_POINT('',(-3.20781698015077,-2.55814867807539,-3.81919642857142));
#4645=CARTESIAN_POINT('',(-3.60394966342866,-1.73557068536725,-3.86383928571428));
#4646=CARTESIAN_POINT('',(-4.00008234670659,-0.912992692659005,-3.90848214285713));
#4647=CARTESIAN_POINT('',(-4.00008234670659,-2.35137026026563E-14,-3.95312499999999));
#4648=CARTESIAN_POINT('',(-4.00008234670661,0.912992692658958,-3.99776785714285));
#4649=CARTESIAN_POINT('',(-3.60394966342868,1.73557068536721,-4.04241071428571));
#4650=CARTESIAN_POINT('',(-3.2078169801508,2.55814867807536,-4.08705357142856));
#4651=CARTESIAN_POINT('',(-2.49401054976675,3.12739031111978,-4.13169642857142));
#4652=CARTESIAN_POINT('',(-1.78020411938261,3.69663194416426,-4.17633928571428));
#4653=CARTESIAN_POINT('',(-0.890102059691326,3.89979193083003,-4.22098214285713));
#4654=CARTESIAN_POINT('',(-4.62345547252833E-14,4.1029519174958,-4.26562499999999));
#4655=CARTESIAN_POINT('',(0.890102059691238,3.89979193083005,-4.31026785714285));
#4656=CARTESIAN_POINT('',(1.78020411938263,3.69663194416425,-4.35491071428571));
#4657=CARTESIAN_POINT('',(2.49401054976668,3.12739031111983,-4.39955357142856));
#4658=CARTESIAN_POINT('',(3.20781698015074,2.55814867807543,-4.44419642857142));
#4659=CARTESIAN_POINT('',(3.60394966342869,1.73557068536719,-4.48883928571428));
#4660=CARTESIAN_POINT('',(4.00008234670659,0.912992692659048,-4.53348214285713));
#4661=CARTESIAN_POINT('',(4.00008234670659,6.66370132152971E-14,-4.57812499999999));
#4662=CARTESIAN_POINT('',(4.00008234670659,-0.912992692659028,-4.62276785714285));
#4663=CARTESIAN_POINT('',(3.6039496634287,-1.73557068536717,-4.66741071428571));
#4664=CARTESIAN_POINT('',(3.20781698015083,-2.55814867807532,-4.71205357142856));
#4665=CARTESIAN_POINT('',(2.4940105497667,-3.12739031111982,-4.75669642857142));
#4666=CARTESIAN_POINT('',(1.78020411938265,-3.69663194416425,-4.80133928571428));
#4667=CARTESIAN_POINT('',(0.890102059691368,-3.89979193083002,-4.84598214285713));
#4668=CARTESIAN_POINT('',(-2.61460455851755E-14,-4.1029519174958,-4.89062499999999));
#4669=CARTESIAN_POINT('',(-0.890102059691307,-3.89979193083003,-4.93526785714285));
#4670=CARTESIAN_POINT('',(-1.78020411938259,-3.69663194416427,-4.97991071428571));
#4671=CARTESIAN_POINT('',(-2.49401054976674,-3.12739031111979,-5.02455357142856));
#4672=CARTESIAN_POINT('',(-3.20781698015079,-2.55814867807537,-5.06919642857142));
#4673=CARTESIAN_POINT('',(-3.60394966342867,-1.73557068536723,-5.11383928571428));
#4674=CARTESIAN_POINT('',(-4.00008234670658,-0.912992692659091,-5.15848214285714));
#4675=CARTESIAN_POINT('',(-4.00008234670659,3.92885432784553E-15,-5.20312499999999));
#4676=CARTESIAN_POINT('',(-4.0000823467066,0.912992692658985,-5.24776785714285));
#4677=CARTESIAN_POINT('',(-3.60394966342872,1.73557068536713,-5.29241071428571));
#4678=CARTESIAN_POINT('',(-3.20781698015078,2.55814867807538,-5.33705357142856));
#4679=CARTESIAN_POINT('',(-2.49401054976673,3.12739031111979,-5.38169642857142));
#4680=CARTESIAN_POINT('',(-1.78020411938269,3.69663194416423,-5.42633928571428));
#4681=CARTESIAN_POINT('',(-0.890102059691299,3.89979193083003,-5.47098214285714));
#4682=CARTESIAN_POINT('',(-1.80862613103504E-14,4.1029519174958,-5.51562499999999));
#4683=CARTESIAN_POINT('',(0.890102059691265,3.89979193083004,-5.56026785714285));
#4684=CARTESIAN_POINT('',(1.78020411938266,3.69663194416424,-5.60491071428571));
#4685=CARTESIAN_POINT('',(2.4940105497667,3.12739031111982,-5.64955357142856));
#4686=CARTESIAN_POINT('',(3.20781698015076,2.55814867807541,-5.69419642857142));
#4687=CARTESIAN_POINT('',(3.60394966342866,1.73557068536727,-5.73883928571428));
#4688=CARTESIAN_POINT('',(4.00008234670659,0.912992692659021,-5.78348214285713));
#4689=CARTESIAN_POINT('',(4.00008234670659,3.91944562847952E-14,-5.82812499999999));
#4690=CARTESIAN_POINT('',(4.00008234670661,-0.912992692658942,-5.87276785714285));
#4691=CARTESIAN_POINT('',(3.60394966342869,-1.7355706853672,-5.91741071428571));
#4692=CARTESIAN_POINT('',(3.20781698015081,-2.55814867807534,-5.96205357142856));
#4693=CARTESIAN_POINT('',(2.49401054976676,-3.12739031111977,-6.00669642857142));
#4694=CARTESIAN_POINT('',(1.78020411938262,-3.69663194416426,-6.05133928571428));
#4695=CARTESIAN_POINT('',(0.890102059691341,-3.89979193083002,-6.09598214285713));
#4696=CARTESIAN_POINT('',(6.23185682058764E-14,-4.1029519174958,-6.14062499999999));
#4697=CARTESIAN_POINT('',(-0.890102059691334,-3.89979193083002,-6.18526785714285));
#4698=CARTESIAN_POINT('',(-1.78020411938262,-3.69663194416426,-6.22991071428571));
#4699=CARTESIAN_POINT('',(-2.49401054976667,-3.12739031111984,-6.27455357142856));
#4700=CARTESIAN_POINT('',(-3.2078169801508,-2.55814867807535,-6.31919642857142));
#4701=CARTESIAN_POINT('',(-3.60394966342869,-1.7355706853672,-6.36383928571428));
#4702=CARTESIAN_POINT('',(-4.00008234670658,-0.912992692659064,-6.40848214285713));
#4703=CARTESIAN_POINT('',(-4.00008234670659,3.13714112583474E-14,-6.45312499999999));
#4704=CARTESIAN_POINT('',(-4.00008234670659,0.912992692659013,-6.49776785714285));
#4705=CARTESIAN_POINT('',(-3.60394966342871,1.73557068536716,-6.54241071428571));
#4706=CARTESIAN_POINT('',(-3.20781698015084,2.55814867807531,-6.58705357142856));
#4707=CARTESIAN_POINT('',(-2.49401054976671,3.12739031111981,-6.63169642857142));
#4708=CARTESIAN_POINT('',(-1.78020411938266,3.69663194416424,-6.67633928571428));
#4709=CARTESIAN_POINT('',(-0.890102059691383,3.89979193083001,-6.72098214285713));
#4710=CARTESIAN_POINT('',(1.00620321045824E-14,4.1029519174958,-6.76562499999999));
#4711=CARTESIAN_POINT('',(0.890102059691292,3.89979193083003,-6.81026785714285));
#4712=CARTESIAN_POINT('',(1.78020411938258,3.69663194416428,-6.85491071428571));
#4713=CARTESIAN_POINT('',(2.49401054976672,3.1273903111198,-6.89955357142856));
#4714=CARTESIAN_POINT('',(3.20781698015078,2.55814867807538,-6.94419642857142));
#4715=CARTESIAN_POINT('',(3.60394966342867,1.73557068536724,-6.98883928571428));
#4716=CARTESIAN_POINT('',(4.0000823467066,0.912992692658993,-7.03348214285713));
#4717=CARTESIAN_POINT('',(4.00008234670659,1.17518993542934E-14,-7.07812499999999));
#4718=CARTESIAN_POINT('',(4.0000823467066,-0.91299269265897,-7.12276785714285));
#4719=CARTESIAN_POINT('',(3.60394966342873,-1.73557068536712,-7.16741071428571));
#4720=CARTESIAN_POINT('',(3.20781698015079,-2.55814867807536,-7.21205357142856));
#4721=CARTESIAN_POINT('',(2.49401054976674,-3.12739031111979,-7.25669642857142));
#4722=CARTESIAN_POINT('',(1.7802041193827,-3.69663194416422,-7.30133928571428));
#4723=CARTESIAN_POINT('',(0.890102059691315,-3.89979193083003,-7.34598214285713));
#4724=CARTESIAN_POINT('',(3.41702747909435E-14,-4.1029519174958,-7.39062499999999));
#4725=CARTESIAN_POINT('',(-0.89010205969125,-3.89979193083004,-7.43526785714285));
#4726=CARTESIAN_POINT('',(-1.78020411938264,-3.69663194416425,-7.47991071428571));
#4727=CARTESIAN_POINT('',(-2.49401054976669,-3.12739031111983,-7.52455357142856));
#4728=CARTESIAN_POINT('',(-3.20781698015075,-2.55814867807542,-7.56919642857142));
#4729=CARTESIAN_POINT('',(-3.6039496634287,-1.73557068536718,-7.61383928571428));
#4730=CARTESIAN_POINT('',(-4.00008234670659,-0.912992692659036,-7.65848214285713));
#4731=CARTESIAN_POINT('',(-4.00008234670659,-5.48752099669342E-14,-7.70312499999999));
#4732=CARTESIAN_POINT('',(-4.00008234670659,0.91299269265904,-7.74776785714285));
#4733=CARTESIAN_POINT('',(-3.6039496634287,1.73557068536718,-7.79241071428571));
#4734=CARTESIAN_POINT('',(-3.20781698015082,2.55814867807533,-7.83705357142856));
#4735=CARTESIAN_POINT('',(-2.49401054976669,3.12739031111983,-7.88169642857142));
#4736=CARTESIAN_POINT('',(-1.78020411938264,3.69663194416425,-7.92633928571428));
#4737=CARTESIAN_POINT('',(-0.890102059691357,3.89979193083002,-7.97098214285713));
#4738=CARTESIAN_POINT('',(-7.84025816864695E-14,4.1029519174958,-8.01562499999999));
#4739=CARTESIAN_POINT('',(0.890102059691318,3.89979193083003,-8.06026785714285));
#4740=CARTESIAN_POINT('',(1.7802041193826,3.69663194416427,-8.1049107142857));
#4741=CARTESIAN_POINT('',(2.49401054976666,3.12739031111985,-8.14955357142856));
#4742=CARTESIAN_POINT('',(3.20781698015079,2.55814867807536,-8.19419642857142));
#4743=CARTESIAN_POINT('',(3.60394966342868,1.73557068536722,-8.23883928571428));
#4744=CARTESIAN_POINT('',(4.00008234670658,0.912992692659079,-8.28348214285713));
#4745=CARTESIAN_POINT('',(4.00008234670659,-1.56906575762084E-14,-8.32812499999999));
#4746=CARTESIAN_POINT('',(4.0000823467066,-0.912992692658997,-8.37276785714285));
#4747=CARTESIAN_POINT('',(3.60394966342871,-1.73557068536714,-8.4174107142857));
#4748=CARTESIAN_POINT('',(3.20781698015077,-2.55814867807539,-8.46205357142856));
#4749=CARTESIAN_POINT('',(2.49401054976672,-3.1273903111198,-8.50669642857142));
#4750=CARTESIAN_POINT('',(1.78020411938268,-3.69663194416423,-8.55133928571428));
#4751=CARTESIAN_POINT('',(0.890102059691399,-3.89979193083001,-8.59598214285714));
#4752=CARTESIAN_POINT('',(6.02198137601073E-15,-4.1029519174958,-8.64062499999999));
#4753=CARTESIAN_POINT('',(-0.890102059691277,-3.89979193083004,-8.68526785714285));
#4754=CARTESIAN_POINT('',(-1.78020411938256,-3.69663194416429,-8.7299107142857));
#4755=CARTESIAN_POINT('',(-2.49401054976671,-3.12739031111981,-8.77455357142857));
#4756=CARTESIAN_POINT('',(-3.20781698015077,-2.5581486780754,-8.81919642857142));
#4757=CARTESIAN_POINT('',(-3.60394966342866,-1.73557068536726,-8.86383928571428));
#4758=CARTESIAN_POINT('',(-4.00008234670659,-0.912992692659009,-8.90848214285714));
#4759=CARTESIAN_POINT('',(-4.00008234670659,-2.74326530364323E-14,-8.953125));
#4760=CARTESIAN_POINT('',(-4.00008234670661,0.912992692658954,-8.99776785714285));
#4761=CARTESIAN_POINT('',(-3.60394966342868,1.73557068536721,-9.0424107142857));
#4762=CARTESIAN_POINT('',(-3.2078169801508,2.55814867807535,-9.08705357142857));
#4763=CARTESIAN_POINT('',(-2.49401054976676,3.12739031111978,-9.13169642857142));
#4764=CARTESIAN_POINT('',(-1.78020411938261,3.69663194416426,-9.17633928571428));
#4765=CARTESIAN_POINT('',(-0.89010205969133,3.89979193083002,-9.22098214285714));
#4766=CARTESIAN_POINT('',(-5.02542882715366E-14,4.1029519174958,-9.26562499999999));
#4767=CARTESIAN_POINT('',(0.890102059691345,3.89979193083002,-9.31026785714285));
#4768=CARTESIAN_POINT('',(1.78020411938263,3.69663194416426,-9.3549107142857));
#4769=CARTESIAN_POINT('',(2.49401054976668,3.12739031111984,-9.39955357142857));
#4770=CARTESIAN_POINT('',(3.20781698015074,2.55814867807543,-9.44419642857142));
#4771=CARTESIAN_POINT('',(3.60394966342869,1.73557068536719,-9.48883928571428));
#4772=CARTESIAN_POINT('',(4.00008234670659,0.912992692659052,-9.53348214285714));
#4773=CARTESIAN_POINT('',(4.00008234670659,7.05559636490731E-14,-9.57812499999999));
#4774=CARTESIAN_POINT('',(4.00008234670659,-0.912992692659025,-9.62276785714285));
#4775=CARTESIAN_POINT('',(3.6039496634287,-1.73557068536717,-9.6674107142857));
#4776=CARTESIAN_POINT('',(3.20781698015083,-2.55814867807532,-9.71205357142857));
#4777=CARTESIAN_POINT('',(2.4940105497667,-3.12739031111982,-9.75669642857142));
#4778=CARTESIAN_POINT('',(1.78020411938265,-3.69663194416424,-9.80133928571428));
#4779=CARTESIAN_POINT('',(0.890102059691372,-3.89979193083002,-9.84598214285714));
#4780=CARTESIAN_POINT('',(-2.21263120389221E-14,-4.1029519174958,-9.89062499999999));
#4781=CARTESIAN_POINT('',(-0.890102059691303,-3.89979193083003,-9.93526785714285));
#4782=CARTESIAN_POINT('',(-1.78020411938259,-3.69663194416428,-9.9799107142857));
#4783=CARTESIAN_POINT('',(-2.49401054976664,-3.12739031111986,-10.0245535714286));
#4784=CARTESIAN_POINT('',(-3.20781698015078,-2.55814867807537,-10.0691964285714));
#4785=CARTESIAN_POINT('',(-3.60394966342867,-1.73557068536723,-10.1138392857143));
#4786=CARTESIAN_POINT('',(-4.00008234670658,-0.912992692659095,-10.1584821428571));
#4787=CARTESIAN_POINT('',(-4.00008234670659,9.90389406948119E-18,-10.203125));
#4788=CARTESIAN_POINT('',(-4.0000823467066,0.912992692658981,-10.2477678571429));
#4789=CARTESIAN_POINT('',(-3.60394966342872,1.73557068536713,-10.2924107142857));
#4790=CARTESIAN_POINT('',(-3.20781698015078,2.55814867807537,-10.3370535714286));
#4791=CARTESIAN_POINT('',(-2.49401054976673,3.12739031111979,-10.3816964285714));
#4792=CARTESIAN_POINT('',(-1.78020411938269,3.69663194416422,-10.4263392857143));
#4793=CARTESIAN_POINT('',(-0.890102059691303,3.89979193083003,-10.4709821428571));
#4794=CARTESIAN_POINT('',(-2.21059948566038E-14,4.1029519174958,-10.515625));
#4795=CARTESIAN_POINT('',(0.890102059691261,3.89979193083004,-10.5602678571429));
#4796=CARTESIAN_POINT('',(1.78020411938265,3.69663194416424,-10.6049107142857));
#4797=CARTESIAN_POINT('',(2.4940105497667,3.12739031111982,-10.6495535714286));
#4798=CARTESIAN_POINT('',(3.20781698015076,2.55814867807541,-10.6941964285714));
#4799=CARTESIAN_POINT('',(3.6039496634287,1.73557068536717,-10.7388392857143));
#4800=CARTESIAN_POINT('',(4.00008234670659,0.912992692659025,-10.7834821428571));
#4801=CARTESIAN_POINT('',(4.00008234670659,4.31134067185713E-14,-10.828125));
#4802=CARTESIAN_POINT('',(4.00008234670661,-0.912992692658938,-10.8727678571429));
#4803=CARTESIAN_POINT('',(3.60394966342869,-1.73557068536719,-10.9174107142857));
#4804=CARTESIAN_POINT('',(3.20781698015081,-2.55814867807534,-10.9620535714286));
#4805=CARTESIAN_POINT('',(2.49401054976677,-3.12739031111977,-11.0066964285714));
#4806=CARTESIAN_POINT('',(1.78020411938263,-3.69663194416426,-11.0513392857143));
#4807=CARTESIAN_POINT('',(0.890102059691345,-3.89979193083002,-11.0959821428571));
#4808=CARTESIAN_POINT('',(6.63383017521297E-14,-4.1029519174958,-11.140625));
#4809=CARTESIAN_POINT('',(-0.89010205969133,-3.89979193083002,-11.1852678571429));
#4810=CARTESIAN_POINT('',(-1.78020411938261,-3.69663194416426,-11.2299107142857));
#4811=CARTESIAN_POINT('',(-2.49401054976667,-3.12739031111985,-11.2745535714286));
#4812=CARTESIAN_POINT('',(-3.2078169801508,-2.55814867807535,-11.3191964285714));
#4813=CARTESIAN_POINT('',(-3.60394966342868,-1.73557068536721,-11.3638392857143));
#4814=CARTESIAN_POINT('',(-4.00008234670658,-0.912992692659068,-11.4084821428571));
#4815=CARTESIAN_POINT('',(-4.00008234670659,-8.6236717331212E-14,-11.453125));
#4816=CARTESIAN_POINT('',(-4.00008234670659,0.912992692659009,-11.4977678571429));
#4817=CARTESIAN_POINT('',(-3.60394966342871,1.73557068536715,-11.5424107142857));
#4818=CARTESIAN_POINT('',(-3.20781698015084,2.55814867807531,-11.5870535714286));
#4819=CARTESIAN_POINT('',(-2.49401054976671,3.12739031111981,-11.6316964285714));
#4820=CARTESIAN_POINT('',(-1.78020411938267,3.69663194416424,-11.6763392857143));
#4821=CARTESIAN_POINT('',(-0.890102059691387,3.89979193083001,-11.7209821428571));
#4822=CARTESIAN_POINT('',(6.04229855832899E-15,4.1029519174958,-11.765625));
#4823=CARTESIAN_POINT('',(0.890102059691288,3.89979193083003,-11.8102678571429));
#4824=CARTESIAN_POINT('',(1.78020411938257,3.69663194416428,-11.8549107142857));
#4825=CARTESIAN_POINT('',(2.49401054976672,3.1273903111198,-11.8995535714286));
#4826=CARTESIAN_POINT('',(3.20781698015077,2.55814867807539,-11.9441964285714));
#4827=CARTESIAN_POINT('',(3.60394966342867,1.73557068536725,-11.9888392857143));
#4828=CARTESIAN_POINT('',(4.0000823467066,0.912992692658997,-12.0334821428571));
#4829=CARTESIAN_POINT('',(4.00008234670659,1.56708497880695E-14,-12.078125));
#4830=CARTESIAN_POINT('',(4.0000823467066,-0.912992692658966,-12.1227678571429));
#4831=CARTESIAN_POINT('',(3.60394966342868,-1.73557068536722,-12.1674107142857));
#4832=CARTESIAN_POINT('',(3.20781698015079,-2.55814867807536,-12.2120535714286));
#4833=CARTESIAN_POINT('',(2.49401054976675,-3.12739031111978,-12.2566964285714));
#4834=CARTESIAN_POINT('',(1.78020411938271,-3.69663194416422,-12.3013392857143));
#4835=CARTESIAN_POINT('',(0.890102059691318,-3.89979193083003,-12.3459821428571));
#4836=CARTESIAN_POINT('',(3.81900083371969E-14,-4.1029519174958,-12.390625));
#4837=CARTESIAN_POINT('',(-0.890102059691246,-3.89979193083004,-12.4352678571428));
#4838=CARTESIAN_POINT('',(-1.78020411938264,-3.69663194416425,-12.4799107142857));
#4839=CARTESIAN_POINT('',(-2.49401054976669,-3.12739031111983,-12.5245535714286));
#4840=CARTESIAN_POINT('',(-3.20781698015075,-2.55814867807542,-12.5691964285714));
#4841=CARTESIAN_POINT('',(-3.6039496634287,-1.73557068536718,-12.6138392857143));
#4842=CARTESIAN_POINT('',(-4.00008234670659,-0.91299269265904,-12.6584821428571));
#4843=CARTESIAN_POINT('',(-4.00008234670659,-5.87941604007102E-14,-12.703125));
#4844=CARTESIAN_POINT('',(-4.00008234670659,0.912992692659036,-12.7477678571428));
#4845=CARTESIAN_POINT('',(-3.6039496634287,1.73557068536718,-12.7924107142857));
#4846=CARTESIAN_POINT('',(-3.20781698015082,2.55814867807533,-12.8370535714286));
#4847=CARTESIAN_POINT('',(-2.49401054976678,3.12739031111976,-12.8816964285714));
#4848=CARTESIAN_POINT('',(-1.78020411938264,3.69663194416425,-12.9263392857143));
#4849=CARTESIAN_POINT('',(-0.89010205969136,3.89979193083002,-12.9709821428571));
#4850=CARTESIAN_POINT('',(-8.24223152327228E-14,4.1029519174958,-13.015625));
#4851=CARTESIAN_POINT('',(0.890102059691315,3.89979193083003,-13.0602678571428));
#4852=CARTESIAN_POINT('',(1.7802041193826,3.69663194416427,-13.1049107142857));
#4853=CARTESIAN_POINT('',(2.49401054976665,3.12739031111986,-13.1495535714286));
#4854=CARTESIAN_POINT('',(3.20781698015079,2.55814867807536,-13.1941964285714));
#4855=CARTESIAN_POINT('',(3.60394966342868,1.73557068536722,-13.2388392857143));
#4856=CARTESIAN_POINT('',(4.00008234670658,0.912992692659083,-13.2834821428571));
#4857=CARTESIAN_POINT('',(4.00008234670659,-1.17717071424324E-14,-13.328125));
#4858=CARTESIAN_POINT('',(4.0000823467066,-0.912992692658993,-13.3727678571428));
#4859=CARTESIAN_POINT('',(3.60394966342872,-1.73557068536714,-13.4174107142857));
#4860=CARTESIAN_POINT('',(3.20781698015078,-2.55814867807538,-13.4620535714286));
#4861=CARTESIAN_POINT('',(2.49401054976672,-3.1273903111198,-13.5066964285714));
#4862=CARTESIAN_POINT('',(1.78020411938268,-3.69663194416423,-13.5513392857143));
#4863=CARTESIAN_POINT('',(0.890102059691292,-3.89979193083003,-13.5959821428571));
#4864=CARTESIAN_POINT('',(1.00417149222641E-14,-4.1029519174958,-13.640625));
#4865=CARTESIAN_POINT('',(-0.890102059691273,-3.89979193083004,-13.6852678571428));
#4866=CARTESIAN_POINT('',(-1.78020411938256,-3.69663194416429,-13.7299107142857));
#4867=CARTESIAN_POINT('',(-2.49401054976671,-3.12739031111981,-13.7745535714286));
#4868=CARTESIAN_POINT('',(-3.20781698015076,-2.5581486780754,-13.8191964285714));
#4869=CARTESIAN_POINT('',(-3.60394966342866,-1.73557068536726,-13.8638392857143));
#4870=CARTESIAN_POINT('',(-4.00008234670659,-0.912992692659013,-13.9084821428571));
#4871=CARTESIAN_POINT('',(-4.00008234670659,-3.13516034702084E-14,-13.953125));
#4872=CARTESIAN_POINT('',(-4.00008234670661,0.91299269265895,-13.9977678571428));
#4873=CARTESIAN_POINT('',(-3.60394966342869,1.7355706853672,-14.0424107142857));
#4874=CARTESIAN_POINT('',(-3.2078169801508,2.55814867807535,-14.0870535714286));
#4875=CARTESIAN_POINT('',(-2.49401054976676,3.12739031111977,-14.1316964285714));
#4876=CARTESIAN_POINT('',(-1.78020411938262,3.69663194416426,-14.1763392857143));
#4877=CARTESIAN_POINT('',(-0.890102059691334,3.89979193083002,-14.2209821428571));
#4878=CARTESIAN_POINT('',(-5.427402181779E-14,4.1029519174958,-14.265625));
#4879=CARTESIAN_POINT('',(0.89010205969123,3.89979193083005,-14.3102678571428));
#4880=CARTESIAN_POINT('',(1.78020411938262,3.69663194416426,-14.3549107142857));
#4881=CARTESIAN_POINT('',(2.49401054976668,3.12739031111984,-14.3995535714286));
#4882=CARTESIAN_POINT('',(3.20781698015074,2.55814867807543,-14.4441964285714));
#4883=CARTESIAN_POINT('',(3.60394966342869,1.7355706853672,-14.4888392857143));
#4884=CARTESIAN_POINT('',(4.00008234670658,0.912992692659056,-14.5334821428571));
#4885=CARTESIAN_POINT('',(4.00008234670659,7.44749140828492E-14,-14.578125));
#4886=CARTESIAN_POINT('',(4.00008234670659,-0.912992692659021,-14.6227678571428));
#4887=CARTESIAN_POINT('',(3.6039496634287,-1.73557068536716,-14.6674107142857));
#4888=CARTESIAN_POINT('',(3.20781698015083,-2.55814867807531,-14.7120535714286));
#4889=CARTESIAN_POINT('',(2.4940105497667,-3.12739031111982,-14.7566964285714));
#4890=CARTESIAN_POINT('',(1.78020411938266,-3.69663194416424,-14.8013392857143));
#4891=CARTESIAN_POINT('',(0.890102059691376,-3.89979193083001,-14.8459821428571));
#4892=CARTESIAN_POINT('',(-1.81065784926687E-14,-4.1029519174958,-14.890625));
#4893=CARTESIAN_POINT('',(-0.890102059691299,-3.89979193083003,-14.9352678571428));
#4894=CARTESIAN_POINT('',(-1.78020411938258,-3.69663194416428,-14.9799107142857));
#4895=CARTESIAN_POINT('',(-2.49401054976673,-3.12739031111979,-15.0245535714286));
#4896=CARTESIAN_POINT('',(-3.20781698015078,-2.55814867807538,-15.0691964285714));
#4897=CARTESIAN_POINT('',(-3.60394966342867,-1.73557068536723,-15.1138392857143));
#4898=CARTESIAN_POINT('',(-4.00008234670657,-0.912992692659099,-15.1584821428571));
#4899=CARTESIAN_POINT('',(-4.00008234670659,-3.90904653970657E-15,-15.203125));
#4900=CARTESIAN_POINT('',(-4.0000823467066,0.912992692658978,-15.2477678571428));
#4901=CARTESIAN_POINT('',(-3.60394966342872,1.73557068536713,-15.2924107142857));
#4902=CARTESIAN_POINT('',(-3.20781698015079,2.55814867807537,-15.3370535714286));
#4903=CARTESIAN_POINT('',(-2.49401054976674,3.12739031111979,-15.3816964285714));
#4904=CARTESIAN_POINT('',(-1.7802041193827,3.69663194416422,-15.4263392857143));
#4905=CARTESIAN_POINT('',(-0.890102059691307,3.89979193083003,-15.4709821428571));
#4906=CARTESIAN_POINT('',(-2.61257284028572E-14,4.1029519174958,-15.515625));
#4907=CARTESIAN_POINT('',(0.890102059691257,3.89979193083004,-15.5602678571428));
#4908=CARTESIAN_POINT('',(1.78020411938265,3.69663194416425,-15.6049107142857));
#4909=CARTESIAN_POINT('',(2.4940105497667,3.12739031111982,-15.6495535714286));
#4910=CARTESIAN_POINT('',(3.20781698015075,2.55814867807541,-15.6941964285714));
#4911=CARTESIAN_POINT('',(3.60394966342865,1.73557068536727,-15.7388392857143));
#4912=CARTESIAN_POINT('',(4.00008234670659,0.912992692659028,-15.7834821428571));
#4913=CARTESIAN_POINT('',(4.00008234670659,4.70323571523473E-14,-15.828125));
#4914=CARTESIAN_POINT('',(4.00008234670661,-0.912992692658934,-15.8727678571428));
#4915=CARTESIAN_POINT('',(3.60394966342869,-1.73557068536719,-15.9174107142857));
#4916=CARTESIAN_POINT('',(3.20781698015081,-2.55814867807534,-15.9620535714286));
#4917=CARTESIAN_POINT('',(2.49401054976677,-3.12739031111976,-16.0066964285714));
#4918=CARTESIAN_POINT('',(1.78020411938263,-3.69663194416425,-16.0513392857143));
#4919=CARTESIAN_POINT('',(0.890102059691349,-3.89979193083002,-16.0959821428571));
#4920=CARTESIAN_POINT('',(7.03580352983831E-14,-4.1029519174958,-16.140625));
#4921=CARTESIAN_POINT('',(-0.890102059691326,-3.89979193083003,-16.1852678571429));
#4922=CARTESIAN_POINT('',(-1.78020411938261,-3.69663194416426,-16.2299107142857));
#4923=CARTESIAN_POINT('',(-2.49401054976666,-3.12739031111985,-16.2745535714286));
#4924=CARTESIAN_POINT('',(-3.2078169801508,-2.55814867807536,-16.3191964285714));
#4925=CARTESIAN_POINT('',(-3.60394966342868,-1.73557068536721,-16.3638392857143));
#4926=CARTESIAN_POINT('',(-4.00008234670658,-0.912992692659072,-16.4084821428571));
#4927=CARTESIAN_POINT('',(-4.00008234670659,2.35335103907953E-14,-16.453125));
#4928=CARTESIAN_POINT('',(-4.00008234670659,0.912992692659005,-16.4977678571429));
#4929=CARTESIAN_POINT('',(-3.60394966342871,1.73557068536715,-16.5424107142857));
#4930=CARTESIAN_POINT('',(-3.20781698015084,2.5581486780753,-16.5870535714286));
#4931=CARTESIAN_POINT('',(-2.49401054976671,3.12739031111981,-16.6316964285714));
#4932=CARTESIAN_POINT('',(-1.78020411938267,3.69663194416423,-16.6763392857143));
#4933=CARTESIAN_POINT('',(-0.890102059691391,3.89979193083001,-16.7209821428571));
#4934=CARTESIAN_POINT('',(2.02256501207561E-15,4.1029519174958,-16.765625));
#4935=CARTESIAN_POINT('',(0.890102059691284,3.89979193083004,-16.8102678571429));
#4936=CARTESIAN_POINT('',(1.78020411938257,3.69663194416428,-16.8549107142857));
#4937=CARTESIAN_POINT('',(2.49401054976672,3.12739031111981,-16.8995535714286));
#4938=CARTESIAN_POINT('',(3.20781698015077,2.55814867807539,-16.9441964285714));
#4939=CARTESIAN_POINT('',(3.60394966342866,1.73557068536725,-16.9888392857143));
#4940=CARTESIAN_POINT('',(4.0000823467066,0.912992692659001,-17.0334821428571));
#4941=CARTESIAN_POINT('',(4.00008234670659,1.95898002218455E-14,-17.078125));
#4942=CARTESIAN_POINT('',(4.0000823467066,-0.912992692658962,-17.1227678571429));
#4943=CARTESIAN_POINT('',(3.60394966342873,-1.73557068536711,-17.1674107142857));
#4944=CARTESIAN_POINT('',(3.2078169801508,-2.55814867807536,-17.2120535714286));
#4945=CARTESIAN_POINT('',(2.49401054976675,-3.12739031111978,-17.2566964285714));
#4946=CARTESIAN_POINT('',(1.78020411938271,-3.69663194416422,-17.3013392857143));
#4947=CARTESIAN_POINT('',(0.890102059691322,-3.89979193083003,-17.3459821428571));
#4948=CARTESIAN_POINT('',(4.22097418834503E-14,-4.1029519174958,-17.390625));
#4949=CARTESIAN_POINT('',(-0.890102059691242,-3.89979193083004,-17.4352678571429));
#4950=CARTESIAN_POINT('',(-1.78020411938264,-3.69663194416425,-17.4799107142857));
#4951=CARTESIAN_POINT('',(-2.49401054976668,-3.12739031111983,-17.5245535714286));
#4952=CARTESIAN_POINT('',(-3.20781698015074,-2.55814867807542,-17.5691964285714));
#4953=CARTESIAN_POINT('',(-3.60394966342869,-1.73557068536719,-17.6138392857143));
#4954=CARTESIAN_POINT('',(-4.00008234670659,-0.912992692659044,-17.6584821428571));
#4955=CARTESIAN_POINT('',(-4.00008234670659,-6.27131108344863E-14,-17.703125));
#4956=CARTESIAN_POINT('',(-4.00008234670659,0.912992692659032,-17.7477678571429));
#4957=CARTESIAN_POINT('',(-3.6039496634287,1.73557068536717,-17.7924107142857));
#4958=CARTESIAN_POINT('',(-3.20781698015082,2.55814867807532,-17.8370535714286));
#4959=CARTESIAN_POINT('',(-2.49401054976669,3.12739031111983,-17.8816964285714));
#4960=CARTESIAN_POINT('',(-1.78020411938265,3.69663194416425,-17.9263392857143));
#4961=CARTESIAN_POINT('',(-0.890102059691364,3.89979193083002,-17.9709821428571));
#4962=CARTESIAN_POINT('',(-8.64420487789762E-14,4.1029519174958,-18.015625));
#4963=CARTESIAN_POINT('',(0.890102059691311,3.89979193083003,-18.0602678571429));
#4964=CARTESIAN_POINT('',(1.7802041193826,3.69663194416427,-18.1049107142857));
#4965=CARTESIAN_POINT('',(2.49401054976665,3.12739031111986,-18.1495535714286));
#4966=CARTESIAN_POINT('',(3.20781698015079,2.55814867807537,-18.1941964285714));
#4967=CARTESIAN_POINT('',(3.60394966342868,1.73557068536722,-18.2388392857143));
#4968=CARTESIAN_POINT('',(4.00008234670658,0.912992692659087,-18.2834821428571));
#4969=CARTESIAN_POINT('',(4.00008234670659,-7.85275670865632E-15,-18.328125));
#4970=CARTESIAN_POINT('',(4.0000823467066,-0.912992692658989,-18.3727678571429));
#4971=CARTESIAN_POINT('',(3.60394966342872,-1.73557068536714,-18.4174107142857));
#4972=CARTESIAN_POINT('',(3.20781698015078,-2.55814867807538,-18.4620535714286));
#4973=CARTESIAN_POINT('',(2.49401054976673,-3.1273903111198,-18.5066964285714));
#4974=CARTESIAN_POINT('',(1.78020411938269,-3.69663194416423,-18.5513392857143));
#4975=CARTESIAN_POINT('',(0.890102059691406,-3.89979193083001,-18.5959821428571));
#4976=CARTESIAN_POINT('',(1.40614484685175E-14,-4.1029519174958,-18.640625));
#4977=CARTESIAN_POINT('',(-0.890102059691269,-3.89979193083004,-18.6852678571429));
#4978=CARTESIAN_POINT('',(-1.78020411938256,-3.69663194416429,-18.7299107142857));
#4979=CARTESIAN_POINT('',(-2.49401054976671,-3.12739031111981,-18.7745535714286));
#4980=CARTESIAN_POINT('',(-3.20781698015076,-2.5581486780754,-18.8191964285714));
#4981=CARTESIAN_POINT('',(-3.60394966342866,-1.73557068536726,-18.8638392857143));
#4982=CARTESIAN_POINT('',(-4.00008234670659,-0.912992692659017,-18.9084821428571));
#4983=CARTESIAN_POINT('',(-4.00008234670659,-3.52705539039844E-14,-18.953125));
#4984=CARTESIAN_POINT('',(-4.00008234670661,0.912992692658946,-18.9977678571429));
#4985=CARTESIAN_POINT('',(-3.60394966342869,1.7355706853672,-19.0424107142857));
#4986=CARTESIAN_POINT('',(-3.20781698015081,2.55814867807535,-19.0870535714286));
#4987=CARTESIAN_POINT('',(-2.49401054976676,3.12739031111977,-19.1316964285714));
#4988=CARTESIAN_POINT('',(-1.78020411938262,3.69663194416426,-19.1763392857143));
#4989=CARTESIAN_POINT('',(-0.890102059691337,3.89979193083002,-19.2209821428571));
#4990=CARTESIAN_POINT('',(-5.82937553640434E-14,4.1029519174958,-19.265625));
#4991=CARTESIAN_POINT('',(0.890102059691337,3.89979193083002,-19.3102678571429));
#4992=CARTESIAN_POINT('',(1.78020411938262,3.69663194416426,-19.3549107142857));
#4993=CARTESIAN_POINT('',(2.49401054976667,3.12739031111984,-19.3995535714286));
#4994=CARTESIAN_POINT('',(3.20781698015073,2.55814867807544,-19.4441964285714));
#4995=CARTESIAN_POINT('',(3.60394966342869,1.7355706853672,-19.4888392857143));
#4996=CARTESIAN_POINT('',(4.00008234670658,0.91299269265906,-19.5334821428571));
#4997=CARTESIAN_POINT('',(4.00008234670659,7.83938645166252E-14,-19.578125));
#4998=CARTESIAN_POINT('',(4.00008234670659,-0.912992692659017,-19.6227678571429));
#4999=CARTESIAN_POINT('',(3.60394966342871,-1.73557068536716,-19.6674107142857));
#5000=CARTESIAN_POINT('',(3.20781698015083,-2.55814867807531,-19.7120535714286));
#5001=CARTESIAN_POINT('',(2.49401054976671,-3.12739031111981,-19.7566964285714));
#5002=CARTESIAN_POINT('',(1.78020411938266,-3.69663194416424,-19.8013392857143));
#5003=CARTESIAN_POINT('',(0.89010205969138,-3.89979193083001,-19.8459821428571));
#5004=CARTESIAN_POINT('',(-1.40868449464153E-14,-4.1029519174958,-19.890625));
#5005=CARTESIAN_POINT('',(-0.890102059691296,-3.89979193083003,-19.9352678571429));
#5006=CARTESIAN_POINT('',(-1.78020411938258,-3.69663194416428,-19.9799107142857));
#5007=CARTESIAN_POINT('',(-2.49401054976664,-3.12739031111987,-20.0245535714286));
#5008=CARTESIAN_POINT('',(-3.20781698015078,-2.55814867807538,-20.0691964285714));
#5009=CARTESIAN_POINT('',(-3.60394966342867,-1.73557068536724,-20.1138392857143));
#5010=CARTESIAN_POINT('',(-4.00008234670657,-0.912992692659103,-20.1584821428571));
#5011=CARTESIAN_POINT('',(-4.00008234670659,-7.82799697348262E-15,-20.203125));
#5012=CARTESIAN_POINT('',(-4.0000823467066,0.912992692658974,-20.2477678571428));
#5013=CARTESIAN_POINT('',(-3.60394966342872,1.73557068536712,-20.2924107142857));
#5014=CARTESIAN_POINT('',(-3.20781698015079,2.55814867807537,-20.3370535714286));
#5015=CARTESIAN_POINT('',(-2.49401054976674,3.12739031111979,-20.3816964285714));
#5016=CARTESIAN_POINT('',(-1.7802041193827,3.69663194416422,-20.4263392857143));
#5017=CARTESIAN_POINT('',(-0.890102059691311,3.89979193083003,-20.4709821428571));
#5018=CARTESIAN_POINT('',(-3.01454619491106E-14,4.1029519174958,-20.515625));
#5019=CARTESIAN_POINT('',(0.890102059691253,3.89979193083004,-20.5602678571428));
#5020=CARTESIAN_POINT('',(1.78020411938265,3.69663194416425,-20.6049107142857));
#5021=CARTESIAN_POINT('',(2.49401054976669,3.12739031111983,-20.6495535714286));
#5022=CARTESIAN_POINT('',(3.20781698015075,2.55814867807542,-20.6941964285714));
#5023=CARTESIAN_POINT('',(3.6039496634287,1.73557068536717,-20.7388392857143));
#5024=CARTESIAN_POINT('',(4.00008234670659,0.912992692659032,-20.7834821428571));
#5025=CARTESIAN_POINT('',(4.00008234670659,5.09513075861234E-14,-20.828125));
#5026=CARTESIAN_POINT('',(4.00008234670661,-0.912992692658931,-20.8727678571428));
#5027=CARTESIAN_POINT('',(3.60394966342869,-1.73557068536719,-20.9174107142857));
#5028=CARTESIAN_POINT('',(3.20781698015082,-2.55814867807533,-20.9620535714286));
#5029=CARTESIAN_POINT('',(2.49401054976677,-3.12739031111976,-21.0066964285714));
#5030=CARTESIAN_POINT('',(1.78020411938264,-3.69663194416425,-21.0513392857143));
#5031=CARTESIAN_POINT('',(0.890102059691353,-3.89979193083002,-21.0959821428571));
#5032=CARTESIAN_POINT('',(7.43777688446365E-14,-4.1029519174958,-21.140625));
#5033=CARTESIAN_POINT('',(-0.890102059691322,-3.89979193083003,-21.1852678571428));
#5034=CARTESIAN_POINT('',(-1.78020411938261,-3.69663194416427,-21.2299107142857));
#5035=CARTESIAN_POINT('',(-2.49401054976666,-3.12739031111985,-21.2745535714286));
#5036=CARTESIAN_POINT('',(-3.2078169801508,-2.55814867807536,-21.3191964285714));
#5037=CARTESIAN_POINT('',(-3.60394966342868,-1.73557068536721,-21.3638392857143));
#5038=CARTESIAN_POINT('',(-4.00008234670658,-0.912992692659076,-21.4084821428571));
#5039=CARTESIAN_POINT('',(-4.00008234670659,-9.40746181987641E-14,-21.453125));
#5040=CARTESIAN_POINT('',(-4.0000823467066,0.912992692659001,-21.4977678571428));
#5041=CARTESIAN_POINT('',(-3.60394966342871,1.73557068536715,-21.5424107142857));
#5042=CARTESIAN_POINT('',(-3.20781698015084,2.5581486780753,-21.5870535714286));
#5043=CARTESIAN_POINT('',(-2.49401054976672,3.12739031111981,-21.6316964285714));
#5044=CARTESIAN_POINT('',(-1.78020411938267,3.69663194416423,-21.6763392857143));
#5045=CARTESIAN_POINT('',(-0.890102059691395,3.89979193083001,-21.7209821428571));
#5046=CARTESIAN_POINT('',(-1.99716853417778E-15,4.1029519174958,-21.765625));
#5047=CARTESIAN_POINT('',(0.89010205969128,3.89979193083004,-21.8102678571428));
#5048=CARTESIAN_POINT('',(1.78020411938257,3.69663194416428,-21.8549107142857));
#5049=CARTESIAN_POINT('',(2.49401054976671,3.12739031111981,-21.8995535714286));
#5050=CARTESIAN_POINT('',(3.20781698015077,2.55814867807539,-21.9441964285714));
#5051=CARTESIAN_POINT('',(3.60394966342866,1.73557068536725,-21.9888392857143));
#5052=CARTESIAN_POINT('',(4.00008234670659,0.912992692659005,-22.0334821428571));
#5053=CARTESIAN_POINT('',(4.00008234670659,2.35087506556216E-14,-22.078125));
#5054=CARTESIAN_POINT('',(4.00008234670661,-0.912992692658958,-22.1227678571428));
#5055=CARTESIAN_POINT('',(3.60394966342868,-1.73557068536721,-22.1674107142857));
#5056=CARTESIAN_POINT('',(3.2078169801508,-2.55814867807536,-22.2120535714286));
#5057=CARTESIAN_POINT('',(2.49401054976675,-3.12739031111978,-22.2566964285714));
#5058=CARTESIAN_POINT('',(1.78020411938271,-3.69663194416421,-22.3013392857143));
#5059=CARTESIAN_POINT('',(0.890102059691326,-3.89979193083003,-22.3459821428571));
#5060=CARTESIAN_POINT('',(4.62294754297037E-14,-4.1029519174958,-22.390625));
#5061=CARTESIAN_POINT('',(-0.890102059691238,-3.89979193083005,-22.4352678571428));
#5062=CARTESIAN_POINT('',(-1.78020411938263,-3.69663194416425,-22.4799107142857));
#5063=CARTESIAN_POINT('',(-2.49401054976668,-3.12739031111983,-22.5245535714286));
#5064=CARTESIAN_POINT('',(-3.20781698015074,-2.55814867807543,-22.5691964285714));
#5065=CARTESIAN_POINT('',(-3.60394966342869,-1.73557068536719,-22.6138392857143));
#5066=CARTESIAN_POINT('',(-4.00008234670659,-0.912992692659048,-22.6584821428571));
#5067=CARTESIAN_POINT('',(-4.00008234670659,-6.66320612682623E-14,-22.703125));
#5068=CARTESIAN_POINT('',(-4.00008234670659,0.912992692659028,-22.7477678571428));
#5069=CARTESIAN_POINT('',(-3.6039496634287,1.73557068536717,-22.7924107142857));
#5070=CARTESIAN_POINT('',(-3.20781698015083,2.55814867807532,-22.8370535714286));
#5071=CARTESIAN_POINT('',(-2.49401054976679,3.12739031111975,-22.8816964285714));
#5072=CARTESIAN_POINT('',(-1.78020411938265,3.69663194416425,-22.9263392857143));
#5073=CARTESIAN_POINT('',(-0.890102059691368,3.89979193083002,-22.9709821428571));
#5074=CARTESIAN_POINT('',(-9.04617823252296E-14,4.1029519174958,-23.015625));
#5075=CARTESIAN_POINT('',(0.890102059691307,3.89979193083003,-23.0602678571428));
#5076=CARTESIAN_POINT('',(1.78020411938259,3.69663194416427,-23.1049107142857));
#5077=CARTESIAN_POINT('',(2.49401054976665,3.12739031111986,-23.1495535714286));
#5078=CARTESIAN_POINT('',(3.20781698015079,2.55814867807537,-23.1941964285714));
#5079=CARTESIAN_POINT('',(3.60394966342867,1.73557068536723,-23.2388392857143));
#5080=CARTESIAN_POINT('',(4.00008234670658,0.912992692659091,-23.2834821428571));
#5081=CARTESIAN_POINT('',(4.00008234670659,-3.93380627488027E-15,-23.328125));
#5082=CARTESIAN_POINT('',(4.0000823467066,-0.912992692658985,-23.3727678571429));
#5083=CARTESIAN_POINT('',(3.60394966342872,-1.73557068536713,-23.4174107142857));
#5084=CARTESIAN_POINT('',(3.20781698015078,-2.55814867807538,-23.4620535714286));
#5085=CARTESIAN_POINT('',(2.49401054976673,-3.12739031111979,-23.5066964285714));
#5086=CARTESIAN_POINT('',(1.78020411938269,-3.69663194416423,-23.5513392857143));
#5087=CARTESIAN_POINT('',(0.890102059691299,-3.89979193083003,-23.5959821428571));
#5088=CARTESIAN_POINT('',(1.80811820147709E-14,-4.1029519174958,-23.640625));
#5089=CARTESIAN_POINT('',(-0.890102059691265,-3.89979193083004,-23.6852678571429));
#5090=CARTESIAN_POINT('',(-1.78020411938255,-3.69663194416429,-23.7299107142857));
#5091=CARTESIAN_POINT('',(-2.4940105497667,-3.12739031111982,-23.7745535714286));
#5092=CARTESIAN_POINT('',(-3.20781698015076,-2.55814867807541,-23.8191964285714));
#5093=CARTESIAN_POINT('',(-3.60394966342866,-1.73557068536727,-23.8638392857143));
#5094=CARTESIAN_POINT('',(-4.00008234670659,-0.912992692659021,-23.9084821428571));
#5095=CARTESIAN_POINT('',(-4.00008234670659,-3.91895043377605E-14,-23.953125));
#5096=CARTESIAN_POINT('',(-4.00008234670661,0.912992692658942,-23.9977678571429));
#5097=CARTESIAN_POINT('',(-3.60394966342869,1.7355706853672,-24.0424107142857));
#5098=CARTESIAN_POINT('',(-3.20781698015081,2.55814867807534,-24.0870535714286));
#5099=CARTESIAN_POINT('',(-2.49401054976676,3.12739031111977,-24.1316964285714));
#5100=CARTESIAN_POINT('',(-1.78020411938262,3.69663194416426,-24.1763392857143));
#5101=CARTESIAN_POINT('',(-0.890102059691341,3.89979193083002,-24.2209821428571));
#5102=CARTESIAN_POINT('',(-6.23134889102968E-14,4.1029519174958,-24.265625));
#5103=CARTESIAN_POINT('',(0.890102059691223,3.89979193083005,-24.3102678571429));
#5104=CARTESIAN_POINT('',(1.78020411938262,3.69663194416426,-24.3549107142857));
#5105=CARTESIAN_POINT('',(2.49401054976667,3.12739031111984,-24.3995535714286));
#5106=CARTESIAN_POINT('',(3.20781698015073,2.55814867807544,-24.4441964285714));
#5107=CARTESIAN_POINT('',(3.60394966342869,1.7355706853672,-24.4888392857143));
#5108=CARTESIAN_POINT('',(4.00008234670658,0.912992692659064,-24.5334821428571));
#5109=CARTESIAN_POINT('',(4.00008234670659,8.23128149504013E-14,-24.578125));
#5110=CARTESIAN_POINT('',(4.00008234670659,-0.912992692659013,-24.6227678571429));
#5111=CARTESIAN_POINT('',(3.60394966342871,-1.73557068536716,-24.6674107142857));
#5112=CARTESIAN_POINT('',(3.20781698015084,-2.55814867807531,-24.7120535714286));
#5113=CARTESIAN_POINT('',(2.49401054976671,-3.12739031111981,-24.7566964285714));
#5114=CARTESIAN_POINT('',(1.78020411938266,-3.69663194416424,-24.8013392857143));
#5115=CARTESIAN_POINT('',(0.890102059691383,-3.89979193083001,-24.8459821428571));
#5116=CARTESIAN_POINT('',(1.06545795805823E-13,-4.1029519174958,-24.890625));
#5117=CARTESIAN_POINT('',(-0.890102059691181,-3.89979193083006,-24.9352678571429));
#5118=CARTESIAN_POINT('',(-1.78020411938268,-3.69663194416423,-24.9799107142857));
#5119=CARTESIAN_POINT('',(-2.49401054976672,-3.1273903111198,-25.0245535714286));
#5120=CARTESIAN_POINT('',(-3.20781698015078,-2.55814867807538,-25.0691964285714));
#5121=CARTESIAN_POINT('',(-3.60394966342867,-1.73557068536724,-25.1138392857143));
#5122=CARTESIAN_POINT('',(-4.00008234670657,-0.912992692659107,-25.1584821428571));
#5123=CARTESIAN_POINT('',(-4.00008234670659,-1.25436125563042E-13,-25.203125));
#5124=CARTESIAN_POINT('',(-4.00008234670658,0.912992692659083,-25.2477678571429));
#5125=CARTESIAN_POINT('',(-3.60394966342868,1.73557068536722,-25.2924107142857));
#5126=CARTESIAN_POINT('',(-3.20781698015079,2.55814867807536,-25.3370535714286));
#5127=CARTESIAN_POINT('',(-2.49401054976674,3.12739031111979,-25.3816964285714));
#5128=CARTESIAN_POINT('',(-1.7802041193827,3.69663194416422,-25.4263392857143));
#5129=CARTESIAN_POINT('',(-0.890102059691425,3.89979193083,-25.4709821428571));
#5130=CARTESIAN_POINT('',(-1.50778102701349E-13,4.1029519174958,-25.515625));
#5131=CARTESIAN_POINT('',(0.89010205969136,3.89979193083002,-25.5602678571429));
#5132=CARTESIAN_POINT('',(1.78020411938264,3.69663194416425,-25.6049107142857));
#5133=CARTESIAN_POINT('',(2.49401054976669,3.12739031111983,-25.6495535714286));
#5134=CARTESIAN_POINT('',(3.20781698015075,2.55814867807542,-25.6941964285714));
#5135=CARTESIAN_POINT('',(3.60394966342865,1.73557068536728,-25.7388392857143));
#5136=CARTESIAN_POINT('',(4.00008234670656,0.91299269265915,-25.7834821428571));
#5137=CARTESIAN_POINT('',(4.00008234670659,-5.88189201358839E-14,-25.828125));
#5138=CARTESIAN_POINT('',(4.00008234670659,-0.91299269265904,-25.8727678571429));
#5139=CARTESIAN_POINT('',(3.6039496634287,-1.73557068536718,-25.9174107142857));
#5140=CARTESIAN_POINT('',(3.20781698015082,-2.55814867807533,-25.9620535714286));
#5141=CARTESIAN_POINT('',(2.49401054976678,-3.12739031111976,-26.0066964285714));
#5142=CARTESIAN_POINT('',(1.78020411938274,-3.6966319441642,-26.0513392857143));
#5143=CARTESIAN_POINT('',(0.890102059691467,-3.89979193082999,-26.0959821428571));
#5144=CARTESIAN_POINT('',(-3.82154048150948E-14,-4.1029519174958,-26.140625));
#5145=CARTESIAN_POINT('',(-0.890102059691318,-3.89979193083003,-26.1852678571429));
#5146=CARTESIAN_POINT('',(-1.7802041193826,-3.69663194416427,-26.2299107142857));
#5147=CARTESIAN_POINT('',(-2.49401054976666,-3.12739031111985,-26.2745535714286));
#5148=CARTESIAN_POINT('',(-3.20781698015072,-2.55814867807545,-26.3191964285714));
#5149=CARTESIAN_POINT('',(-3.60394966342863,-1.73557068536732,-26.3638392857143));
#5150=CARTESIAN_POINT('',(-4.0000823467066,-0.912992692658966,-26.4084821428571));
#5151=CARTESIAN_POINT('',(-4.00008234670659,1.56956095232432E-14,-26.453125));
#5152=CARTESIAN_POINT('',(-4.0000823467066,0.912992692658997,-26.4977678571429));
#5153=CARTESIAN_POINT('',(-3.60394966342871,1.73557068536714,-26.5424107142857));
#5154=CARTESIAN_POINT('',(-3.20781698015085,2.5581486780753,-26.5870535714286));
#5155=CARTESIAN_POINT('',(-2.49401054976681,3.12739031111973,-26.6316964285714));
#5156=CARTESIAN_POINT('',(-1.78020411938257,3.69663194416428,-26.6763392857143));
#5157=CARTESIAN_POINT('',(-0.890102059691288,3.89979193083003,-26.7209821428571));
#5158=CARTESIAN_POINT('',(-6.01690208043116E-15,4.1029519174958,-26.765625));
#5159=CARTESIAN_POINT('',(0.890102059691277,3.89979193083004,-26.8102678571429));
#5160=CARTESIAN_POINT('',(1.78020411938256,3.69663194416429,-26.8549107142857));
#5161=CARTESIAN_POINT('',(2.49401054976662,3.12739031111988,-26.8995535714286));
#5162=CARTESIAN_POINT('',(3.20781698015069,2.55814867807549,-26.9441964285714));
#5163=CARTESIAN_POINT('',(3.60394966342871,1.73557068536715,-26.9888392857143));
#5164=CARTESIAN_POINT('',(4.00008234670659,0.912992692659009,-27.0334821428571));
#5165=CARTESIAN_POINT('',(4.00008234670659,2.74277010893976E-14,-27.078125));
#5166=CARTESIAN_POINT('',(4.00008234670661,-0.912992692658954,-27.1227678571429));
#5167=CARTESIAN_POINT('',(3.60394966342873,-1.7355706853671,-27.1674107142857));
#5168=CARTESIAN_POINT('',(3.20781698015087,-2.55814867807526,-27.2120535714286));
#5169=CARTESIAN_POINT('',(2.49401054976667,-3.12739031111985,-27.2566964285714));
#5170=CARTESIAN_POINT('',(1.78020411938261,-3.69663194416426,-27.3013392857143));
#5171=CARTESIAN_POINT('',(0.89010205969133,-3.89979193083002,-27.3459821428571));
#5172=CARTESIAN_POINT('',(5.02492089759571E-14,-4.1029519174958,-27.390625));
#5173=CARTESIAN_POINT('',(-0.890102059691234,-3.89979193083005,-27.4352678571429));
#5174=CARTESIAN_POINT('',(-1.78020411938252,-3.69663194416431,-27.4799107142857));
#5175=CARTESIAN_POINT('',(-2.49401054976677,-3.12739031111977,-27.5245535714286));
#5176=CARTESIAN_POINT('',(-3.20781698015081,-2.55814867807534,-27.5691964285714));
#5177=CARTESIAN_POINT('',(-3.60394966342869,-1.73557068536719,-27.6138392857143));
#5178=CARTESIAN_POINT('',(-4.00008234670659,-0.912992692659052,-27.6584821428571));
#5179=CARTESIAN_POINT('',(-4.00008234670659,-7.05510117020384E-14,-27.703125));
#5180=CARTESIAN_POINT('',(0.,0.,3.));
#5181=CARTESIAN_POINT('',(4.00008234670659,0.,3.));
#5182=CARTESIAN_POINT('',(-4.00008234670659,0.,25.890625));
#5183=CARTESIAN_POINT('',(-4.00008234670659,0.912992692659017,25.8459821428571));
#5184=CARTESIAN_POINT('',(-3.60394966342869,1.73557068536719,25.8013392857143));
#5185=CARTESIAN_POINT('',(-3.20781698015079,2.55814867807537,25.7566964285714));
#5186=CARTESIAN_POINT('',(-2.49401054976671,3.12739031111981,25.7120535714286));
#5187=CARTESIAN_POINT('',(-1.78020411938263,3.69663194416425,25.6674107142857));
#5188=CARTESIAN_POINT('',(-0.890102059691317,3.89979193083003,25.6227678571429));
#5189=CARTESIAN_POINT('',(-2.51233346640836E-16,4.1029519174958,25.578125));
#5190=CARTESIAN_POINT('',(0.890102059691317,3.89979193083003,25.5334821428571));
#5191=CARTESIAN_POINT('',(1.78020411938263,3.69663194416425,25.4888392857143));
#5192=CARTESIAN_POINT('',(2.49401054976671,3.12739031111981,25.4441964285714));
#5193=CARTESIAN_POINT('',(3.20781698015079,2.55814867807537,25.3995535714286));
#5194=CARTESIAN_POINT('',(3.60394966342869,1.73557068536719,25.3549107142857));
#5195=CARTESIAN_POINT('',(4.00008234670659,0.912992692659017,25.3102678571429));
#5196=CARTESIAN_POINT('',(4.00008234670659,4.89868804222006E-16,25.265625));
#5197=CARTESIAN_POINT('',(4.00008234670659,-0.912992692659017,25.2209821428571));
#5198=CARTESIAN_POINT('',(3.60394966342869,-1.73557068536719,25.1763392857143));
#5199=CARTESIAN_POINT('',(3.20781698015079,-2.55814867807537,25.1316964285714));
#5200=CARTESIAN_POINT('',(2.49401054976671,-3.12739031111981,25.0870535714286));
#5201=CARTESIAN_POINT('',(1.78020411938263,-3.69663194416425,25.0424107142857));
#5202=CARTESIAN_POINT('',(0.890102059691318,-3.89979193083003,24.9977678571429));
#5203=CARTESIAN_POINT('',(7.53700039922509E-16,-4.1029519174958,24.953125));
#5204=CARTESIAN_POINT('',(-0.890102059691316,-3.89979193083003,24.9084821428571));
#5205=CARTESIAN_POINT('',(-1.78020411938263,-3.69663194416425,24.8638392857143));
#5206=CARTESIAN_POINT('',(-2.49401054976671,-3.12739031111981,24.8191964285714));
#5207=CARTESIAN_POINT('',(-3.20781698015079,-2.55814867807537,24.7745535714286));
#5208=CARTESIAN_POINT('',(-3.60394966342869,-1.73557068536719,24.7299107142857));
#5209=CARTESIAN_POINT('',(-4.00008234670659,-0.912992692659018,24.6852678571429));
#5210=CARTESIAN_POINT('',(-4.00008234670659,0.,24.640625));
#5211=CARTESIAN_POINT('',(-4.00008234670659,0.912992692659017,24.5959821428572));
#5212=CARTESIAN_POINT('',(-3.60394966342869,1.73557068536719,24.5513392857143));
#5213=CARTESIAN_POINT('',(-3.20781698015079,2.55814867807537,24.5066964285714));
#5214=CARTESIAN_POINT('',(-2.49401054976671,3.12739031111981,24.4620535714286));
#5215=CARTESIAN_POINT('',(-1.78020411938263,3.69663194416425,24.4174107142857));
#5216=CARTESIAN_POINT('',(-0.890102059691317,3.89979193083003,24.3727678571429));
#5217=CARTESIAN_POINT('',(-2.51233346640836E-16,4.1029519174958,24.328125));
#5218=CARTESIAN_POINT('',(0.890102059691317,3.89979193083003,24.2834821428572));
#5219=CARTESIAN_POINT('',(1.78020411938263,3.69663194416425,24.2388392857143));
#5220=CARTESIAN_POINT('',(2.49401054976671,3.12739031111981,24.1941964285714));
#5221=CARTESIAN_POINT('',(3.20781698015079,2.55814867807537,24.1495535714286));
#5222=CARTESIAN_POINT('',(3.60394966342869,1.73557068536719,24.1049107142857));
#5223=CARTESIAN_POINT('',(4.00008234670659,0.912992692659017,24.0602678571429));
#5224=CARTESIAN_POINT('',(4.00008234670659,4.89868804222006E-16,24.015625));
#5225=CARTESIAN_POINT('',(4.00008234670659,-0.912992692659017,23.9709821428572));
#5226=CARTESIAN_POINT('',(3.60394966342869,-1.73557068536719,23.9263392857143));
#5227=CARTESIAN_POINT('',(3.20781698015079,-2.55814867807537,23.8816964285714));
#5228=CARTESIAN_POINT('',(2.49401054976671,-3.12739031111981,23.8370535714286));
#5229=CARTESIAN_POINT('',(1.78020411938263,-3.69663194416425,23.7924107142857));
#5230=CARTESIAN_POINT('',(0.890102059691318,-3.89979193083003,23.7477678571429));
#5231=CARTESIAN_POINT('',(7.53700039922509E-16,-4.1029519174958,23.703125));
#5232=CARTESIAN_POINT('',(-0.890102059691316,-3.89979193083003,23.6584821428572));
#5233=CARTESIAN_POINT('',(-1.78020411938263,-3.69663194416425,23.6138392857143));
#5234=CARTESIAN_POINT('',(-2.49401054976671,-3.12739031111981,23.5691964285714));
#5235=CARTESIAN_POINT('',(-3.20781698015079,-2.55814867807537,23.5245535714286));
#5236=CARTESIAN_POINT('',(-3.60394966342869,-1.73557068536719,23.4799107142857));
#5237=CARTESIAN_POINT('',(-4.00008234670659,-0.912992692659018,23.4352678571429));
#5238=CARTESIAN_POINT('',(-4.00008234670659,0.,23.390625));
#5239=CARTESIAN_POINT('',(-4.00008234670659,0.912992692659017,23.3459821428571));
#5240=CARTESIAN_POINT('',(-3.60394966342869,1.73557068536719,23.3013392857143));
#5241=CARTESIAN_POINT('',(-3.20781698015079,2.55814867807537,23.2566964285714));
#5242=CARTESIAN_POINT('',(-2.49401054976671,3.12739031111981,23.2120535714286));
#5243=CARTESIAN_POINT('',(-1.78020411938263,3.69663194416425,23.1674107142857));
#5244=CARTESIAN_POINT('',(-0.890102059691317,3.89979193083003,23.1227678571429));
#5245=CARTESIAN_POINT('',(-2.51233346640836E-16,4.1029519174958,23.078125));
#5246=CARTESIAN_POINT('',(0.890102059691317,3.89979193083003,23.0334821428571));
#5247=CARTESIAN_POINT('',(1.78020411938263,3.69663194416425,22.9888392857143));
#5248=CARTESIAN_POINT('',(2.49401054976671,3.12739031111981,22.9441964285714));
#5249=CARTESIAN_POINT('',(3.20781698015079,2.55814867807537,22.8995535714286));
#5250=CARTESIAN_POINT('',(3.60394966342869,1.73557068536719,22.8549107142857));
#5251=CARTESIAN_POINT('',(4.00008234670659,0.912992692659017,22.8102678571429));
#5252=CARTESIAN_POINT('',(4.00008234670659,4.89868804222006E-16,22.765625));
#5253=CARTESIAN_POINT('',(4.00008234670659,-0.912992692659017,22.7209821428571));
#5254=CARTESIAN_POINT('',(3.60394966342869,-1.73557068536719,22.6763392857143));
#5255=CARTESIAN_POINT('',(3.20781698015079,-2.55814867807537,22.6316964285714));
#5256=CARTESIAN_POINT('',(2.49401054976671,-3.12739031111981,22.5870535714286));
#5257=CARTESIAN_POINT('',(1.78020411938263,-3.69663194416425,22.5424107142857));
#5258=CARTESIAN_POINT('',(0.890102059691318,-3.89979193083003,22.4977678571429));
#5259=CARTESIAN_POINT('',(7.53700039922509E-16,-4.1029519174958,22.453125));
#5260=CARTESIAN_POINT('',(-0.890102059691316,-3.89979193083003,22.4084821428571));
#5261=CARTESIAN_POINT('',(-1.78020411938263,-3.69663194416425,22.3638392857143));
#5262=CARTESIAN_POINT('',(-2.49401054976671,-3.12739031111981,22.3191964285714));
#5263=CARTESIAN_POINT('',(-3.20781698015079,-2.55814867807537,22.2745535714286));
#5264=CARTESIAN_POINT('',(-3.60394966342869,-1.73557068536719,22.2299107142857));
#5265=CARTESIAN_POINT('',(-4.00008234670659,-0.912992692659018,22.1852678571429));
#5266=CARTESIAN_POINT('',(-4.00008234670659,0.,22.140625));
#5267=CARTESIAN_POINT('',(-4.00008234670659,0.912992692659017,22.0959821428571));
#5268=CARTESIAN_POINT('',(-3.60394966342869,1.73557068536719,22.0513392857143));
#5269=CARTESIAN_POINT('',(-3.20781698015079,2.55814867807537,22.0066964285714));
#5270=CARTESIAN_POINT('',(-2.49401054976671,3.12739031111981,21.9620535714286));
#5271=CARTESIAN_POINT('',(-1.78020411938263,3.69663194416425,21.9174107142857));
#5272=CARTESIAN_POINT('',(-0.890102059691317,3.89979193083003,21.8727678571429));
#5273=CARTESIAN_POINT('',(-2.51233346640836E-16,4.1029519174958,21.828125));
#5274=CARTESIAN_POINT('',(0.890102059691317,3.89979193083003,21.7834821428571));
#5275=CARTESIAN_POINT('',(1.78020411938263,3.69663194416425,21.7388392857143));
#5276=CARTESIAN_POINT('',(2.49401054976671,3.12739031111981,21.6941964285714));
#5277=CARTESIAN_POINT('',(3.20781698015079,2.55814867807537,21.6495535714286));
#5278=CARTESIAN_POINT('',(3.60394966342869,1.73557068536719,21.6049107142857));
#5279=CARTESIAN_POINT('',(4.00008234670659,0.912992692659017,21.5602678571429));
#5280=CARTESIAN_POINT('',(4.00008234670659,4.89868804222006E-16,21.515625));
#5281=CARTESIAN_POINT('',(4.00008234670659,-0.912992692659017,21.4709821428571));
#5282=CARTESIAN_POINT('',(3.60394966342869,-1.73557068536719,21.4263392857143));
#5283=CARTESIAN_POINT('',(3.20781698015079,-2.55814867807537,21.3816964285714));
#5284=CARTESIAN_POINT('',(2.49401054976671,-3.12739031111981,21.3370535714286));
#5285=CARTESIAN_POINT('',(1.78020411938263,-3.69663194416425,21.2924107142857));
#5286=CARTESIAN_POINT('',(0.890102059691318,-3.89979193083003,21.2477678571429));
#5287=CARTESIAN_POINT('',(7.53700039922509E-16,-4.1029519174958,21.203125));
#5288=CARTESIAN_POINT('',(-0.890102059691316,-3.89979193083003,21.1584821428571));
#5289=CARTESIAN_POINT('',(-1.78020411938263,-3.69663194416425,21.1138392857143));
#5290=CARTESIAN_POINT('',(-2.49401054976671,-3.12739031111981,21.0691964285714));
#5291=CARTESIAN_POINT('',(-3.20781698015079,-2.55814867807537,21.0245535714286));
#5292=CARTESIAN_POINT('',(-3.60394966342869,-1.73557068536719,20.9799107142857));
#5293=CARTESIAN_POINT('',(-4.00008234670659,-0.912992692659018,20.9352678571429));
#5294=CARTESIAN_POINT('',(-4.00008234670659,0.,20.890625));
#5295=CARTESIAN_POINT('',(-4.00008234670659,0.912992692659017,20.8459821428571));
#5296=CARTESIAN_POINT('',(-3.60394966342869,1.73557068536719,20.8013392857143));
#5297=CARTESIAN_POINT('',(-3.20781698015079,2.55814867807537,20.7566964285714));
#5298=CARTESIAN_POINT('',(-2.49401054976671,3.12739031111981,20.7120535714286));
#5299=CARTESIAN_POINT('',(-1.78020411938263,3.69663194416425,20.6674107142857));
#5300=CARTESIAN_POINT('',(-0.890102059691317,3.89979193083003,20.6227678571429));
#5301=CARTESIAN_POINT('',(-2.51233346640836E-16,4.1029519174958,20.578125));
#5302=CARTESIAN_POINT('',(0.890102059691317,3.89979193083003,20.5334821428571));
#5303=CARTESIAN_POINT('',(1.78020411938263,3.69663194416425,20.4888392857143));
#5304=CARTESIAN_POINT('',(2.49401054976671,3.12739031111981,20.4441964285714));
#5305=CARTESIAN_POINT('',(3.20781698015079,2.55814867807537,20.3995535714286));
#5306=CARTESIAN_POINT('',(3.60394966342869,1.73557068536719,20.3549107142857));
#5307=CARTESIAN_POINT('',(4.00008234670659,0.912992692659017,20.3102678571429));
#5308=CARTESIAN_POINT('',(4.00008234670659,4.89868804222006E-16,20.265625));
#5309=CARTESIAN_POINT('',(4.00008234670659,-0.912992692659017,20.2209821428571));
#5310=CARTESIAN_POINT('',(3.60394966342869,-1.73557068536719,20.1763392857143));
#5311=CARTESIAN_POINT('',(3.20781698015079,-2.55814867807537,20.1316964285714));
#5312=CARTESIAN_POINT('',(2.49401054976671,-3.12739031111981,20.0870535714286));
#5313=CARTESIAN_POINT('',(1.78020411938263,-3.69663194416425,20.0424107142857));
#5314=CARTESIAN_POINT('',(0.890102059691318,-3.89979193083003,19.9977678571429));
#5315=CARTESIAN_POINT('',(7.53700039922509E-16,-4.1029519174958,19.953125));
#5316=CARTESIAN_POINT('',(-0.890102059691316,-3.89979193083003,19.9084821428572));
#5317=CARTESIAN_POINT('',(-1.78020411938263,-3.69663194416425,19.8638392857143));
#5318=CARTESIAN_POINT('',(-2.49401054976671,-3.12739031111981,19.8191964285714));
#5319=CARTESIAN_POINT('',(-3.20781698015079,-2.55814867807537,19.7745535714286));
#5320=CARTESIAN_POINT('',(-3.60394966342869,-1.73557068536719,19.7299107142857));
#5321=CARTESIAN_POINT('',(-4.00008234670659,-0.912992692659018,19.6852678571429));
#5322=CARTESIAN_POINT('',(-4.00008234670659,0.,19.640625));
#5323=CARTESIAN_POINT('',(-4.00008234670659,0.912992692659017,19.5959821428571));
#5324=CARTESIAN_POINT('',(-3.60394966342869,1.73557068536719,19.5513392857143));
#5325=CARTESIAN_POINT('',(-3.20781698015079,2.55814867807537,19.5066964285714));
#5326=CARTESIAN_POINT('',(-2.49401054976671,3.12739031111981,19.4620535714286));
#5327=CARTESIAN_POINT('',(-1.78020411938263,3.69663194416425,19.4174107142857));
#5328=CARTESIAN_POINT('',(-0.890102059691317,3.89979193083003,19.3727678571429));
#5329=CARTESIAN_POINT('',(-2.51233346640836E-16,4.1029519174958,19.328125));
#5330=CARTESIAN_POINT('',(0.890102059691317,3.89979193083003,19.2834821428571));
#5331=CARTESIAN_POINT('',(1.78020411938263,3.69663194416425,19.2388392857143));
#5332=CARTESIAN_POINT('',(2.49401054976671,3.12739031111981,19.1941964285714));
#5333=CARTESIAN_POINT('',(3.20781698015079,2.55814867807537,19.1495535714286));
#5334=CARTESIAN_POINT('',(3.60394966342869,1.73557068536719,19.1049107142857));
#5335=CARTESIAN_POINT('',(4.00008234670659,0.912992692659017,19.0602678571429));
#5336=CARTESIAN_POINT('',(4.00008234670659,4.89868804222006E-16,19.015625));
#5337=CARTESIAN_POINT('',(4.00008234670659,-0.912992692659017,18.9709821428571));
#5338=CARTESIAN_POINT('',(3.60394966342869,-1.73557068536719,18.9263392857143));
#5339=CARTESIAN_POINT('',(3.20781698015079,-2.55814867807537,18.8816964285714));
#5340=CARTESIAN_POINT('',(2.49401054976671,-3.12739031111981,18.8370535714286));
#5341=CARTESIAN_POINT('',(1.78020411938263,-3.69663194416425,18.7924107142857));
#5342=CARTESIAN_POINT('',(0.890102059691318,-3.89979193083003,18.7477678571429));
#5343=CARTESIAN_POINT('',(7.53700039922509E-16,-4.1029519174958,18.703125));
#5344=CARTESIAN_POINT('',(-0.890102059691316,-3.89979193083003,18.6584821428571));
#5345=CARTESIAN_POINT('',(-1.78020411938263,-3.69663194416425,18.6138392857143));
#5346=CARTESIAN_POINT('',(-2.49401054976671,-3.12739031111981,18.5691964285714));
#5347=CARTESIAN_POINT('',(-3.20781698015079,-2.55814867807537,18.5245535714286));
#5348=CARTESIAN_POINT('',(-3.60394966342869,-1.73557068536719,18.4799107142857));
#5349=CARTESIAN_POINT('',(-4.00008234670659,-0.912992692659018,18.4352678571429));
#5350=CARTESIAN_POINT('',(-4.00008234670659,0.,18.390625));
#5351=CARTESIAN_POINT('',(-4.00008234670659,0.912992692659017,18.3459821428571));
#5352=CARTESIAN_POINT('',(-3.60394966342869,1.73557068536719,18.3013392857143));
#5353=CARTESIAN_POINT('',(-3.20781698015079,2.55814867807537,18.2566964285714));
#5354=CARTESIAN_POINT('',(-2.49401054976671,3.12739031111981,18.2120535714286));
#5355=CARTESIAN_POINT('',(-1.78020411938263,3.69663194416425,18.1674107142857));
#5356=CARTESIAN_POINT('',(-0.890102059691317,3.89979193083003,18.1227678571429));
#5357=CARTESIAN_POINT('',(-2.51233346640836E-16,4.1029519174958,18.078125));
#5358=CARTESIAN_POINT('',(0.890102059691317,3.89979193083003,18.0334821428571));
#5359=CARTESIAN_POINT('',(1.78020411938263,3.69663194416425,17.9888392857143));
#5360=CARTESIAN_POINT('',(2.49401054976671,3.12739031111981,17.9441964285714));
#5361=CARTESIAN_POINT('',(3.20781698015079,2.55814867807537,17.8995535714286));
#5362=CARTESIAN_POINT('',(3.60394966342869,1.73557068536719,17.8549107142857));
#5363=CARTESIAN_POINT('',(4.00008234670659,0.912992692659017,17.8102678571429));
#5364=CARTESIAN_POINT('',(4.00008234670659,4.89868804222006E-16,17.765625));
#5365=CARTESIAN_POINT('',(4.00008234670659,-0.912992692659017,17.7209821428571));
#5366=CARTESIAN_POINT('',(3.60394966342869,-1.73557068536719,17.6763392857143));
#5367=CARTESIAN_POINT('',(3.20781698015079,-2.55814867807537,17.6316964285714));
#5368=CARTESIAN_POINT('',(2.49401054976671,-3.12739031111981,17.5870535714286));
#5369=CARTESIAN_POINT('',(1.78020411938263,-3.69663194416425,17.5424107142857));
#5370=CARTESIAN_POINT('',(0.890102059691318,-3.89979193083003,17.4977678571429));
#5371=CARTESIAN_POINT('',(7.53700039922509E-16,-4.1029519174958,17.453125));
#5372=CARTESIAN_POINT('',(-0.890102059691316,-3.89979193083003,17.4084821428572));
#5373=CARTESIAN_POINT('',(-1.78020411938263,-3.69663194416425,17.3638392857143));
#5374=CARTESIAN_POINT('',(-2.49401054976671,-3.12739031111981,17.3191964285714));
#5375=CARTESIAN_POINT('',(-3.20781698015079,-2.55814867807537,17.2745535714286));
#5376=CARTESIAN_POINT('',(-3.60394966342869,-1.73557068536719,17.2299107142857));
#5377=CARTESIAN_POINT('',(-4.00008234670659,-0.912992692659018,17.1852678571429));
#5378=CARTESIAN_POINT('',(-4.00008234670659,0.,17.140625));
#5379=CARTESIAN_POINT('',(-4.00008234670659,0.912992692659017,17.0959821428572));
#5380=CARTESIAN_POINT('',(-3.60394966342869,1.73557068536719,17.0513392857143));
#5381=CARTESIAN_POINT('',(-3.20781698015079,2.55814867807537,17.0066964285714));
#5382=CARTESIAN_POINT('',(-2.49401054976671,3.12739031111981,16.9620535714286));
#5383=CARTESIAN_POINT('',(-1.78020411938263,3.69663194416425,16.9174107142857));
#5384=CARTESIAN_POINT('',(-0.890102059691317,3.89979193083003,16.8727678571429));
#5385=CARTESIAN_POINT('',(-2.51233346640836E-16,4.1029519174958,16.828125));
#5386=CARTESIAN_POINT('',(0.890102059691317,3.89979193083003,16.7834821428572));
#5387=CARTESIAN_POINT('',(1.78020411938263,3.69663194416425,16.7388392857143));
#5388=CARTESIAN_POINT('',(2.49401054976671,3.12739031111981,16.6941964285714));
#5389=CARTESIAN_POINT('',(3.20781698015079,2.55814867807537,16.6495535714286));
#5390=CARTESIAN_POINT('',(3.60394966342869,1.73557068536719,16.6049107142857));
#5391=CARTESIAN_POINT('',(4.00008234670659,0.912992692659017,16.5602678571429));
#5392=CARTESIAN_POINT('',(4.00008234670659,4.89868804222006E-16,16.515625));
#5393=CARTESIAN_POINT('',(4.00008234670659,-0.912992692659017,16.4709821428572));
#5394=CARTESIAN_POINT('',(3.60394966342869,-1.73557068536719,16.4263392857143));
#5395=CARTESIAN_POINT('',(3.20781698015079,-2.55814867807537,16.3816964285714));
#5396=CARTESIAN_POINT('',(2.49401054976671,-3.12739031111981,16.3370535714286));
#5397=CARTESIAN_POINT('',(1.78020411938263,-3.69663194416425,16.2924107142857));
#5398=CARTESIAN_POINT('',(0.890102059691318,-3.89979193083003,16.2477678571429));
#5399=CARTESIAN_POINT('',(7.53700039922509E-16,-4.1029519174958,16.203125));
#5400=CARTESIAN_POINT('',(-0.890102059691316,-3.89979193083003,16.1584821428572));
#5401=CARTESIAN_POINT('',(-1.78020411938263,-3.69663194416425,16.1138392857143));
#5402=CARTESIAN_POINT('',(-2.49401054976671,-3.12739031111981,16.0691964285714));
#5403=CARTESIAN_POINT('',(-3.20781698015079,-2.55814867807537,16.0245535714286));
#5404=CARTESIAN_POINT('',(-3.60394966342869,-1.73557068536719,15.9799107142857));
#5405=CARTESIAN_POINT('',(-4.00008234670659,-0.912992692659018,15.9352678571429));
#5406=CARTESIAN_POINT('',(-4.00008234670659,0.,15.890625));
#5407=CARTESIAN_POINT('',(-4.00008234670659,0.912992692659017,15.8459821428572));
#5408=CARTESIAN_POINT('',(-3.60394966342869,1.73557068536719,15.8013392857143));
#5409=CARTESIAN_POINT('',(-3.20781698015079,2.55814867807537,15.7566964285714));
#5410=CARTESIAN_POINT('',(-2.49401054976671,3.12739031111981,15.7120535714286));
#5411=CARTESIAN_POINT('',(-1.78020411938263,3.69663194416425,15.6674107142857));
#5412=CARTESIAN_POINT('',(-0.890102059691317,3.89979193083003,15.6227678571429));
#5413=CARTESIAN_POINT('',(-2.51233346640836E-16,4.1029519174958,15.578125));
#5414=CARTESIAN_POINT('',(0.890102059691317,3.89979193083003,15.5334821428572));
#5415=CARTESIAN_POINT('',(1.78020411938263,3.69663194416425,15.4888392857143));
#5416=CARTESIAN_POINT('',(2.49401054976671,3.12739031111981,15.4441964285714));
#5417=CARTESIAN_POINT('',(3.20781698015079,2.55814867807537,15.3995535714286));
#5418=CARTESIAN_POINT('',(3.60394966342869,1.73557068536719,15.3549107142857));
#5419=CARTESIAN_POINT('',(4.00008234670659,0.912992692659017,15.3102678571429));
#5420=CARTESIAN_POINT('',(4.00008234670659,4.89868804222006E-16,15.265625));
#5421=CARTESIAN_POINT('',(4.00008234670659,-0.912992692659017,15.2209821428572));
#5422=CARTESIAN_POINT('',(3.60394966342869,-1.73557068536719,15.1763392857143));
#5423=CARTESIAN_POINT('',(3.20781698015079,-2.55814867807537,15.1316964285714));
#5424=CARTESIAN_POINT('',(2.49401054976671,-3.12739031111981,15.0870535714286));
#5425=CARTESIAN_POINT('',(1.78020411938263,-3.69663194416425,15.0424107142857));
#5426=CARTESIAN_POINT('',(0.890102059691318,-3.89979193083003,14.9977678571429));
#5427=CARTESIAN_POINT('',(7.53700039922509E-16,-4.1029519174958,14.953125));
#5428=CARTESIAN_POINT('',(-0.890102059691316,-3.89979193083003,14.9084821428572));
#5429=CARTESIAN_POINT('',(-1.78020411938263,-3.69663194416425,14.8638392857143));
#5430=CARTESIAN_POINT('',(-2.49401054976671,-3.12739031111981,14.8191964285714));
#5431=CARTESIAN_POINT('',(-3.20781698015079,-2.55814867807537,14.7745535714286));
#5432=CARTESIAN_POINT('',(-3.60394966342869,-1.73557068536719,14.7299107142857));
#5433=CARTESIAN_POINT('',(-4.00008234670659,-0.912992692659018,14.6852678571429));
#5434=CARTESIAN_POINT('',(-4.00008234670659,0.,14.640625));
#5435=CARTESIAN_POINT('',(-4.00008234670659,0.912992692659017,14.5959821428571));
#5436=CARTESIAN_POINT('',(-3.60394966342869,1.73557068536719,14.5513392857143));
#5437=CARTESIAN_POINT('',(-3.20781698015079,2.55814867807537,14.5066964285714));
#5438=CARTESIAN_POINT('',(-2.49401054976671,3.12739031111981,14.4620535714286));
#5439=CARTESIAN_POINT('',(-1.78020411938263,3.69663194416425,14.4174107142857));
#5440=CARTESIAN_POINT('',(-0.890102059691317,3.89979193083003,14.3727678571429));
#5441=CARTESIAN_POINT('',(-2.51233346640836E-16,4.1029519174958,14.328125));
#5442=CARTESIAN_POINT('',(0.890102059691317,3.89979193083003,14.2834821428571));
#5443=CARTESIAN_POINT('',(1.78020411938263,3.69663194416425,14.2388392857143));
#5444=CARTESIAN_POINT('',(2.49401054976671,3.12739031111981,14.1941964285714));
#5445=CARTESIAN_POINT('',(3.20781698015079,2.55814867807537,14.1495535714286));
#5446=CARTESIAN_POINT('',(3.60394966342869,1.73557068536719,14.1049107142857));
#5447=CARTESIAN_POINT('',(4.00008234670659,0.912992692659017,14.0602678571429));
#5448=CARTESIAN_POINT('',(4.00008234670659,4.89868804222006E-16,14.015625));
#5449=CARTESIAN_POINT('',(4.00008234670659,-0.912992692659017,13.9709821428571));
#5450=CARTESIAN_POINT('',(3.60394966342869,-1.73557068536719,13.9263392857143));
#5451=CARTESIAN_POINT('',(3.20781698015079,-2.55814867807537,13.8816964285714));
#5452=CARTESIAN_POINT('',(2.49401054976671,-3.12739031111981,13.8370535714286));
#5453=CARTESIAN_POINT('',(1.78020411938263,-3.69663194416425,13.7924107142857));
#5454=CARTESIAN_POINT('',(0.890102059691318,-3.89979193083003,13.7477678571429));
#5455=CARTESIAN_POINT('',(7.53700039922509E-16,-4.1029519174958,13.703125));
#5456=CARTESIAN_POINT('',(-0.890102059691316,-3.89979193083003,13.6584821428572));
#5457=CARTESIAN_POINT('',(-1.78020411938263,-3.69663194416425,13.6138392857143));
#5458=CARTESIAN_POINT('',(-2.49401054976671,-3.12739031111981,13.5691964285714));
#5459=CARTESIAN_POINT('',(-3.20781698015079,-2.55814867807537,13.5245535714286));
#5460=CARTESIAN_POINT('',(-3.60394966342869,-1.73557068536719,13.4799107142857));
#5461=CARTESIAN_POINT('',(-4.00008234670659,-0.912992692659018,13.4352678571429));
#5462=CARTESIAN_POINT('',(-4.00008234670659,0.,13.390625));
#5463=CARTESIAN_POINT('',(-4.00008234670659,0.912992692659017,13.3459821428572));
#5464=CARTESIAN_POINT('',(-3.60394966342869,1.73557068536719,13.3013392857143));
#5465=CARTESIAN_POINT('',(-3.20781698015079,2.55814867807537,13.2566964285714));
#5466=CARTESIAN_POINT('',(-2.49401054976671,3.12739031111981,13.2120535714286));
#5467=CARTESIAN_POINT('',(-1.78020411938263,3.69663194416425,13.1674107142857));
#5468=CARTESIAN_POINT('',(-0.890102059691317,3.89979193083003,13.1227678571429));
#5469=CARTESIAN_POINT('',(-2.51233346640836E-16,4.1029519174958,13.078125));
#5470=CARTESIAN_POINT('',(0.890102059691317,3.89979193083003,13.0334821428572));
#5471=CARTESIAN_POINT('',(1.78020411938263,3.69663194416425,12.9888392857143));
#5472=CARTESIAN_POINT('',(2.49401054976671,3.12739031111981,12.9441964285714));
#5473=CARTESIAN_POINT('',(3.20781698015079,2.55814867807537,12.8995535714286));
#5474=CARTESIAN_POINT('',(3.60394966342869,1.73557068536719,12.8549107142857));
#5475=CARTESIAN_POINT('',(4.00008234670659,0.912992692659017,12.8102678571429));
#5476=CARTESIAN_POINT('',(4.00008234670659,4.89868804222006E-16,12.765625));
#5477=CARTESIAN_POINT('',(4.00008234670659,-0.912992692659017,12.7209821428571));
#5478=CARTESIAN_POINT('',(3.60394966342869,-1.73557068536719,12.6763392857143));
#5479=CARTESIAN_POINT('',(3.20781698015079,-2.55814867807537,12.6316964285714));
#5480=CARTESIAN_POINT('',(2.49401054976671,-3.12739031111981,12.5870535714286));
#5481=CARTESIAN_POINT('',(1.78020411938263,-3.69663194416425,12.5424107142857));
#5482=CARTESIAN_POINT('',(0.890102059691318,-3.89979193083003,12.4977678571429));
#5483=CARTESIAN_POINT('',(7.53700039922509E-16,-4.1029519174958,12.453125));
#5484=CARTESIAN_POINT('',(-0.890102059691316,-3.89979193083003,12.4084821428571));
#5485=CARTESIAN_POINT('',(-1.78020411938263,-3.69663194416425,12.3638392857143));
#5486=CARTESIAN_POINT('',(-2.49401054976671,-3.12739031111981,12.3191964285714));
#5487=CARTESIAN_POINT('',(-3.20781698015079,-2.55814867807537,12.2745535714286));
#5488=CARTESIAN_POINT('',(-3.60394966342869,-1.73557068536719,12.2299107142857));
#5489=CARTESIAN_POINT('',(-4.00008234670659,-0.912992692659018,12.1852678571429));
#5490=CARTESIAN_POINT('',(-4.00008234670659,0.,12.140625));
#5491=CARTESIAN_POINT('',(-4.00008234670659,0.912992692659017,12.0959821428571));
#5492=CARTESIAN_POINT('',(-3.60394966342869,1.73557068536719,12.0513392857143));
#5493=CARTESIAN_POINT('',(-3.20781698015079,2.55814867807537,12.0066964285714));
#5494=CARTESIAN_POINT('',(-2.49401054976671,3.12739031111981,11.9620535714286));
#5495=CARTESIAN_POINT('',(-1.78020411938263,3.69663194416425,11.9174107142857));
#5496=CARTESIAN_POINT('',(-0.890102059691317,3.89979193083003,11.8727678571429));
#5497=CARTESIAN_POINT('',(-2.51233346640836E-16,4.1029519174958,11.828125));
#5498=CARTESIAN_POINT('',(0.890102059691317,3.89979193083003,11.7834821428572));
#5499=CARTESIAN_POINT('',(1.78020411938263,3.69663194416425,11.7388392857143));
#5500=CARTESIAN_POINT('',(2.49401054976671,3.12739031111981,11.6941964285714));
#5501=CARTESIAN_POINT('',(3.20781698015079,2.55814867807537,11.6495535714286));
#5502=CARTESIAN_POINT('',(3.60394966342869,1.73557068536719,11.6049107142857));
#5503=CARTESIAN_POINT('',(4.00008234670659,0.912992692659017,11.5602678571429));
#5504=CARTESIAN_POINT('',(4.00008234670659,4.89868804222006E-16,11.515625));
#5505=CARTESIAN_POINT('',(4.00008234670659,-0.912992692659017,11.4709821428572));
#5506=CARTESIAN_POINT('',(3.60394966342869,-1.73557068536719,11.4263392857143));
#5507=CARTESIAN_POINT('',(3.20781698015079,-2.55814867807537,11.3816964285714));
#5508=CARTESIAN_POINT('',(2.49401054976671,-3.12739031111981,11.3370535714286));
#5509=CARTESIAN_POINT('',(1.78020411938263,-3.69663194416425,11.2924107142857));
#5510=CARTESIAN_POINT('',(0.890102059691318,-3.89979193083003,11.2477678571429));
#5511=CARTESIAN_POINT('',(7.53700039922509E-16,-4.1029519174958,11.203125));
#5512=CARTESIAN_POINT('',(-0.890102059691316,-3.89979193083003,11.1584821428572));
#5513=CARTESIAN_POINT('',(-1.78020411938263,-3.69663194416425,11.1138392857143));
#5514=CARTESIAN_POINT('',(-2.49401054976671,-3.12739031111981,11.0691964285714));
#5515=CARTESIAN_POINT('',(-3.20781698015079,-2.55814867807537,11.0245535714286));
#5516=CARTESIAN_POINT('',(-3.60394966342869,-1.73557068536719,10.9799107142857));
#5517=CARTESIAN_POINT('',(-4.00008234670659,-0.912992692659018,10.9352678571429));
#5518=CARTESIAN_POINT('',(-4.00008234670659,0.,10.890625));
#5519=CARTESIAN_POINT('',(-4.00008234670659,0.912992692659017,10.8459821428571));
#5520=CARTESIAN_POINT('',(-3.60394966342869,1.73557068536719,10.8013392857143));
#5521=CARTESIAN_POINT('',(-3.20781698015079,2.55814867807537,10.7566964285714));
#5522=CARTESIAN_POINT('',(-2.49401054976671,3.12739031111981,10.7120535714286));
#5523=CARTESIAN_POINT('',(-1.78020411938263,3.69663194416425,10.6674107142857));
#5524=CARTESIAN_POINT('',(-0.890102059691317,3.89979193083003,10.6227678571429));
#5525=CARTESIAN_POINT('',(-2.51233346640836E-16,4.1029519174958,10.578125));
#5526=CARTESIAN_POINT('',(0.890102059691317,3.89979193083003,10.5334821428571));
#5527=CARTESIAN_POINT('',(1.78020411938263,3.69663194416425,10.4888392857143));
#5528=CARTESIAN_POINT('',(2.49401054976671,3.12739031111981,10.4441964285714));
#5529=CARTESIAN_POINT('',(3.20781698015079,2.55814867807537,10.3995535714286));
#5530=CARTESIAN_POINT('',(3.60394966342869,1.73557068536719,10.3549107142857));
#5531=CARTESIAN_POINT('',(4.00008234670659,0.912992692659017,10.3102678571429));
#5532=CARTESIAN_POINT('',(4.00008234670659,4.89868804222006E-16,10.265625));
#5533=CARTESIAN_POINT('',(4.00008234670659,-0.912992692659017,10.2209821428571));
#5534=CARTESIAN_POINT('',(3.60394966342869,-1.73557068536719,10.1763392857143));
#5535=CARTESIAN_POINT('',(3.20781698015079,-2.55814867807537,10.1316964285714));
#5536=CARTESIAN_POINT('',(2.49401054976671,-3.12739031111981,10.0870535714286));
#5537=CARTESIAN_POINT('',(1.78020411938263,-3.69663194416425,10.0424107142857));
#5538=CARTESIAN_POINT('',(0.890102059691318,-3.89979193083003,9.99776785714286));
#5539=CARTESIAN_POINT('',(7.53700039922509E-16,-4.1029519174958,9.95312500000001));
#5540=CARTESIAN_POINT('',(-0.890102059691316,-3.89979193083003,9.90848214285715));
#5541=CARTESIAN_POINT('',(-1.78020411938263,-3.69663194416425,9.86383928571429));
#5542=CARTESIAN_POINT('',(-2.49401054976671,-3.12739031111981,9.81919642857144));
#5543=CARTESIAN_POINT('',(-3.20781698015079,-2.55814867807537,9.77455357142858));
#5544=CARTESIAN_POINT('',(-3.60394966342869,-1.73557068536719,9.72991071428572));
#5545=CARTESIAN_POINT('',(-4.00008234670659,-0.912992692659018,9.68526785714286));
#5546=CARTESIAN_POINT('',(-4.00008234670659,0.,9.64062500000001));
#5547=CARTESIAN_POINT('',(-4.00008234670659,0.912992692659017,9.59598214285715));
#5548=CARTESIAN_POINT('',(-3.60394966342869,1.73557068536719,9.55133928571429));
#5549=CARTESIAN_POINT('',(-3.20781698015079,2.55814867807537,9.50669642857144));
#5550=CARTESIAN_POINT('',(-2.49401054976671,3.12739031111981,9.46205357142858));
#5551=CARTESIAN_POINT('',(-1.78020411938263,3.69663194416425,9.41741071428572));
#5552=CARTESIAN_POINT('',(-0.890102059691317,3.89979193083003,9.37276785714286));
#5553=CARTESIAN_POINT('',(-2.51233346640836E-16,4.1029519174958,9.32812500000001));
#5554=CARTESIAN_POINT('',(0.890102059691317,3.89979193083003,9.28348214285715));
#5555=CARTESIAN_POINT('',(1.78020411938263,3.69663194416425,9.2388392857143));
#5556=CARTESIAN_POINT('',(2.49401054976671,3.12739031111981,9.19419642857144));
#5557=CARTESIAN_POINT('',(3.20781698015079,2.55814867807537,9.14955357142858));
#5558=CARTESIAN_POINT('',(3.60394966342869,1.73557068536719,9.10491071428572));
#5559=CARTESIAN_POINT('',(4.00008234670659,0.912992692659017,9.06026785714286));
#5560=CARTESIAN_POINT('',(4.00008234670659,4.89868804222006E-16,9.01562500000001));
#5561=CARTESIAN_POINT('',(4.00008234670659,-0.912992692659017,8.97098214285715));
#5562=CARTESIAN_POINT('',(3.60394966342869,-1.73557068536719,8.92633928571429));
#5563=CARTESIAN_POINT('',(3.20781698015079,-2.55814867807537,8.88169642857144));
#5564=CARTESIAN_POINT('',(2.49401054976671,-3.12739031111981,8.83705357142858));
#5565=CARTESIAN_POINT('',(1.78020411938263,-3.69663194416425,8.79241071428572));
#5566=CARTESIAN_POINT('',(0.890102059691318,-3.89979193083003,8.74776785714286));
#5567=CARTESIAN_POINT('',(7.53700039922509E-16,-4.1029519174958,8.70312500000001));
#5568=CARTESIAN_POINT('',(-0.890102059691316,-3.89979193083003,8.65848214285715));
#5569=CARTESIAN_POINT('',(-1.78020411938263,-3.69663194416425,8.61383928571429));
#5570=CARTESIAN_POINT('',(-2.49401054976671,-3.12739031111981,8.56919642857144));
#5571=CARTESIAN_POINT('',(-3.20781698015079,-2.55814867807537,8.52455357142858));
#5572=CARTESIAN_POINT('',(-3.60394966342869,-1.73557068536719,8.47991071428572));
#5573=CARTESIAN_POINT('',(-4.00008234670659,-0.912992692659018,8.43526785714286));
#5574=CARTESIAN_POINT('',(-4.00008234670659,0.,8.39062500000001));
#5575=CARTESIAN_POINT('',(-4.00008234670659,0.912992692659017,8.34598214285715));
#5576=CARTESIAN_POINT('',(-3.60394966342869,1.73557068536719,8.30133928571429));
#5577=CARTESIAN_POINT('',(-3.20781698015079,2.55814867807537,8.25669642857144));
#5578=CARTESIAN_POINT('',(-2.49401054976671,3.12739031111981,8.21205357142858));
#5579=CARTESIAN_POINT('',(-1.78020411938263,3.69663194416425,8.16741071428572));
#5580=CARTESIAN_POINT('',(-0.890102059691317,3.89979193083003,8.12276785714286));
#5581=CARTESIAN_POINT('',(-2.51233346640836E-16,4.1029519174958,8.07812500000001));
#5582=CARTESIAN_POINT('',(0.890102059691317,3.89979193083003,8.03348214285715));
#5583=CARTESIAN_POINT('',(1.78020411938263,3.69663194416425,7.98883928571429));
#5584=CARTESIAN_POINT('',(2.49401054976671,3.12739031111981,7.94419642857144));
#5585=CARTESIAN_POINT('',(3.20781698015079,2.55814867807537,7.89955357142858));
#5586=CARTESIAN_POINT('',(3.60394966342869,1.73557068536719,7.85491071428572));
#5587=CARTESIAN_POINT('',(4.00008234670659,0.912992692659017,7.81026785714286));
#5588=CARTESIAN_POINT('',(4.00008234670659,4.89868804222006E-16,7.76562500000001));
#5589=CARTESIAN_POINT('',(4.00008234670659,-0.912992692659017,7.72098214285715));
#5590=CARTESIAN_POINT('',(3.60394966342869,-1.73557068536719,7.67633928571429));
#5591=CARTESIAN_POINT('',(3.20781698015079,-2.55814867807537,7.63169642857144));
#5592=CARTESIAN_POINT('',(2.49401054976671,-3.12739031111981,7.58705357142858));
#5593=CARTESIAN_POINT('',(1.78020411938263,-3.69663194416425,7.54241071428572));
#5594=CARTESIAN_POINT('',(0.890102059691318,-3.89979193083003,7.49776785714287));
#5595=CARTESIAN_POINT('',(7.53700039922509E-16,-4.1029519174958,7.45312500000001));
#5596=CARTESIAN_POINT('',(-0.890102059691316,-3.89979193083003,7.40848214285715));
#5597=CARTESIAN_POINT('',(-1.78020411938263,-3.69663194416425,7.36383928571429));
#5598=CARTESIAN_POINT('',(-2.49401054976671,-3.12739031111981,7.31919642857144));
#5599=CARTESIAN_POINT('',(-3.20781698015079,-2.55814867807537,7.27455357142858));
#5600=CARTESIAN_POINT('',(-3.60394966342869,-1.73557068536719,7.22991071428572));
#5601=CARTESIAN_POINT('',(-4.00008234670659,-0.912992692659018,7.18526785714287));
#5602=CARTESIAN_POINT('',(-4.00008234670659,0.,7.14062500000001));
#5603=CARTESIAN_POINT('',(-4.00008234670659,0.912992692659017,7.09598214285715));
#5604=CARTESIAN_POINT('',(-3.60394966342869,1.73557068536719,7.05133928571429));
#5605=CARTESIAN_POINT('',(-3.20781698015079,2.55814867807537,7.00669642857144));
#5606=CARTESIAN_POINT('',(-2.49401054976671,3.12739031111981,6.96205357142858));
#5607=CARTESIAN_POINT('',(-1.78020411938263,3.69663194416425,6.91741071428572));
#5608=CARTESIAN_POINT('',(-0.890102059691317,3.89979193083003,6.87276785714287));
#5609=CARTESIAN_POINT('',(-2.51233346640836E-16,4.1029519174958,6.82812500000001));
#5610=CARTESIAN_POINT('',(0.890102059691317,3.89979193083003,6.78348214285715));
#5611=CARTESIAN_POINT('',(1.78020411938263,3.69663194416425,6.73883928571429));
#5612=CARTESIAN_POINT('',(2.49401054976671,3.12739031111981,6.69419642857144));
#5613=CARTESIAN_POINT('',(3.20781698015079,2.55814867807537,6.64955357142858));
#5614=CARTESIAN_POINT('',(3.60394966342869,1.73557068536719,6.60491071428572));
#5615=CARTESIAN_POINT('',(4.00008234670659,0.912992692659017,6.56026785714286));
#5616=CARTESIAN_POINT('',(4.00008234670659,4.89868804222006E-16,6.51562500000001));
#5617=CARTESIAN_POINT('',(4.00008234670659,-0.912992692659017,6.47098214285715));
#5618=CARTESIAN_POINT('',(3.60394966342869,-1.73557068536719,6.42633928571429));
#5619=CARTESIAN_POINT('',(3.20781698015079,-2.55814867807537,6.38169642857143));
#5620=CARTESIAN_POINT('',(2.49401054976671,-3.12739031111981,6.33705357142858));
#5621=CARTESIAN_POINT('',(1.78020411938263,-3.69663194416425,6.29241071428572));
#5622=CARTESIAN_POINT('',(0.890102059691318,-3.89979193083003,6.24776785714286));
#5623=CARTESIAN_POINT('',(7.53700039922509E-16,-4.1029519174958,6.20312500000001));
#5624=CARTESIAN_POINT('',(-0.890102059691316,-3.89979193083003,6.15848214285715));
#5625=CARTESIAN_POINT('',(-1.78020411938263,-3.69663194416425,6.11383928571429));
#5626=CARTESIAN_POINT('',(-2.49401054976671,-3.12739031111981,6.06919642857144));
#5627=CARTESIAN_POINT('',(-3.20781698015079,-2.55814867807537,6.02455357142858));
#5628=CARTESIAN_POINT('',(-3.60394966342869,-1.73557068536719,5.97991071428572));
#5629=CARTESIAN_POINT('',(-4.00008234670659,-0.912992692659018,5.93526785714287));
#5630=CARTESIAN_POINT('',(-4.00008234670659,0.,5.89062500000001));
#5631=CARTESIAN_POINT('',(-4.00008234670659,0.912992692659017,5.84598214285715));
#5632=CARTESIAN_POINT('',(-3.60394966342869,1.73557068536719,5.80133928571429));
#5633=CARTESIAN_POINT('',(-3.20781698015079,2.55814867807537,5.75669642857144));
#5634=CARTESIAN_POINT('',(-2.49401054976671,3.12739031111981,5.71205357142858));
#5635=CARTESIAN_POINT('',(-1.78020411938263,3.69663194416425,5.66741071428572));
#5636=CARTESIAN_POINT('',(-0.890102059691317,3.89979193083003,5.62276785714286));
#5637=CARTESIAN_POINT('',(-2.51233346640836E-16,4.1029519174958,5.57812500000001));
#5638=CARTESIAN_POINT('',(0.890102059691317,3.89979193083003,5.53348214285715));
#5639=CARTESIAN_POINT('',(1.78020411938263,3.69663194416425,5.48883928571429));
#5640=CARTESIAN_POINT('',(2.49401054976671,3.12739031111981,5.44419642857144));
#5641=CARTESIAN_POINT('',(3.20781698015079,2.55814867807537,5.39955357142858));
#5642=CARTESIAN_POINT('',(3.60394966342869,1.73557068536719,5.35491071428572));
#5643=CARTESIAN_POINT('',(4.00008234670659,0.912992692659017,5.31026785714286));
#5644=CARTESIAN_POINT('',(4.00008234670659,4.89868804222006E-16,5.26562500000001));
#5645=CARTESIAN_POINT('',(4.00008234670659,-0.912992692659017,5.22098214285715));
#5646=CARTESIAN_POINT('',(3.60394966342869,-1.73557068536719,5.17633928571429));
#5647=CARTESIAN_POINT('',(3.20781698015079,-2.55814867807537,5.13169642857144));
#5648=CARTESIAN_POINT('',(2.49401054976671,-3.12739031111981,5.08705357142858));
#5649=CARTESIAN_POINT('',(1.78020411938263,-3.69663194416425,5.04241071428572));
#5650=CARTESIAN_POINT('',(0.890102059691318,-3.89979193083003,4.99776785714286));
#5651=CARTESIAN_POINT('',(7.53700039922509E-16,-4.1029519174958,4.95312500000001));
#5652=CARTESIAN_POINT('',(-0.890102059691316,-3.89979193083003,4.90848214285715));
#5653=CARTESIAN_POINT('',(-1.78020411938263,-3.69663194416425,4.86383928571429));
#5654=CARTESIAN_POINT('',(-2.49401054976671,-3.12739031111981,4.81919642857144));
#5655=CARTESIAN_POINT('',(-3.20781698015079,-2.55814867807537,4.77455357142858));
#5656=CARTESIAN_POINT('',(-3.60394966342869,-1.73557068536719,4.72991071428572));
#5657=CARTESIAN_POINT('',(-4.00008234670659,-0.912992692659018,4.68526785714286));
#5658=CARTESIAN_POINT('',(-4.00008234670659,0.,4.64062500000001));
#5659=CARTESIAN_POINT('',(-4.00008234670659,0.912992692659017,4.59598214285715));
#5660=CARTESIAN_POINT('',(-3.60394966342869,1.73557068536719,4.55133928571429));
#5661=CARTESIAN_POINT('',(-3.20781698015079,2.55814867807537,4.50669642857144));
#5662=CARTESIAN_POINT('',(-2.49401054976671,3.12739031111981,4.46205357142858));
#5663=CARTESIAN_POINT('',(-1.78020411938263,3.69663194416425,4.41741071428572));
#5664=CARTESIAN_POINT('',(-0.890102059691317,3.89979193083003,4.37276785714286));
#5665=CARTESIAN_POINT('',(-2.51233346640836E-16,4.1029519174958,4.32812500000001));
#5666=CARTESIAN_POINT('',(0.890102059691317,3.89979193083003,4.28348214285715));
#5667=CARTESIAN_POINT('',(1.78020411938263,3.69663194416425,4.23883928571429));
#5668=CARTESIAN_POINT('',(2.49401054976671,3.12739031111981,4.19419642857144));
#5669=CARTESIAN_POINT('',(3.20781698015079,2.55814867807537,4.14955357142858));
#5670=CARTESIAN_POINT('',(3.60394966342869,1.73557068536719,4.10491071428572));
#5671=CARTESIAN_POINT('',(4.00008234670659,0.912992692659017,4.06026785714286));
#5672=CARTESIAN_POINT('',(4.00008234670659,4.89868804222006E-16,4.01562500000001));
#5673=CARTESIAN_POINT('',(4.00008234670659,-0.912992692659017,3.97098214285715));
#5674=CARTESIAN_POINT('',(3.60394966342869,-1.73557068536719,3.92633928571429));
#5675=CARTESIAN_POINT('',(3.34938204183353,-2.26418579848407,3.89765034778059));
#5676=CARTESIAN_POINT('',(2.95373227126734,-2.69742922986083,3.8682894013455));
#5677=CARTESIAN_POINT('',(-3.3235,0.,25.5));
#5678=CARTESIAN_POINT('',(-3.3235,0.758567187135663,25.4553571428571));
#5679=CARTESIAN_POINT('',(-2.99437003247369,1.4420126069572,25.4107142857143));
#5680=CARTESIAN_POINT('',(-2.66524006494738,2.12545802677874,25.3660714285714));
#5681=CARTESIAN_POINT('',(-2.0721683564775,2.5984169319825,25.3214285714286));
#5682=CARTESIAN_POINT('',(-1.47909664800762,3.07137583718625,25.2767857142857));
#5683=CARTESIAN_POINT('',(-0.739548324003811,3.24017291613629,25.2321428571429));
#5684=CARTESIAN_POINT('',(-2.08739209643592E-16,3.40896999508633,25.1875));
#5685=CARTESIAN_POINT('',(0.739548324003811,3.24017291613629,25.1428571428571));
#5686=CARTESIAN_POINT('',(1.47909664800762,3.07137583718625,25.0982142857143));
#5687=CARTESIAN_POINT('',(2.0721683564775,2.5984169319825,25.0535714285714));
#5688=CARTESIAN_POINT('',(2.66524006494738,2.12545802677875,25.0089285714286));
#5689=CARTESIAN_POINT('',(2.99437003247369,1.4420126069572,24.9642857142857));
#5690=CARTESIAN_POINT('',(3.3235,0.758567187135663,24.9196428571429));
#5691=CARTESIAN_POINT('',(3.3235,4.07011363696623E-16,24.875));
#5692=CARTESIAN_POINT('',(3.3235,-0.758567187135663,24.8303571428571));
#5693=CARTESIAN_POINT('',(2.99437003247369,-1.4420126069572,24.7857142857143));
#5694=CARTESIAN_POINT('',(2.66524006494738,-2.12545802677874,24.7410714285714));
#5695=CARTESIAN_POINT('',(2.0721683564775,-2.5984169319825,24.6964285714286));
#5696=CARTESIAN_POINT('',(1.47909664800762,-3.07137583718625,24.6517857142857));
#5697=CARTESIAN_POINT('',(0.739548324003811,-3.24017291613629,24.6071428571429));
#5698=CARTESIAN_POINT('',(6.26217628930777E-16,-3.40896999508633,24.5625));
#5699=CARTESIAN_POINT('',(-0.73954832400381,-3.24017291613629,24.5178571428571));
#5700=CARTESIAN_POINT('',(-1.47909664800762,-3.07137583718625,24.4732142857143));
#5701=CARTESIAN_POINT('',(-2.0721683564775,-2.5984169319825,24.4285714285714));
#5702=CARTESIAN_POINT('',(-2.66524006494738,-2.12545802677875,24.3839285714286));
#5703=CARTESIAN_POINT('',(-2.99437003247369,-1.4420126069572,24.3392857142857));
#5704=CARTESIAN_POINT('',(-3.3235,-0.758567187135664,24.2946428571429));
#5705=CARTESIAN_POINT('',(-3.3235,0.,24.25));
#5706=CARTESIAN_POINT('',(-3.3235,0.758567187135663,24.2053571428571));
#5707=CARTESIAN_POINT('',(-2.99437003247369,1.4420126069572,24.1607142857143));
#5708=CARTESIAN_POINT('',(-2.66524006494738,2.12545802677874,24.1160714285714));
#5709=CARTESIAN_POINT('',(-2.0721683564775,2.5984169319825,24.0714285714286));
#5710=CARTESIAN_POINT('',(-1.47909664800762,3.07137583718625,24.0267857142857));
#5711=CARTESIAN_POINT('',(-0.739548324003811,3.24017291613629,23.9821428571429));
#5712=CARTESIAN_POINT('',(-2.08739209643592E-16,3.40896999508633,23.9375));
#5713=CARTESIAN_POINT('',(0.739548324003811,3.24017291613629,23.8928571428571));
#5714=CARTESIAN_POINT('',(1.47909664800762,3.07137583718625,23.8482142857143));
#5715=CARTESIAN_POINT('',(2.0721683564775,2.5984169319825,23.8035714285714));
#5716=CARTESIAN_POINT('',(2.66524006494738,2.12545802677875,23.7589285714286));
#5717=CARTESIAN_POINT('',(2.99437003247369,1.4420126069572,23.7142857142857));
#5718=CARTESIAN_POINT('',(3.3235,0.758567187135663,23.6696428571429));
#5719=CARTESIAN_POINT('',(3.3235,4.07011363696623E-16,23.625));
#5720=CARTESIAN_POINT('',(3.3235,-0.758567187135663,23.5803571428571));
#5721=CARTESIAN_POINT('',(2.99437003247369,-1.4420126069572,23.5357142857143));
#5722=CARTESIAN_POINT('',(2.66524006494738,-2.12545802677874,23.4910714285714));
#5723=CARTESIAN_POINT('',(2.0721683564775,-2.5984169319825,23.4464285714286));
#5724=CARTESIAN_POINT('',(1.47909664800762,-3.07137583718625,23.4017857142857));
#5725=CARTESIAN_POINT('',(0.739548324003811,-3.24017291613629,23.3571428571429));
#5726=CARTESIAN_POINT('',(6.26217628930777E-16,-3.40896999508633,23.3125));
#5727=CARTESIAN_POINT('',(-0.73954832400381,-3.24017291613629,23.2678571428571));
#5728=CARTESIAN_POINT('',(-1.47909664800762,-3.07137583718625,23.2232142857143));
#5729=CARTESIAN_POINT('',(-2.0721683564775,-2.5984169319825,23.1785714285714));
#5730=CARTESIAN_POINT('',(-2.66524006494738,-2.12545802677875,23.1339285714286));
#5731=CARTESIAN_POINT('',(-2.99437003247369,-1.4420126069572,23.0892857142857));
#5732=CARTESIAN_POINT('',(-3.3235,-0.758567187135664,23.0446428571429));
#5733=CARTESIAN_POINT('',(-3.3235,0.,23.));
#5734=CARTESIAN_POINT('',(-3.3235,0.758567187135663,22.9553571428571));
#5735=CARTESIAN_POINT('',(-2.99437003247369,1.4420126069572,22.9107142857143));
#5736=CARTESIAN_POINT('',(-2.66524006494738,2.12545802677874,22.8660714285714));
#5737=CARTESIAN_POINT('',(-2.0721683564775,2.5984169319825,22.8214285714286));
#5738=CARTESIAN_POINT('',(-1.47909664800762,3.07137583718625,22.7767857142857));
#5739=CARTESIAN_POINT('',(-0.739548324003811,3.24017291613629,22.7321428571429));
#5740=CARTESIAN_POINT('',(-2.08739209643592E-16,3.40896999508633,22.6875));
#5741=CARTESIAN_POINT('',(0.739548324003811,3.24017291613629,22.6428571428571));
#5742=CARTESIAN_POINT('',(1.47909664800762,3.07137583718625,22.5982142857143));
#5743=CARTESIAN_POINT('',(2.0721683564775,2.5984169319825,22.5535714285714));
#5744=CARTESIAN_POINT('',(2.66524006494738,2.12545802677875,22.5089285714286));
#5745=CARTESIAN_POINT('',(2.99437003247369,1.4420126069572,22.4642857142857));
#5746=CARTESIAN_POINT('',(3.3235,0.758567187135663,22.4196428571429));
#5747=CARTESIAN_POINT('',(3.3235,4.07011363696623E-16,22.375));
#5748=CARTESIAN_POINT('',(3.3235,-0.758567187135663,22.3303571428571));
#5749=CARTESIAN_POINT('',(2.99437003247369,-1.4420126069572,22.2857142857143));
#5750=CARTESIAN_POINT('',(2.66524006494738,-2.12545802677874,22.2410714285714));
#5751=CARTESIAN_POINT('',(2.0721683564775,-2.5984169319825,22.1964285714286));
#5752=CARTESIAN_POINT('',(1.47909664800762,-3.07137583718625,22.1517857142857));
#5753=CARTESIAN_POINT('',(0.739548324003811,-3.24017291613629,22.1071428571429));
#5754=CARTESIAN_POINT('',(6.26217628930777E-16,-3.40896999508633,22.0625));
#5755=CARTESIAN_POINT('',(-0.73954832400381,-3.24017291613629,22.0178571428571));
#5756=CARTESIAN_POINT('',(-1.47909664800762,-3.07137583718625,21.9732142857143));
#5757=CARTESIAN_POINT('',(-2.0721683564775,-2.5984169319825,21.9285714285714));
#5758=CARTESIAN_POINT('',(-2.66524006494738,-2.12545802677875,21.8839285714286));
#5759=CARTESIAN_POINT('',(-2.99437003247369,-1.4420126069572,21.8392857142857));
#5760=CARTESIAN_POINT('',(-3.3235,-0.758567187135664,21.7946428571429));
#5761=CARTESIAN_POINT('',(-3.3235,0.,21.75));
#5762=CARTESIAN_POINT('',(-3.3235,0.758567187135663,21.7053571428571));
#5763=CARTESIAN_POINT('',(-2.99437003247369,1.4420126069572,21.6607142857143));
#5764=CARTESIAN_POINT('',(-2.66524006494738,2.12545802677874,21.6160714285714));
#5765=CARTESIAN_POINT('',(-2.0721683564775,2.5984169319825,21.5714285714286));
#5766=CARTESIAN_POINT('',(-1.47909664800762,3.07137583718625,21.5267857142857));
#5767=CARTESIAN_POINT('',(-0.739548324003811,3.24017291613629,21.4821428571429));
#5768=CARTESIAN_POINT('',(-2.08739209643592E-16,3.40896999508633,21.4375));
#5769=CARTESIAN_POINT('',(0.739548324003811,3.24017291613629,21.3928571428571));
#5770=CARTESIAN_POINT('',(1.47909664800762,3.07137583718625,21.3482142857143));
#5771=CARTESIAN_POINT('',(2.0721683564775,2.5984169319825,21.3035714285714));
#5772=CARTESIAN_POINT('',(2.66524006494738,2.12545802677875,21.2589285714286));
#5773=CARTESIAN_POINT('',(2.99437003247369,1.4420126069572,21.2142857142857));
#5774=CARTESIAN_POINT('',(3.3235,0.758567187135663,21.1696428571429));
#5775=CARTESIAN_POINT('',(3.3235,4.07011363696623E-16,21.125));
#5776=CARTESIAN_POINT('',(3.3235,-0.758567187135663,21.0803571428571));
#5777=CARTESIAN_POINT('',(2.99437003247369,-1.4420126069572,21.0357142857143));
#5778=CARTESIAN_POINT('',(2.66524006494738,-2.12545802677874,20.9910714285714));
#5779=CARTESIAN_POINT('',(2.0721683564775,-2.5984169319825,20.9464285714286));
#5780=CARTESIAN_POINT('',(1.47909664800762,-3.07137583718625,20.9017857142857));
#5781=CARTESIAN_POINT('',(0.739548324003811,-3.24017291613629,20.8571428571429));
#5782=CARTESIAN_POINT('',(6.26217628930777E-16,-3.40896999508633,20.8125));
#5783=CARTESIAN_POINT('',(-0.73954832400381,-3.24017291613629,20.7678571428571));
#5784=CARTESIAN_POINT('',(-1.47909664800762,-3.07137583718625,20.7232142857143));
#5785=CARTESIAN_POINT('',(-2.0721683564775,-2.5984169319825,20.6785714285714));
#5786=CARTESIAN_POINT('',(-2.66524006494738,-2.12545802677875,20.6339285714286));
#5787=CARTESIAN_POINT('',(-2.99437003247369,-1.4420126069572,20.5892857142857));
#5788=CARTESIAN_POINT('',(-3.3235,-0.758567187135664,20.5446428571429));
#5789=CARTESIAN_POINT('',(-3.3235,0.,20.5));
#5790=CARTESIAN_POINT('',(-3.3235,0.758567187135663,20.4553571428571));
#5791=CARTESIAN_POINT('',(-2.99437003247369,1.4420126069572,20.4107142857143));
#5792=CARTESIAN_POINT('',(-2.66524006494738,2.12545802677874,20.3660714285714));
#5793=CARTESIAN_POINT('',(-2.0721683564775,2.5984169319825,20.3214285714286));
#5794=CARTESIAN_POINT('',(-1.47909664800762,3.07137583718625,20.2767857142857));
#5795=CARTESIAN_POINT('',(-0.739548324003811,3.24017291613629,20.2321428571429));
#5796=CARTESIAN_POINT('',(-2.08739209643592E-16,3.40896999508633,20.1875));
#5797=CARTESIAN_POINT('',(0.739548324003811,3.24017291613629,20.1428571428571));
#5798=CARTESIAN_POINT('',(1.47909664800762,3.07137583718625,20.0982142857143));
#5799=CARTESIAN_POINT('',(2.0721683564775,2.5984169319825,20.0535714285714));
#5800=CARTESIAN_POINT('',(2.66524006494738,2.12545802677875,20.0089285714286));
#5801=CARTESIAN_POINT('',(2.99437003247369,1.4420126069572,19.9642857142857));
#5802=CARTESIAN_POINT('',(3.3235,0.758567187135663,19.9196428571429));
#5803=CARTESIAN_POINT('',(3.3235,4.07011363696623E-16,19.875));
#5804=CARTESIAN_POINT('',(3.3235,-0.758567187135663,19.8303571428571));
#5805=CARTESIAN_POINT('',(2.99437003247369,-1.4420126069572,19.7857142857143));
#5806=CARTESIAN_POINT('',(2.66524006494738,-2.12545802677874,19.7410714285714));
#5807=CARTESIAN_POINT('',(2.0721683564775,-2.5984169319825,19.6964285714286));
#5808=CARTESIAN_POINT('',(1.47909664800762,-3.07137583718625,19.6517857142857));
#5809=CARTESIAN_POINT('',(0.739548324003811,-3.24017291613629,19.6071428571429));
#5810=CARTESIAN_POINT('',(6.26217628930777E-16,-3.40896999508633,19.5625));
#5811=CARTESIAN_POINT('',(-0.73954832400381,-3.24017291613629,19.5178571428571));
#5812=CARTESIAN_POINT('',(-1.47909664800762,-3.07137583718625,19.4732142857143));
#5813=CARTESIAN_POINT('',(-2.0721683564775,-2.5984169319825,19.4285714285714));
#5814=CARTESIAN_POINT('',(-2.66524006494738,-2.12545802677875,19.3839285714286));
#5815=CARTESIAN_POINT('',(-2.99437003247369,-1.4420126069572,19.3392857142857));
#5816=CARTESIAN_POINT('',(-3.3235,-0.758567187135664,19.2946428571429));
#5817=CARTESIAN_POINT('',(-3.3235,0.,19.25));
#5818=CARTESIAN_POINT('',(-3.3235,0.758567187135663,19.2053571428571));
#5819=CARTESIAN_POINT('',(-2.99437003247369,1.4420126069572,19.1607142857143));
#5820=CARTESIAN_POINT('',(-2.66524006494738,2.12545802677874,19.1160714285714));
#5821=CARTESIAN_POINT('',(-2.0721683564775,2.5984169319825,19.0714285714286));
#5822=CARTESIAN_POINT('',(-1.47909664800762,3.07137583718625,19.0267857142857));
#5823=CARTESIAN_POINT('',(-0.739548324003811,3.24017291613629,18.9821428571429));
#5824=CARTESIAN_POINT('',(-2.08739209643592E-16,3.40896999508633,18.9375));
#5825=CARTESIAN_POINT('',(0.739548324003811,3.24017291613629,18.8928571428571));
#5826=CARTESIAN_POINT('',(1.47909664800762,3.07137583718625,18.8482142857143));
#5827=CARTESIAN_POINT('',(2.0721683564775,2.5984169319825,18.8035714285714));
#5828=CARTESIAN_POINT('',(2.66524006494738,2.12545802677875,18.7589285714286));
#5829=CARTESIAN_POINT('',(2.99437003247369,1.4420126069572,18.7142857142857));
#5830=CARTESIAN_POINT('',(3.3235,0.758567187135663,18.6696428571429));
#5831=CARTESIAN_POINT('',(3.3235,4.07011363696623E-16,18.625));
#5832=CARTESIAN_POINT('',(3.3235,-0.758567187135663,18.5803571428571));
#5833=CARTESIAN_POINT('',(2.99437003247369,-1.4420126069572,18.5357142857143));
#5834=CARTESIAN_POINT('',(2.66524006494738,-2.12545802677874,18.4910714285714));
#5835=CARTESIAN_POINT('',(2.0721683564775,-2.5984169319825,18.4464285714286));
#5836=CARTESIAN_POINT('',(1.47909664800762,-3.07137583718625,18.4017857142857));
#5837=CARTESIAN_POINT('',(0.739548324003811,-3.24017291613629,18.3571428571429));
#5838=CARTESIAN_POINT('',(6.26217628930777E-16,-3.40896999508633,18.3125));
#5839=CARTESIAN_POINT('',(-0.73954832400381,-3.24017291613629,18.2678571428571));
#5840=CARTESIAN_POINT('',(-1.47909664800762,-3.07137583718625,18.2232142857143));
#5841=CARTESIAN_POINT('',(-2.0721683564775,-2.5984169319825,18.1785714285714));
#5842=CARTESIAN_POINT('',(-2.66524006494738,-2.12545802677875,18.1339285714286));
#5843=CARTESIAN_POINT('',(-2.99437003247369,-1.4420126069572,18.0892857142857));
#5844=CARTESIAN_POINT('',(-3.3235,-0.758567187135664,18.0446428571429));
#5845=CARTESIAN_POINT('',(-3.3235,0.,18.));
#5846=CARTESIAN_POINT('',(-3.3235,0.758567187135663,17.9553571428571));
#5847=CARTESIAN_POINT('',(-2.99437003247369,1.4420126069572,17.9107142857143));
#5848=CARTESIAN_POINT('',(-2.66524006494738,2.12545802677874,17.8660714285714));
#5849=CARTESIAN_POINT('',(-2.0721683564775,2.5984169319825,17.8214285714286));
#5850=CARTESIAN_POINT('',(-1.47909664800762,3.07137583718625,17.7767857142857));
#5851=CARTESIAN_POINT('',(-0.739548324003811,3.24017291613629,17.7321428571429));
#5852=CARTESIAN_POINT('',(-2.08739209643592E-16,3.40896999508633,17.6875));
#5853=CARTESIAN_POINT('',(0.739548324003811,3.24017291613629,17.6428571428571));
#5854=CARTESIAN_POINT('',(1.47909664800762,3.07137583718625,17.5982142857143));
#5855=CARTESIAN_POINT('',(2.0721683564775,2.5984169319825,17.5535714285714));
#5856=CARTESIAN_POINT('',(2.66524006494738,2.12545802677875,17.5089285714286));
#5857=CARTESIAN_POINT('',(2.99437003247369,1.4420126069572,17.4642857142857));
#5858=CARTESIAN_POINT('',(3.3235,0.758567187135663,17.4196428571429));
#5859=CARTESIAN_POINT('',(3.3235,4.07011363696623E-16,17.375));
#5860=CARTESIAN_POINT('',(3.3235,-0.758567187135663,17.3303571428571));
#5861=CARTESIAN_POINT('',(2.99437003247369,-1.4420126069572,17.2857142857143));
#5862=CARTESIAN_POINT('',(2.66524006494738,-2.12545802677874,17.2410714285714));
#5863=CARTESIAN_POINT('',(2.0721683564775,-2.5984169319825,17.1964285714286));
#5864=CARTESIAN_POINT('',(1.47909664800762,-3.07137583718625,17.1517857142857));
#5865=CARTESIAN_POINT('',(0.739548324003811,-3.24017291613629,17.1071428571429));
#5866=CARTESIAN_POINT('',(6.26217628930777E-16,-3.40896999508633,17.0625));
#5867=CARTESIAN_POINT('',(-0.73954832400381,-3.24017291613629,17.0178571428571));
#5868=CARTESIAN_POINT('',(-1.47909664800762,-3.07137583718625,16.9732142857143));
#5869=CARTESIAN_POINT('',(-2.0721683564775,-2.5984169319825,16.9285714285714));
#5870=CARTESIAN_POINT('',(-2.66524006494738,-2.12545802677875,16.8839285714286));
#5871=CARTESIAN_POINT('',(-2.99437003247369,-1.4420126069572,16.8392857142857));
#5872=CARTESIAN_POINT('',(-3.3235,-0.758567187135664,16.7946428571429));
#5873=CARTESIAN_POINT('',(-3.3235,0.,16.75));
#5874=CARTESIAN_POINT('',(-3.3235,0.758567187135663,16.7053571428571));
#5875=CARTESIAN_POINT('',(-2.99437003247369,1.4420126069572,16.6607142857143));
#5876=CARTESIAN_POINT('',(-2.66524006494738,2.12545802677874,16.6160714285714));
#5877=CARTESIAN_POINT('',(-2.0721683564775,2.5984169319825,16.5714285714286));
#5878=CARTESIAN_POINT('',(-1.47909664800762,3.07137583718625,16.5267857142857));
#5879=CARTESIAN_POINT('',(-0.739548324003811,3.24017291613629,16.4821428571429));
#5880=CARTESIAN_POINT('',(-2.08739209643592E-16,3.40896999508633,16.4375));
#5881=CARTESIAN_POINT('',(0.739548324003811,3.24017291613629,16.3928571428571));
#5882=CARTESIAN_POINT('',(1.47909664800762,3.07137583718625,16.3482142857143));
#5883=CARTESIAN_POINT('',(2.0721683564775,2.5984169319825,16.3035714285714));
#5884=CARTESIAN_POINT('',(2.66524006494738,2.12545802677875,16.2589285714286));
#5885=CARTESIAN_POINT('',(2.99437003247369,1.4420126069572,16.2142857142857));
#5886=CARTESIAN_POINT('',(3.3235,0.758567187135663,16.1696428571429));
#5887=CARTESIAN_POINT('',(3.3235,4.07011363696623E-16,16.125));
#5888=CARTESIAN_POINT('',(3.3235,-0.758567187135663,16.0803571428571));
#5889=CARTESIAN_POINT('',(2.99437003247369,-1.4420126069572,16.0357142857143));
#5890=CARTESIAN_POINT('',(2.66524006494738,-2.12545802677874,15.9910714285714));
#5891=CARTESIAN_POINT('',(2.0721683564775,-2.5984169319825,15.9464285714286));
#5892=CARTESIAN_POINT('',(1.47909664800762,-3.07137583718625,15.9017857142857));
#5893=CARTESIAN_POINT('',(0.739548324003811,-3.24017291613629,15.8571428571429));
#5894=CARTESIAN_POINT('',(6.26217628930777E-16,-3.40896999508633,15.8125));
#5895=CARTESIAN_POINT('',(-0.73954832400381,-3.24017291613629,15.7678571428571));
#5896=CARTESIAN_POINT('',(-1.47909664800762,-3.07137583718625,15.7232142857143));
#5897=CARTESIAN_POINT('',(-2.0721683564775,-2.5984169319825,15.6785714285714));
#5898=CARTESIAN_POINT('',(-2.66524006494738,-2.12545802677875,15.6339285714286));
#5899=CARTESIAN_POINT('',(-2.99437003247369,-1.4420126069572,15.5892857142857));
#5900=CARTESIAN_POINT('',(-3.3235,-0.758567187135664,15.5446428571429));
#5901=CARTESIAN_POINT('',(-3.3235,0.,15.5));
#5902=CARTESIAN_POINT('',(-3.3235,0.758567187135663,15.4553571428571));
#5903=CARTESIAN_POINT('',(-2.99437003247369,1.4420126069572,15.4107142857143));
#5904=CARTESIAN_POINT('',(-2.66524006494738,2.12545802677874,15.3660714285714));
#5905=CARTESIAN_POINT('',(-2.0721683564775,2.5984169319825,15.3214285714286));
#5906=CARTESIAN_POINT('',(-1.47909664800762,3.07137583718625,15.2767857142857));
#5907=CARTESIAN_POINT('',(-0.739548324003811,3.24017291613629,15.2321428571429));
#5908=CARTESIAN_POINT('',(-2.08739209643592E-16,3.40896999508633,15.1875));
#5909=CARTESIAN_POINT('',(0.739548324003811,3.24017291613629,15.1428571428571));
#5910=CARTESIAN_POINT('',(1.47909664800762,3.07137583718625,15.0982142857143));
#5911=CARTESIAN_POINT('',(2.0721683564775,2.5984169319825,15.0535714285714));
#5912=CARTESIAN_POINT('',(2.66524006494738,2.12545802677875,15.0089285714286));
#5913=CARTESIAN_POINT('',(2.99437003247369,1.4420126069572,14.9642857142857));
#5914=CARTESIAN_POINT('',(3.3235,0.758567187135663,14.9196428571429));
#5915=CARTESIAN_POINT('',(3.3235,4.07011363696623E-16,14.875));
#5916=CARTESIAN_POINT('',(3.3235,-0.758567187135663,14.8303571428571));
#5917=CARTESIAN_POINT('',(2.99437003247369,-1.4420126069572,14.7857142857143));
#5918=CARTESIAN_POINT('',(2.66524006494738,-2.12545802677874,14.7410714285714));
#5919=CARTESIAN_POINT('',(2.0721683564775,-2.5984169319825,14.6964285714286));
#5920=CARTESIAN_POINT('',(1.47909664800762,-3.07137583718625,14.6517857142857));
#5921=CARTESIAN_POINT('',(0.739548324003811,-3.24017291613629,14.6071428571429));
#5922=CARTESIAN_POINT('',(6.26217628930777E-16,-3.40896999508633,14.5625));
#5923=CARTESIAN_POINT('',(-0.73954832400381,-3.24017291613629,14.5178571428571));
#5924=CARTESIAN_POINT('',(-1.47909664800762,-3.07137583718625,14.4732142857143));
#5925=CARTESIAN_POINT('',(-2.0721683564775,-2.5984169319825,14.4285714285714));
#5926=CARTESIAN_POINT('',(-2.66524006494738,-2.12545802677875,14.3839285714286));
#5927=CARTESIAN_POINT('',(-2.99437003247369,-1.4420126069572,14.3392857142857));
#5928=CARTESIAN_POINT('',(-3.3235,-0.758567187135664,14.2946428571429));
#5929=CARTESIAN_POINT('',(-3.3235,0.,14.25));
#5930=CARTESIAN_POINT('',(-3.3235,0.758567187135663,14.2053571428571));
#5931=CARTESIAN_POINT('',(-2.99437003247369,1.4420126069572,14.1607142857143));
#5932=CARTESIAN_POINT('',(-2.66524006494738,2.12545802677874,14.1160714285714));
#5933=CARTESIAN_POINT('',(-2.0721683564775,2.5984169319825,14.0714285714286));
#5934=CARTESIAN_POINT('',(-1.47909664800762,3.07137583718625,14.0267857142857));
#5935=CARTESIAN_POINT('',(-0.739548324003811,3.24017291613629,13.9821428571429));
#5936=CARTESIAN_POINT('',(-2.08739209643592E-16,3.40896999508633,13.9375));
#5937=CARTESIAN_POINT('',(0.739548324003811,3.24017291613629,13.8928571428571));
#5938=CARTESIAN_POINT('',(1.47909664800762,3.07137583718625,13.8482142857143));
#5939=CARTESIAN_POINT('',(2.0721683564775,2.5984169319825,13.8035714285714));
#5940=CARTESIAN_POINT('',(2.66524006494738,2.12545802677875,13.7589285714286));
#5941=CARTESIAN_POINT('',(2.99437003247369,1.4420126069572,13.7142857142857));
#5942=CARTESIAN_POINT('',(3.3235,0.758567187135663,13.6696428571429));
#5943=CARTESIAN_POINT('',(3.3235,4.07011363696623E-16,13.625));
#5944=CARTESIAN_POINT('',(3.3235,-0.758567187135663,13.5803571428571));
#5945=CARTESIAN_POINT('',(2.99437003247369,-1.4420126069572,13.5357142857143));
#5946=CARTESIAN_POINT('',(2.66524006494738,-2.12545802677874,13.4910714285714));
#5947=CARTESIAN_POINT('',(2.0721683564775,-2.5984169319825,13.4464285714286));
#5948=CARTESIAN_POINT('',(1.47909664800762,-3.07137583718625,13.4017857142857));
#5949=CARTESIAN_POINT('',(0.739548324003811,-3.24017291613629,13.3571428571429));
#5950=CARTESIAN_POINT('',(6.26217628930777E-16,-3.40896999508633,13.3125));
#5951=CARTESIAN_POINT('',(-0.73954832400381,-3.24017291613629,13.2678571428571));
#5952=CARTESIAN_POINT('',(-1.47909664800762,-3.07137583718625,13.2232142857143));
#5953=CARTESIAN_POINT('',(-2.0721683564775,-2.5984169319825,13.1785714285714));
#5954=CARTESIAN_POINT('',(-2.66524006494738,-2.12545802677875,13.1339285714286));
#5955=CARTESIAN_POINT('',(-2.99437003247369,-1.4420126069572,13.0892857142857));
#5956=CARTESIAN_POINT('',(-3.3235,-0.758567187135664,13.0446428571429));
#5957=CARTESIAN_POINT('',(-3.3235,0.,13.));
#5958=CARTESIAN_POINT('',(-3.3235,0.758567187135663,12.9553571428571));
#5959=CARTESIAN_POINT('',(-2.99437003247369,1.4420126069572,12.9107142857143));
#5960=CARTESIAN_POINT('',(-2.66524006494738,2.12545802677874,12.8660714285714));
#5961=CARTESIAN_POINT('',(-2.0721683564775,2.5984169319825,12.8214285714286));
#5962=CARTESIAN_POINT('',(-1.47909664800762,3.07137583718625,12.7767857142857));
#5963=CARTESIAN_POINT('',(-0.739548324003811,3.24017291613629,12.7321428571429));
#5964=CARTESIAN_POINT('',(-2.08739209643592E-16,3.40896999508633,12.6875));
#5965=CARTESIAN_POINT('',(0.739548324003811,3.24017291613629,12.6428571428571));
#5966=CARTESIAN_POINT('',(1.47909664800762,3.07137583718625,12.5982142857143));
#5967=CARTESIAN_POINT('',(2.0721683564775,2.5984169319825,12.5535714285714));
#5968=CARTESIAN_POINT('',(2.66524006494738,2.12545802677875,12.5089285714286));
#5969=CARTESIAN_POINT('',(2.99437003247369,1.4420126069572,12.4642857142857));
#5970=CARTESIAN_POINT('',(3.3235,0.758567187135663,12.4196428571429));
#5971=CARTESIAN_POINT('',(3.3235,4.07011363696623E-16,12.375));
#5972=CARTESIAN_POINT('',(3.3235,-0.758567187135663,12.3303571428571));
#5973=CARTESIAN_POINT('',(2.99437003247369,-1.4420126069572,12.2857142857143));
#5974=CARTESIAN_POINT('',(2.66524006494738,-2.12545802677874,12.2410714285714));
#5975=CARTESIAN_POINT('',(2.0721683564775,-2.5984169319825,12.1964285714286));
#5976=CARTESIAN_POINT('',(1.47909664800762,-3.07137583718625,12.1517857142857));
#5977=CARTESIAN_POINT('',(0.739548324003811,-3.24017291613629,12.1071428571429));
#5978=CARTESIAN_POINT('',(6.26217628930777E-16,-3.40896999508633,12.0625));
#5979=CARTESIAN_POINT('',(-0.73954832400381,-3.24017291613629,12.0178571428571));
#5980=CARTESIAN_POINT('',(-1.47909664800762,-3.07137583718625,11.9732142857143));
#5981=CARTESIAN_POINT('',(-2.0721683564775,-2.5984169319825,11.9285714285714));
#5982=CARTESIAN_POINT('',(-2.66524006494738,-2.12545802677875,11.8839285714286));
#5983=CARTESIAN_POINT('',(-2.99437003247369,-1.4420126069572,11.8392857142857));
#5984=CARTESIAN_POINT('',(-3.3235,-0.758567187135664,11.7946428571429));
#5985=CARTESIAN_POINT('',(-3.3235,0.,11.75));
#5986=CARTESIAN_POINT('',(-3.3235,0.758567187135663,11.7053571428571));
#5987=CARTESIAN_POINT('',(-2.99437003247369,1.4420126069572,11.6607142857143));
#5988=CARTESIAN_POINT('',(-2.66524006494738,2.12545802677874,11.6160714285714));
#5989=CARTESIAN_POINT('',(-2.0721683564775,2.5984169319825,11.5714285714286));
#5990=CARTESIAN_POINT('',(-1.47909664800762,3.07137583718625,11.5267857142857));
#5991=CARTESIAN_POINT('',(-0.739548324003811,3.24017291613629,11.4821428571429));
#5992=CARTESIAN_POINT('',(-2.08739209643592E-16,3.40896999508633,11.4375));
#5993=CARTESIAN_POINT('',(0.739548324003811,3.24017291613629,11.3928571428571));
#5994=CARTESIAN_POINT('',(1.47909664800762,3.07137583718625,11.3482142857143));
#5995=CARTESIAN_POINT('',(2.0721683564775,2.5984169319825,11.3035714285714));
#5996=CARTESIAN_POINT('',(2.66524006494738,2.12545802677875,11.2589285714286));
#5997=CARTESIAN_POINT('',(2.99437003247369,1.4420126069572,11.2142857142857));
#5998=CARTESIAN_POINT('',(3.3235,0.758567187135663,11.1696428571429));
#5999=CARTESIAN_POINT('',(3.3235,4.07011363696623E-16,11.125));
#6000=CARTESIAN_POINT('',(3.3235,-0.758567187135663,11.0803571428571));
#6001=CARTESIAN_POINT('',(2.99437003247369,-1.4420126069572,11.0357142857143));
#6002=CARTESIAN_POINT('',(2.66524006494738,-2.12545802677874,10.9910714285714));
#6003=CARTESIAN_POINT('',(2.0721683564775,-2.5984169319825,10.9464285714286));
#6004=CARTESIAN_POINT('',(1.47909664800762,-3.07137583718625,10.9017857142857));
#6005=CARTESIAN_POINT('',(0.739548324003811,-3.24017291613629,10.8571428571429));
#6006=CARTESIAN_POINT('',(6.26217628930777E-16,-3.40896999508633,10.8125));
#6007=CARTESIAN_POINT('',(-0.73954832400381,-3.24017291613629,10.7678571428571));
#6008=CARTESIAN_POINT('',(-1.47909664800762,-3.07137583718625,10.7232142857143));
#6009=CARTESIAN_POINT('',(-2.0721683564775,-2.5984169319825,10.6785714285714));
#6010=CARTESIAN_POINT('',(-2.66524006494738,-2.12545802677875,10.6339285714286));
#6011=CARTESIAN_POINT('',(-2.99437003247369,-1.4420126069572,10.5892857142857));
#6012=CARTESIAN_POINT('',(-3.3235,-0.758567187135664,10.5446428571429));
#6013=CARTESIAN_POINT('',(-3.3235,0.,10.5));
#6014=CARTESIAN_POINT('',(-3.3235,0.758567187135663,10.4553571428571));
#6015=CARTESIAN_POINT('',(-2.99437003247369,1.4420126069572,10.4107142857143));
#6016=CARTESIAN_POINT('',(-2.66524006494738,2.12545802677874,10.3660714285714));
#6017=CARTESIAN_POINT('',(-2.0721683564775,2.5984169319825,10.3214285714286));
#6018=CARTESIAN_POINT('',(-1.47909664800762,3.07137583718625,10.2767857142857));
#6019=CARTESIAN_POINT('',(-0.739548324003811,3.24017291613629,10.2321428571429));
#6020=CARTESIAN_POINT('',(-2.08739209643592E-16,3.40896999508633,10.1875));
#6021=CARTESIAN_POINT('',(0.739548324003811,3.24017291613629,10.1428571428571));
#6022=CARTESIAN_POINT('',(1.47909664800762,3.07137583718625,10.0982142857143));
#6023=CARTESIAN_POINT('',(2.0721683564775,2.5984169319825,10.0535714285714));
#6024=CARTESIAN_POINT('',(2.66524006494738,2.12545802677875,10.0089285714286));
#6025=CARTESIAN_POINT('',(2.99437003247369,1.4420126069572,9.96428571428572));
#6026=CARTESIAN_POINT('',(3.3235,0.758567187135663,9.91964285714286));
#6027=CARTESIAN_POINT('',(3.3235,4.07011363696623E-16,9.87500000000001));
#6028=CARTESIAN_POINT('',(3.3235,-0.758567187135663,9.83035714285715));
#6029=CARTESIAN_POINT('',(2.99437003247369,-1.4420126069572,9.78571428571429));
#6030=CARTESIAN_POINT('',(2.66524006494738,-2.12545802677874,9.74107142857143));
#6031=CARTESIAN_POINT('',(2.0721683564775,-2.5984169319825,9.69642857142858));
#6032=CARTESIAN_POINT('',(1.47909664800762,-3.07137583718625,9.65178571428572));
#6033=CARTESIAN_POINT('',(0.739548324003811,-3.24017291613629,9.60714285714286));
#6034=CARTESIAN_POINT('',(6.26217628930777E-16,-3.40896999508633,9.56250000000001));
#6035=CARTESIAN_POINT('',(-0.73954832400381,-3.24017291613629,9.51785714285715));
#6036=CARTESIAN_POINT('',(-1.47909664800762,-3.07137583718625,9.47321428571429));
#6037=CARTESIAN_POINT('',(-2.0721683564775,-2.5984169319825,9.42857142857144));
#6038=CARTESIAN_POINT('',(-2.66524006494738,-2.12545802677875,9.38392857142858));
#6039=CARTESIAN_POINT('',(-2.99437003247369,-1.4420126069572,9.33928571428572));
#6040=CARTESIAN_POINT('',(-3.3235,-0.758567187135664,9.29464285714286));
#6041=CARTESIAN_POINT('',(-3.3235,0.,9.25000000000001));
#6042=CARTESIAN_POINT('',(-3.3235,0.758567187135663,9.20535714285715));
#6043=CARTESIAN_POINT('',(-2.99437003247369,1.4420126069572,9.16071428571429));
#6044=CARTESIAN_POINT('',(-2.66524006494738,2.12545802677874,9.11607142857144));
#6045=CARTESIAN_POINT('',(-2.0721683564775,2.5984169319825,9.07142857142858));
#6046=CARTESIAN_POINT('',(-1.47909664800762,3.07137583718625,9.02678571428572));
#6047=CARTESIAN_POINT('',(-0.739548324003811,3.24017291613629,8.98214285714286));
#6048=CARTESIAN_POINT('',(-2.08739209643592E-16,3.40896999508633,8.93750000000001));
#6049=CARTESIAN_POINT('',(0.739548324003811,3.24017291613629,8.89285714285715));
#6050=CARTESIAN_POINT('',(1.47909664800762,3.07137583718625,8.84821428571429));
#6051=CARTESIAN_POINT('',(2.0721683564775,2.5984169319825,8.80357142857143));
#6052=CARTESIAN_POINT('',(2.66524006494738,2.12545802677875,8.75892857142858));
#6053=CARTESIAN_POINT('',(2.99437003247369,1.4420126069572,8.71428571428572));
#6054=CARTESIAN_POINT('',(3.3235,0.758567187135663,8.66964285714286));
#6055=CARTESIAN_POINT('',(3.3235,4.07011363696623E-16,8.625));
#6056=CARTESIAN_POINT('',(3.3235,-0.758567187135663,8.58035714285715));
#6057=CARTESIAN_POINT('',(2.99437003247369,-1.4420126069572,8.53571428571429));
#6058=CARTESIAN_POINT('',(2.66524006494738,-2.12545802677874,8.49107142857143));
#6059=CARTESIAN_POINT('',(2.0721683564775,-2.5984169319825,8.44642857142858));
#6060=CARTESIAN_POINT('',(1.47909664800762,-3.07137583718625,8.40178571428572));
#6061=CARTESIAN_POINT('',(0.739548324003811,-3.24017291613629,8.35714285714286));
#6062=CARTESIAN_POINT('',(6.26217628930777E-16,-3.40896999508633,8.3125));
#6063=CARTESIAN_POINT('',(-0.73954832400381,-3.24017291613629,8.26785714285715));
#6064=CARTESIAN_POINT('',(-1.47909664800762,-3.07137583718625,8.22321428571429));
#6065=CARTESIAN_POINT('',(-2.0721683564775,-2.5984169319825,8.17857142857143));
#6066=CARTESIAN_POINT('',(-2.66524006494738,-2.12545802677875,8.13392857142858));
#6067=CARTESIAN_POINT('',(-2.99437003247369,-1.4420126069572,8.08928571428572));
#6068=CARTESIAN_POINT('',(-3.3235,-0.758567187135664,8.04464285714286));
#6069=CARTESIAN_POINT('',(-3.3235,0.,8.));
#6070=CARTESIAN_POINT('',(-3.3235,0.758567187135663,7.95535714285715));
#6071=CARTESIAN_POINT('',(-2.99437003247369,1.4420126069572,7.91071428571429));
#6072=CARTESIAN_POINT('',(-2.66524006494738,2.12545802677874,7.86607142857143));
#6073=CARTESIAN_POINT('',(-2.0721683564775,2.5984169319825,7.82142857142858));
#6074=CARTESIAN_POINT('',(-1.47909664800762,3.07137583718625,7.77678571428572));
#6075=CARTESIAN_POINT('',(-0.739548324003811,3.24017291613629,7.73214285714286));
#6076=CARTESIAN_POINT('',(-2.08739209643592E-16,3.40896999508633,7.68750000000001));
#6077=CARTESIAN_POINT('',(0.739548324003811,3.24017291613629,7.64285714285715));
#6078=CARTESIAN_POINT('',(1.47909664800762,3.07137583718625,7.59821428571429));
#6079=CARTESIAN_POINT('',(2.0721683564775,2.5984169319825,7.55357142857143));
#6080=CARTESIAN_POINT('',(2.66524006494738,2.12545802677875,7.50892857142858));
#6081=CARTESIAN_POINT('',(2.99437003247369,1.4420126069572,7.46428571428572));
#6082=CARTESIAN_POINT('',(3.3235,0.758567187135663,7.41964285714286));
#6083=CARTESIAN_POINT('',(3.3235,4.07011363696623E-16,7.37500000000001));
#6084=CARTESIAN_POINT('',(3.3235,-0.758567187135663,7.33035714285715));
#6085=CARTESIAN_POINT('',(2.99437003247369,-1.4420126069572,7.28571428571429));
#6086=CARTESIAN_POINT('',(2.66524006494738,-2.12545802677874,7.24107142857143));
#6087=CARTESIAN_POINT('',(2.0721683564775,-2.5984169319825,7.19642857142858));
#6088=CARTESIAN_POINT('',(1.47909664800762,-3.07137583718625,7.15178571428572));
#6089=CARTESIAN_POINT('',(0.739548324003811,-3.24017291613629,7.10714285714286));
#6090=CARTESIAN_POINT('',(6.26217628930777E-16,-3.40896999508633,7.06250000000001));
#6091=CARTESIAN_POINT('',(-0.73954832400381,-3.24017291613629,7.01785714285715));
#6092=CARTESIAN_POINT('',(-1.47909664800762,-3.07137583718625,6.97321428571429));
#6093=CARTESIAN_POINT('',(-2.0721683564775,-2.5984169319825,6.92857142857143));
#6094=CARTESIAN_POINT('',(-2.66524006494738,-2.12545802677875,6.88392857142858));
#6095=CARTESIAN_POINT('',(-2.99437003247369,-1.4420126069572,6.83928571428572));
#6096=CARTESIAN_POINT('',(-3.3235,-0.758567187135664,6.79464285714286));
#6097=CARTESIAN_POINT('',(-3.3235,0.,6.75000000000001));
#6098=CARTESIAN_POINT('',(-3.3235,0.758567187135663,6.70535714285715));
#6099=CARTESIAN_POINT('',(-2.99437003247369,1.4420126069572,6.66071428571429));
#6100=CARTESIAN_POINT('',(-2.66524006494738,2.12545802677874,6.61607142857143));
#6101=CARTESIAN_POINT('',(-2.0721683564775,2.5984169319825,6.57142857142858));
#6102=CARTESIAN_POINT('',(-1.47909664800762,3.07137583718625,6.52678571428572));
#6103=CARTESIAN_POINT('',(-0.739548324003811,3.24017291613629,6.48214285714286));
#6104=CARTESIAN_POINT('',(-2.08739209643592E-16,3.40896999508633,6.43750000000001));
#6105=CARTESIAN_POINT('',(0.739548324003811,3.24017291613629,6.39285714285715));
#6106=CARTESIAN_POINT('',(1.47909664800762,3.07137583718625,6.34821428571429));
#6107=CARTESIAN_POINT('',(2.0721683564775,2.5984169319825,6.30357142857143));
#6108=CARTESIAN_POINT('',(2.66524006494738,2.12545802677875,6.25892857142858));
#6109=CARTESIAN_POINT('',(2.99437003247369,1.4420126069572,6.21428571428572));
#6110=CARTESIAN_POINT('',(3.3235,0.758567187135663,6.16964285714286));
#6111=CARTESIAN_POINT('',(3.3235,4.07011363696623E-16,6.12500000000001));
#6112=CARTESIAN_POINT('',(3.3235,-0.758567187135663,6.08035714285715));
#6113=CARTESIAN_POINT('',(2.99437003247369,-1.4420126069572,6.03571428571429));
#6114=CARTESIAN_POINT('',(2.66524006494738,-2.12545802677874,5.99107142857143));
#6115=CARTESIAN_POINT('',(2.0721683564775,-2.5984169319825,5.94642857142858));
#6116=CARTESIAN_POINT('',(1.47909664800762,-3.07137583718625,5.90178571428572));
#6117=CARTESIAN_POINT('',(0.739548324003811,-3.24017291613629,5.85714285714286));
#6118=CARTESIAN_POINT('',(6.26217628930777E-16,-3.40896999508633,5.81250000000001));
#6119=CARTESIAN_POINT('',(-0.73954832400381,-3.24017291613629,5.76785714285715));
#6120=CARTESIAN_POINT('',(-1.47909664800762,-3.07137583718625,5.72321428571429));
#6121=CARTESIAN_POINT('',(-2.0721683564775,-2.5984169319825,5.67857142857144));
#6122=CARTESIAN_POINT('',(-2.66524006494738,-2.12545802677875,5.63392857142858));
#6123=CARTESIAN_POINT('',(-2.99437003247369,-1.4420126069572,5.58928571428572));
#6124=CARTESIAN_POINT('',(-3.3235,-0.758567187135664,5.54464285714286));
#6125=CARTESIAN_POINT('',(-3.3235,0.,5.50000000000001));
#6126=CARTESIAN_POINT('',(-3.3235,0.758567187135663,5.45535714285715));
#6127=CARTESIAN_POINT('',(-2.99437003247369,1.4420126069572,5.41071428571429));
#6128=CARTESIAN_POINT('',(-2.66524006494738,2.12545802677874,5.36607142857144));
#6129=CARTESIAN_POINT('',(-2.0721683564775,2.5984169319825,5.32142857142858));
#6130=CARTESIAN_POINT('',(-1.47909664800762,3.07137583718625,5.27678571428572));
#6131=CARTESIAN_POINT('',(-0.739548324003811,3.24017291613629,5.23214285714286));
#6132=CARTESIAN_POINT('',(-2.08739209643592E-16,3.40896999508633,5.1875));
#6133=CARTESIAN_POINT('',(0.739548324003811,3.24017291613629,5.14285714285715));
#6134=CARTESIAN_POINT('',(1.47909664800762,3.07137583718625,5.09821428571429));
#6135=CARTESIAN_POINT('',(2.0721683564775,2.5984169319825,5.05357142857144));
#6136=CARTESIAN_POINT('',(2.66524006494738,2.12545802677875,5.00892857142858));
#6137=CARTESIAN_POINT('',(2.99437003247369,1.4420126069572,4.96428571428572));
#6138=CARTESIAN_POINT('',(3.3235,0.758567187135663,4.91964285714286));
#6139=CARTESIAN_POINT('',(3.3235,4.07011363696623E-16,4.875));
#6140=CARTESIAN_POINT('',(3.3235,-0.758567187135663,4.83035714285715));
#6141=CARTESIAN_POINT('',(2.99437003247369,-1.4420126069572,4.78571428571429));
#6142=CARTESIAN_POINT('',(2.66524006494738,-2.12545802677874,4.74107142857144));
#6143=CARTESIAN_POINT('',(2.0721683564775,-2.5984169319825,4.69642857142858));
#6144=CARTESIAN_POINT('',(1.47909664800762,-3.07137583718625,4.65178571428572));
#6145=CARTESIAN_POINT('',(0.739548324003811,-3.24017291613629,4.60714285714286));
#6146=CARTESIAN_POINT('',(6.26217628930777E-16,-3.40896999508633,4.5625));
#6147=CARTESIAN_POINT('',(-0.73954832400381,-3.24017291613629,4.51785714285715));
#6148=CARTESIAN_POINT('',(-1.47909664800762,-3.07137583718625,4.47321428571429));
#6149=CARTESIAN_POINT('',(-2.0721683564775,-2.5984169319825,4.42857142857143));
#6150=CARTESIAN_POINT('',(-2.66524006494738,-2.12545802677875,4.38392857142858));
#6151=CARTESIAN_POINT('',(-2.99437003247369,-1.4420126069572,4.33928571428572));
#6152=CARTESIAN_POINT('',(-3.3235,-0.758567187135664,4.29464285714286));
#6153=CARTESIAN_POINT('',(-3.3235,0.,4.25));
#6154=CARTESIAN_POINT('',(-3.3235,0.758567187135663,4.20535714285715));
#6155=CARTESIAN_POINT('',(-2.99437003247369,1.4420126069572,4.16071428571429));
#6156=CARTESIAN_POINT('',(-2.66524006494738,2.12545802677874,4.11607142857143));
#6157=CARTESIAN_POINT('',(-2.0721683564775,2.5984169319825,4.07142857142858));
#6158=CARTESIAN_POINT('',(-1.47909664800762,3.07137583718625,4.02678571428572));
#6159=CARTESIAN_POINT('',(-0.739548324003811,3.24017291613629,3.98214285714286));
#6160=CARTESIAN_POINT('',(-2.08739209643592E-16,3.40896999508633,3.93750000000001));
#6161=CARTESIAN_POINT('',(0.739548324003811,3.24017291613629,3.89285714285715));
#6162=CARTESIAN_POINT('',(1.47909664800762,3.07137583718625,3.84821428571429));
#6163=CARTESIAN_POINT('',(2.0721683564775,2.5984169319825,3.80357142857143));
#6164=CARTESIAN_POINT('',(2.66524006494738,2.12545802677875,3.75892857142858));
#6165=CARTESIAN_POINT('',(2.99437003247369,1.4420126069572,3.71428571428572));
#6166=CARTESIAN_POINT('',(3.3235,0.758567187135663,3.66964285714286));
#6167=CARTESIAN_POINT('',(3.3235,4.07011363696623E-16,3.62500000000001));
#6168=CARTESIAN_POINT('',(3.3235,-0.758567187135663,3.58035714285715));
#6169=CARTESIAN_POINT('',(2.99437003247369,-1.4420126069572,3.53571428571429));
#6170=CARTESIAN_POINT('',(2.78286051415887,-1.88121664731663,3.50702534778059));
#6171=CARTESIAN_POINT('',(2.45413177847188,-2.24118037290497,3.47766440134549));
#6172=CARTESIAN_POINT('',(3.98752698318716,-0.316681762638821,4.00000000000001));
#6173=CARTESIAN_POINT('',(3.98358238480635,0.290675677412122,4.));
#6174=CARTESIAN_POINT('',(3.69678263949657,1.48605352055376,4.));
#6175=CARTESIAN_POINT('',(2.49787839544142,2.90247692034293,3.99999999999999));
#6176=CARTESIAN_POINT('',(0.756255957229946,3.58398112012744,4.00000000000002));
#6177=CARTESIAN_POINT('',(-0.473144275330056,3.40721823581227,4.));
#6178=CARTESIAN_POINT('',(-1.0293164329595,3.16008859540987,4.));
#6179=CARTESIAN_POINT('',(1.64876757102178,2.88569190087004,26.0216230677787));
#6180=CARTESIAN_POINT('',(1.87155750000575,2.75839875153963,26.0061722025232));
#6181=CARTESIAN_POINT('',(2.0721683564775,2.5984169319825,25.9910714285714));
#6182=CARTESIAN_POINT('',(2.66524006494738,2.12545802677875,25.9464285714286));
#6183=CARTESIAN_POINT('',(2.99437003247369,1.4420126069572,25.9017857142857));
#6184=CARTESIAN_POINT('',(3.3235,0.758567187135664,25.8571428571429));
#6185=CARTESIAN_POINT('',(3.3235,4.07011363696623E-16,25.8125));
#6186=CARTESIAN_POINT('',(3.3235,-0.758567187135663,25.7678571428571));
#6187=CARTESIAN_POINT('',(2.99437003247369,-1.4420126069572,25.7232142857143));
#6188=CARTESIAN_POINT('',(2.66524006494738,-2.12545802677874,25.6785714285714));
#6189=CARTESIAN_POINT('',(2.0721683564775,-2.5984169319825,25.6339285714286));
#6190=CARTESIAN_POINT('',(1.47909664800762,-3.07137583718625,25.5892857142857));
#6191=CARTESIAN_POINT('',(0.739548324003812,-3.24017291613629,25.5446428571429));
#6192=CARTESIAN_POINT('',(6.26217628930777E-16,-3.40896999508633,25.5));
#6193=CARTESIAN_POINT('',(-0.73954832400381,-3.24017291613629,25.4553571428571));
#6194=CARTESIAN_POINT('',(-1.47909664800762,-3.07137583718625,25.4107142857143));
#6195=CARTESIAN_POINT('',(-2.0721683564775,-2.5984169319825,25.3660714285714));
#6196=CARTESIAN_POINT('',(-2.66524006494738,-2.12545802677875,25.3214285714286));
#6197=CARTESIAN_POINT('',(-2.99437003247369,-1.44201260695721,25.2767857142857));
#6198=CARTESIAN_POINT('',(-3.3235,-0.758567187135664,25.2321428571429));
#6199=CARTESIAN_POINT('',(-3.3235,0.,25.1875));
#6200=CARTESIAN_POINT('',(-3.3235,0.758567187135663,25.1428571428571));
#6201=CARTESIAN_POINT('',(-2.99437003247369,1.4420126069572,25.0982142857143));
#6202=CARTESIAN_POINT('',(-2.66524006494738,2.12545802677875,25.0535714285714));
#6203=CARTESIAN_POINT('',(-2.0721683564775,2.5984169319825,25.0089285714286));
#6204=CARTESIAN_POINT('',(-1.47909664800762,3.07137583718625,24.9642857142857));
#6205=CARTESIAN_POINT('',(-0.739548324003811,3.24017291613629,24.9196428571429));
#6206=CARTESIAN_POINT('',(-2.08739209643592E-16,3.40896999508633,24.875));
#6207=CARTESIAN_POINT('',(0.739548324003811,3.24017291613629,24.8303571428571));
#6208=CARTESIAN_POINT('',(1.47909664800762,3.07137583718625,24.7857142857143));
#6209=CARTESIAN_POINT('',(2.0721683564775,2.5984169319825,24.7410714285714));
#6210=CARTESIAN_POINT('',(2.66524006494738,2.12545802677875,24.6964285714286));
#6211=CARTESIAN_POINT('',(2.99437003247369,1.4420126069572,24.6517857142857));
#6212=CARTESIAN_POINT('',(3.3235,0.758567187135664,24.6071428571429));
#6213=CARTESIAN_POINT('',(3.3235,4.07011363696623E-16,24.5625));
#6214=CARTESIAN_POINT('',(3.3235,-0.758567187135663,24.5178571428571));
#6215=CARTESIAN_POINT('',(2.99437003247369,-1.4420126069572,24.4732142857143));
#6216=CARTESIAN_POINT('',(2.66524006494738,-2.12545802677874,24.4285714285714));
#6217=CARTESIAN_POINT('',(2.0721683564775,-2.5984169319825,24.3839285714286));
#6218=CARTESIAN_POINT('',(1.47909664800762,-3.07137583718625,24.3392857142857));
#6219=CARTESIAN_POINT('',(0.739548324003812,-3.24017291613629,24.2946428571429));
#6220=CARTESIAN_POINT('',(6.26217628930777E-16,-3.40896999508633,24.25));
#6221=CARTESIAN_POINT('',(-0.73954832400381,-3.24017291613629,24.2053571428571));
#6222=CARTESIAN_POINT('',(-1.47909664800762,-3.07137583718625,24.1607142857143));
#6223=CARTESIAN_POINT('',(-2.0721683564775,-2.5984169319825,24.1160714285714));
#6224=CARTESIAN_POINT('',(-2.66524006494738,-2.12545802677875,24.0714285714286));
#6225=CARTESIAN_POINT('',(-2.99437003247369,-1.44201260695721,24.0267857142857));
#6226=CARTESIAN_POINT('',(-3.3235,-0.758567187135664,23.9821428571429));
#6227=CARTESIAN_POINT('',(-3.3235,0.,23.9375));
#6228=CARTESIAN_POINT('',(-3.3235,0.758567187135663,23.8928571428571));
#6229=CARTESIAN_POINT('',(-2.99437003247369,1.4420126069572,23.8482142857143));
#6230=CARTESIAN_POINT('',(-2.66524006494738,2.12545802677875,23.8035714285714));
#6231=CARTESIAN_POINT('',(-2.0721683564775,2.5984169319825,23.7589285714286));
#6232=CARTESIAN_POINT('',(-1.47909664800762,3.07137583718625,23.7142857142857));
#6233=CARTESIAN_POINT('',(-0.739548324003811,3.24017291613629,23.6696428571429));
#6234=CARTESIAN_POINT('',(-2.08739209643592E-16,3.40896999508633,23.625));
#6235=CARTESIAN_POINT('',(0.739548324003811,3.24017291613629,23.5803571428571));
#6236=CARTESIAN_POINT('',(1.47909664800762,3.07137583718625,23.5357142857143));
#6237=CARTESIAN_POINT('',(2.0721683564775,2.5984169319825,23.4910714285714));
#6238=CARTESIAN_POINT('',(2.66524006494738,2.12545802677875,23.4464285714286));
#6239=CARTESIAN_POINT('',(2.99437003247369,1.4420126069572,23.4017857142857));
#6240=CARTESIAN_POINT('',(3.3235,0.758567187135664,23.3571428571429));
#6241=CARTESIAN_POINT('',(3.3235,4.07011363696623E-16,23.3125));
#6242=CARTESIAN_POINT('',(3.3235,-0.758567187135663,23.2678571428571));
#6243=CARTESIAN_POINT('',(2.99437003247369,-1.4420126069572,23.2232142857143));
#6244=CARTESIAN_POINT('',(2.66524006494738,-2.12545802677874,23.1785714285714));
#6245=CARTESIAN_POINT('',(2.0721683564775,-2.5984169319825,23.1339285714286));
#6246=CARTESIAN_POINT('',(1.47909664800762,-3.07137583718625,23.0892857142857));
#6247=CARTESIAN_POINT('',(0.739548324003812,-3.24017291613629,23.0446428571429));
#6248=CARTESIAN_POINT('',(6.26217628930777E-16,-3.40896999508633,23.));
#6249=CARTESIAN_POINT('',(-0.73954832400381,-3.24017291613629,22.9553571428571));
#6250=CARTESIAN_POINT('',(-1.47909664800762,-3.07137583718625,22.9107142857143));
#6251=CARTESIAN_POINT('',(-2.0721683564775,-2.5984169319825,22.8660714285714));
#6252=CARTESIAN_POINT('',(-2.66524006494738,-2.12545802677875,22.8214285714286));
#6253=CARTESIAN_POINT('',(-2.99437003247369,-1.44201260695721,22.7767857142857));
#6254=CARTESIAN_POINT('',(-3.3235,-0.758567187135664,22.7321428571429));
#6255=CARTESIAN_POINT('',(-3.3235,0.,22.6875));
#6256=CARTESIAN_POINT('',(-3.3235,0.758567187135663,22.6428571428571));
#6257=CARTESIAN_POINT('',(-2.99437003247369,1.4420126069572,22.5982142857143));
#6258=CARTESIAN_POINT('',(-2.66524006494738,2.12545802677875,22.5535714285714));
#6259=CARTESIAN_POINT('',(-2.0721683564775,2.5984169319825,22.5089285714286));
#6260=CARTESIAN_POINT('',(-1.47909664800762,3.07137583718625,22.4642857142857));
#6261=CARTESIAN_POINT('',(-0.739548324003811,3.24017291613629,22.4196428571429));
#6262=CARTESIAN_POINT('',(-2.08739209643592E-16,3.40896999508633,22.375));
#6263=CARTESIAN_POINT('',(0.739548324003811,3.24017291613629,22.3303571428571));
#6264=CARTESIAN_POINT('',(1.47909664800762,3.07137583718625,22.2857142857143));
#6265=CARTESIAN_POINT('',(2.0721683564775,2.5984169319825,22.2410714285714));
#6266=CARTESIAN_POINT('',(2.66524006494738,2.12545802677875,22.1964285714286));
#6267=CARTESIAN_POINT('',(2.99437003247369,1.4420126069572,22.1517857142857));
#6268=CARTESIAN_POINT('',(3.3235,0.758567187135664,22.1071428571429));
#6269=CARTESIAN_POINT('',(3.3235,4.07011363696623E-16,22.0625));
#6270=CARTESIAN_POINT('',(3.3235,-0.758567187135663,22.0178571428571));
#6271=CARTESIAN_POINT('',(2.99437003247369,-1.4420126069572,21.9732142857143));
#6272=CARTESIAN_POINT('',(2.66524006494738,-2.12545802677874,21.9285714285714));
#6273=CARTESIAN_POINT('',(2.0721683564775,-2.5984169319825,21.8839285714286));
#6274=CARTESIAN_POINT('',(1.47909664800762,-3.07137583718625,21.8392857142857));
#6275=CARTESIAN_POINT('',(0.739548324003812,-3.24017291613629,21.7946428571429));
#6276=CARTESIAN_POINT('',(6.26217628930777E-16,-3.40896999508633,21.75));
#6277=CARTESIAN_POINT('',(-0.73954832400381,-3.24017291613629,21.7053571428571));
#6278=CARTESIAN_POINT('',(-1.47909664800762,-3.07137583718625,21.6607142857143));
#6279=CARTESIAN_POINT('',(-2.0721683564775,-2.5984169319825,21.6160714285714));
#6280=CARTESIAN_POINT('',(-2.66524006494738,-2.12545802677875,21.5714285714286));
#6281=CARTESIAN_POINT('',(-2.99437003247369,-1.44201260695721,21.5267857142857));
#6282=CARTESIAN_POINT('',(-3.3235,-0.758567187135664,21.4821428571429));
#6283=CARTESIAN_POINT('',(-3.3235,0.,21.4375));
#6284=CARTESIAN_POINT('',(-3.3235,0.758567187135663,21.3928571428571));
#6285=CARTESIAN_POINT('',(-2.99437003247369,1.4420126069572,21.3482142857143));
#6286=CARTESIAN_POINT('',(-2.66524006494738,2.12545802677875,21.3035714285714));
#6287=CARTESIAN_POINT('',(-2.0721683564775,2.5984169319825,21.2589285714286));
#6288=CARTESIAN_POINT('',(-1.47909664800762,3.07137583718625,21.2142857142857));
#6289=CARTESIAN_POINT('',(-0.739548324003811,3.24017291613629,21.1696428571429));
#6290=CARTESIAN_POINT('',(-2.08739209643592E-16,3.40896999508633,21.125));
#6291=CARTESIAN_POINT('',(0.739548324003811,3.24017291613629,21.0803571428571));
#6292=CARTESIAN_POINT('',(1.47909664800762,3.07137583718625,21.0357142857143));
#6293=CARTESIAN_POINT('',(2.0721683564775,2.5984169319825,20.9910714285714));
#6294=CARTESIAN_POINT('',(2.66524006494738,2.12545802677875,20.9464285714286));
#6295=CARTESIAN_POINT('',(2.99437003247369,1.4420126069572,20.9017857142857));
#6296=CARTESIAN_POINT('',(3.3235,0.758567187135664,20.8571428571429));
#6297=CARTESIAN_POINT('',(3.3235,4.07011363696623E-16,20.8125));
#6298=CARTESIAN_POINT('',(3.3235,-0.758567187135663,20.7678571428571));
#6299=CARTESIAN_POINT('',(2.99437003247369,-1.4420126069572,20.7232142857143));
#6300=CARTESIAN_POINT('',(2.66524006494738,-2.12545802677874,20.6785714285714));
#6301=CARTESIAN_POINT('',(2.0721683564775,-2.5984169319825,20.6339285714286));
#6302=CARTESIAN_POINT('',(1.47909664800762,-3.07137583718625,20.5892857142857));
#6303=CARTESIAN_POINT('',(0.739548324003812,-3.24017291613629,20.5446428571429));
#6304=CARTESIAN_POINT('',(6.26217628930777E-16,-3.40896999508633,20.5));
#6305=CARTESIAN_POINT('',(-0.73954832400381,-3.24017291613629,20.4553571428571));
#6306=CARTESIAN_POINT('',(-1.47909664800762,-3.07137583718625,20.4107142857143));
#6307=CARTESIAN_POINT('',(-2.0721683564775,-2.5984169319825,20.3660714285714));
#6308=CARTESIAN_POINT('',(-2.66524006494738,-2.12545802677875,20.3214285714286));
#6309=CARTESIAN_POINT('',(-2.99437003247369,-1.44201260695721,20.2767857142857));
#6310=CARTESIAN_POINT('',(-3.3235,-0.758567187135664,20.2321428571429));
#6311=CARTESIAN_POINT('',(-3.3235,0.,20.1875));
#6312=CARTESIAN_POINT('',(-3.3235,0.758567187135663,20.1428571428571));
#6313=CARTESIAN_POINT('',(-2.99437003247369,1.4420126069572,20.0982142857143));
#6314=CARTESIAN_POINT('',(-2.66524006494738,2.12545802677875,20.0535714285714));
#6315=CARTESIAN_POINT('',(-2.0721683564775,2.5984169319825,20.0089285714286));
#6316=CARTESIAN_POINT('',(-1.47909664800762,3.07137583718625,19.9642857142857));
#6317=CARTESIAN_POINT('',(-0.739548324003811,3.24017291613629,19.9196428571429));
#6318=CARTESIAN_POINT('',(-2.08739209643592E-16,3.40896999508633,19.875));
#6319=CARTESIAN_POINT('',(0.739548324003811,3.24017291613629,19.8303571428571));
#6320=CARTESIAN_POINT('',(1.47909664800762,3.07137583718625,19.7857142857143));
#6321=CARTESIAN_POINT('',(2.0721683564775,2.5984169319825,19.7410714285714));
#6322=CARTESIAN_POINT('',(2.66524006494738,2.12545802677875,19.6964285714286));
#6323=CARTESIAN_POINT('',(2.99437003247369,1.4420126069572,19.6517857142857));
#6324=CARTESIAN_POINT('',(3.3235,0.758567187135664,19.6071428571429));
#6325=CARTESIAN_POINT('',(3.3235,4.07011363696623E-16,19.5625));
#6326=CARTESIAN_POINT('',(3.3235,-0.758567187135663,19.5178571428571));
#6327=CARTESIAN_POINT('',(2.99437003247369,-1.4420126069572,19.4732142857143));
#6328=CARTESIAN_POINT('',(2.66524006494738,-2.12545802677874,19.4285714285714));
#6329=CARTESIAN_POINT('',(2.0721683564775,-2.5984169319825,19.3839285714286));
#6330=CARTESIAN_POINT('',(1.47909664800762,-3.07137583718625,19.3392857142857));
#6331=CARTESIAN_POINT('',(0.739548324003812,-3.24017291613629,19.2946428571429));
#6332=CARTESIAN_POINT('',(6.26217628930777E-16,-3.40896999508633,19.25));
#6333=CARTESIAN_POINT('',(-0.73954832400381,-3.24017291613629,19.2053571428571));
#6334=CARTESIAN_POINT('',(-1.47909664800762,-3.07137583718625,19.1607142857143));
#6335=CARTESIAN_POINT('',(-2.0721683564775,-2.5984169319825,19.1160714285714));
#6336=CARTESIAN_POINT('',(-2.66524006494738,-2.12545802677875,19.0714285714286));
#6337=CARTESIAN_POINT('',(-2.99437003247369,-1.44201260695721,19.0267857142857));
#6338=CARTESIAN_POINT('',(-3.3235,-0.758567187135664,18.9821428571429));
#6339=CARTESIAN_POINT('',(-3.3235,0.,18.9375));
#6340=CARTESIAN_POINT('',(-3.3235,0.758567187135663,18.8928571428571));
#6341=CARTESIAN_POINT('',(-2.99437003247369,1.4420126069572,18.8482142857143));
#6342=CARTESIAN_POINT('',(-2.66524006494738,2.12545802677875,18.8035714285714));
#6343=CARTESIAN_POINT('',(-2.0721683564775,2.5984169319825,18.7589285714286));
#6344=CARTESIAN_POINT('',(-1.47909664800762,3.07137583718625,18.7142857142857));
#6345=CARTESIAN_POINT('',(-0.739548324003811,3.24017291613629,18.6696428571429));
#6346=CARTESIAN_POINT('',(-2.08739209643592E-16,3.40896999508633,18.625));
#6347=CARTESIAN_POINT('',(0.739548324003811,3.24017291613629,18.5803571428571));
#6348=CARTESIAN_POINT('',(1.47909664800762,3.07137583718625,18.5357142857143));
#6349=CARTESIAN_POINT('',(2.0721683564775,2.5984169319825,18.4910714285714));
#6350=CARTESIAN_POINT('',(2.66524006494738,2.12545802677875,18.4464285714286));
#6351=CARTESIAN_POINT('',(2.99437003247369,1.4420126069572,18.4017857142857));
#6352=CARTESIAN_POINT('',(3.3235,0.758567187135664,18.3571428571429));
#6353=CARTESIAN_POINT('',(3.3235,4.07011363696623E-16,18.3125));
#6354=CARTESIAN_POINT('',(3.3235,-0.758567187135663,18.2678571428571));
#6355=CARTESIAN_POINT('',(2.99437003247369,-1.4420126069572,18.2232142857143));
#6356=CARTESIAN_POINT('',(2.66524006494738,-2.12545802677874,18.1785714285714));
#6357=CARTESIAN_POINT('',(2.0721683564775,-2.5984169319825,18.1339285714286));
#6358=CARTESIAN_POINT('',(1.47909664800762,-3.07137583718625,18.0892857142857));
#6359=CARTESIAN_POINT('',(0.739548324003812,-3.24017291613629,18.0446428571429));
#6360=CARTESIAN_POINT('',(6.26217628930777E-16,-3.40896999508633,18.));
#6361=CARTESIAN_POINT('',(-0.73954832400381,-3.24017291613629,17.9553571428571));
#6362=CARTESIAN_POINT('',(-1.47909664800762,-3.07137583718625,17.9107142857143));
#6363=CARTESIAN_POINT('',(-2.0721683564775,-2.5984169319825,17.8660714285714));
#6364=CARTESIAN_POINT('',(-2.66524006494738,-2.12545802677875,17.8214285714286));
#6365=CARTESIAN_POINT('',(-2.99437003247369,-1.44201260695721,17.7767857142857));
#6366=CARTESIAN_POINT('',(-3.3235,-0.758567187135664,17.7321428571429));
#6367=CARTESIAN_POINT('',(-3.3235,0.,17.6875));
#6368=CARTESIAN_POINT('',(-3.3235,0.758567187135663,17.6428571428571));
#6369=CARTESIAN_POINT('',(-2.99437003247369,1.4420126069572,17.5982142857143));
#6370=CARTESIAN_POINT('',(-2.66524006494738,2.12545802677875,17.5535714285714));
#6371=CARTESIAN_POINT('',(-2.0721683564775,2.5984169319825,17.5089285714286));
#6372=CARTESIAN_POINT('',(-1.47909664800762,3.07137583718625,17.4642857142857));
#6373=CARTESIAN_POINT('',(-0.739548324003811,3.24017291613629,17.4196428571429));
#6374=CARTESIAN_POINT('',(-2.08739209643592E-16,3.40896999508633,17.375));
#6375=CARTESIAN_POINT('',(0.739548324003811,3.24017291613629,17.3303571428571));
#6376=CARTESIAN_POINT('',(1.47909664800762,3.07137583718625,17.2857142857143));
#6377=CARTESIAN_POINT('',(2.0721683564775,2.5984169319825,17.2410714285714));
#6378=CARTESIAN_POINT('',(2.66524006494738,2.12545802677875,17.1964285714286));
#6379=CARTESIAN_POINT('',(2.99437003247369,1.4420126069572,17.1517857142857));
#6380=CARTESIAN_POINT('',(3.3235,0.758567187135664,17.1071428571429));
#6381=CARTESIAN_POINT('',(3.3235,4.07011363696623E-16,17.0625));
#6382=CARTESIAN_POINT('',(3.3235,-0.758567187135663,17.0178571428571));
#6383=CARTESIAN_POINT('',(2.99437003247369,-1.4420126069572,16.9732142857143));
#6384=CARTESIAN_POINT('',(2.66524006494738,-2.12545802677874,16.9285714285714));
#6385=CARTESIAN_POINT('',(2.0721683564775,-2.5984169319825,16.8839285714286));
#6386=CARTESIAN_POINT('',(1.47909664800762,-3.07137583718625,16.8392857142857));
#6387=CARTESIAN_POINT('',(0.739548324003812,-3.24017291613629,16.7946428571429));
#6388=CARTESIAN_POINT('',(6.26217628930777E-16,-3.40896999508633,16.75));
#6389=CARTESIAN_POINT('',(-0.73954832400381,-3.24017291613629,16.7053571428571));
#6390=CARTESIAN_POINT('',(-1.47909664800762,-3.07137583718625,16.6607142857143));
#6391=CARTESIAN_POINT('',(-2.0721683564775,-2.5984169319825,16.6160714285714));
#6392=CARTESIAN_POINT('',(-2.66524006494738,-2.12545802677875,16.5714285714286));
#6393=CARTESIAN_POINT('',(-2.99437003247369,-1.44201260695721,16.5267857142857));
#6394=CARTESIAN_POINT('',(-3.3235,-0.758567187135664,16.4821428571429));
#6395=CARTESIAN_POINT('',(-3.3235,0.,16.4375));
#6396=CARTESIAN_POINT('',(-3.3235,0.758567187135663,16.3928571428571));
#6397=CARTESIAN_POINT('',(-2.99437003247369,1.4420126069572,16.3482142857143));
#6398=CARTESIAN_POINT('',(-2.66524006494738,2.12545802677875,16.3035714285714));
#6399=CARTESIAN_POINT('',(-2.0721683564775,2.5984169319825,16.2589285714286));
#6400=CARTESIAN_POINT('',(-1.47909664800762,3.07137583718625,16.2142857142857));
#6401=CARTESIAN_POINT('',(-0.739548324003811,3.24017291613629,16.1696428571429));
#6402=CARTESIAN_POINT('',(-2.08739209643592E-16,3.40896999508633,16.125));
#6403=CARTESIAN_POINT('',(0.739548324003811,3.24017291613629,16.0803571428571));
#6404=CARTESIAN_POINT('',(1.47909664800762,3.07137583718625,16.0357142857143));
#6405=CARTESIAN_POINT('',(2.0721683564775,2.5984169319825,15.9910714285714));
#6406=CARTESIAN_POINT('',(2.66524006494738,2.12545802677875,15.9464285714286));
#6407=CARTESIAN_POINT('',(2.99437003247369,1.4420126069572,15.9017857142857));
#6408=CARTESIAN_POINT('',(3.3235,0.758567187135664,15.8571428571429));
#6409=CARTESIAN_POINT('',(3.3235,4.07011363696623E-16,15.8125));
#6410=CARTESIAN_POINT('',(3.3235,-0.758567187135663,15.7678571428571));
#6411=CARTESIAN_POINT('',(2.99437003247369,-1.4420126069572,15.7232142857143));
#6412=CARTESIAN_POINT('',(2.66524006494738,-2.12545802677874,15.6785714285714));
#6413=CARTESIAN_POINT('',(2.0721683564775,-2.5984169319825,15.6339285714286));
#6414=CARTESIAN_POINT('',(1.47909664800762,-3.07137583718625,15.5892857142857));
#6415=CARTESIAN_POINT('',(0.739548324003812,-3.24017291613629,15.5446428571429));
#6416=CARTESIAN_POINT('',(6.26217628930777E-16,-3.40896999508633,15.5));
#6417=CARTESIAN_POINT('',(-0.73954832400381,-3.24017291613629,15.4553571428571));
#6418=CARTESIAN_POINT('',(-1.47909664800762,-3.07137583718625,15.4107142857143));
#6419=CARTESIAN_POINT('',(-2.0721683564775,-2.5984169319825,15.3660714285714));
#6420=CARTESIAN_POINT('',(-2.66524006494738,-2.12545802677875,15.3214285714286));
#6421=CARTESIAN_POINT('',(-2.99437003247369,-1.44201260695721,15.2767857142857));
#6422=CARTESIAN_POINT('',(-3.3235,-0.758567187135664,15.2321428571429));
#6423=CARTESIAN_POINT('',(-3.3235,0.,15.1875));
#6424=CARTESIAN_POINT('',(-3.3235,0.758567187135663,15.1428571428571));
#6425=CARTESIAN_POINT('',(-2.99437003247369,1.4420126069572,15.0982142857143));
#6426=CARTESIAN_POINT('',(-2.66524006494738,2.12545802677875,15.0535714285714));
#6427=CARTESIAN_POINT('',(-2.0721683564775,2.5984169319825,15.0089285714286));
#6428=CARTESIAN_POINT('',(-1.47909664800762,3.07137583718625,14.9642857142857));
#6429=CARTESIAN_POINT('',(-0.739548324003811,3.24017291613629,14.9196428571429));
#6430=CARTESIAN_POINT('',(-2.08739209643592E-16,3.40896999508633,14.875));
#6431=CARTESIAN_POINT('',(0.739548324003811,3.24017291613629,14.8303571428571));
#6432=CARTESIAN_POINT('',(1.47909664800762,3.07137583718625,14.7857142857143));
#6433=CARTESIAN_POINT('',(2.0721683564775,2.5984169319825,14.7410714285714));
#6434=CARTESIAN_POINT('',(2.66524006494738,2.12545802677875,14.6964285714286));
#6435=CARTESIAN_POINT('',(2.99437003247369,1.4420126069572,14.6517857142857));
#6436=CARTESIAN_POINT('',(3.3235,0.758567187135664,14.6071428571429));
#6437=CARTESIAN_POINT('',(3.3235,4.07011363696623E-16,14.5625));
#6438=CARTESIAN_POINT('',(3.3235,-0.758567187135663,14.5178571428571));
#6439=CARTESIAN_POINT('',(2.99437003247369,-1.4420126069572,14.4732142857143));
#6440=CARTESIAN_POINT('',(2.66524006494738,-2.12545802677874,14.4285714285714));
#6441=CARTESIAN_POINT('',(2.0721683564775,-2.5984169319825,14.3839285714286));
#6442=CARTESIAN_POINT('',(1.47909664800762,-3.07137583718625,14.3392857142857));
#6443=CARTESIAN_POINT('',(0.739548324003812,-3.24017291613629,14.2946428571429));
#6444=CARTESIAN_POINT('',(6.26217628930777E-16,-3.40896999508633,14.25));
#6445=CARTESIAN_POINT('',(-0.73954832400381,-3.24017291613629,14.2053571428571));
#6446=CARTESIAN_POINT('',(-1.47909664800762,-3.07137583718625,14.1607142857143));
#6447=CARTESIAN_POINT('',(-2.0721683564775,-2.5984169319825,14.1160714285714));
#6448=CARTESIAN_POINT('',(-2.66524006494738,-2.12545802677875,14.0714285714286));
#6449=CARTESIAN_POINT('',(-2.99437003247369,-1.44201260695721,14.0267857142857));
#6450=CARTESIAN_POINT('',(-3.3235,-0.758567187135664,13.9821428571429));
#6451=CARTESIAN_POINT('',(-3.3235,0.,13.9375));
#6452=CARTESIAN_POINT('',(-3.3235,0.758567187135663,13.8928571428571));
#6453=CARTESIAN_POINT('',(-2.99437003247369,1.4420126069572,13.8482142857143));
#6454=CARTESIAN_POINT('',(-2.66524006494738,2.12545802677875,13.8035714285714));
#6455=CARTESIAN_POINT('',(-2.0721683564775,2.5984169319825,13.7589285714286));
#6456=CARTESIAN_POINT('',(-1.47909664800762,3.07137583718625,13.7142857142857));
#6457=CARTESIAN_POINT('',(-0.739548324003811,3.24017291613629,13.6696428571429));
#6458=CARTESIAN_POINT('',(-2.08739209643592E-16,3.40896999508633,13.625));
#6459=CARTESIAN_POINT('',(0.739548324003811,3.24017291613629,13.5803571428571));
#6460=CARTESIAN_POINT('',(1.47909664800762,3.07137583718625,13.5357142857143));
#6461=CARTESIAN_POINT('',(2.0721683564775,2.5984169319825,13.4910714285714));
#6462=CARTESIAN_POINT('',(2.66524006494738,2.12545802677875,13.4464285714286));
#6463=CARTESIAN_POINT('',(2.99437003247369,1.4420126069572,13.4017857142857));
#6464=CARTESIAN_POINT('',(3.3235,0.758567187135664,13.3571428571429));
#6465=CARTESIAN_POINT('',(3.3235,4.07011363696623E-16,13.3125));
#6466=CARTESIAN_POINT('',(3.3235,-0.758567187135663,13.2678571428571));
#6467=CARTESIAN_POINT('',(2.99437003247369,-1.4420126069572,13.2232142857143));
#6468=CARTESIAN_POINT('',(2.66524006494738,-2.12545802677874,13.1785714285714));
#6469=CARTESIAN_POINT('',(2.0721683564775,-2.5984169319825,13.1339285714286));
#6470=CARTESIAN_POINT('',(1.47909664800762,-3.07137583718625,13.0892857142857));
#6471=CARTESIAN_POINT('',(0.739548324003812,-3.24017291613629,13.0446428571429));
#6472=CARTESIAN_POINT('',(6.26217628930777E-16,-3.40896999508633,13.));
#6473=CARTESIAN_POINT('',(-0.73954832400381,-3.24017291613629,12.9553571428571));
#6474=CARTESIAN_POINT('',(-1.47909664800762,-3.07137583718625,12.9107142857143));
#6475=CARTESIAN_POINT('',(-2.0721683564775,-2.5984169319825,12.8660714285714));
#6476=CARTESIAN_POINT('',(-2.66524006494738,-2.12545802677875,12.8214285714286));
#6477=CARTESIAN_POINT('',(-2.99437003247369,-1.44201260695721,12.7767857142857));
#6478=CARTESIAN_POINT('',(-3.3235,-0.758567187135664,12.7321428571429));
#6479=CARTESIAN_POINT('',(-3.3235,0.,12.6875));
#6480=CARTESIAN_POINT('',(-3.3235,0.758567187135663,12.6428571428571));
#6481=CARTESIAN_POINT('',(-2.99437003247369,1.4420126069572,12.5982142857143));
#6482=CARTESIAN_POINT('',(-2.66524006494738,2.12545802677875,12.5535714285714));
#6483=CARTESIAN_POINT('',(-2.0721683564775,2.5984169319825,12.5089285714286));
#6484=CARTESIAN_POINT('',(-1.47909664800762,3.07137583718625,12.4642857142857));
#6485=CARTESIAN_POINT('',(-0.739548324003811,3.24017291613629,12.4196428571429));
#6486=CARTESIAN_POINT('',(-2.08739209643592E-16,3.40896999508633,12.375));
#6487=CARTESIAN_POINT('',(0.739548324003811,3.24017291613629,12.3303571428571));
#6488=CARTESIAN_POINT('',(1.47909664800762,3.07137583718625,12.2857142857143));
#6489=CARTESIAN_POINT('',(2.0721683564775,2.5984169319825,12.2410714285714));
#6490=CARTESIAN_POINT('',(2.66524006494738,2.12545802677875,12.1964285714286));
#6491=CARTESIAN_POINT('',(2.99437003247369,1.4420126069572,12.1517857142857));
#6492=CARTESIAN_POINT('',(3.3235,0.758567187135664,12.1071428571429));
#6493=CARTESIAN_POINT('',(3.3235,4.07011363696623E-16,12.0625));
#6494=CARTESIAN_POINT('',(3.3235,-0.758567187135663,12.0178571428571));
#6495=CARTESIAN_POINT('',(2.99437003247369,-1.4420126069572,11.9732142857143));
#6496=CARTESIAN_POINT('',(2.66524006494738,-2.12545802677874,11.9285714285714));
#6497=CARTESIAN_POINT('',(2.0721683564775,-2.5984169319825,11.8839285714286));
#6498=CARTESIAN_POINT('',(1.47909664800762,-3.07137583718625,11.8392857142857));
#6499=CARTESIAN_POINT('',(0.739548324003812,-3.24017291613629,11.7946428571429));
#6500=CARTESIAN_POINT('',(6.26217628930777E-16,-3.40896999508633,11.75));
#6501=CARTESIAN_POINT('',(-0.73954832400381,-3.24017291613629,11.7053571428571));
#6502=CARTESIAN_POINT('',(-1.47909664800762,-3.07137583718625,11.6607142857143));
#6503=CARTESIAN_POINT('',(-2.0721683564775,-2.5984169319825,11.6160714285714));
#6504=CARTESIAN_POINT('',(-2.66524006494738,-2.12545802677875,11.5714285714286));
#6505=CARTESIAN_POINT('',(-2.99437003247369,-1.44201260695721,11.5267857142857));
#6506=CARTESIAN_POINT('',(-3.3235,-0.758567187135664,11.4821428571429));
#6507=CARTESIAN_POINT('',(-3.3235,0.,11.4375));
#6508=CARTESIAN_POINT('',(-3.3235,0.758567187135663,11.3928571428571));
#6509=CARTESIAN_POINT('',(-2.99437003247369,1.4420126069572,11.3482142857143));
#6510=CARTESIAN_POINT('',(-2.66524006494738,2.12545802677875,11.3035714285714));
#6511=CARTESIAN_POINT('',(-2.0721683564775,2.5984169319825,11.2589285714286));
#6512=CARTESIAN_POINT('',(-1.47909664800762,3.07137583718625,11.2142857142857));
#6513=CARTESIAN_POINT('',(-0.739548324003811,3.24017291613629,11.1696428571429));
#6514=CARTESIAN_POINT('',(-2.08739209643592E-16,3.40896999508633,11.125));
#6515=CARTESIAN_POINT('',(0.739548324003811,3.24017291613629,11.0803571428571));
#6516=CARTESIAN_POINT('',(1.47909664800762,3.07137583718625,11.0357142857143));
#6517=CARTESIAN_POINT('',(2.0721683564775,2.5984169319825,10.9910714285714));
#6518=CARTESIAN_POINT('',(2.66524006494738,2.12545802677875,10.9464285714286));
#6519=CARTESIAN_POINT('',(2.99437003247369,1.4420126069572,10.9017857142857));
#6520=CARTESIAN_POINT('',(3.3235,0.758567187135664,10.8571428571429));
#6521=CARTESIAN_POINT('',(3.3235,4.07011363696623E-16,10.8125));
#6522=CARTESIAN_POINT('',(3.3235,-0.758567187135663,10.7678571428571));
#6523=CARTESIAN_POINT('',(2.99437003247369,-1.4420126069572,10.7232142857143));
#6524=CARTESIAN_POINT('',(2.66524006494738,-2.12545802677874,10.6785714285714));
#6525=CARTESIAN_POINT('',(2.0721683564775,-2.5984169319825,10.6339285714286));
#6526=CARTESIAN_POINT('',(1.47909664800762,-3.07137583718625,10.5892857142857));
#6527=CARTESIAN_POINT('',(0.739548324003812,-3.24017291613629,10.5446428571429));
#6528=CARTESIAN_POINT('',(6.26217628930777E-16,-3.40896999508633,10.5));
#6529=CARTESIAN_POINT('',(-0.73954832400381,-3.24017291613629,10.4553571428571));
#6530=CARTESIAN_POINT('',(-1.47909664800762,-3.07137583718625,10.4107142857143));
#6531=CARTESIAN_POINT('',(-2.0721683564775,-2.5984169319825,10.3660714285714));
#6532=CARTESIAN_POINT('',(-2.66524006494738,-2.12545802677875,10.3214285714286));
#6533=CARTESIAN_POINT('',(-2.99437003247369,-1.44201260695721,10.2767857142857));
#6534=CARTESIAN_POINT('',(-3.3235,-0.758567187135664,10.2321428571429));
#6535=CARTESIAN_POINT('',(-3.3235,0.,10.1875));
#6536=CARTESIAN_POINT('',(-3.3235,0.758567187135663,10.1428571428571));
#6537=CARTESIAN_POINT('',(-2.99437003247369,1.4420126069572,10.0982142857143));
#6538=CARTESIAN_POINT('',(-2.66524006494738,2.12545802677875,10.0535714285714));
#6539=CARTESIAN_POINT('',(-2.0721683564775,2.5984169319825,10.0089285714286));
#6540=CARTESIAN_POINT('',(-1.47909664800762,3.07137583718625,9.96428571428572));
#6541=CARTESIAN_POINT('',(-0.739548324003811,3.24017291613629,9.91964285714286));
#6542=CARTESIAN_POINT('',(-2.08739209643592E-16,3.40896999508633,9.87500000000001));
#6543=CARTESIAN_POINT('',(0.739548324003811,3.24017291613629,9.83035714285715));
#6544=CARTESIAN_POINT('',(1.47909664800762,3.07137583718625,9.78571428571429));
#6545=CARTESIAN_POINT('',(2.0721683564775,2.5984169319825,9.74107142857144));
#6546=CARTESIAN_POINT('',(2.66524006494738,2.12545802677875,9.69642857142858));
#6547=CARTESIAN_POINT('',(2.99437003247369,1.4420126069572,9.65178571428572));
#6548=CARTESIAN_POINT('',(3.3235,0.758567187135664,9.60714285714286));
#6549=CARTESIAN_POINT('',(3.3235,4.07011363696623E-16,9.56250000000001));
#6550=CARTESIAN_POINT('',(3.3235,-0.758567187135663,9.51785714285715));
#6551=CARTESIAN_POINT('',(2.99437003247369,-1.4420126069572,9.47321428571429));
#6552=CARTESIAN_POINT('',(2.66524006494738,-2.12545802677874,9.42857142857144));
#6553=CARTESIAN_POINT('',(2.0721683564775,-2.5984169319825,9.38392857142858));
#6554=CARTESIAN_POINT('',(1.47909664800762,-3.07137583718625,9.33928571428572));
#6555=CARTESIAN_POINT('',(0.739548324003812,-3.24017291613629,9.29464285714286));
#6556=CARTESIAN_POINT('',(6.26217628930777E-16,-3.40896999508633,9.25000000000001));
#6557=CARTESIAN_POINT('',(-0.73954832400381,-3.24017291613629,9.20535714285715));
#6558=CARTESIAN_POINT('',(-1.47909664800762,-3.07137583718625,9.16071428571429));
#6559=CARTESIAN_POINT('',(-2.0721683564775,-2.5984169319825,9.11607142857144));
#6560=CARTESIAN_POINT('',(-2.66524006494738,-2.12545802677875,9.07142857142858));
#6561=CARTESIAN_POINT('',(-2.99437003247369,-1.44201260695721,9.02678571428572));
#6562=CARTESIAN_POINT('',(-3.3235,-0.758567187135664,8.98214285714286));
#6563=CARTESIAN_POINT('',(-3.3235,0.,8.93750000000001));
#6564=CARTESIAN_POINT('',(-3.3235,0.758567187135663,8.89285714285715));
#6565=CARTESIAN_POINT('',(-2.99437003247369,1.4420126069572,8.84821428571429));
#6566=CARTESIAN_POINT('',(-2.66524006494738,2.12545802677875,8.80357142857143));
#6567=CARTESIAN_POINT('',(-2.0721683564775,2.5984169319825,8.75892857142858));
#6568=CARTESIAN_POINT('',(-1.47909664800762,3.07137583718625,8.71428571428572));
#6569=CARTESIAN_POINT('',(-0.739548324003811,3.24017291613629,8.66964285714286));
#6570=CARTESIAN_POINT('',(-2.08739209643592E-16,3.40896999508633,8.62500000000001));
#6571=CARTESIAN_POINT('',(0.739548324003811,3.24017291613629,8.58035714285715));
#6572=CARTESIAN_POINT('',(1.47909664800762,3.07137583718625,8.53571428571429));
#6573=CARTESIAN_POINT('',(2.0721683564775,2.5984169319825,8.49107142857143));
#6574=CARTESIAN_POINT('',(2.66524006494738,2.12545802677875,8.44642857142858));
#6575=CARTESIAN_POINT('',(2.99437003247369,1.4420126069572,8.40178571428572));
#6576=CARTESIAN_POINT('',(3.3235,0.758567187135664,8.35714285714286));
#6577=CARTESIAN_POINT('',(3.3235,4.07011363696623E-16,8.31250000000001));
#6578=CARTESIAN_POINT('',(3.3235,-0.758567187135663,8.26785714285715));
#6579=CARTESIAN_POINT('',(2.99437003247369,-1.4420126069572,8.22321428571429));
#6580=CARTESIAN_POINT('',(2.66524006494738,-2.12545802677874,8.17857142857143));
#6581=CARTESIAN_POINT('',(2.0721683564775,-2.5984169319825,8.13392857142858));
#6582=CARTESIAN_POINT('',(1.47909664800762,-3.07137583718625,8.08928571428572));
#6583=CARTESIAN_POINT('',(0.739548324003812,-3.24017291613629,8.04464285714286));
#6584=CARTESIAN_POINT('',(6.26217628930777E-16,-3.40896999508633,8.00000000000001));
#6585=CARTESIAN_POINT('',(-0.73954832400381,-3.24017291613629,7.95535714285715));
#6586=CARTESIAN_POINT('',(-1.47909664800762,-3.07137583718625,7.91071428571429));
#6587=CARTESIAN_POINT('',(-2.0721683564775,-2.5984169319825,7.86607142857143));
#6588=CARTESIAN_POINT('',(-2.66524006494738,-2.12545802677875,7.82142857142858));
#6589=CARTESIAN_POINT('',(-2.99437003247369,-1.44201260695721,7.77678571428572));
#6590=CARTESIAN_POINT('',(-3.3235,-0.758567187135664,7.73214285714286));
#6591=CARTESIAN_POINT('',(-3.3235,0.,7.68750000000001));
#6592=CARTESIAN_POINT('',(-3.3235,0.758567187135663,7.64285714285715));
#6593=CARTESIAN_POINT('',(-2.99437003247369,1.4420126069572,7.59821428571429));
#6594=CARTESIAN_POINT('',(-2.66524006494738,2.12545802677875,7.55357142857143));
#6595=CARTESIAN_POINT('',(-2.0721683564775,2.5984169319825,7.50892857142858));
#6596=CARTESIAN_POINT('',(-1.47909664800762,3.07137583718625,7.46428571428572));
#6597=CARTESIAN_POINT('',(-0.739548324003811,3.24017291613629,7.41964285714286));
#6598=CARTESIAN_POINT('',(-2.08739209643592E-16,3.40896999508633,7.37500000000001));
#6599=CARTESIAN_POINT('',(0.739548324003811,3.24017291613629,7.33035714285715));
#6600=CARTESIAN_POINT('',(1.47909664800762,3.07137583718625,7.28571428571429));
#6601=CARTESIAN_POINT('',(2.0721683564775,2.5984169319825,7.24107142857143));
#6602=CARTESIAN_POINT('',(2.66524006494738,2.12545802677875,7.19642857142858));
#6603=CARTESIAN_POINT('',(2.99437003247369,1.4420126069572,7.15178571428572));
#6604=CARTESIAN_POINT('',(3.3235,0.758567187135664,7.10714285714286));
#6605=CARTESIAN_POINT('',(3.3235,4.07011363696623E-16,7.06250000000001));
#6606=CARTESIAN_POINT('',(3.3235,-0.758567187135663,7.01785714285715));
#6607=CARTESIAN_POINT('',(2.99437003247369,-1.4420126069572,6.97321428571429));
#6608=CARTESIAN_POINT('',(2.66524006494738,-2.12545802677874,6.92857142857143));
#6609=CARTESIAN_POINT('',(2.0721683564775,-2.5984169319825,6.88392857142858));
#6610=CARTESIAN_POINT('',(1.47909664800762,-3.07137583718625,6.83928571428572));
#6611=CARTESIAN_POINT('',(0.739548324003812,-3.24017291613629,6.79464285714286));
#6612=CARTESIAN_POINT('',(6.26217628930777E-16,-3.40896999508633,6.75000000000001));
#6613=CARTESIAN_POINT('',(-0.73954832400381,-3.24017291613629,6.70535714285715));
#6614=CARTESIAN_POINT('',(-1.47909664800762,-3.07137583718625,6.66071428571429));
#6615=CARTESIAN_POINT('',(-2.0721683564775,-2.5984169319825,6.61607142857144));
#6616=CARTESIAN_POINT('',(-2.66524006494738,-2.12545802677875,6.57142857142858));
#6617=CARTESIAN_POINT('',(-2.99437003247369,-1.44201260695721,6.52678571428572));
#6618=CARTESIAN_POINT('',(-3.3235,-0.758567187135664,6.48214285714286));
#6619=CARTESIAN_POINT('',(-3.3235,0.,6.43750000000001));
#6620=CARTESIAN_POINT('',(-3.3235,0.758567187135663,6.39285714285715));
#6621=CARTESIAN_POINT('',(-2.99437003247369,1.4420126069572,6.34821428571429));
#6622=CARTESIAN_POINT('',(-2.66524006494738,2.12545802677875,6.30357142857144));
#6623=CARTESIAN_POINT('',(-2.0721683564775,2.5984169319825,6.25892857142858));
#6624=CARTESIAN_POINT('',(-1.47909664800762,3.07137583718625,6.21428571428572));
#6625=CARTESIAN_POINT('',(-0.739548324003811,3.24017291613629,6.16964285714286));
#6626=CARTESIAN_POINT('',(-2.08739209643592E-16,3.40896999508633,6.12500000000001));
#6627=CARTESIAN_POINT('',(0.739548324003811,3.24017291613629,6.08035714285715));
#6628=CARTESIAN_POINT('',(1.47909664800762,3.07137583718625,6.03571428571429));
#6629=CARTESIAN_POINT('',(2.0721683564775,2.5984169319825,5.99107142857144));
#6630=CARTESIAN_POINT('',(2.66524006494738,2.12545802677875,5.94642857142858));
#6631=CARTESIAN_POINT('',(2.99437003247369,1.4420126069572,5.90178571428572));
#6632=CARTESIAN_POINT('',(3.3235,0.758567187135664,5.85714285714286));
#6633=CARTESIAN_POINT('',(3.3235,4.07011363696623E-16,5.81250000000001));
#6634=CARTESIAN_POINT('',(3.3235,-0.758567187135663,5.76785714285715));
#6635=CARTESIAN_POINT('',(2.99437003247369,-1.4420126069572,5.72321428571429));
#6636=CARTESIAN_POINT('',(2.66524006494738,-2.12545802677874,5.67857142857144));
#6637=CARTESIAN_POINT('',(2.0721683564775,-2.5984169319825,5.63392857142858));
#6638=CARTESIAN_POINT('',(1.47909664800762,-3.07137583718625,5.58928571428572));
#6639=CARTESIAN_POINT('',(0.739548324003812,-3.24017291613629,5.54464285714286));
#6640=CARTESIAN_POINT('',(6.26217628930777E-16,-3.40896999508633,5.50000000000001));
#6641=CARTESIAN_POINT('',(-0.73954832400381,-3.24017291613629,5.45535714285715));
#6642=CARTESIAN_POINT('',(-1.47909664800762,-3.07137583718625,5.41071428571429));
#6643=CARTESIAN_POINT('',(-2.0721683564775,-2.5984169319825,5.36607142857144));
#6644=CARTESIAN_POINT('',(-2.66524006494738,-2.12545802677875,5.32142857142858));
#6645=CARTESIAN_POINT('',(-2.99437003247369,-1.44201260695721,5.27678571428572));
#6646=CARTESIAN_POINT('',(-3.3235,-0.758567187135664,5.23214285714286));
#6647=CARTESIAN_POINT('',(-3.3235,0.,5.1875));
#6648=CARTESIAN_POINT('',(-3.3235,0.758567187135663,5.14285714285715));
#6649=CARTESIAN_POINT('',(-2.99437003247369,1.4420126069572,5.09821428571429));
#6650=CARTESIAN_POINT('',(-2.66524006494738,2.12545802677875,5.05357142857144));
#6651=CARTESIAN_POINT('',(-2.0721683564775,2.5984169319825,5.00892857142858));
#6652=CARTESIAN_POINT('',(-1.47909664800762,3.07137583718625,4.96428571428572));
#6653=CARTESIAN_POINT('',(-0.739548324003811,3.24017291613629,4.91964285714286));
#6654=CARTESIAN_POINT('',(-2.08739209643592E-16,3.40896999508633,4.87500000000001));
#6655=CARTESIAN_POINT('',(0.739548324003811,3.24017291613629,4.83035714285715));
#6656=CARTESIAN_POINT('',(1.47909664800762,3.07137583718625,4.78571428571429));
#6657=CARTESIAN_POINT('',(2.0721683564775,2.5984169319825,4.74107142857144));
#6658=CARTESIAN_POINT('',(2.66524006494738,2.12545802677875,4.69642857142858));
#6659=CARTESIAN_POINT('',(2.99437003247369,1.4420126069572,4.65178571428572));
#6660=CARTESIAN_POINT('',(3.3235,0.758567187135664,4.60714285714286));
#6661=CARTESIAN_POINT('',(3.3235,4.07011363696623E-16,4.56250000000001));
#6662=CARTESIAN_POINT('',(3.3235,-0.758567187135663,4.51785714285715));
#6663=CARTESIAN_POINT('',(2.99437003247369,-1.4420126069572,4.47321428571429));
#6664=CARTESIAN_POINT('',(2.66524006494738,-2.12545802677874,4.42857142857143));
#6665=CARTESIAN_POINT('',(2.0721683564775,-2.5984169319825,4.38392857142858));
#6666=CARTESIAN_POINT('',(1.47909664800762,-3.07137583718625,4.33928571428572));
#6667=CARTESIAN_POINT('',(0.739548324003812,-3.24017291613629,4.29464285714286));
#6668=CARTESIAN_POINT('',(6.26217628930777E-16,-3.40896999508633,4.25000000000001));
#6669=CARTESIAN_POINT('',(-0.73954832400381,-3.24017291613629,4.20535714285715));
#6670=CARTESIAN_POINT('',(-1.47909664800762,-3.07137583718625,4.16071428571429));
#6671=CARTESIAN_POINT('',(-2.0721683564775,-2.5984169319825,4.11607142857143));
#6672=CARTESIAN_POINT('',(-2.66524006494738,-2.12545802677875,4.07142857142858));
#6673=CARTESIAN_POINT('',(-2.99437003247369,-1.44201260695721,4.02678571428572));
#6674=CARTESIAN_POINT('',(-3.3235,-0.758567187135664,3.98214285714286));
#6675=CARTESIAN_POINT('',(-3.3235,0.,3.93750000000001));
#6676=CARTESIAN_POINT('',(-3.3235,0.583095858305752,3.9031839030947));
#6677=CARTESIAN_POINT('',(-3.12500587950176,1.13136665280511,3.8682510463907));
#6678=CARTESIAN_POINT('',(1.98441584313721,3.47314735390535,25.6309980677787));
#6679=CARTESIAN_POINT('',(2.25256028783491,3.31994046974911,25.6155472025232));
#6680=CARTESIAN_POINT('',(2.49401054976671,3.12739031111981,25.6004464285714));
#6681=CARTESIAN_POINT('',(3.20781698015079,2.55814867807537,25.5558035714286));
#6682=CARTESIAN_POINT('',(3.60394966342869,1.73557068536719,25.5111607142857));
#6683=CARTESIAN_POINT('',(4.00008234670659,0.912992692659017,25.4665178571429));
#6684=CARTESIAN_POINT('',(4.00008234670659,4.89868804222006E-16,25.421875));
#6685=CARTESIAN_POINT('',(4.00008234670659,-0.912992692659016,25.3772321428571));
#6686=CARTESIAN_POINT('',(3.60394966342869,-1.73557068536719,25.3325892857143));
#6687=CARTESIAN_POINT('',(3.20781698015079,-2.55814867807537,25.2879464285714));
#6688=CARTESIAN_POINT('',(2.49401054976671,-3.12739031111981,25.2433035714286));
#6689=CARTESIAN_POINT('',(1.78020411938263,-3.69663194416425,25.1986607142857));
#6690=CARTESIAN_POINT('',(0.890102059691317,-3.89979193083003,25.1540178571429));
#6691=CARTESIAN_POINT('',(7.53700039922509E-16,-4.1029519174958,25.109375));
#6692=CARTESIAN_POINT('',(-0.890102059691316,-3.89979193083003,25.0647321428571));
#6693=CARTESIAN_POINT('',(-1.78020411938263,-3.69663194416425,25.0200892857143));
#6694=CARTESIAN_POINT('',(-2.49401054976671,-3.12739031111981,24.9754464285714));
#6695=CARTESIAN_POINT('',(-3.20781698015079,-2.55814867807537,24.9308035714286));
#6696=CARTESIAN_POINT('',(-3.60394966342869,-1.73557068536719,24.8861607142857));
#6697=CARTESIAN_POINT('',(-4.00008234670659,-0.912992692659018,24.8415178571429));
#6698=CARTESIAN_POINT('',(-4.00008234670659,0.,24.796875));
#6699=CARTESIAN_POINT('',(-4.00008234670659,0.912992692659017,24.7522321428571));
#6700=CARTESIAN_POINT('',(-3.60394966342869,1.73557068536719,24.7075892857143));
#6701=CARTESIAN_POINT('',(-3.20781698015079,2.55814867807537,24.6629464285714));
#6702=CARTESIAN_POINT('',(-2.49401054976671,3.12739031111981,24.6183035714286));
#6703=CARTESIAN_POINT('',(-1.78020411938263,3.69663194416425,24.5736607142857));
#6704=CARTESIAN_POINT('',(-0.890102059691317,3.89979193083003,24.5290178571429));
#6705=CARTESIAN_POINT('',(-2.51233346640836E-16,4.1029519174958,24.484375));
#6706=CARTESIAN_POINT('',(0.890102059691316,3.89979193083003,24.4397321428572));
#6707=CARTESIAN_POINT('',(1.78020411938263,3.69663194416425,24.3950892857143));
#6708=CARTESIAN_POINT('',(2.49401054976671,3.12739031111981,24.3504464285714));
#6709=CARTESIAN_POINT('',(3.20781698015079,2.55814867807537,24.3058035714286));
#6710=CARTESIAN_POINT('',(3.60394966342869,1.73557068536719,24.2611607142857));
#6711=CARTESIAN_POINT('',(4.00008234670659,0.912992692659017,24.2165178571429));
#6712=CARTESIAN_POINT('',(4.00008234670659,4.89868804222006E-16,24.171875));
#6713=CARTESIAN_POINT('',(4.00008234670659,-0.912992692659016,24.1272321428572));
#6714=CARTESIAN_POINT('',(3.60394966342869,-1.73557068536719,24.0825892857143));
#6715=CARTESIAN_POINT('',(3.20781698015079,-2.55814867807537,24.0379464285714));
#6716=CARTESIAN_POINT('',(2.49401054976671,-3.12739031111981,23.9933035714286));
#6717=CARTESIAN_POINT('',(1.78020411938263,-3.69663194416425,23.9486607142857));
#6718=CARTESIAN_POINT('',(0.890102059691317,-3.89979193083003,23.9040178571429));
#6719=CARTESIAN_POINT('',(7.53700039922509E-16,-4.1029519174958,23.859375));
#6720=CARTESIAN_POINT('',(-0.890102059691316,-3.89979193083003,23.8147321428572));
#6721=CARTESIAN_POINT('',(-1.78020411938263,-3.69663194416425,23.7700892857143));
#6722=CARTESIAN_POINT('',(-2.49401054976671,-3.12739031111981,23.7254464285714));
#6723=CARTESIAN_POINT('',(-3.20781698015079,-2.55814867807537,23.6808035714286));
#6724=CARTESIAN_POINT('',(-3.60394966342869,-1.73557068536719,23.6361607142857));
#6725=CARTESIAN_POINT('',(-4.00008234670659,-0.912992692659018,23.5915178571429));
#6726=CARTESIAN_POINT('',(-4.00008234670659,0.,23.546875));
#6727=CARTESIAN_POINT('',(-4.00008234670659,0.912992692659017,23.5022321428571));
#6728=CARTESIAN_POINT('',(-3.60394966342869,1.73557068536719,23.4575892857143));
#6729=CARTESIAN_POINT('',(-3.20781698015079,2.55814867807537,23.4129464285714));
#6730=CARTESIAN_POINT('',(-2.49401054976671,3.12739031111981,23.3683035714286));
#6731=CARTESIAN_POINT('',(-1.78020411938263,3.69663194416425,23.3236607142857));
#6732=CARTESIAN_POINT('',(-0.890102059691317,3.89979193083003,23.2790178571429));
#6733=CARTESIAN_POINT('',(-2.51233346640836E-16,4.1029519174958,23.234375));
#6734=CARTESIAN_POINT('',(0.890102059691316,3.89979193083003,23.1897321428571));
#6735=CARTESIAN_POINT('',(1.78020411938263,3.69663194416425,23.1450892857143));
#6736=CARTESIAN_POINT('',(2.49401054976671,3.12739031111981,23.1004464285714));
#6737=CARTESIAN_POINT('',(3.20781698015079,2.55814867807537,23.0558035714286));
#6738=CARTESIAN_POINT('',(3.60394966342869,1.73557068536719,23.0111607142857));
#6739=CARTESIAN_POINT('',(4.00008234670659,0.912992692659017,22.9665178571429));
#6740=CARTESIAN_POINT('',(4.00008234670659,4.89868804222006E-16,22.921875));
#6741=CARTESIAN_POINT('',(4.00008234670659,-0.912992692659016,22.8772321428571));
#6742=CARTESIAN_POINT('',(3.60394966342869,-1.73557068536719,22.8325892857143));
#6743=CARTESIAN_POINT('',(3.20781698015079,-2.55814867807537,22.7879464285714));
#6744=CARTESIAN_POINT('',(2.49401054976671,-3.12739031111981,22.7433035714286));
#6745=CARTESIAN_POINT('',(1.78020411938263,-3.69663194416425,22.6986607142857));
#6746=CARTESIAN_POINT('',(0.890102059691317,-3.89979193083003,22.6540178571429));
#6747=CARTESIAN_POINT('',(7.53700039922509E-16,-4.1029519174958,22.609375));
#6748=CARTESIAN_POINT('',(-0.890102059691316,-3.89979193083003,22.5647321428571));
#6749=CARTESIAN_POINT('',(-1.78020411938263,-3.69663194416425,22.5200892857143));
#6750=CARTESIAN_POINT('',(-2.49401054976671,-3.12739031111981,22.4754464285714));
#6751=CARTESIAN_POINT('',(-3.20781698015079,-2.55814867807537,22.4308035714286));
#6752=CARTESIAN_POINT('',(-3.60394966342869,-1.73557068536719,22.3861607142857));
#6753=CARTESIAN_POINT('',(-4.00008234670659,-0.912992692659018,22.3415178571429));
#6754=CARTESIAN_POINT('',(-4.00008234670659,0.,22.296875));
#6755=CARTESIAN_POINT('',(-4.00008234670659,0.912992692659017,22.2522321428571));
#6756=CARTESIAN_POINT('',(-3.60394966342869,1.73557068536719,22.2075892857143));
#6757=CARTESIAN_POINT('',(-3.20781698015079,2.55814867807537,22.1629464285714));
#6758=CARTESIAN_POINT('',(-2.49401054976671,3.12739031111981,22.1183035714286));
#6759=CARTESIAN_POINT('',(-1.78020411938263,3.69663194416425,22.0736607142857));
#6760=CARTESIAN_POINT('',(-0.890102059691317,3.89979193083003,22.0290178571429));
#6761=CARTESIAN_POINT('',(-2.51233346640836E-16,4.1029519174958,21.984375));
#6762=CARTESIAN_POINT('',(0.890102059691316,3.89979193083003,21.9397321428571));
#6763=CARTESIAN_POINT('',(1.78020411938263,3.69663194416425,21.8950892857143));
#6764=CARTESIAN_POINT('',(2.49401054976671,3.12739031111981,21.8504464285714));
#6765=CARTESIAN_POINT('',(3.20781698015079,2.55814867807537,21.8058035714286));
#6766=CARTESIAN_POINT('',(3.60394966342869,1.73557068536719,21.7611607142857));
#6767=CARTESIAN_POINT('',(4.00008234670659,0.912992692659017,21.7165178571429));
#6768=CARTESIAN_POINT('',(4.00008234670659,4.89868804222006E-16,21.671875));
#6769=CARTESIAN_POINT('',(4.00008234670659,-0.912992692659016,21.6272321428571));
#6770=CARTESIAN_POINT('',(3.60394966342869,-1.73557068536719,21.5825892857143));
#6771=CARTESIAN_POINT('',(3.20781698015079,-2.55814867807537,21.5379464285714));
#6772=CARTESIAN_POINT('',(2.49401054976671,-3.12739031111981,21.4933035714286));
#6773=CARTESIAN_POINT('',(1.78020411938263,-3.69663194416425,21.4486607142857));
#6774=CARTESIAN_POINT('',(0.890102059691317,-3.89979193083003,21.4040178571429));
#6775=CARTESIAN_POINT('',(7.53700039922509E-16,-4.1029519174958,21.359375));
#6776=CARTESIAN_POINT('',(-0.890102059691316,-3.89979193083003,21.3147321428571));
#6777=CARTESIAN_POINT('',(-1.78020411938263,-3.69663194416425,21.2700892857143));
#6778=CARTESIAN_POINT('',(-2.49401054976671,-3.12739031111981,21.2254464285714));
#6779=CARTESIAN_POINT('',(-3.20781698015079,-2.55814867807537,21.1808035714286));
#6780=CARTESIAN_POINT('',(-3.60394966342869,-1.73557068536719,21.1361607142857));
#6781=CARTESIAN_POINT('',(-4.00008234670659,-0.912992692659018,21.0915178571429));
#6782=CARTESIAN_POINT('',(-4.00008234670659,0.,21.046875));
#6783=CARTESIAN_POINT('',(-4.00008234670659,0.912992692659017,21.0022321428572));
#6784=CARTESIAN_POINT('',(-3.60394966342869,1.73557068536719,20.9575892857143));
#6785=CARTESIAN_POINT('',(-3.20781698015079,2.55814867807537,20.9129464285714));
#6786=CARTESIAN_POINT('',(-2.49401054976671,3.12739031111981,20.8683035714286));
#6787=CARTESIAN_POINT('',(-1.78020411938263,3.69663194416425,20.8236607142857));
#6788=CARTESIAN_POINT('',(-0.890102059691317,3.89979193083003,20.7790178571429));
#6789=CARTESIAN_POINT('',(-2.51233346640836E-16,4.1029519174958,20.734375));
#6790=CARTESIAN_POINT('',(0.890102059691316,3.89979193083003,20.6897321428572));
#6791=CARTESIAN_POINT('',(1.78020411938263,3.69663194416425,20.6450892857143));
#6792=CARTESIAN_POINT('',(2.49401054976671,3.12739031111981,20.6004464285714));
#6793=CARTESIAN_POINT('',(3.20781698015079,2.55814867807537,20.5558035714286));
#6794=CARTESIAN_POINT('',(3.60394966342869,1.73557068536719,20.5111607142857));
#6795=CARTESIAN_POINT('',(4.00008234670659,0.912992692659017,20.4665178571429));
#6796=CARTESIAN_POINT('',(4.00008234670659,4.89868804222006E-16,20.421875));
#6797=CARTESIAN_POINT('',(4.00008234670659,-0.912992692659016,20.3772321428572));
#6798=CARTESIAN_POINT('',(3.60394966342869,-1.73557068536719,20.3325892857143));
#6799=CARTESIAN_POINT('',(3.20781698015079,-2.55814867807537,20.2879464285714));
#6800=CARTESIAN_POINT('',(2.49401054976671,-3.12739031111981,20.2433035714286));
#6801=CARTESIAN_POINT('',(1.78020411938263,-3.69663194416425,20.1986607142857));
#6802=CARTESIAN_POINT('',(0.890102059691317,-3.89979193083003,20.1540178571429));
#6803=CARTESIAN_POINT('',(7.53700039922509E-16,-4.1029519174958,20.109375));
#6804=CARTESIAN_POINT('',(-0.890102059691316,-3.89979193083003,20.0647321428572));
#6805=CARTESIAN_POINT('',(-1.78020411938263,-3.69663194416425,20.0200892857143));
#6806=CARTESIAN_POINT('',(-2.49401054976671,-3.12739031111981,19.9754464285714));
#6807=CARTESIAN_POINT('',(-3.20781698015079,-2.55814867807537,19.9308035714286));
#6808=CARTESIAN_POINT('',(-3.60394966342869,-1.73557068536719,19.8861607142857));
#6809=CARTESIAN_POINT('',(-4.00008234670659,-0.912992692659018,19.8415178571429));
#6810=CARTESIAN_POINT('',(-4.00008234670659,0.,19.796875));
#6811=CARTESIAN_POINT('',(-4.00008234670659,0.912992692659017,19.7522321428572));
#6812=CARTESIAN_POINT('',(-3.60394966342869,1.73557068536719,19.7075892857143));
#6813=CARTESIAN_POINT('',(-3.20781698015079,2.55814867807537,19.6629464285714));
#6814=CARTESIAN_POINT('',(-2.49401054976671,3.12739031111981,19.6183035714286));
#6815=CARTESIAN_POINT('',(-1.78020411938263,3.69663194416425,19.5736607142857));
#6816=CARTESIAN_POINT('',(-0.890102059691317,3.89979193083003,19.5290178571429));
#6817=CARTESIAN_POINT('',(-2.51233346640836E-16,4.1029519174958,19.484375));
#6818=CARTESIAN_POINT('',(0.890102059691316,3.89979193083003,19.4397321428571));
#6819=CARTESIAN_POINT('',(1.78020411938263,3.69663194416425,19.3950892857143));
#6820=CARTESIAN_POINT('',(2.49401054976671,3.12739031111981,19.3504464285714));
#6821=CARTESIAN_POINT('',(3.20781698015079,2.55814867807537,19.3058035714286));
#6822=CARTESIAN_POINT('',(3.60394966342869,1.73557068536719,19.2611607142857));
#6823=CARTESIAN_POINT('',(4.00008234670659,0.912992692659017,19.2165178571429));
#6824=CARTESIAN_POINT('',(4.00008234670659,4.89868804222006E-16,19.171875));
#6825=CARTESIAN_POINT('',(4.00008234670659,-0.912992692659016,19.1272321428571));
#6826=CARTESIAN_POINT('',(3.60394966342869,-1.73557068536719,19.0825892857143));
#6827=CARTESIAN_POINT('',(3.20781698015079,-2.55814867807537,19.0379464285714));
#6828=CARTESIAN_POINT('',(2.49401054976671,-3.12739031111981,18.9933035714286));
#6829=CARTESIAN_POINT('',(1.78020411938263,-3.69663194416425,18.9486607142857));
#6830=CARTESIAN_POINT('',(0.890102059691317,-3.89979193083003,18.9040178571429));
#6831=CARTESIAN_POINT('',(7.53700039922509E-16,-4.1029519174958,18.859375));
#6832=CARTESIAN_POINT('',(-0.890102059691316,-3.89979193083003,18.8147321428571));
#6833=CARTESIAN_POINT('',(-1.78020411938263,-3.69663194416425,18.7700892857143));
#6834=CARTESIAN_POINT('',(-2.49401054976671,-3.12739031111981,18.7254464285714));
#6835=CARTESIAN_POINT('',(-3.20781698015079,-2.55814867807537,18.6808035714286));
#6836=CARTESIAN_POINT('',(-3.60394966342869,-1.73557068536719,18.6361607142857));
#6837=CARTESIAN_POINT('',(-4.00008234670659,-0.912992692659018,18.5915178571429));
#6838=CARTESIAN_POINT('',(-4.00008234670659,0.,18.546875));
#6839=CARTESIAN_POINT('',(-4.00008234670659,0.912992692659017,18.5022321428571));
#6840=CARTESIAN_POINT('',(-3.60394966342869,1.73557068536719,18.4575892857143));
#6841=CARTESIAN_POINT('',(-3.20781698015079,2.55814867807537,18.4129464285714));
#6842=CARTESIAN_POINT('',(-2.49401054976671,3.12739031111981,18.3683035714286));
#6843=CARTESIAN_POINT('',(-1.78020411938263,3.69663194416425,18.3236607142857));
#6844=CARTESIAN_POINT('',(-0.890102059691317,3.89979193083003,18.2790178571429));
#6845=CARTESIAN_POINT('',(-2.51233346640836E-16,4.1029519174958,18.234375));
#6846=CARTESIAN_POINT('',(0.890102059691316,3.89979193083003,18.1897321428571));
#6847=CARTESIAN_POINT('',(1.78020411938263,3.69663194416425,18.1450892857143));
#6848=CARTESIAN_POINT('',(2.49401054976671,3.12739031111981,18.1004464285714));
#6849=CARTESIAN_POINT('',(3.20781698015079,2.55814867807537,18.0558035714286));
#6850=CARTESIAN_POINT('',(3.60394966342869,1.73557068536719,18.0111607142857));
#6851=CARTESIAN_POINT('',(4.00008234670659,0.912992692659017,17.9665178571429));
#6852=CARTESIAN_POINT('',(4.00008234670659,4.89868804222006E-16,17.921875));
#6853=CARTESIAN_POINT('',(4.00008234670659,-0.912992692659016,17.8772321428571));
#6854=CARTESIAN_POINT('',(3.60394966342869,-1.73557068536719,17.8325892857143));
#6855=CARTESIAN_POINT('',(3.20781698015079,-2.55814867807537,17.7879464285714));
#6856=CARTESIAN_POINT('',(2.49401054976671,-3.12739031111981,17.7433035714286));
#6857=CARTESIAN_POINT('',(1.78020411938263,-3.69663194416425,17.6986607142857));
#6858=CARTESIAN_POINT('',(0.890102059691317,-3.89979193083003,17.6540178571429));
#6859=CARTESIAN_POINT('',(7.53700039922509E-16,-4.1029519174958,17.609375));
#6860=CARTESIAN_POINT('',(-0.890102059691316,-3.89979193083003,17.5647321428571));
#6861=CARTESIAN_POINT('',(-1.78020411938263,-3.69663194416425,17.5200892857143));
#6862=CARTESIAN_POINT('',(-2.49401054976671,-3.12739031111981,17.4754464285714));
#6863=CARTESIAN_POINT('',(-3.20781698015079,-2.55814867807537,17.4308035714286));
#6864=CARTESIAN_POINT('',(-3.60394966342869,-1.73557068536719,17.3861607142857));
#6865=CARTESIAN_POINT('',(-4.00008234670659,-0.912992692659018,17.3415178571429));
#6866=CARTESIAN_POINT('',(-4.00008234670659,0.,17.296875));
#6867=CARTESIAN_POINT('',(-4.00008234670659,0.912992692659017,17.2522321428571));
#6868=CARTESIAN_POINT('',(-3.60394966342869,1.73557068536719,17.2075892857143));
#6869=CARTESIAN_POINT('',(-3.20781698015079,2.55814867807537,17.1629464285714));
#6870=CARTESIAN_POINT('',(-2.49401054976671,3.12739031111981,17.1183035714286));
#6871=CARTESIAN_POINT('',(-1.78020411938263,3.69663194416425,17.0736607142857));
#6872=CARTESIAN_POINT('',(-0.890102059691317,3.89979193083003,17.0290178571429));
#6873=CARTESIAN_POINT('',(-2.51233346640836E-16,4.1029519174958,16.984375));
#6874=CARTESIAN_POINT('',(0.890102059691316,3.89979193083003,16.9397321428571));
#6875=CARTESIAN_POINT('',(1.78020411938263,3.69663194416425,16.8950892857143));
#6876=CARTESIAN_POINT('',(2.49401054976671,3.12739031111981,16.8504464285714));
#6877=CARTESIAN_POINT('',(3.20781698015079,2.55814867807537,16.8058035714286));
#6878=CARTESIAN_POINT('',(3.60394966342869,1.73557068536719,16.7611607142857));
#6879=CARTESIAN_POINT('',(4.00008234670659,0.912992692659017,16.7165178571429));
#6880=CARTESIAN_POINT('',(4.00008234670659,4.89868804222006E-16,16.671875));
#6881=CARTESIAN_POINT('',(4.00008234670659,-0.912992692659016,16.6272321428571));
#6882=CARTESIAN_POINT('',(3.60394966342869,-1.73557068536719,16.5825892857143));
#6883=CARTESIAN_POINT('',(3.20781698015079,-2.55814867807537,16.5379464285714));
#6884=CARTESIAN_POINT('',(2.49401054976671,-3.12739031111981,16.4933035714286));
#6885=CARTESIAN_POINT('',(1.78020411938263,-3.69663194416425,16.4486607142857));
#6886=CARTESIAN_POINT('',(0.890102059691317,-3.89979193083003,16.4040178571429));
#6887=CARTESIAN_POINT('',(7.53700039922509E-16,-4.1029519174958,16.359375));
#6888=CARTESIAN_POINT('',(-0.890102059691316,-3.89979193083003,16.3147321428571));
#6889=CARTESIAN_POINT('',(-1.78020411938263,-3.69663194416425,16.2700892857143));
#6890=CARTESIAN_POINT('',(-2.49401054976671,-3.12739031111981,16.2254464285714));
#6891=CARTESIAN_POINT('',(-3.20781698015079,-2.55814867807537,16.1808035714286));
#6892=CARTESIAN_POINT('',(-3.60394966342869,-1.73557068536719,16.1361607142857));
#6893=CARTESIAN_POINT('',(-4.00008234670659,-0.912992692659018,16.0915178571429));
#6894=CARTESIAN_POINT('',(-4.00008234670659,0.,16.046875));
#6895=CARTESIAN_POINT('',(-4.00008234670659,0.912992692659017,16.0022321428571));
#6896=CARTESIAN_POINT('',(-3.60394966342869,1.73557068536719,15.9575892857143));
#6897=CARTESIAN_POINT('',(-3.20781698015079,2.55814867807537,15.9129464285714));
#6898=CARTESIAN_POINT('',(-2.49401054976671,3.12739031111981,15.8683035714286));
#6899=CARTESIAN_POINT('',(-1.78020411938263,3.69663194416425,15.8236607142857));
#6900=CARTESIAN_POINT('',(-0.890102059691317,3.89979193083003,15.7790178571429));
#6901=CARTESIAN_POINT('',(-2.51233346640836E-16,4.1029519174958,15.734375));
#6902=CARTESIAN_POINT('',(0.890102059691316,3.89979193083003,15.6897321428572));
#6903=CARTESIAN_POINT('',(1.78020411938263,3.69663194416425,15.6450892857143));
#6904=CARTESIAN_POINT('',(2.49401054976671,3.12739031111981,15.6004464285714));
#6905=CARTESIAN_POINT('',(3.20781698015079,2.55814867807537,15.5558035714286));
#6906=CARTESIAN_POINT('',(3.60394966342869,1.73557068536719,15.5111607142857));
#6907=CARTESIAN_POINT('',(4.00008234670659,0.912992692659017,15.4665178571429));
#6908=CARTESIAN_POINT('',(4.00008234670659,4.89868804222006E-16,15.421875));
#6909=CARTESIAN_POINT('',(4.00008234670659,-0.912992692659016,15.3772321428572));
#6910=CARTESIAN_POINT('',(3.60394966342869,-1.73557068536719,15.3325892857143));
#6911=CARTESIAN_POINT('',(3.20781698015079,-2.55814867807537,15.2879464285714));
#6912=CARTESIAN_POINT('',(2.49401054976671,-3.12739031111981,15.2433035714286));
#6913=CARTESIAN_POINT('',(1.78020411938263,-3.69663194416425,15.1986607142857));
#6914=CARTESIAN_POINT('',(0.890102059691317,-3.89979193083003,15.1540178571429));
#6915=CARTESIAN_POINT('',(7.53700039922509E-16,-4.1029519174958,15.109375));
#6916=CARTESIAN_POINT('',(-0.890102059691316,-3.89979193083003,15.0647321428572));
#6917=CARTESIAN_POINT('',(-1.78020411938263,-3.69663194416425,15.0200892857143));
#6918=CARTESIAN_POINT('',(-2.49401054976671,-3.12739031111981,14.9754464285714));
#6919=CARTESIAN_POINT('',(-3.20781698015079,-2.55814867807537,14.9308035714286));
#6920=CARTESIAN_POINT('',(-3.60394966342869,-1.73557068536719,14.8861607142857));
#6921=CARTESIAN_POINT('',(-4.00008234670659,-0.912992692659018,14.8415178571429));
#6922=CARTESIAN_POINT('',(-4.00008234670659,0.,14.796875));
#6923=CARTESIAN_POINT('',(-4.00008234670659,0.912992692659017,14.7522321428571));
#6924=CARTESIAN_POINT('',(-3.60394966342869,1.73557068536719,14.7075892857143));
#6925=CARTESIAN_POINT('',(-3.20781698015079,2.55814867807537,14.6629464285714));
#6926=CARTESIAN_POINT('',(-2.49401054976671,3.12739031111981,14.6183035714286));
#6927=CARTESIAN_POINT('',(-1.78020411938263,3.69663194416425,14.5736607142857));
#6928=CARTESIAN_POINT('',(-0.890102059691317,3.89979193083003,14.5290178571429));
#6929=CARTESIAN_POINT('',(-2.51233346640836E-16,4.1029519174958,14.484375));
#6930=CARTESIAN_POINT('',(0.890102059691316,3.89979193083003,14.4397321428571));
#6931=CARTESIAN_POINT('',(1.78020411938263,3.69663194416425,14.3950892857143));
#6932=CARTESIAN_POINT('',(2.49401054976671,3.12739031111981,14.3504464285714));
#6933=CARTESIAN_POINT('',(3.20781698015079,2.55814867807537,14.3058035714286));
#6934=CARTESIAN_POINT('',(3.60394966342869,1.73557068536719,14.2611607142857));
#6935=CARTESIAN_POINT('',(4.00008234670659,0.912992692659017,14.2165178571429));
#6936=CARTESIAN_POINT('',(4.00008234670659,4.89868804222006E-16,14.171875));
#6937=CARTESIAN_POINT('',(4.00008234670659,-0.912992692659016,14.1272321428571));
#6938=CARTESIAN_POINT('',(3.60394966342869,-1.73557068536719,14.0825892857143));
#6939=CARTESIAN_POINT('',(3.20781698015079,-2.55814867807537,14.0379464285714));
#6940=CARTESIAN_POINT('',(2.49401054976671,-3.12739031111981,13.9933035714286));
#6941=CARTESIAN_POINT('',(1.78020411938263,-3.69663194416425,13.9486607142857));
#6942=CARTESIAN_POINT('',(0.890102059691317,-3.89979193083003,13.9040178571429));
#6943=CARTESIAN_POINT('',(7.53700039922509E-16,-4.1029519174958,13.859375));
#6944=CARTESIAN_POINT('',(-0.890102059691316,-3.89979193083003,13.8147321428572));
#6945=CARTESIAN_POINT('',(-1.78020411938263,-3.69663194416425,13.7700892857143));
#6946=CARTESIAN_POINT('',(-2.49401054976671,-3.12739031111981,13.7254464285714));
#6947=CARTESIAN_POINT('',(-3.20781698015079,-2.55814867807537,13.6808035714286));
#6948=CARTESIAN_POINT('',(-3.60394966342869,-1.73557068536719,13.6361607142857));
#6949=CARTESIAN_POINT('',(-4.00008234670659,-0.912992692659018,13.5915178571429));
#6950=CARTESIAN_POINT('',(-4.00008234670659,0.,13.546875));
#6951=CARTESIAN_POINT('',(-4.00008234670659,0.912992692659017,13.5022321428572));
#6952=CARTESIAN_POINT('',(-3.60394966342869,1.73557068536719,13.4575892857143));
#6953=CARTESIAN_POINT('',(-3.20781698015079,2.55814867807537,13.4129464285714));
#6954=CARTESIAN_POINT('',(-2.49401054976671,3.12739031111981,13.3683035714286));
#6955=CARTESIAN_POINT('',(-1.78020411938263,3.69663194416425,13.3236607142857));
#6956=CARTESIAN_POINT('',(-0.890102059691317,3.89979193083003,13.2790178571429));
#6957=CARTESIAN_POINT('',(-2.51233346640836E-16,4.1029519174958,13.234375));
#6958=CARTESIAN_POINT('',(0.890102059691316,3.89979193083003,13.1897321428572));
#6959=CARTESIAN_POINT('',(1.78020411938263,3.69663194416425,13.1450892857143));
#6960=CARTESIAN_POINT('',(2.49401054976671,3.12739031111981,13.1004464285714));
#6961=CARTESIAN_POINT('',(3.20781698015079,2.55814867807537,13.0558035714286));
#6962=CARTESIAN_POINT('',(3.60394966342869,1.73557068536719,13.0111607142857));
#6963=CARTESIAN_POINT('',(4.00008234670659,0.912992692659017,12.9665178571429));
#6964=CARTESIAN_POINT('',(4.00008234670659,4.89868804222006E-16,12.921875));
#6965=CARTESIAN_POINT('',(4.00008234670659,-0.912992692659016,12.8772321428571));
#6966=CARTESIAN_POINT('',(3.60394966342869,-1.73557068536719,12.8325892857143));
#6967=CARTESIAN_POINT('',(3.20781698015079,-2.55814867807537,12.7879464285714));
#6968=CARTESIAN_POINT('',(2.49401054976671,-3.12739031111981,12.7433035714286));
#6969=CARTESIAN_POINT('',(1.78020411938263,-3.69663194416425,12.6986607142857));
#6970=CARTESIAN_POINT('',(0.890102059691317,-3.89979193083003,12.6540178571429));
#6971=CARTESIAN_POINT('',(7.53700039922509E-16,-4.1029519174958,12.609375));
#6972=CARTESIAN_POINT('',(-0.890102059691316,-3.89979193083003,12.5647321428571));
#6973=CARTESIAN_POINT('',(-1.78020411938263,-3.69663194416425,12.5200892857143));
#6974=CARTESIAN_POINT('',(-2.49401054976671,-3.12739031111981,12.4754464285714));
#6975=CARTESIAN_POINT('',(-3.20781698015079,-2.55814867807537,12.4308035714286));
#6976=CARTESIAN_POINT('',(-3.60394966342869,-1.73557068536719,12.3861607142857));
#6977=CARTESIAN_POINT('',(-4.00008234670659,-0.912992692659018,12.3415178571429));
#6978=CARTESIAN_POINT('',(-4.00008234670659,0.,12.296875));
#6979=CARTESIAN_POINT('',(-4.00008234670659,0.912992692659017,12.2522321428571));
#6980=CARTESIAN_POINT('',(-3.60394966342869,1.73557068536719,12.2075892857143));
#6981=CARTESIAN_POINT('',(-3.20781698015079,2.55814867807537,12.1629464285714));
#6982=CARTESIAN_POINT('',(-2.49401054976671,3.12739031111981,12.1183035714286));
#6983=CARTESIAN_POINT('',(-1.78020411938263,3.69663194416425,12.0736607142857));
#6984=CARTESIAN_POINT('',(-0.890102059691317,3.89979193083003,12.0290178571429));
#6985=CARTESIAN_POINT('',(-2.51233346640836E-16,4.1029519174958,11.984375));
#6986=CARTESIAN_POINT('',(0.890102059691316,3.89979193083003,11.9397321428572));
#6987=CARTESIAN_POINT('',(1.78020411938263,3.69663194416425,11.8950892857143));
#6988=CARTESIAN_POINT('',(2.49401054976671,3.12739031111981,11.8504464285714));
#6989=CARTESIAN_POINT('',(3.20781698015079,2.55814867807537,11.8058035714286));
#6990=CARTESIAN_POINT('',(3.60394966342869,1.73557068536719,11.7611607142857));
#6991=CARTESIAN_POINT('',(4.00008234670659,0.912992692659017,11.7165178571429));
#6992=CARTESIAN_POINT('',(4.00008234670659,4.89868804222006E-16,11.671875));
#6993=CARTESIAN_POINT('',(4.00008234670659,-0.912992692659016,11.6272321428572));
#6994=CARTESIAN_POINT('',(3.60394966342869,-1.73557068536719,11.5825892857143));
#6995=CARTESIAN_POINT('',(3.20781698015079,-2.55814867807537,11.5379464285714));
#6996=CARTESIAN_POINT('',(2.49401054976671,-3.12739031111981,11.4933035714286));
#6997=CARTESIAN_POINT('',(1.78020411938263,-3.69663194416425,11.4486607142857));
#6998=CARTESIAN_POINT('',(0.890102059691317,-3.89979193083003,11.4040178571429));
#6999=CARTESIAN_POINT('',(7.53700039922509E-16,-4.1029519174958,11.359375));
#7000=CARTESIAN_POINT('',(-0.890102059691316,-3.89979193083003,11.3147321428572));
#7001=CARTESIAN_POINT('',(-1.78020411938263,-3.69663194416425,11.2700892857143));
#7002=CARTESIAN_POINT('',(-2.49401054976671,-3.12739031111981,11.2254464285714));
#7003=CARTESIAN_POINT('',(-3.20781698015079,-2.55814867807537,11.1808035714286));
#7004=CARTESIAN_POINT('',(-3.60394966342869,-1.73557068536719,11.1361607142857));
#7005=CARTESIAN_POINT('',(-4.00008234670659,-0.912992692659018,11.0915178571429));
#7006=CARTESIAN_POINT('',(-4.00008234670659,0.,11.046875));
#7007=CARTESIAN_POINT('',(-4.00008234670659,0.912992692659017,11.0022321428571));
#7008=CARTESIAN_POINT('',(-3.60394966342869,1.73557068536719,10.9575892857143));
#7009=CARTESIAN_POINT('',(-3.20781698015079,2.55814867807537,10.9129464285714));
#7010=CARTESIAN_POINT('',(-2.49401054976671,3.12739031111981,10.8683035714286));
#7011=CARTESIAN_POINT('',(-1.78020411938263,3.69663194416425,10.8236607142857));
#7012=CARTESIAN_POINT('',(-0.890102059691317,3.89979193083003,10.7790178571429));
#7013=CARTESIAN_POINT('',(-2.51233346640836E-16,4.1029519174958,10.734375));
#7014=CARTESIAN_POINT('',(0.890102059691316,3.89979193083003,10.6897321428571));
#7015=CARTESIAN_POINT('',(1.78020411938263,3.69663194416425,10.6450892857143));
#7016=CARTESIAN_POINT('',(2.49401054976671,3.12739031111981,10.6004464285714));
#7017=CARTESIAN_POINT('',(3.20781698015079,2.55814867807537,10.5558035714286));
#7018=CARTESIAN_POINT('',(3.60394966342869,1.73557068536719,10.5111607142857));
#7019=CARTESIAN_POINT('',(4.00008234670659,0.912992692659017,10.4665178571429));
#7020=CARTESIAN_POINT('',(4.00008234670659,4.89868804222006E-16,10.421875));
#7021=CARTESIAN_POINT('',(4.00008234670659,-0.912992692659016,10.3772321428571));
#7022=CARTESIAN_POINT('',(3.60394966342869,-1.73557068536719,10.3325892857143));
#7023=CARTESIAN_POINT('',(3.20781698015079,-2.55814867807537,10.2879464285714));
#7024=CARTESIAN_POINT('',(2.49401054976671,-3.12739031111981,10.2433035714286));
#7025=CARTESIAN_POINT('',(1.78020411938263,-3.69663194416425,10.1986607142857));
#7026=CARTESIAN_POINT('',(0.890102059691317,-3.89979193083003,10.1540178571429));
#7027=CARTESIAN_POINT('',(7.53700039922509E-16,-4.1029519174958,10.109375));
#7028=CARTESIAN_POINT('',(-0.890102059691316,-3.89979193083003,10.0647321428571));
#7029=CARTESIAN_POINT('',(-1.78020411938263,-3.69663194416425,10.0200892857143));
#7030=CARTESIAN_POINT('',(-2.49401054976671,-3.12739031111981,9.97544642857144));
#7031=CARTESIAN_POINT('',(-3.20781698015079,-2.55814867807537,9.93080357142858));
#7032=CARTESIAN_POINT('',(-3.60394966342869,-1.73557068536719,9.88616071428572));
#7033=CARTESIAN_POINT('',(-4.00008234670659,-0.912992692659018,9.84151785714287));
#7034=CARTESIAN_POINT('',(-4.00008234670659,0.,9.79687500000001));
#7035=CARTESIAN_POINT('',(-4.00008234670659,0.912992692659017,9.75223214285715));
#7036=CARTESIAN_POINT('',(-3.60394966342869,1.73557068536719,9.70758928571429));
#7037=CARTESIAN_POINT('',(-3.20781698015079,2.55814867807537,9.66294642857144));
#7038=CARTESIAN_POINT('',(-2.49401054976671,3.12739031111981,9.61830357142858));
#7039=CARTESIAN_POINT('',(-1.78020411938263,3.69663194416425,9.57366071428572));
#7040=CARTESIAN_POINT('',(-0.890102059691317,3.89979193083003,9.52901785714286));
#7041=CARTESIAN_POINT('',(-2.51233346640836E-16,4.1029519174958,9.48437500000001));
#7042=CARTESIAN_POINT('',(0.890102059691316,3.89979193083003,9.43973214285715));
#7043=CARTESIAN_POINT('',(1.78020411938263,3.69663194416425,9.3950892857143));
#7044=CARTESIAN_POINT('',(2.49401054976671,3.12739031111981,9.35044642857144));
#7045=CARTESIAN_POINT('',(3.20781698015079,2.55814867807537,9.30580357142858));
#7046=CARTESIAN_POINT('',(3.60394966342869,1.73557068536719,9.26116071428572));
#7047=CARTESIAN_POINT('',(4.00008234670659,0.912992692659017,9.21651785714286));
#7048=CARTESIAN_POINT('',(4.00008234670659,4.89868804222006E-16,9.17187500000001));
#7049=CARTESIAN_POINT('',(4.00008234670659,-0.912992692659016,9.12723214285715));
#7050=CARTESIAN_POINT('',(3.60394966342869,-1.73557068536719,9.0825892857143));
#7051=CARTESIAN_POINT('',(3.20781698015079,-2.55814867807537,9.03794642857144));
#7052=CARTESIAN_POINT('',(2.49401054976671,-3.12739031111981,8.99330357142858));
#7053=CARTESIAN_POINT('',(1.78020411938263,-3.69663194416425,8.94866071428572));
#7054=CARTESIAN_POINT('',(0.890102059691317,-3.89979193083003,8.90401785714286));
#7055=CARTESIAN_POINT('',(7.53700039922509E-16,-4.1029519174958,8.85937500000001));
#7056=CARTESIAN_POINT('',(-0.890102059691316,-3.89979193083003,8.81473214285715));
#7057=CARTESIAN_POINT('',(-1.78020411938263,-3.69663194416425,8.77008928571429));
#7058=CARTESIAN_POINT('',(-2.49401054976671,-3.12739031111981,8.72544642857144));
#7059=CARTESIAN_POINT('',(-3.20781698015079,-2.55814867807537,8.68080357142858));
#7060=CARTESIAN_POINT('',(-3.60394966342869,-1.73557068536719,8.63616071428572));
#7061=CARTESIAN_POINT('',(-4.00008234670659,-0.912992692659018,8.59151785714286));
#7062=CARTESIAN_POINT('',(-4.00008234670659,0.,8.54687500000001));
#7063=CARTESIAN_POINT('',(-4.00008234670659,0.912992692659017,8.50223214285715));
#7064=CARTESIAN_POINT('',(-3.60394966342869,1.73557068536719,8.45758928571429));
#7065=CARTESIAN_POINT('',(-3.20781698015079,2.55814867807537,8.41294642857144));
#7066=CARTESIAN_POINT('',(-2.49401054976671,3.12739031111981,8.36830357142858));
#7067=CARTESIAN_POINT('',(-1.78020411938263,3.69663194416425,8.32366071428572));
#7068=CARTESIAN_POINT('',(-0.890102059691317,3.89979193083003,8.27901785714286));
#7069=CARTESIAN_POINT('',(-2.51233346640836E-16,4.1029519174958,8.23437500000001));
#7070=CARTESIAN_POINT('',(0.890102059691316,3.89979193083003,8.18973214285715));
#7071=CARTESIAN_POINT('',(1.78020411938263,3.69663194416425,8.14508928571429));
#7072=CARTESIAN_POINT('',(2.49401054976671,3.12739031111981,8.10044642857144));
#7073=CARTESIAN_POINT('',(3.20781698015079,2.55814867807537,8.05580357142858));
#7074=CARTESIAN_POINT('',(3.60394966342869,1.73557068536719,8.01116071428572));
#7075=CARTESIAN_POINT('',(4.00008234670659,0.912992692659017,7.96651785714286));
#7076=CARTESIAN_POINT('',(4.00008234670659,4.89868804222006E-16,7.92187500000001));
#7077=CARTESIAN_POINT('',(4.00008234670659,-0.912992692659016,7.87723214285715));
#7078=CARTESIAN_POINT('',(3.60394966342869,-1.73557068536719,7.83258928571429));
#7079=CARTESIAN_POINT('',(3.20781698015079,-2.55814867807537,7.78794642857144));
#7080=CARTESIAN_POINT('',(2.49401054976671,-3.12739031111981,7.74330357142858));
#7081=CARTESIAN_POINT('',(1.78020411938263,-3.69663194416425,7.69866071428572));
#7082=CARTESIAN_POINT('',(0.890102059691317,-3.89979193083003,7.65401785714287));
#7083=CARTESIAN_POINT('',(7.53700039922509E-16,-4.1029519174958,7.60937500000001));
#7084=CARTESIAN_POINT('',(-0.890102059691316,-3.89979193083003,7.56473214285715));
#7085=CARTESIAN_POINT('',(-1.78020411938263,-3.69663194416425,7.52008928571429));
#7086=CARTESIAN_POINT('',(-2.49401054976671,-3.12739031111981,7.47544642857144));
#7087=CARTESIAN_POINT('',(-3.20781698015079,-2.55814867807537,7.43080357142858));
#7088=CARTESIAN_POINT('',(-3.60394966342869,-1.73557068536719,7.38616071428572));
#7089=CARTESIAN_POINT('',(-4.00008234670659,-0.912992692659018,7.34151785714287));
#7090=CARTESIAN_POINT('',(-4.00008234670659,0.,7.29687500000001));
#7091=CARTESIAN_POINT('',(-4.00008234670659,0.912992692659017,7.25223214285715));
#7092=CARTESIAN_POINT('',(-3.60394966342869,1.73557068536719,7.20758928571429));
#7093=CARTESIAN_POINT('',(-3.20781698015079,2.55814867807537,7.16294642857144));
#7094=CARTESIAN_POINT('',(-2.49401054976671,3.12739031111981,7.11830357142858));
#7095=CARTESIAN_POINT('',(-1.78020411938263,3.69663194416425,7.07366071428572));
#7096=CARTESIAN_POINT('',(-0.890102059691317,3.89979193083003,7.02901785714287));
#7097=CARTESIAN_POINT('',(-2.51233346640836E-16,4.1029519174958,6.98437500000001));
#7098=CARTESIAN_POINT('',(0.890102059691316,3.89979193083003,6.93973214285715));
#7099=CARTESIAN_POINT('',(1.78020411938263,3.69663194416425,6.89508928571429));
#7100=CARTESIAN_POINT('',(2.49401054976671,3.12739031111981,6.85044642857144));
#7101=CARTESIAN_POINT('',(3.20781698015079,2.55814867807537,6.80580357142858));
#7102=CARTESIAN_POINT('',(3.60394966342869,1.73557068536719,6.76116071428572));
#7103=CARTESIAN_POINT('',(4.00008234670659,0.912992692659017,6.71651785714287));
#7104=CARTESIAN_POINT('',(4.00008234670659,4.89868804222006E-16,6.67187500000001));
#7105=CARTESIAN_POINT('',(4.00008234670659,-0.912992692659016,6.62723214285715));
#7106=CARTESIAN_POINT('',(3.60394966342869,-1.73557068536719,6.58258928571429));
#7107=CARTESIAN_POINT('',(3.20781698015079,-2.55814867807537,6.53794642857144));
#7108=CARTESIAN_POINT('',(2.49401054976671,-3.12739031111981,6.49330357142858));
#7109=CARTESIAN_POINT('',(1.78020411938263,-3.69663194416425,6.44866071428572));
#7110=CARTESIAN_POINT('',(0.890102059691317,-3.89979193083003,6.40401785714286));
#7111=CARTESIAN_POINT('',(7.53700039922509E-16,-4.1029519174958,6.35937500000001));
#7112=CARTESIAN_POINT('',(-0.890102059691316,-3.89979193083003,6.31473214285715));
#7113=CARTESIAN_POINT('',(-1.78020411938263,-3.69663194416425,6.27008928571429));
#7114=CARTESIAN_POINT('',(-2.49401054976671,-3.12739031111981,6.22544642857144));
#7115=CARTESIAN_POINT('',(-3.20781698015079,-2.55814867807537,6.18080357142858));
#7116=CARTESIAN_POINT('',(-3.60394966342869,-1.73557068536719,6.13616071428572));
#7117=CARTESIAN_POINT('',(-4.00008234670659,-0.912992692659018,6.09151785714286));
#7118=CARTESIAN_POINT('',(-4.00008234670659,0.,6.04687500000001));
#7119=CARTESIAN_POINT('',(-4.00008234670659,0.912992692659017,6.00223214285715));
#7120=CARTESIAN_POINT('',(-3.60394966342869,1.73557068536719,5.95758928571429));
#7121=CARTESIAN_POINT('',(-3.20781698015079,2.55814867807537,5.91294642857144));
#7122=CARTESIAN_POINT('',(-2.49401054976671,3.12739031111981,5.86830357142858));
#7123=CARTESIAN_POINT('',(-1.78020411938263,3.69663194416425,5.82366071428572));
#7124=CARTESIAN_POINT('',(-0.890102059691317,3.89979193083003,5.77901785714286));
#7125=CARTESIAN_POINT('',(-2.51233346640836E-16,4.1029519174958,5.73437500000001));
#7126=CARTESIAN_POINT('',(0.890102059691316,3.89979193083003,5.68973214285715));
#7127=CARTESIAN_POINT('',(1.78020411938263,3.69663194416425,5.6450892857143));
#7128=CARTESIAN_POINT('',(2.49401054976671,3.12739031111981,5.60044642857144));
#7129=CARTESIAN_POINT('',(3.20781698015079,2.55814867807537,5.55580357142858));
#7130=CARTESIAN_POINT('',(3.60394966342869,1.73557068536719,5.51116071428572));
#7131=CARTESIAN_POINT('',(4.00008234670659,0.912992692659017,5.46651785714286));
#7132=CARTESIAN_POINT('',(4.00008234670659,4.89868804222006E-16,5.42187500000001));
#7133=CARTESIAN_POINT('',(4.00008234670659,-0.912992692659016,5.37723214285715));
#7134=CARTESIAN_POINT('',(3.60394966342869,-1.73557068536719,5.33258928571429));
#7135=CARTESIAN_POINT('',(3.20781698015079,-2.55814867807537,5.28794642857144));
#7136=CARTESIAN_POINT('',(2.49401054976671,-3.12739031111981,5.24330357142858));
#7137=CARTESIAN_POINT('',(1.78020411938263,-3.69663194416425,5.19866071428572));
#7138=CARTESIAN_POINT('',(0.890102059691317,-3.89979193083003,5.15401785714286));
#7139=CARTESIAN_POINT('',(7.53700039922509E-16,-4.1029519174958,5.10937500000001));
#7140=CARTESIAN_POINT('',(-0.890102059691316,-3.89979193083003,5.06473214285715));
#7141=CARTESIAN_POINT('',(-1.78020411938263,-3.69663194416425,5.02008928571429));
#7142=CARTESIAN_POINT('',(-2.49401054976671,-3.12739031111981,4.97544642857144));
#7143=CARTESIAN_POINT('',(-3.20781698015079,-2.55814867807537,4.93080357142858));
#7144=CARTESIAN_POINT('',(-3.60394966342869,-1.73557068536719,4.88616071428572));
#7145=CARTESIAN_POINT('',(-4.00008234670659,-0.912992692659018,4.84151785714286));
#7146=CARTESIAN_POINT('',(-4.00008234670659,0.,4.79687500000001));
#7147=CARTESIAN_POINT('',(-4.00008234670659,0.912992692659017,4.75223214285715));
#7148=CARTESIAN_POINT('',(-3.60394966342869,1.73557068536719,4.70758928571429));
#7149=CARTESIAN_POINT('',(-3.20781698015079,2.55814867807537,4.66294642857144));
#7150=CARTESIAN_POINT('',(-2.49401054976671,3.12739031111981,4.61830357142858));
#7151=CARTESIAN_POINT('',(-1.78020411938263,3.69663194416425,4.57366071428572));
#7152=CARTESIAN_POINT('',(-0.890102059691317,3.89979193083003,4.52901785714286));
#7153=CARTESIAN_POINT('',(-2.51233346640836E-16,4.1029519174958,4.48437500000001));
#7154=CARTESIAN_POINT('',(0.890102059691316,3.89979193083003,4.43973214285715));
#7155=CARTESIAN_POINT('',(1.78020411938263,3.69663194416425,4.39508928571429));
#7156=CARTESIAN_POINT('',(2.49401054976671,3.12739031111981,4.35044642857144));
#7157=CARTESIAN_POINT('',(3.20781698015079,2.55814867807537,4.30580357142858));
#7158=CARTESIAN_POINT('',(3.60394966342869,1.73557068536719,4.26116071428572));
#7159=CARTESIAN_POINT('',(4.00008234670659,0.912992692659017,4.21651785714286));
#7160=CARTESIAN_POINT('',(4.00008234670659,4.89868804222006E-16,4.17187500000001));
#7161=CARTESIAN_POINT('',(4.00008234670659,-0.912992692659016,4.12723214285715));
#7162=CARTESIAN_POINT('',(3.60394966342869,-1.73557068536719,4.08258928571429));
#7163=CARTESIAN_POINT('',(3.20781698015079,-2.55814867807537,4.03794642857144));
#7164=CARTESIAN_POINT('',(2.49401054976671,-3.12739031111981,3.99330357142858));
#7165=CARTESIAN_POINT('',(1.78020411938263,-3.69663194416425,3.94866071428572));
#7166=CARTESIAN_POINT('',(0.890102059691317,-3.89979193083003,3.90401785714287));
#7167=CARTESIAN_POINT('',(7.53700039922509E-16,-4.1029519174958,3.85937500000001));
#7168=CARTESIAN_POINT('',(-0.890102059691316,-3.89979193083003,3.81473214285715));
#7169=CARTESIAN_POINT('',(-1.78020411938263,-3.69663194416425,3.77008928571429));
#7170=CARTESIAN_POINT('',(-2.49401054976671,-3.12739031111981,3.72544642857144));
#7171=CARTESIAN_POINT('',(-3.20781698015079,-2.55814867807537,3.68080357142858));
#7172=CARTESIAN_POINT('',(-3.60394966342869,-1.73557068536719,3.63616071428572));
#7173=CARTESIAN_POINT('',(-4.00008234670659,-0.912992692659018,3.59151785714287));
#7174=CARTESIAN_POINT('',(-4.00008234670659,0.,3.54687500000001));
#7175=CARTESIAN_POINT('',(-4.00008234670659,0.701799744018826,3.5125589030947));
#7176=CARTESIAN_POINT('',(-3.76117973580542,1.36168490312569,3.4776260463907));
#7177=CARTESIAN_POINT('',(-3.16148628021699,-1.02501548768775,4.00000000000001));
#7178=CARTESIAN_POINT('',(-3.03479805532737,-1.62010022584725,4.00000000000001));
#7179=CARTESIAN_POINT('',(-2.45707979856921,-2.71562308999593,3.99999999999998));
#7180=CARTESIAN_POINT('',(-0.882228356685969,-3.72699601814523,4.00000000000001));
#7181=CARTESIAN_POINT('',(0.971085204209865,-3.86415860652604,4.00000000000003));
#7182=CARTESIAN_POINT('',(2.10586437544325,-3.39437409291881,4.));
#7183=CARTESIAN_POINT('',(2.59921552038632,-3.04051598565385,4.));
#7184=CARTESIAN_POINT('',(0.,-9.46367412510914,-11.0625));
#7185=CARTESIAN_POINT('',(0.,-9.46367412510914,-18.4375));
#7186=CARTESIAN_POINT('',(0.,0.,4.));
#7187=CARTESIAN_POINT('',(0.,0.,3.));
#7188=MECHANICAL_DESIGN_GEOMETRIC_PRESENTATION_REPRESENTATION('',(#196),
#7189);
#7189=(
GEOMETRIC_REPRESENTATION_CONTEXT(3)
GLOBAL_UNCERTAINTY_ASSIGNED_CONTEXT((#7190))
GLOBAL_UNIT_ASSIGNED_CONTEXT((#7193,#7192,#7191))
REPRESENTATION_CONTEXT('18_FDML_stimfix_Badal_screw_8mm_front_cap',
'TOP_LEVEL_ASSEMBLY_PART')
);
#7190=UNCERTAINTY_MEASURE_WITH_UNIT(LENGTH_MEASURE(0.005),#7193,
'DISTANCE_ACCURACY_VALUE','Maximum Tolerance applied to model');
#7191=(
NAMED_UNIT(*)
SI_UNIT($,.STERADIAN.)
SOLID_ANGLE_UNIT()
);
#7192=(
NAMED_UNIT(*)
PLANE_ANGLE_UNIT()
SI_UNIT($,.RADIAN.)
);
#7193=(
LENGTH_UNIT()
NAMED_UNIT(*)
SI_UNIT(.MILLI.,.METRE.)
);
#7194=PRODUCT_DEFINITION_SHAPE('','',#7195);
#7195=PRODUCT_DEFINITION('','',#7197,#7196);
#7196=PRODUCT_DEFINITION_CONTEXT('',#7203,'design');
#7197=PRODUCT_DEFINITION_FORMATION_WITH_SPECIFIED_SOURCE('','',#7199,
 .NOT_KNOWN.);
#7198=PRODUCT_RELATED_PRODUCT_CATEGORY('','',(#7199));
#7199=PRODUCT('18_FDML_stimfix_Badal_screw_8mm_front_cap',
'18_FDML_stimfix_Badal_screw_8mm_front_cap',
'18_FDML_stimfix_Badal_screw_8mm_front_cap',(#7201));
#7200=PRODUCT_CATEGORY('','');
#7201=PRODUCT_CONTEXT('',#7203,'mechanical');
#7202=APPLICATION_PROTOCOL_DEFINITION('international standard',
'automotive_design',2010,#7203);
#7203=APPLICATION_CONTEXT(
'core data for automotive mechanical design processes');
ENDSEC;
END-ISO-10303-21;
